{"type":"FeatureCollection","features":[{"type":"Feature","geometry":{"type":"Point","coordinates":[16.828223,52.46419]},"properties":{"line":"105","mode":"bus","color":"#0059a9","colorDark":"#00294f","band":0,"off":[-6,1.1]}},{"type":"Feature","geometry":{"type":"Point","coordinates":[16.828223,52.46419]},"properties":{"line":"170","mode":"bus","color":"#0059a9","colorDark":"#00294f","band":0,"off":[-3,1.1]}},{"type":"Feature","geometry":{"type":"Point","coordinates":[16.828223,52.46419]},"properties":{"line":"195","mode":"bus","color":"#0059a9","colorDark":"#00294f","band":0,"off":[0,1.1]}},{"type":"Feature","geometry":{"type":"Point","coordinates":[16.828223,52.46419]},"properties":{"line":"835","mode":"bus","color":"#0059a9","colorDark":"#00294f","band":0,"off":[3,1.1]}},{"type":"Feature","geometry":{"type":"Point","coordinates":[16.828223,52.46419]},"properties":{"line":"837","mode":"bus","color":"#0059a9","colorDark":"#00294f","band":0,"off":[6,1.1]}},{"type":"Feature","geometry":{"type":"Point","coordinates":[16.910504,52.407278]},"properties":{"line":"105","mode":"bus","color":"#0059a9","colorDark":"#00294f","band":0,"off":[-6,1.1]}},{"type":"Feature","geometry":{"type":"Point","coordinates":[16.910504,52.407278]},"properties":{"line":"148","mode":"bus","color":"#0059a9","colorDark":"#00294f","band":0,"off":[-3,1.1]}},{"type":"Feature","geometry":{"type":"Point","coordinates":[16.910504,52.407278]},"properties":{"line":"159","mode":"bus","color":"#0059a9","colorDark":"#00294f","band":0,"off":[0,1.1]}},{"type":"Feature","geometry":{"type":"Point","coordinates":[16.910504,52.407278]},"properties":{"line":"163","mode":"bus","color":"#0059a9","colorDark":"#00294f","band":0,"off":[3,1.1]}},{"type":"Feature","geometry":{"type":"Point","coordinates":[16.910504,52.407278]},"properties":{"line":"164","mode":"bus","color":"#0059a9","colorDark":"#00294f","band":0,"off":[6,1.1]}},{"type":"Feature","geometry":{"type":"Point","coordinates":[16.910504,52.407278]},"properties":{"line":"169","mode":"bus","color":"#0059a9","colorDark":"#00294f","band":0,"off":[-6,2.6]}},{"type":"Feature","geometry":{"type":"Point","coordinates":[16.910504,52.407278]},"properties":{"line":"177","mode":"bus","color":"#0059a9","colorDark":"#00294f","band":0,"off":[-3,2.6]}},{"type":"Feature","geometry":{"type":"Point","coordinates":[16.910504,52.407278]},"properties":{"line":"212","mode":"bus","color":"#0059a9","colorDark":"#00294f","band":0,"off":[0,2.6]}},{"type":"Feature","geometry":{"type":"Point","coordinates":[16.910504,52.407278]},"properties":{"line":"219","mode":"bus","color":"#0059a9","colorDark":"#00294f","band":0,"off":[3,2.6]}},{"type":"Feature","geometry":{"type":"Point","coordinates":[16.910504,52.407278]},"properties":{"line":"222","mode":"bus","color":"#0059a9","colorDark":"#00294f","band":0,"off":[6,2.6]}},{"type":"Feature","geometry":{"type":"Point","coordinates":[16.882295,52.416978]},"properties":{"line":"2","mode":"tram","color":"#d6212b","colorDark":"#7c1116","band":0,"off":[-6,1.1]}},{"type":"Feature","geometry":{"type":"Point","coordinates":[16.882295,52.416978]},"properties":{"line":"7","mode":"tram","color":"#d6212b","colorDark":"#7c1116","band":0,"off":[-3,1.1]}},{"type":"Feature","geometry":{"type":"Point","coordinates":[16.882295,52.416978]},"properties":{"line":"8","mode":"tram","color":"#d6212b","colorDark":"#7c1116","band":0,"off":[0,1.1]}},{"type":"Feature","geometry":{"type":"Point","coordinates":[16.882295,52.416978]},"properties":{"line":"18","mode":"tram","color":"#d6212b","colorDark":"#7c1116","band":0,"off":[3,1.1]}},{"type":"Feature","geometry":{"type":"Point","coordinates":[16.882295,52.416978]},"properties":{"line":"121","mode":"bus","color":"#0059a9","colorDark":"#00294f","band":0,"off":[6,1.1]}},{"type":"Feature","geometry":{"type":"Point","coordinates":[16.882295,52.416978]},"properties":{"line":"156","mode":"bus","color":"#0059a9","colorDark":"#00294f","band":0,"off":[-6,2.6]}},{"type":"Feature","geometry":{"type":"Point","coordinates":[16.882295,52.416978]},"properties":{"line":"182","mode":"bus","color":"#0059a9","colorDark":"#00294f","band":0,"off":[-3,2.6]}},{"type":"Feature","geometry":{"type":"Point","coordinates":[16.882295,52.416978]},"properties":{"line":"186","mode":"bus","color":"#0059a9","colorDark":"#00294f","band":0,"off":[0,2.6]}},{"type":"Feature","geometry":{"type":"Point","coordinates":[16.882295,52.416978]},"properties":{"line":"191","mode":"bus","color":"#0059a9","colorDark":"#00294f","band":0,"off":[3,2.6]}},{"type":"Feature","geometry":{"type":"Point","coordinates":[16.882295,52.416978]},"properties":{"line":"193","mode":"bus","color":"#0059a9","colorDark":"#00294f","band":0,"off":[6,2.6]}},{"type":"Feature","geometry":{"type":"Point","coordinates":[16.882295,52.416978]},"properties":{"line":"219","mode":"bus","color":"#0059a9","colorDark":"#00294f","band":0,"off":[-3,4.1]}},{"type":"Feature","geometry":{"type":"Point","coordinates":[16.882295,52.416978]},"properties":{"line":"729","mode":"bus","color":"#0059a9","colorDark":"#00294f","band":0,"off":[0,4.1]}},{"type":"Feature","geometry":{"type":"Point","coordinates":[16.882295,52.416978]},"properties":{"line":"833","mode":"bus","color":"#0059a9","colorDark":"#00294f","band":0,"off":[3,4.1]}},{"type":"Feature","geometry":{"type":"Point","coordinates":[16.834013,52.383475]},"properties":{"line":"1","mode":"tram","color":"#d6212b","colorDark":"#7c1116","band":0,"off":[-6,1.1]}},{"type":"Feature","geometry":{"type":"Point","coordinates":[16.834013,52.383475]},"properties":{"line":"13","mode":"tram","color":"#d6212b","colorDark":"#7c1116","band":0,"off":[-3,1.1]}},{"type":"Feature","geometry":{"type":"Point","coordinates":[16.834013,52.383475]},"properties":{"line":"15","mode":"tram","color":"#d6212b","colorDark":"#7c1116","band":0,"off":[0,1.1]}},{"type":"Feature","geometry":{"type":"Point","coordinates":[16.834013,52.383475]},"properties":{"line":"122","mode":"bus","color":"#0059a9","colorDark":"#00294f","band":0,"off":[3,1.1]}},{"type":"Feature","geometry":{"type":"Point","coordinates":[16.834013,52.383475]},"properties":{"line":"177","mode":"bus","color":"#0059a9","colorDark":"#00294f","band":0,"off":[6,1.1]}},{"type":"Feature","geometry":{"type":"Point","coordinates":[16.834013,52.383475]},"properties":{"line":"214","mode":"bus","color":"#0059a9","colorDark":"#00294f","band":0,"off":[-6,2.6]}},{"type":"Feature","geometry":{"type":"Point","coordinates":[16.834013,52.383475]},"properties":{"line":"224","mode":"bus","color":"#0059a9","colorDark":"#00294f","band":0,"off":[-3,2.6]}},{"type":"Feature","geometry":{"type":"Point","coordinates":[16.834013,52.383475]},"properties":{"line":"715","mode":"bus","color":"#0059a9","colorDark":"#00294f","band":0,"off":[0,2.6]}},{"type":"Feature","geometry":{"type":"Point","coordinates":[16.834013,52.383475]},"properties":{"line":"716","mode":"bus","color":"#0059a9","colorDark":"#00294f","band":0,"off":[3,2.6]}},{"type":"Feature","geometry":{"type":"Point","coordinates":[16.834013,52.383475]},"properties":{"line":"717","mode":"bus","color":"#0059a9","colorDark":"#00294f","band":0,"off":[6,2.6]}},{"type":"Feature","geometry":{"type":"Point","coordinates":[16.834013,52.383475]},"properties":{"line":"727","mode":"bus","color":"#0059a9","colorDark":"#00294f","band":0,"off":[-1.5,4.1]}},{"type":"Feature","geometry":{"type":"Point","coordinates":[16.834013,52.383475]},"properties":{"line":"803","mode":"bus","color":"#0059a9","colorDark":"#00294f","band":0,"off":[1.5,4.1]}},{"type":"Feature","geometry":{"type":"Point","coordinates":[16.996805,52.384705]},"properties":{"line":"125","mode":"bus","color":"#0059a9","colorDark":"#00294f","band":0,"off":[-6,1.1]}},{"type":"Feature","geometry":{"type":"Point","coordinates":[16.996805,52.384705]},"properties":{"line":"166","mode":"bus","color":"#0059a9","colorDark":"#00294f","band":0,"off":[-3,1.1]}},{"type":"Feature","geometry":{"type":"Point","coordinates":[16.996805,52.384705]},"properties":{"line":"184","mode":"bus","color":"#0059a9","colorDark":"#00294f","band":0,"off":[0,1.1]}},{"type":"Feature","geometry":{"type":"Point","coordinates":[16.996805,52.384705]},"properties":{"line":"218","mode":"bus","color":"#0059a9","colorDark":"#00294f","band":0,"off":[3,1.1]}},{"type":"Feature","geometry":{"type":"Point","coordinates":[16.996805,52.384705]},"properties":{"line":"222","mode":"bus","color":"#0059a9","colorDark":"#00294f","band":0,"off":[6,1.1]}},{"type":"Feature","geometry":{"type":"Point","coordinates":[16.996805,52.384705]},"properties":{"line":"425","mode":"bus","color":"#0059a9","colorDark":"#00294f","band":0,"off":[-1.5,2.6]}},{"type":"Feature","geometry":{"type":"Point","coordinates":[16.996805,52.384705]},"properties":{"line":"T1","mode":"bus","color":"#0059a9","colorDark":"#00294f","band":0,"off":[1.5,2.6]}},{"type":"Feature","geometry":{"type":"Point","coordinates":[16.910937,52.401871]},"properties":{"line":"145","mode":"bus","color":"#0059a9","colorDark":"#00294f","band":0,"off":[-6,1.1]}},{"type":"Feature","geometry":{"type":"Point","coordinates":[16.910937,52.401871]},"properties":{"line":"148","mode":"bus","color":"#0059a9","colorDark":"#00294f","band":0,"off":[-3,1.1]}},{"type":"Feature","geometry":{"type":"Point","coordinates":[16.910937,52.401871]},"properties":{"line":"159","mode":"bus","color":"#0059a9","colorDark":"#00294f","band":0,"off":[0,1.1]}},{"type":"Feature","geometry":{"type":"Point","coordinates":[16.910937,52.401871]},"properties":{"line":"168","mode":"bus","color":"#0059a9","colorDark":"#00294f","band":0,"off":[3,1.1]}},{"type":"Feature","geometry":{"type":"Point","coordinates":[16.910937,52.401871]},"properties":{"line":"216","mode":"bus","color":"#0059a9","colorDark":"#00294f","band":0,"off":[6,1.1]}},{"type":"Feature","geometry":{"type":"Point","coordinates":[16.910937,52.401871]},"properties":{"line":"219","mode":"bus","color":"#0059a9","colorDark":"#00294f","band":0,"off":[-1.5,2.6]}},{"type":"Feature","geometry":{"type":"Point","coordinates":[16.910937,52.401871]},"properties":{"line":"226","mode":"bus","color":"#0059a9","colorDark":"#00294f","band":0,"off":[1.5,2.6]}},{"type":"Feature","geometry":{"type":"Point","coordinates":[16.863673,52.385518]},"properties":{"line":"145","mode":"bus","color":"#0059a9","colorDark":"#00294f","band":0,"off":[-6,1.1]}},{"type":"Feature","geometry":{"type":"Point","coordinates":[16.863673,52.385518]},"properties":{"line":"164","mode":"bus","color":"#0059a9","colorDark":"#00294f","band":0,"off":[-3,1.1]}},{"type":"Feature","geometry":{"type":"Point","coordinates":[16.863673,52.385518]},"properties":{"line":"169","mode":"bus","color":"#0059a9","colorDark":"#00294f","band":0,"off":[0,1.1]}},{"type":"Feature","geometry":{"type":"Point","coordinates":[16.863673,52.385518]},"properties":{"line":"179","mode":"bus","color":"#0059a9","colorDark":"#00294f","band":0,"off":[3,1.1]}},{"type":"Feature","geometry":{"type":"Point","coordinates":[16.863673,52.385518]},"properties":{"line":"191","mode":"bus","color":"#0059a9","colorDark":"#00294f","band":0,"off":[6,1.1]}},{"type":"Feature","geometry":{"type":"Point","coordinates":[16.863673,52.385518]},"properties":{"line":"193","mode":"bus","color":"#0059a9","colorDark":"#00294f","band":0,"off":[-3,2.6]}},{"type":"Feature","geometry":{"type":"Point","coordinates":[16.863673,52.385518]},"properties":{"line":"212","mode":"bus","color":"#0059a9","colorDark":"#00294f","band":0,"off":[0,2.6]}},{"type":"Feature","geometry":{"type":"Point","coordinates":[16.863673,52.385518]},"properties":{"line":"223","mode":"bus","color":"#0059a9","colorDark":"#00294f","band":0,"off":[3,2.6]}},{"type":"Feature","geometry":{"type":"Point","coordinates":[16.862273,52.380391]},"properties":{"line":"145","mode":"bus","color":"#0059a9","colorDark":"#00294f","band":0,"off":[-4.5,1.1]}},{"type":"Feature","geometry":{"type":"Point","coordinates":[16.862273,52.380391]},"properties":{"line":"164","mode":"bus","color":"#0059a9","colorDark":"#00294f","band":0,"off":[-1.5,1.1]}},{"type":"Feature","geometry":{"type":"Point","coordinates":[16.862273,52.380391]},"properties":{"line":"179","mode":"bus","color":"#0059a9","colorDark":"#00294f","band":0,"off":[1.5,1.1]}},{"type":"Feature","geometry":{"type":"Point","coordinates":[16.862273,52.380391]},"properties":{"line":"223","mode":"bus","color":"#0059a9","colorDark":"#00294f","band":0,"off":[4.5,1.1]}},{"type":"Feature","geometry":{"type":"Point","coordinates":[16.855656,52.456081]},"properties":{"line":"146","mode":"bus","color":"#0059a9","colorDark":"#00294f","band":0,"off":[0,1.1]}},{"type":"Feature","geometry":{"type":"Point","coordinates":[16.866483,52.461406]},"properties":{"line":"146","mode":"bus","color":"#0059a9","colorDark":"#00294f","band":0,"off":[-3,1.1]}},{"type":"Feature","geometry":{"type":"Point","coordinates":[16.866483,52.461406]},"properties":{"line":"168","mode":"bus","color":"#0059a9","colorDark":"#00294f","band":0,"off":[0,1.1]}},{"type":"Feature","geometry":{"type":"Point","coordinates":[16.866483,52.461406]},"properties":{"line":"216","mode":"bus","color":"#0059a9","colorDark":"#00294f","band":0,"off":[3,1.1]}},{"type":"Feature","geometry":{"type":"Point","coordinates":[16.951366,52.456583]},"properties":{"line":"146","mode":"bus","color":"#0059a9","colorDark":"#00294f","band":0,"off":[-1.5,1.1]}},{"type":"Feature","geometry":{"type":"Point","coordinates":[16.951366,52.456583]},"properties":{"line":"224","mode":"bus","color":"#0059a9","colorDark":"#00294f","band":0,"off":[1.5,1.1]}},{"type":"Feature","geometry":{"type":"Point","coordinates":[16.882234,52.459969]},"properties":{"line":"146","mode":"bus","color":"#0059a9","colorDark":"#00294f","band":0,"off":[-3,1.1]}},{"type":"Feature","geometry":{"type":"Point","coordinates":[16.882234,52.459969]},"properties":{"line":"178","mode":"bus","color":"#0059a9","colorDark":"#00294f","band":0,"off":[0,1.1]}},{"type":"Feature","geometry":{"type":"Point","coordinates":[16.882234,52.459969]},"properties":{"line":"183","mode":"bus","color":"#0059a9","colorDark":"#00294f","band":0,"off":[3,1.1]}},{"type":"Feature","geometry":{"type":"Point","coordinates":[16.828395,52.41416]},"properties":{"line":"148","mode":"bus","color":"#0059a9","colorDark":"#00294f","band":0,"off":[-3,1.1]}},{"type":"Feature","geometry":{"type":"Point","coordinates":[16.828395,52.41416]},"properties":{"line":"159","mode":"bus","color":"#0059a9","colorDark":"#00294f","band":0,"off":[0,1.1]}},{"type":"Feature","geometry":{"type":"Point","coordinates":[16.828395,52.41416]},"properties":{"line":"222","mode":"bus","color":"#0059a9","colorDark":"#00294f","band":0,"off":[3,1.1]}},{"type":"Feature","geometry":{"type":"Point","coordinates":[16.881088,52.381716]},"properties":{"line":"5","mode":"tram","color":"#d6212b","colorDark":"#7c1116","band":0,"off":[-6,1.1]}},{"type":"Feature","geometry":{"type":"Point","coordinates":[16.881088,52.381716]},"properties":{"line":"14","mode":"tram","color":"#d6212b","colorDark":"#7c1116","band":0,"off":[-3,1.1]}},{"type":"Feature","geometry":{"type":"Point","coordinates":[16.881088,52.381716]},"properties":{"line":"17","mode":"tram","color":"#d6212b","colorDark":"#7c1116","band":0,"off":[0,1.1]}},{"type":"Feature","geometry":{"type":"Point","coordinates":[16.881088,52.381716]},"properties":{"line":"149","mode":"bus","color":"#0059a9","colorDark":"#00294f","band":0,"off":[3,1.1]}},{"type":"Feature","geometry":{"type":"Point","coordinates":[16.881088,52.381716]},"properties":{"line":"163","mode":"bus","color":"#0059a9","colorDark":"#00294f","band":0,"off":[6,1.1]}},{"type":"Feature","geometry":{"type":"Point","coordinates":[16.881088,52.381716]},"properties":{"line":"175","mode":"bus","color":"#0059a9","colorDark":"#00294f","band":0,"off":[-6,2.6]}},{"type":"Feature","geometry":{"type":"Point","coordinates":[16.881088,52.381716]},"properties":{"line":"180","mode":"bus","color":"#0059a9","colorDark":"#00294f","band":0,"off":[-3,2.6]}},{"type":"Feature","geometry":{"type":"Point","coordinates":[16.881088,52.381716]},"properties":{"line":"182","mode":"bus","color":"#0059a9","colorDark":"#00294f","band":0,"off":[0,2.6]}},{"type":"Feature","geometry":{"type":"Point","coordinates":[16.881088,52.381716]},"properties":{"line":"193","mode":"bus","color":"#0059a9","colorDark":"#00294f","band":0,"off":[3,2.6]}},{"type":"Feature","geometry":{"type":"Point","coordinates":[16.881088,52.381716]},"properties":{"line":"610","mode":"bus","color":"#0059a9","colorDark":"#00294f","band":0,"off":[6,2.6]}},{"type":"Feature","geometry":{"type":"Point","coordinates":[16.881088,52.381716]},"properties":{"line":"614","mode":"bus","color":"#0059a9","colorDark":"#00294f","band":0,"off":[-6,4.1]}},{"type":"Feature","geometry":{"type":"Point","coordinates":[16.881088,52.381716]},"properties":{"line":"616","mode":"bus","color":"#0059a9","colorDark":"#00294f","band":0,"off":[-3,4.1]}},{"type":"Feature","geometry":{"type":"Point","coordinates":[16.881088,52.381716]},"properties":{"line":"701","mode":"bus","color":"#0059a9","colorDark":"#00294f","band":0,"off":[0,4.1]}},{"type":"Feature","geometry":{"type":"Point","coordinates":[16.881088,52.381716]},"properties":{"line":"702","mode":"bus","color":"#0059a9","colorDark":"#00294f","band":0,"off":[3,4.1]}},{"type":"Feature","geometry":{"type":"Point","coordinates":[16.881088,52.381716]},"properties":{"line":"703","mode":"bus","color":"#0059a9","colorDark":"#00294f","band":0,"off":[6,4.1]}},{"type":"Feature","geometry":{"type":"Point","coordinates":[16.881088,52.381716]},"properties":{"line":"704","mode":"bus","color":"#0059a9","colorDark":"#00294f","band":0,"off":[-3,5.6]}},{"type":"Feature","geometry":{"type":"Point","coordinates":[16.881088,52.381716]},"properties":{"line":"707","mode":"bus","color":"#0059a9","colorDark":"#00294f","band":0,"off":[0,5.6]}},{"type":"Feature","geometry":{"type":"Point","coordinates":[16.881088,52.381716]},"properties":{"line":"710","mode":"bus","color":"#0059a9","colorDark":"#00294f","band":0,"off":[3,5.6]}},{"type":"Feature","geometry":{"type":"Point","coordinates":[16.90365,52.371925]},"properties":{"line":"149","mode":"bus","color":"#0059a9","colorDark":"#00294f","band":0,"off":[-4.5,1.1]}},{"type":"Feature","geometry":{"type":"Point","coordinates":[16.90365,52.371925]},"properties":{"line":"602","mode":"bus","color":"#0059a9","colorDark":"#00294f","band":0,"off":[-1.5,1.1]}},{"type":"Feature","geometry":{"type":"Point","coordinates":[16.90365,52.371925]},"properties":{"line":"610","mode":"bus","color":"#0059a9","colorDark":"#00294f","band":0,"off":[1.5,1.1]}},{"type":"Feature","geometry":{"type":"Point","coordinates":[16.90365,52.371925]},"properties":{"line":"651","mode":"bus","color":"#0059a9","colorDark":"#00294f","band":0,"off":[4.5,1.1]}},{"type":"Feature","geometry":{"type":"Point","coordinates":[16.91659,52.464361]},"properties":{"line":"12","mode":"tram","color":"#d6212b","colorDark":"#7c1116","band":0,"off":[-6,1.1]}},{"type":"Feature","geometry":{"type":"Point","coordinates":[16.91659,52.464361]},"properties":{"line":"14","mode":"tram","color":"#d6212b","colorDark":"#7c1116","band":0,"off":[-3,1.1]}},{"type":"Feature","geometry":{"type":"Point","coordinates":[16.91659,52.464361]},"properties":{"line":"15","mode":"tram","color":"#d6212b","colorDark":"#7c1116","band":0,"off":[0,1.1]}},{"type":"Feature","geometry":{"type":"Point","coordinates":[16.91659,52.464361]},"properties":{"line":"16","mode":"tram","color":"#d6212b","colorDark":"#7c1116","band":0,"off":[3,1.1]}},{"type":"Feature","geometry":{"type":"Point","coordinates":[16.91659,52.464361]},"properties":{"line":"151","mode":"bus","color":"#0059a9","colorDark":"#00294f","band":0,"off":[6,1.1]}},{"type":"Feature","geometry":{"type":"Point","coordinates":[16.91659,52.464361]},"properties":{"line":"174","mode":"bus","color":"#0059a9","colorDark":"#00294f","band":0,"off":[-6,2.6]}},{"type":"Feature","geometry":{"type":"Point","coordinates":[16.91659,52.464361]},"properties":{"line":"185","mode":"bus","color":"#0059a9","colorDark":"#00294f","band":0,"off":[-3,2.6]}},{"type":"Feature","geometry":{"type":"Point","coordinates":[16.91659,52.464361]},"properties":{"line":"188","mode":"bus","color":"#0059a9","colorDark":"#00294f","band":0,"off":[0,2.6]}},{"type":"Feature","geometry":{"type":"Point","coordinates":[16.91659,52.464361]},"properties":{"line":"190","mode":"bus","color":"#0059a9","colorDark":"#00294f","band":0,"off":[3,2.6]}},{"type":"Feature","geometry":{"type":"Point","coordinates":[16.91659,52.464361]},"properties":{"line":"191","mode":"bus","color":"#0059a9","colorDark":"#00294f","band":0,"off":[6,2.6]}},{"type":"Feature","geometry":{"type":"Point","coordinates":[16.91659,52.464361]},"properties":{"line":"193","mode":"bus","color":"#0059a9","colorDark":"#00294f","band":0,"off":[-6,4.1]}},{"type":"Feature","geometry":{"type":"Point","coordinates":[16.91659,52.464361]},"properties":{"line":"198","mode":"bus","color":"#0059a9","colorDark":"#00294f","band":0,"off":[-3,4.1]}},{"type":"Feature","geometry":{"type":"Point","coordinates":[16.91659,52.464361]},"properties":{"line":"201","mode":"tram","color":"#d6212b","colorDark":"#7c1116","band":0,"off":[0,4.1]}},{"type":"Feature","geometry":{"type":"Point","coordinates":[16.91659,52.464361]},"properties":{"line":"215","mode":"bus","color":"#0059a9","colorDark":"#00294f","band":0,"off":[3,4.1]}},{"type":"Feature","geometry":{"type":"Point","coordinates":[16.91659,52.464361]},"properties":{"line":"218","mode":"bus","color":"#0059a9","colorDark":"#00294f","band":0,"off":[6,4.1]}},{"type":"Feature","geometry":{"type":"Point","coordinates":[16.91659,52.464361]},"properties":{"line":"348","mode":"bus","color":"#0059a9","colorDark":"#00294f","band":0,"off":[-6,5.6]}},{"type":"Feature","geometry":{"type":"Point","coordinates":[16.91659,52.464361]},"properties":{"line":"832","mode":"bus","color":"#0059a9","colorDark":"#00294f","band":0,"off":[-3,5.6]}},{"type":"Feature","geometry":{"type":"Point","coordinates":[16.91659,52.464361]},"properties":{"line":"901","mode":"bus","color":"#0059a9","colorDark":"#00294f","band":0,"off":[0,5.6]}},{"type":"Feature","geometry":{"type":"Point","coordinates":[16.91659,52.464361]},"properties":{"line":"902","mode":"bus","color":"#0059a9","colorDark":"#00294f","band":0,"off":[3,5.6]}},{"type":"Feature","geometry":{"type":"Point","coordinates":[16.91659,52.464361]},"properties":{"line":"904","mode":"bus","color":"#0059a9","colorDark":"#00294f","band":0,"off":[6,5.6]}},{"type":"Feature","geometry":{"type":"Point","coordinates":[16.91659,52.464361]},"properties":{"line":"905","mode":"bus","color":"#0059a9","colorDark":"#00294f","band":0,"off":[-1.5,7.1]}},{"type":"Feature","geometry":{"type":"Point","coordinates":[16.91659,52.464361]},"properties":{"line":"907","mode":"bus","color":"#0059a9","colorDark":"#00294f","band":0,"off":[1.5,7.1]}},{"type":"Feature","geometry":{"type":"Point","coordinates":[17.029181,52.388111]},"properties":{"line":"152","mode":"bus","color":"#0059a9","colorDark":"#00294f","band":0,"off":[-1.5,1.1]}},{"type":"Feature","geometry":{"type":"Point","coordinates":[17.029181,52.388111]},"properties":{"line":"425","mode":"bus","color":"#0059a9","colorDark":"#00294f","band":0,"off":[1.5,1.1]}},{"type":"Feature","geometry":{"type":"Point","coordinates":[16.949632,52.396483]},"properties":{"line":"152","mode":"bus","color":"#0059a9","colorDark":"#00294f","band":0,"off":[-6,1.1]}},{"type":"Feature","geometry":{"type":"Point","coordinates":[16.949632,52.396483]},"properties":{"line":"154","mode":"bus","color":"#0059a9","colorDark":"#00294f","band":0,"off":[-3,1.1]}},{"type":"Feature","geometry":{"type":"Point","coordinates":[16.949632,52.396483]},"properties":{"line":"162","mode":"bus","color":"#0059a9","colorDark":"#00294f","band":0,"off":[0,1.1]}},{"type":"Feature","geometry":{"type":"Point","coordinates":[16.949632,52.396483]},"properties":{"line":"166","mode":"bus","color":"#0059a9","colorDark":"#00294f","band":0,"off":[3,1.1]}},{"type":"Feature","geometry":{"type":"Point","coordinates":[16.949632,52.396483]},"properties":{"line":"167","mode":"bus","color":"#0059a9","colorDark":"#00294f","band":0,"off":[6,1.1]}},{"type":"Feature","geometry":{"type":"Point","coordinates":[16.949632,52.396483]},"properties":{"line":"181","mode":"bus","color":"#0059a9","colorDark":"#00294f","band":0,"off":[-6,2.6]}},{"type":"Feature","geometry":{"type":"Point","coordinates":[16.949632,52.396483]},"properties":{"line":"184","mode":"bus","color":"#0059a9","colorDark":"#00294f","band":0,"off":[-3,2.6]}},{"type":"Feature","geometry":{"type":"Point","coordinates":[16.949632,52.396483]},"properties":{"line":"196","mode":"bus","color":"#0059a9","colorDark":"#00294f","band":0,"off":[0,2.6]}},{"type":"Feature","geometry":{"type":"Point","coordinates":[16.949632,52.396483]},"properties":{"line":"227","mode":"bus","color":"#0059a9","colorDark":"#00294f","band":0,"off":[3,2.6]}},{"type":"Feature","geometry":{"type":"Point","coordinates":[16.949632,52.396483]},"properties":{"line":"425","mode":"bus","color":"#0059a9","colorDark":"#00294f","band":0,"off":[6,2.6]}},{"type":"Feature","geometry":{"type":"Point","coordinates":[16.949632,52.396483]},"properties":{"line":"431","mode":"bus","color":"#0059a9","colorDark":"#00294f","band":0,"off":[-6,4.1]}},{"type":"Feature","geometry":{"type":"Point","coordinates":[16.949632,52.396483]},"properties":{"line":"432","mode":"bus","color":"#0059a9","colorDark":"#00294f","band":0,"off":[-3,4.1]}},{"type":"Feature","geometry":{"type":"Point","coordinates":[16.949632,52.396483]},"properties":{"line":"433","mode":"bus","color":"#0059a9","colorDark":"#00294f","band":0,"off":[0,4.1]}},{"type":"Feature","geometry":{"type":"Point","coordinates":[16.949632,52.396483]},"properties":{"line":"501","mode":"bus","color":"#0059a9","colorDark":"#00294f","band":0,"off":[3,4.1]}},{"type":"Feature","geometry":{"type":"Point","coordinates":[16.949632,52.396483]},"properties":{"line":"502","mode":"bus","color":"#0059a9","colorDark":"#00294f","band":0,"off":[6,4.1]}},{"type":"Feature","geometry":{"type":"Point","coordinates":[16.949632,52.396483]},"properties":{"line":"503","mode":"bus","color":"#0059a9","colorDark":"#00294f","band":0,"off":[-6,5.6]}},{"type":"Feature","geometry":{"type":"Point","coordinates":[16.949632,52.396483]},"properties":{"line":"511","mode":"bus","color":"#0059a9","colorDark":"#00294f","band":0,"off":[-3,5.6]}},{"type":"Feature","geometry":{"type":"Point","coordinates":[16.949632,52.396483]},"properties":{"line":"512","mode":"bus","color":"#0059a9","colorDark":"#00294f","band":0,"off":[0,5.6]}},{"type":"Feature","geometry":{"type":"Point","coordinates":[16.949632,52.396483]},"properties":{"line":"560","mode":"bus","color":"#0059a9","colorDark":"#00294f","band":0,"off":[3,5.6]}},{"type":"Feature","geometry":{"type":"Point","coordinates":[16.949632,52.396483]},"properties":{"line":"561","mode":"bus","color":"#0059a9","colorDark":"#00294f","band":0,"off":[6,5.6]}},{"type":"Feature","geometry":{"type":"Point","coordinates":[16.949632,52.396483]},"properties":{"line":"911","mode":"bus","color":"#0059a9","colorDark":"#00294f","band":0,"off":[0,7.1]}},{"type":"Feature","geometry":{"type":"Point","coordinates":[16.993959,52.389801]},"properties":{"line":"152","mode":"bus","color":"#0059a9","colorDark":"#00294f","band":0,"off":[-6,1.1]}},{"type":"Feature","geometry":{"type":"Point","coordinates":[16.993959,52.389801]},"properties":{"line":"166","mode":"bus","color":"#0059a9","colorDark":"#00294f","band":0,"off":[-3,1.1]}},{"type":"Feature","geometry":{"type":"Point","coordinates":[16.993959,52.389801]},"properties":{"line":"181","mode":"bus","color":"#0059a9","colorDark":"#00294f","band":0,"off":[0,1.1]}},{"type":"Feature","geometry":{"type":"Point","coordinates":[16.993959,52.389801]},"properties":{"line":"212","mode":"bus","color":"#0059a9","colorDark":"#00294f","band":0,"off":[3,1.1]}},{"type":"Feature","geometry":{"type":"Point","coordinates":[16.993959,52.389801]},"properties":{"line":"218","mode":"bus","color":"#0059a9","colorDark":"#00294f","band":0,"off":[6,1.1]}},{"type":"Feature","geometry":{"type":"Point","coordinates":[16.993959,52.389801]},"properties":{"line":"222","mode":"bus","color":"#0059a9","colorDark":"#00294f","band":0,"off":[0,2.6]}},{"type":"Feature","geometry":{"type":"Point","coordinates":[16.982502,52.307983]},"properties":{"line":"153","mode":"bus","color":"#0059a9","colorDark":"#00294f","band":0,"off":[-3,1.1]}},{"type":"Feature","geometry":{"type":"Point","coordinates":[16.982502,52.307983]},"properties":{"line":"158","mode":"bus","color":"#0059a9","colorDark":"#00294f","band":0,"off":[0,1.1]}},{"type":"Feature","geometry":{"type":"Point","coordinates":[16.982502,52.307983]},"properties":{"line":"221","mode":"bus","color":"#0059a9","colorDark":"#00294f","band":0,"off":[3,1.1]}},{"type":"Feature","geometry":{"type":"Point","coordinates":[16.918256,52.342396]},"properties":{"line":"153","mode":"bus","color":"#0059a9","colorDark":"#00294f","band":0,"off":[-6,1.1]}},{"type":"Feature","geometry":{"type":"Point","coordinates":[16.918256,52.342396]},"properties":{"line":"158","mode":"bus","color":"#0059a9","colorDark":"#00294f","band":0,"off":[-3,1.1]}},{"type":"Feature","geometry":{"type":"Point","coordinates":[16.918256,52.342396]},"properties":{"line":"194","mode":"bus","color":"#0059a9","colorDark":"#00294f","band":0,"off":[0,1.1]}},{"type":"Feature","geometry":{"type":"Point","coordinates":[16.918256,52.342396]},"properties":{"line":"221","mode":"bus","color":"#0059a9","colorDark":"#00294f","band":0,"off":[3,1.1]}},{"type":"Feature","geometry":{"type":"Point","coordinates":[16.918256,52.342396]},"properties":{"line":"527","mode":"bus","color":"#0059a9","colorDark":"#00294f","band":0,"off":[6,1.1]}},{"type":"Feature","geometry":{"type":"Point","coordinates":[16.949869,52.372457]},"properties":{"line":"3","mode":"tram","color":"#d6212b","colorDark":"#7c1116","band":0,"off":[-6,1.1]}},{"type":"Feature","geometry":{"type":"Point","coordinates":[16.949869,52.372457]},"properties":{"line":"11","mode":"tram","color":"#d6212b","colorDark":"#7c1116","band":0,"off":[-3,1.1]}},{"type":"Feature","geometry":{"type":"Point","coordinates":[16.949869,52.372457]},"properties":{"line":"18","mode":"tram","color":"#d6212b","colorDark":"#7c1116","band":0,"off":[0,1.1]}},{"type":"Feature","geometry":{"type":"Point","coordinates":[16.949869,52.372457]},"properties":{"line":"153","mode":"bus","color":"#0059a9","colorDark":"#00294f","band":0,"off":[3,1.1]}},{"type":"Feature","geometry":{"type":"Point","coordinates":[16.949869,52.372457]},"properties":{"line":"174","mode":"bus","color":"#0059a9","colorDark":"#00294f","band":0,"off":[6,1.1]}},{"type":"Feature","geometry":{"type":"Point","coordinates":[16.949869,52.372457]},"properties":{"line":"189","mode":"bus","color":"#0059a9","colorDark":"#00294f","band":0,"off":[-1.5,2.6]}},{"type":"Feature","geometry":{"type":"Point","coordinates":[16.949869,52.372457]},"properties":{"line":"201","mode":"tram","color":"#d6212b","colorDark":"#7c1116","band":0,"off":[1.5,2.6]}},{"type":"Feature","geometry":{"type":"Point","coordinates":[16.932245,52.368623]},"properties":{"line":"12","mode":"tram","color":"#d6212b","colorDark":"#7c1116","band":0,"off":[-6,1.1]}},{"type":"Feature","geometry":{"type":"Point","coordinates":[16.932245,52.368623]},"properties":{"line":"13","mode":"tram","color":"#d6212b","colorDark":"#7c1116","band":0,"off":[-3,1.1]}},{"type":"Feature","geometry":{"type":"Point","coordinates":[16.932245,52.368623]},"properties":{"line":"16","mode":"tram","color":"#d6212b","colorDark":"#7c1116","band":0,"off":[0,1.1]}},{"type":"Feature","geometry":{"type":"Point","coordinates":[16.932245,52.368623]},"properties":{"line":"153","mode":"bus","color":"#0059a9","colorDark":"#00294f","band":0,"off":[3,1.1]}},{"type":"Feature","geometry":{"type":"Point","coordinates":[16.932245,52.368623]},"properties":{"line":"217","mode":"bus","color":"#0059a9","colorDark":"#00294f","band":0,"off":[6,1.1]}},{"type":"Feature","geometry":{"type":"Point","coordinates":[16.932245,52.368623]},"properties":{"line":"221","mode":"bus","color":"#0059a9","colorDark":"#00294f","band":0,"off":[0,2.6]}},{"type":"Feature","geometry":{"type":"Point","coordinates":[17.022885,52.351291]},"properties":{"line":"154","mode":"bus","color":"#0059a9","colorDark":"#00294f","band":0,"off":[-1.5,1.1]}},{"type":"Feature","geometry":{"type":"Point","coordinates":[17.022885,52.351291]},"properties":{"line":"220","mode":"bus","color":"#0059a9","colorDark":"#00294f","band":0,"off":[1.5,1.1]}},{"type":"Feature","geometry":{"type":"Point","coordinates":[16.807403,52.4417]},"properties":{"line":"156","mode":"bus","color":"#0059a9","colorDark":"#00294f","band":0,"off":[0,1.1]}},{"type":"Feature","geometry":{"type":"Point","coordinates":[16.998497,52.410069]},"properties":{"line":"6","mode":"tram","color":"#d6212b","colorDark":"#7c1116","band":0,"off":[-6,1.1]}},{"type":"Feature","geometry":{"type":"Point","coordinates":[16.998497,52.410069]},"properties":{"line":"7","mode":"tram","color":"#d6212b","colorDark":"#7c1116","band":0,"off":[-3,1.1]}},{"type":"Feature","geometry":{"type":"Point","coordinates":[16.998497,52.410069]},"properties":{"line":"8","mode":"tram","color":"#d6212b","colorDark":"#7c1116","band":0,"off":[0,1.1]}},{"type":"Feature","geometry":{"type":"Point","coordinates":[16.998497,52.410069]},"properties":{"line":"157","mode":"bus","color":"#0059a9","colorDark":"#00294f","band":0,"off":[3,1.1]}},{"type":"Feature","geometry":{"type":"Point","coordinates":[16.998497,52.410069]},"properties":{"line":"213","mode":"bus","color":"#0059a9","colorDark":"#00294f","band":0,"off":[6,1.1]}},{"type":"Feature","geometry":{"type":"Point","coordinates":[16.998497,52.410069]},"properties":{"line":"222","mode":"bus","color":"#0059a9","colorDark":"#00294f","band":0,"off":[-6,2.6]}},{"type":"Feature","geometry":{"type":"Point","coordinates":[16.998497,52.410069]},"properties":{"line":"223","mode":"bus","color":"#0059a9","colorDark":"#00294f","band":0,"off":[-3,2.6]}},{"type":"Feature","geometry":{"type":"Point","coordinates":[16.998497,52.410069]},"properties":{"line":"401","mode":"bus","color":"#0059a9","colorDark":"#00294f","band":0,"off":[0,2.6]}},{"type":"Feature","geometry":{"type":"Point","coordinates":[16.998497,52.410069]},"properties":{"line":"405","mode":"bus","color":"#0059a9","colorDark":"#00294f","band":0,"off":[3,2.6]}},{"type":"Feature","geometry":{"type":"Point","coordinates":[16.998497,52.410069]},"properties":{"line":"406","mode":"bus","color":"#0059a9","colorDark":"#00294f","band":0,"off":[6,2.6]}},{"type":"Feature","geometry":{"type":"Point","coordinates":[16.998497,52.410069]},"properties":{"line":"407","mode":"bus","color":"#0059a9","colorDark":"#00294f","band":0,"off":[-1.5,4.1]}},{"type":"Feature","geometry":{"type":"Point","coordinates":[16.998497,52.410069]},"properties":{"line":"416","mode":"bus","color":"#0059a9","colorDark":"#00294f","band":0,"off":[1.5,4.1]}},{"type":"Feature","geometry":{"type":"Point","coordinates":[16.955812,52.409375]},"properties":{"line":"157","mode":"bus","color":"#0059a9","colorDark":"#00294f","band":0,"off":[-6,1.1]}},{"type":"Feature","geometry":{"type":"Point","coordinates":[16.955812,52.409375]},"properties":{"line":"173","mode":"bus","color":"#0059a9","colorDark":"#00294f","band":0,"off":[-3,1.1]}},{"type":"Feature","geometry":{"type":"Point","coordinates":[16.955812,52.409375]},"properties":{"line":"178","mode":"bus","color":"#0059a9","colorDark":"#00294f","band":0,"off":[0,1.1]}},{"type":"Feature","geometry":{"type":"Point","coordinates":[16.955812,52.409375]},"properties":{"line":"183","mode":"bus","color":"#0059a9","colorDark":"#00294f","band":0,"off":[3,1.1]}},{"type":"Feature","geometry":{"type":"Point","coordinates":[16.955812,52.409375]},"properties":{"line":"184","mode":"bus","color":"#0059a9","colorDark":"#00294f","band":0,"off":[6,1.1]}},{"type":"Feature","geometry":{"type":"Point","coordinates":[16.955812,52.409375]},"properties":{"line":"185","mode":"bus","color":"#0059a9","colorDark":"#00294f","band":0,"off":[-6,2.6]}},{"type":"Feature","geometry":{"type":"Point","coordinates":[16.955812,52.409375]},"properties":{"line":"312","mode":"bus","color":"#0059a9","colorDark":"#00294f","band":0,"off":[-3,2.6]}},{"type":"Feature","geometry":{"type":"Point","coordinates":[16.955812,52.409375]},"properties":{"line":"320","mode":"bus","color":"#0059a9","colorDark":"#00294f","band":0,"off":[0,2.6]}},{"type":"Feature","geometry":{"type":"Point","coordinates":[16.955812,52.409375]},"properties":{"line":"323","mode":"bus","color":"#0059a9","colorDark":"#00294f","band":0,"off":[3,2.6]}},{"type":"Feature","geometry":{"type":"Point","coordinates":[16.955812,52.409375]},"properties":{"line":"341","mode":"bus","color":"#0059a9","colorDark":"#00294f","band":0,"off":[6,2.6]}},{"type":"Feature","geometry":{"type":"Point","coordinates":[16.955812,52.409375]},"properties":{"line":"342","mode":"bus","color":"#0059a9","colorDark":"#00294f","band":0,"off":[-6,4.1]}},{"type":"Feature","geometry":{"type":"Point","coordinates":[16.955812,52.409375]},"properties":{"line":"400","mode":"bus","color":"#0059a9","colorDark":"#00294f","band":0,"off":[-3,4.1]}},{"type":"Feature","geometry":{"type":"Point","coordinates":[16.955812,52.409375]},"properties":{"line":"401","mode":"bus","color":"#0059a9","colorDark":"#00294f","band":0,"off":[0,4.1]}},{"type":"Feature","geometry":{"type":"Point","coordinates":[16.955812,52.409375]},"properties":{"line":"405","mode":"bus","color":"#0059a9","colorDark":"#00294f","band":0,"off":[3,4.1]}},{"type":"Feature","geometry":{"type":"Point","coordinates":[16.955812,52.409375]},"properties":{"line":"406","mode":"bus","color":"#0059a9","colorDark":"#00294f","band":0,"off":[6,4.1]}},{"type":"Feature","geometry":{"type":"Point","coordinates":[16.955812,52.409375]},"properties":{"line":"407","mode":"bus","color":"#0059a9","colorDark":"#00294f","band":0,"off":[-3,5.6]}},{"type":"Feature","geometry":{"type":"Point","coordinates":[16.955812,52.409375]},"properties":{"line":"412","mode":"bus","color":"#0059a9","colorDark":"#00294f","band":0,"off":[0,5.6]}},{"type":"Feature","geometry":{"type":"Point","coordinates":[16.955812,52.409375]},"properties":{"line":"T7","mode":"bus","color":"#0059a9","colorDark":"#00294f","band":0,"off":[3,5.6]}},{"type":"Feature","geometry":{"type":"Point","coordinates":[16.929993,52.366315]},"properties":{"line":"158","mode":"bus","color":"#0059a9","colorDark":"#00294f","band":0,"off":[-6,1.1]}},{"type":"Feature","geometry":{"type":"Point","coordinates":[16.929993,52.366315]},"properties":{"line":"189","mode":"bus","color":"#0059a9","colorDark":"#00294f","band":0,"off":[-3,1.1]}},{"type":"Feature","geometry":{"type":"Point","coordinates":[16.929993,52.366315]},"properties":{"line":"194","mode":"bus","color":"#0059a9","colorDark":"#00294f","band":0,"off":[0,1.1]}},{"type":"Feature","geometry":{"type":"Point","coordinates":[16.929993,52.366315]},"properties":{"line":"221","mode":"bus","color":"#0059a9","colorDark":"#00294f","band":0,"off":[3,1.1]}},{"type":"Feature","geometry":{"type":"Point","coordinates":[16.929993,52.366315]},"properties":{"line":"527","mode":"bus","color":"#0059a9","colorDark":"#00294f","band":0,"off":[6,1.1]}},{"type":"Feature","geometry":{"type":"Point","coordinates":[16.939119,52.416618]},"properties":{"line":"160","mode":"bus","color":"#0059a9","colorDark":"#00294f","band":0,"off":[-6,1.1]}},{"type":"Feature","geometry":{"type":"Point","coordinates":[16.939119,52.416618]},"properties":{"line":"163","mode":"bus","color":"#0059a9","colorDark":"#00294f","band":0,"off":[-3,1.1]}},{"type":"Feature","geometry":{"type":"Point","coordinates":[16.939119,52.416618]},"properties":{"line":"176","mode":"bus","color":"#0059a9","colorDark":"#00294f","band":0,"off":[0,1.1]}},{"type":"Feature","geometry":{"type":"Point","coordinates":[16.939119,52.416618]},"properties":{"line":"220","mode":"bus","color":"#0059a9","colorDark":"#00294f","band":0,"off":[3,1.1]}},{"type":"Feature","geometry":{"type":"Point","coordinates":[16.939119,52.416618]},"properties":{"line":"221","mode":"bus","color":"#0059a9","colorDark":"#00294f","band":0,"off":[6,1.1]}},{"type":"Feature","geometry":{"type":"Point","coordinates":[16.939119,52.416618]},"properties":{"line":"603","mode":"bus","color":"#0059a9","colorDark":"#00294f","band":0,"off":[0,2.6]}},{"type":"Feature","geometry":{"type":"Point","coordinates":[16.865046,52.452764]},"properties":{"line":"164","mode":"bus","color":"#0059a9","colorDark":"#00294f","band":0,"off":[-3,1.1]}},{"type":"Feature","geometry":{"type":"Point","coordinates":[16.865046,52.452764]},"properties":{"line":"170","mode":"bus","color":"#0059a9","colorDark":"#00294f","band":0,"off":[0,1.1]}},{"type":"Feature","geometry":{"type":"Point","coordinates":[16.865046,52.452764]},"properties":{"line":"226","mode":"bus","color":"#0059a9","colorDark":"#00294f","band":0,"off":[3,1.1]}},{"type":"Feature","geometry":{"type":"Point","coordinates":[17.04468,52.414993]},"properties":{"line":"166","mode":"bus","color":"#0059a9","colorDark":"#00294f","band":0,"off":[-1.5,1.1]}},{"type":"Feature","geometry":{"type":"Point","coordinates":[17.04468,52.414993]},"properties":{"line":"416","mode":"bus","color":"#0059a9","colorDark":"#00294f","band":0,"off":[1.5,1.1]}},{"type":"Feature","geometry":{"type":"Point","coordinates":[16.946116,52.497661]},"properties":{"line":"167","mode":"bus","color":"#0059a9","colorDark":"#00294f","band":0,"off":[-4.5,1.1]}},{"type":"Feature","geometry":{"type":"Point","coordinates":[16.946116,52.497661]},"properties":{"line":"214","mode":"bus","color":"#0059a9","colorDark":"#00294f","band":0,"off":[-1.5,1.1]}},{"type":"Feature","geometry":{"type":"Point","coordinates":[16.946116,52.497661]},"properties":{"line":"348","mode":"bus","color":"#0059a9","colorDark":"#00294f","band":0,"off":[1.5,1.1]}},{"type":"Feature","geometry":{"type":"Point","coordinates":[16.946116,52.497661]},"properties":{"line":"911","mode":"bus","color":"#0059a9","colorDark":"#00294f","band":0,"off":[4.5,1.1]}},{"type":"Feature","geometry":{"type":"Point","coordinates":[16.934634,52.452032]},"properties":{"line":"169","mode":"bus","color":"#0059a9","colorDark":"#00294f","band":0,"off":[0,1.1]}},{"type":"Feature","geometry":{"type":"Point","coordinates":[16.94091,52.441231]},"properties":{"line":"169","mode":"bus","color":"#0059a9","colorDark":"#00294f","band":0,"off":[-6,1.1]}},{"type":"Feature","geometry":{"type":"Point","coordinates":[16.94091,52.441231]},"properties":{"line":"171","mode":"bus","color":"#0059a9","colorDark":"#00294f","band":0,"off":[-3,1.1]}},{"type":"Feature","geometry":{"type":"Point","coordinates":[16.94091,52.441231]},"properties":{"line":"178","mode":"bus","color":"#0059a9","colorDark":"#00294f","band":0,"off":[0,1.1]}},{"type":"Feature","geometry":{"type":"Point","coordinates":[16.94091,52.441231]},"properties":{"line":"182","mode":"bus","color":"#0059a9","colorDark":"#00294f","band":0,"off":[3,1.1]}},{"type":"Feature","geometry":{"type":"Point","coordinates":[16.94091,52.441231]},"properties":{"line":"185","mode":"bus","color":"#0059a9","colorDark":"#00294f","band":0,"off":[6,1.1]}},{"type":"Feature","geometry":{"type":"Point","coordinates":[16.94091,52.441231]},"properties":{"line":"218","mode":"bus","color":"#0059a9","colorDark":"#00294f","band":0,"off":[0,2.6]}},{"type":"Feature","geometry":{"type":"Point","coordinates":[16.933554,52.435244]},"properties":{"line":"4","mode":"tram","color":"#d6212b","colorDark":"#7c1116","band":0,"off":[-6,1.1]}},{"type":"Feature","geometry":{"type":"Point","coordinates":[16.933554,52.435244]},"properties":{"line":"170","mode":"bus","color":"#0059a9","colorDark":"#00294f","band":0,"off":[-3,1.1]}},{"type":"Feature","geometry":{"type":"Point","coordinates":[16.933554,52.435244]},"properties":{"line":"171","mode":"bus","color":"#0059a9","colorDark":"#00294f","band":0,"off":[0,1.1]}},{"type":"Feature","geometry":{"type":"Point","coordinates":[16.933554,52.435244]},"properties":{"line":"174","mode":"bus","color":"#0059a9","colorDark":"#00294f","band":0,"off":[3,1.1]}},{"type":"Feature","geometry":{"type":"Point","coordinates":[16.933554,52.435244]},"properties":{"line":"178","mode":"bus","color":"#0059a9","colorDark":"#00294f","band":0,"off":[6,1.1]}},{"type":"Feature","geometry":{"type":"Point","coordinates":[16.933554,52.435244]},"properties":{"line":"183","mode":"bus","color":"#0059a9","colorDark":"#00294f","band":0,"off":[-3,2.6]}},{"type":"Feature","geometry":{"type":"Point","coordinates":[16.933554,52.435244]},"properties":{"line":"321","mode":"bus","color":"#0059a9","colorDark":"#00294f","band":0,"off":[0,2.6]}},{"type":"Feature","geometry":{"type":"Point","coordinates":[16.933554,52.435244]},"properties":{"line":"322","mode":"bus","color":"#0059a9","colorDark":"#00294f","band":0,"off":[3,2.6]}},{"type":"Feature","geometry":{"type":"Point","coordinates":[16.904062,52.437939]},"properties":{"line":"170","mode":"bus","color":"#0059a9","colorDark":"#00294f","band":0,"off":[-3,1.1]}},{"type":"Feature","geometry":{"type":"Point","coordinates":[16.904062,52.437939]},"properties":{"line":"183","mode":"bus","color":"#0059a9","colorDark":"#00294f","band":0,"off":[0,1.1]}},{"type":"Feature","geometry":{"type":"Point","coordinates":[16.904062,52.437939]},"properties":{"line":"321","mode":"bus","color":"#0059a9","colorDark":"#00294f","band":0,"off":[3,1.1]}},{"type":"Feature","geometry":{"type":"Point","coordinates":[16.904578,52.360414]},"properties":{"line":"171","mode":"bus","color":"#0059a9","colorDark":"#00294f","band":0,"off":[-6,1.1]}},{"type":"Feature","geometry":{"type":"Point","coordinates":[16.904578,52.360414]},"properties":{"line":"176","mode":"bus","color":"#0059a9","colorDark":"#00294f","band":0,"off":[-3,1.1]}},{"type":"Feature","geometry":{"type":"Point","coordinates":[16.904578,52.360414]},"properties":{"line":"215","mode":"bus","color":"#0059a9","colorDark":"#00294f","band":0,"off":[0,1.1]}},{"type":"Feature","geometry":{"type":"Point","coordinates":[16.904578,52.360414]},"properties":{"line":"602","mode":"bus","color":"#0059a9","colorDark":"#00294f","band":0,"off":[3,1.1]}},{"type":"Feature","geometry":{"type":"Point","coordinates":[16.904578,52.360414]},"properties":{"line":"603","mode":"bus","color":"#0059a9","colorDark":"#00294f","band":0,"off":[6,1.1]}},{"type":"Feature","geometry":{"type":"Point","coordinates":[16.904578,52.360414]},"properties":{"line":"610","mode":"bus","color":"#0059a9","colorDark":"#00294f","band":0,"off":[-1.5,2.6]}},{"type":"Feature","geometry":{"type":"Point","coordinates":[16.904578,52.360414]},"properties":{"line":"651","mode":"bus","color":"#0059a9","colorDark":"#00294f","band":0,"off":[1.5,2.6]}},{"type":"Feature","geometry":{"type":"Point","coordinates":[17.017939,52.436548]},"properties":{"line":"173","mode":"bus","color":"#0059a9","colorDark":"#00294f","band":0,"off":[0,1.1]}},{"type":"Feature","geometry":{"type":"Point","coordinates":[16.974224,52.422017]},"properties":{"line":"173","mode":"bus","color":"#0059a9","colorDark":"#00294f","band":0,"off":[-6,1.1]}},{"type":"Feature","geometry":{"type":"Point","coordinates":[16.974224,52.422017]},"properties":{"line":"185","mode":"bus","color":"#0059a9","colorDark":"#00294f","band":0,"off":[-3,1.1]}},{"type":"Feature","geometry":{"type":"Point","coordinates":[16.974224,52.422017]},"properties":{"line":"217","mode":"bus","color":"#0059a9","colorDark":"#00294f","band":0,"off":[0,1.1]}},{"type":"Feature","geometry":{"type":"Point","coordinates":[16.974224,52.422017]},"properties":{"line":"227","mode":"bus","color":"#0059a9","colorDark":"#00294f","band":0,"off":[3,1.1]}},{"type":"Feature","geometry":{"type":"Point","coordinates":[16.974224,52.422017]},"properties":{"line":"312","mode":"bus","color":"#0059a9","colorDark":"#00294f","band":0,"off":[6,1.1]}},{"type":"Feature","geometry":{"type":"Point","coordinates":[16.974224,52.422017]},"properties":{"line":"320","mode":"bus","color":"#0059a9","colorDark":"#00294f","band":0,"off":[-4.5,2.6]}},{"type":"Feature","geometry":{"type":"Point","coordinates":[16.974224,52.422017]},"properties":{"line":"323","mode":"bus","color":"#0059a9","colorDark":"#00294f","band":0,"off":[-1.5,2.6]}},{"type":"Feature","geometry":{"type":"Point","coordinates":[16.974224,52.422017]},"properties":{"line":"342","mode":"bus","color":"#0059a9","colorDark":"#00294f","band":0,"off":[1.5,2.6]}},{"type":"Feature","geometry":{"type":"Point","coordinates":[16.974224,52.422017]},"properties":{"line":"412","mode":"bus","color":"#0059a9","colorDark":"#00294f","band":0,"off":[4.5,2.6]}},{"type":"Feature","geometry":{"type":"Point","coordinates":[16.838326,52.354834]},"properties":{"line":"180","mode":"bus","color":"#0059a9","colorDark":"#00294f","band":0,"off":[-3,1.1]}},{"type":"Feature","geometry":{"type":"Point","coordinates":[16.838326,52.354834]},"properties":{"line":"704","mode":"bus","color":"#0059a9","colorDark":"#00294f","band":0,"off":[0,1.1]}},{"type":"Feature","geometry":{"type":"Point","coordinates":[16.838326,52.354834]},"properties":{"line":"710","mode":"bus","color":"#0059a9","colorDark":"#00294f","band":0,"off":[3,1.1]}},{"type":"Feature","geometry":{"type":"Point","coordinates":[16.842815,52.370386]},"properties":{"line":"180","mode":"bus","color":"#0059a9","colorDark":"#00294f","band":0,"off":[-1.5,1.1]}},{"type":"Feature","geometry":{"type":"Point","coordinates":[16.842815,52.370386]},"properties":{"line":"717","mode":"bus","color":"#0059a9","colorDark":"#00294f","band":0,"off":[1.5,1.1]}},{"type":"Feature","geometry":{"type":"Point","coordinates":[16.981509,52.374333]},"properties":{"line":"181","mode":"bus","color":"#0059a9","colorDark":"#00294f","band":0,"off":[0,1.1]}},{"type":"Feature","geometry":{"type":"Point","coordinates":[16.992489,52.400538]},"properties":{"line":"184","mode":"bus","color":"#0059a9","colorDark":"#00294f","band":0,"off":[0,1.1]}},{"type":"Feature","geometry":{"type":"Point","coordinates":[16.774539,52.473627]},"properties":{"line":"186","mode":"bus","color":"#0059a9","colorDark":"#00294f","band":0,"off":[-4.5,1.1]}},{"type":"Feature","geometry":{"type":"Point","coordinates":[16.774539,52.473627]},"properties":{"line":"835","mode":"bus","color":"#0059a9","colorDark":"#00294f","band":0,"off":[-1.5,1.1]}},{"type":"Feature","geometry":{"type":"Point","coordinates":[16.774539,52.473627]},"properties":{"line":"837","mode":"bus","color":"#0059a9","colorDark":"#00294f","band":0,"off":[1.5,1.1]}},{"type":"Feature","geometry":{"type":"Point","coordinates":[16.774539,52.473627]},"properties":{"line":"893","mode":"bus","color":"#0059a9","colorDark":"#00294f","band":0,"off":[4.5,1.1]}},{"type":"Feature","geometry":{"type":"Point","coordinates":[16.905391,52.489261]},"properties":{"line":"188","mode":"bus","color":"#0059a9","colorDark":"#00294f","band":0,"off":[-1.5,1.1]}},{"type":"Feature","geometry":{"type":"Point","coordinates":[16.905391,52.489261]},"properties":{"line":"902","mode":"bus","color":"#0059a9","colorDark":"#00294f","band":0,"off":[1.5,1.1]}},{"type":"Feature","geometry":{"type":"Point","coordinates":[16.943196,52.379382]},"properties":{"line":"190","mode":"bus","color":"#0059a9","colorDark":"#00294f","band":0,"off":[0,1.1]}},{"type":"Feature","geometry":{"type":"Point","coordinates":[16.941836,52.466643]},"properties":{"line":"198","mode":"bus","color":"#0059a9","colorDark":"#00294f","band":0,"off":[-3,1.1]}},{"type":"Feature","geometry":{"type":"Point","coordinates":[16.941836,52.466643]},"properties":{"line":"214","mode":"bus","color":"#0059a9","colorDark":"#00294f","band":0,"off":[0,1.1]}},{"type":"Feature","geometry":{"type":"Point","coordinates":[16.941836,52.466643]},"properties":{"line":"348","mode":"bus","color":"#0059a9","colorDark":"#00294f","band":0,"off":[3,1.1]}},{"type":"Feature","geometry":{"type":"Point","coordinates":[16.938287,52.410785]},"properties":{"line":"4","mode":"tram","color":"#d6212b","colorDark":"#7c1116","band":0,"off":[-6,1.1]}},{"type":"Feature","geometry":{"type":"Point","coordinates":[16.938287,52.410785]},"properties":{"line":"17","mode":"tram","color":"#d6212b","colorDark":"#7c1116","band":0,"off":[-3,1.1]}},{"type":"Feature","geometry":{"type":"Point","coordinates":[16.938287,52.410785]},"properties":{"line":"213","mode":"bus","color":"#0059a9","colorDark":"#00294f","band":0,"off":[0,1.1]}},{"type":"Feature","geometry":{"type":"Point","coordinates":[16.938287,52.410785]},"properties":{"line":"223","mode":"bus","color":"#0059a9","colorDark":"#00294f","band":0,"off":[3,1.1]}},{"type":"Feature","geometry":{"type":"Point","coordinates":[16.938287,52.410785]},"properties":{"line":"T7","mode":"bus","color":"#0059a9","colorDark":"#00294f","band":0,"off":[6,1.1]}},{"type":"Feature","geometry":{"type":"Point","coordinates":[16.809257,52.431666]},"properties":{"line":"219","mode":"bus","color":"#0059a9","colorDark":"#00294f","band":0,"off":[-6,1.1]}},{"type":"Feature","geometry":{"type":"Point","coordinates":[16.809257,52.431666]},"properties":{"line":"802","mode":"bus","color":"#0059a9","colorDark":"#00294f","band":0,"off":[-3,1.1]}},{"type":"Feature","geometry":{"type":"Point","coordinates":[16.809257,52.431666]},"properties":{"line":"803","mode":"bus","color":"#0059a9","colorDark":"#00294f","band":0,"off":[0,1.1]}},{"type":"Feature","geometry":{"type":"Point","coordinates":[16.809257,52.431666]},"properties":{"line":"804","mode":"bus","color":"#0059a9","colorDark":"#00294f","band":0,"off":[3,1.1]}},{"type":"Feature","geometry":{"type":"Point","coordinates":[16.809257,52.431666]},"properties":{"line":"811","mode":"bus","color":"#0059a9","colorDark":"#00294f","band":0,"off":[6,1.1]}},{"type":"Feature","geometry":{"type":"Point","coordinates":[16.809257,52.431666]},"properties":{"line":"812","mode":"bus","color":"#0059a9","colorDark":"#00294f","band":0,"off":[-6,2.6]}},{"type":"Feature","geometry":{"type":"Point","coordinates":[16.809257,52.431666]},"properties":{"line":"813","mode":"bus","color":"#0059a9","colorDark":"#00294f","band":0,"off":[-3,2.6]}},{"type":"Feature","geometry":{"type":"Point","coordinates":[16.809257,52.431666]},"properties":{"line":"821","mode":"bus","color":"#0059a9","colorDark":"#00294f","band":0,"off":[0,2.6]}},{"type":"Feature","geometry":{"type":"Point","coordinates":[16.809257,52.431666]},"properties":{"line":"822","mode":"bus","color":"#0059a9","colorDark":"#00294f","band":0,"off":[3,2.6]}},{"type":"Feature","geometry":{"type":"Point","coordinates":[16.809257,52.431666]},"properties":{"line":"833","mode":"bus","color":"#0059a9","colorDark":"#00294f","band":0,"off":[6,2.6]}},{"type":"Feature","geometry":{"type":"Point","coordinates":[16.823595,52.377648]},"properties":{"line":"224","mode":"bus","color":"#0059a9","colorDark":"#00294f","band":0,"off":[-4.5,1.1]}},{"type":"Feature","geometry":{"type":"Point","coordinates":[16.823595,52.377648]},"properties":{"line":"715","mode":"bus","color":"#0059a9","colorDark":"#00294f","band":0,"off":[-1.5,1.1]}},{"type":"Feature","geometry":{"type":"Point","coordinates":[16.823595,52.377648]},"properties":{"line":"716","mode":"bus","color":"#0059a9","colorDark":"#00294f","band":0,"off":[1.5,1.1]}},{"type":"Feature","geometry":{"type":"Point","coordinates":[16.823595,52.377648]},"properties":{"line":"717","mode":"bus","color":"#0059a9","colorDark":"#00294f","band":0,"off":[4.5,1.1]}},{"type":"Feature","geometry":{"type":"Point","coordinates":[16.991464,52.452426]},"properties":{"line":"227","mode":"bus","color":"#0059a9","colorDark":"#00294f","band":0,"off":[-6,1.1]}},{"type":"Feature","geometry":{"type":"Point","coordinates":[16.991464,52.452426]},"properties":{"line":"312","mode":"bus","color":"#0059a9","colorDark":"#00294f","band":0,"off":[-3,1.1]}},{"type":"Feature","geometry":{"type":"Point","coordinates":[16.991464,52.452426]},"properties":{"line":"322","mode":"bus","color":"#0059a9","colorDark":"#00294f","band":0,"off":[0,1.1]}},{"type":"Feature","geometry":{"type":"Point","coordinates":[16.991464,52.452426]},"properties":{"line":"323","mode":"bus","color":"#0059a9","colorDark":"#00294f","band":0,"off":[3,1.1]}},{"type":"Feature","geometry":{"type":"Point","coordinates":[16.991464,52.452426]},"properties":{"line":"388","mode":"bus","color":"#0059a9","colorDark":"#00294f","band":0,"off":[6,1.1]}},{"type":"Feature","geometry":{"type":"Point","coordinates":[16.991049,52.445567]},"properties":{"line":"227","mode":"bus","color":"#0059a9","colorDark":"#00294f","band":0,"off":[-6,1.1]}},{"type":"Feature","geometry":{"type":"Point","coordinates":[16.991049,52.445567]},"properties":{"line":"322","mode":"bus","color":"#0059a9","colorDark":"#00294f","band":0,"off":[-3,1.1]}},{"type":"Feature","geometry":{"type":"Point","coordinates":[16.991049,52.445567]},"properties":{"line":"323","mode":"bus","color":"#0059a9","colorDark":"#00294f","band":0,"off":[0,1.1]}},{"type":"Feature","geometry":{"type":"Point","coordinates":[16.991049,52.445567]},"properties":{"line":"341","mode":"bus","color":"#0059a9","colorDark":"#00294f","band":0,"off":[3,1.1]}},{"type":"Feature","geometry":{"type":"Point","coordinates":[16.991049,52.445567]},"properties":{"line":"388","mode":"bus","color":"#0059a9","colorDark":"#00294f","band":0,"off":[6,1.1]}},{"type":"Feature","geometry":{"type":"Point","coordinates":[16.991049,52.445567]},"properties":{"line":"396","mode":"bus","color":"#0059a9","colorDark":"#00294f","band":0,"off":[0,2.6]}},{"type":"Feature","geometry":{"type":"Point","coordinates":[16.986781,52.511977]},"properties":{"line":"312","mode":"bus","color":"#0059a9","colorDark":"#00294f","band":0,"off":[-4.5,1.1]}},{"type":"Feature","geometry":{"type":"Point","coordinates":[16.986781,52.511977]},"properties":{"line":"342","mode":"bus","color":"#0059a9","colorDark":"#00294f","band":0,"off":[-1.5,1.1]}},{"type":"Feature","geometry":{"type":"Point","coordinates":[16.986781,52.511977]},"properties":{"line":"392","mode":"bus","color":"#0059a9","colorDark":"#00294f","band":0,"off":[1.5,1.1]}},{"type":"Feature","geometry":{"type":"Point","coordinates":[16.986781,52.511977]},"properties":{"line":"396","mode":"bus","color":"#0059a9","colorDark":"#00294f","band":0,"off":[4.5,1.1]}},{"type":"Feature","geometry":{"type":"Point","coordinates":[16.961647,52.551183]},"properties":{"line":"312","mode":"bus","color":"#0059a9","colorDark":"#00294f","band":0,"off":[0,1.1]}},{"type":"Feature","geometry":{"type":"Point","coordinates":[16.979948,52.468937]},"properties":{"line":"312","mode":"bus","color":"#0059a9","colorDark":"#00294f","band":0,"off":[-6,1.1]}},{"type":"Feature","geometry":{"type":"Point","coordinates":[16.979948,52.468937]},"properties":{"line":"341","mode":"bus","color":"#0059a9","colorDark":"#00294f","band":0,"off":[-3,1.1]}},{"type":"Feature","geometry":{"type":"Point","coordinates":[16.979948,52.468937]},"properties":{"line":"342","mode":"bus","color":"#0059a9","colorDark":"#00294f","band":0,"off":[0,1.1]}},{"type":"Feature","geometry":{"type":"Point","coordinates":[16.979948,52.468937]},"properties":{"line":"388","mode":"bus","color":"#0059a9","colorDark":"#00294f","band":0,"off":[3,1.1]}},{"type":"Feature","geometry":{"type":"Point","coordinates":[16.979948,52.468937]},"properties":{"line":"394","mode":"bus","color":"#0059a9","colorDark":"#00294f","band":0,"off":[6,1.1]}},{"type":"Feature","geometry":{"type":"Point","coordinates":[16.979948,52.468937]},"properties":{"line":"396","mode":"bus","color":"#0059a9","colorDark":"#00294f","band":0,"off":[0,2.6]}},{"type":"Feature","geometry":{"type":"Point","coordinates":[16.995532,52.458154]},"properties":{"line":"312","mode":"bus","color":"#0059a9","colorDark":"#00294f","band":0,"off":[-3,1.1]}},{"type":"Feature","geometry":{"type":"Point","coordinates":[16.995532,52.458154]},"properties":{"line":"322","mode":"bus","color":"#0059a9","colorDark":"#00294f","band":0,"off":[0,1.1]}},{"type":"Feature","geometry":{"type":"Point","coordinates":[16.995532,52.458154]},"properties":{"line":"323","mode":"bus","color":"#0059a9","colorDark":"#00294f","band":0,"off":[3,1.1]}},{"type":"Feature","geometry":{"type":"Point","coordinates":[17.020811,52.465302]},"properties":{"line":"320","mode":"bus","color":"#0059a9","colorDark":"#00294f","band":0,"off":[-6,1.1]}},{"type":"Feature","geometry":{"type":"Point","coordinates":[17.020811,52.465302]},"properties":{"line":"321","mode":"bus","color":"#0059a9","colorDark":"#00294f","band":0,"off":[-3,1.1]}},{"type":"Feature","geometry":{"type":"Point","coordinates":[17.020811,52.465302]},"properties":{"line":"323","mode":"bus","color":"#0059a9","colorDark":"#00294f","band":0,"off":[0,1.1]}},{"type":"Feature","geometry":{"type":"Point","coordinates":[17.020811,52.465302]},"properties":{"line":"388","mode":"bus","color":"#0059a9","colorDark":"#00294f","band":0,"off":[3,1.1]}},{"type":"Feature","geometry":{"type":"Point","coordinates":[17.020811,52.465302]},"properties":{"line":"396","mode":"bus","color":"#0059a9","colorDark":"#00294f","band":0,"off":[6,1.1]}},{"type":"Feature","geometry":{"type":"Point","coordinates":[16.911624,52.441354]},"properties":{"line":"9","mode":"tram","color":"#d6212b","colorDark":"#7c1116","band":0,"off":[-3,1.1]}},{"type":"Feature","geometry":{"type":"Point","coordinates":[16.911624,52.441354]},"properties":{"line":"11","mode":"tram","color":"#d6212b","colorDark":"#7c1116","band":0,"off":[0,1.1]}},{"type":"Feature","geometry":{"type":"Point","coordinates":[16.911624,52.441354]},"properties":{"line":"322","mode":"bus","color":"#0059a9","colorDark":"#00294f","band":0,"off":[3,1.1]}},{"type":"Feature","geometry":{"type":"Point","coordinates":[17.136167,52.515652]},"properties":{"line":"323","mode":"bus","color":"#0059a9","colorDark":"#00294f","band":0,"off":[0,1.1]}},{"type":"Feature","geometry":{"type":"Point","coordinates":[17.106678,52.497429]},"properties":{"line":"323","mode":"bus","color":"#0059a9","colorDark":"#00294f","band":0,"off":[-1.5,1.1]}},{"type":"Feature","geometry":{"type":"Point","coordinates":[17.106678,52.497429]},"properties":{"line":"493","mode":"bus","color":"#0059a9","colorDark":"#00294f","band":0,"off":[1.5,1.1]}},{"type":"Feature","geometry":{"type":"Point","coordinates":[17.082475,52.498591]},"properties":{"line":"323","mode":"bus","color":"#0059a9","colorDark":"#00294f","band":0,"off":[-1.5,1.1]}},{"type":"Feature","geometry":{"type":"Point","coordinates":[17.082475,52.498591]},"properties":{"line":"388","mode":"bus","color":"#0059a9","colorDark":"#00294f","band":0,"off":[1.5,1.1]}},{"type":"Feature","geometry":{"type":"Point","coordinates":[17.00978,52.587188]},"properties":{"line":"341","mode":"bus","color":"#0059a9","colorDark":"#00294f","band":0,"off":[-3,1.1]}},{"type":"Feature","geometry":{"type":"Point","coordinates":[17.00978,52.587188]},"properties":{"line":"342","mode":"bus","color":"#0059a9","colorDark":"#00294f","band":0,"off":[0,1.1]}},{"type":"Feature","geometry":{"type":"Point","coordinates":[17.00978,52.587188]},"properties":{"line":"348","mode":"bus","color":"#0059a9","colorDark":"#00294f","band":0,"off":[3,1.1]}},{"type":"Feature","geometry":{"type":"Point","coordinates":[16.947181,52.544976]},"properties":{"line":"348","mode":"bus","color":"#0059a9","colorDark":"#00294f","band":0,"off":[-3,1.1]}},{"type":"Feature","geometry":{"type":"Point","coordinates":[16.947181,52.544976]},"properties":{"line":"397","mode":"bus","color":"#0059a9","colorDark":"#00294f","band":0,"off":[0,1.1]}},{"type":"Feature","geometry":{"type":"Point","coordinates":[16.947181,52.544976]},"properties":{"line":"911","mode":"bus","color":"#0059a9","colorDark":"#00294f","band":0,"off":[3,1.1]}},{"type":"Feature","geometry":{"type":"Point","coordinates":[17.029933,52.524469]},"properties":{"line":"392","mode":"bus","color":"#0059a9","colorDark":"#00294f","band":0,"off":[-1.5,1.1]}},{"type":"Feature","geometry":{"type":"Point","coordinates":[17.029933,52.524469]},"properties":{"line":"396","mode":"bus","color":"#0059a9","colorDark":"#00294f","band":0,"off":[1.5,1.1]}},{"type":"Feature","geometry":{"type":"Point","coordinates":[16.989518,52.490274]},"properties":{"line":"394","mode":"bus","color":"#0059a9","colorDark":"#00294f","band":0,"off":[0,1.1]}},{"type":"Feature","geometry":{"type":"Point","coordinates":[16.978471,52.540156]},"properties":{"line":"397","mode":"bus","color":"#0059a9","colorDark":"#00294f","band":0,"off":[0,1.1]}},{"type":"Feature","geometry":{"type":"Point","coordinates":[17.020218,52.533946]},"properties":{"line":"397","mode":"bus","color":"#0059a9","colorDark":"#00294f","band":0,"off":[0,1.1]}},{"type":"Feature","geometry":{"type":"Point","coordinates":[17.078537,52.445711]},"properties":{"line":"400","mode":"bus","color":"#0059a9","colorDark":"#00294f","band":0,"off":[-6,1.1]}},{"type":"Feature","geometry":{"type":"Point","coordinates":[17.078537,52.445711]},"properties":{"line":"412","mode":"bus","color":"#0059a9","colorDark":"#00294f","band":0,"off":[-3,1.1]}},{"type":"Feature","geometry":{"type":"Point","coordinates":[17.078537,52.445711]},"properties":{"line":"492","mode":"bus","color":"#0059a9","colorDark":"#00294f","band":0,"off":[0,1.1]}},{"type":"Feature","geometry":{"type":"Point","coordinates":[17.078537,52.445711]},"properties":{"line":"493","mode":"bus","color":"#0059a9","colorDark":"#00294f","band":0,"off":[3,1.1]}},{"type":"Feature","geometry":{"type":"Point","coordinates":[17.078537,52.445711]},"properties":{"line":"494","mode":"bus","color":"#0059a9","colorDark":"#00294f","band":0,"off":[6,1.1]}},{"type":"Feature","geometry":{"type":"Point","coordinates":[17.072677,52.430881]},"properties":{"line":"400","mode":"bus","color":"#0059a9","colorDark":"#00294f","band":0,"off":[-4.5,1.1]}},{"type":"Feature","geometry":{"type":"Point","coordinates":[17.072677,52.430881]},"properties":{"line":"412","mode":"bus","color":"#0059a9","colorDark":"#00294f","band":0,"off":[-1.5,1.1]}},{"type":"Feature","geometry":{"type":"Point","coordinates":[17.072677,52.430881]},"properties":{"line":"416","mode":"bus","color":"#0059a9","colorDark":"#00294f","band":0,"off":[1.5,1.1]}},{"type":"Feature","geometry":{"type":"Point","coordinates":[17.072677,52.430881]},"properties":{"line":"494","mode":"bus","color":"#0059a9","colorDark":"#00294f","band":0,"off":[4.5,1.1]}},{"type":"Feature","geometry":{"type":"Point","coordinates":[17.080812,52.421046]},"properties":{"line":"400","mode":"bus","color":"#0059a9","colorDark":"#00294f","band":0,"off":[-6,1.1]}},{"type":"Feature","geometry":{"type":"Point","coordinates":[17.080812,52.421046]},"properties":{"line":"401","mode":"bus","color":"#0059a9","colorDark":"#00294f","band":0,"off":[-3,1.1]}},{"type":"Feature","geometry":{"type":"Point","coordinates":[17.080812,52.421046]},"properties":{"line":"412","mode":"bus","color":"#0059a9","colorDark":"#00294f","band":0,"off":[0,1.1]}},{"type":"Feature","geometry":{"type":"Point","coordinates":[17.080812,52.421046]},"properties":{"line":"491","mode":"bus","color":"#0059a9","colorDark":"#00294f","band":0,"off":[3,1.1]}},{"type":"Feature","geometry":{"type":"Point","coordinates":[17.080812,52.421046]},"properties":{"line":"494","mode":"bus","color":"#0059a9","colorDark":"#00294f","band":0,"off":[6,1.1]}},{"type":"Feature","geometry":{"type":"Point","coordinates":[17.080812,52.421046]},"properties":{"line":"499","mode":"bus","color":"#0059a9","colorDark":"#00294f","band":0,"off":[0,2.6]}},{"type":"Feature","geometry":{"type":"Point","coordinates":[17.064681,52.39997]},"properties":{"line":"400","mode":"bus","color":"#0059a9","colorDark":"#00294f","band":0,"off":[-6,1.1]}},{"type":"Feature","geometry":{"type":"Point","coordinates":[17.064681,52.39997]},"properties":{"line":"405","mode":"bus","color":"#0059a9","colorDark":"#00294f","band":0,"off":[-3,1.1]}},{"type":"Feature","geometry":{"type":"Point","coordinates":[17.064681,52.39997]},"properties":{"line":"406","mode":"bus","color":"#0059a9","colorDark":"#00294f","band":0,"off":[0,1.1]}},{"type":"Feature","geometry":{"type":"Point","coordinates":[17.064681,52.39997]},"properties":{"line":"407","mode":"bus","color":"#0059a9","colorDark":"#00294f","band":0,"off":[3,1.1]}},{"type":"Feature","geometry":{"type":"Point","coordinates":[17.064681,52.39997]},"properties":{"line":"484","mode":"bus","color":"#0059a9","colorDark":"#00294f","band":0,"off":[6,1.1]}},{"type":"Feature","geometry":{"type":"Point","coordinates":[17.064681,52.39997]},"properties":{"line":"494","mode":"bus","color":"#0059a9","colorDark":"#00294f","band":0,"off":[-1.5,2.6]}},{"type":"Feature","geometry":{"type":"Point","coordinates":[17.064681,52.39997]},"properties":{"line":"497","mode":"bus","color":"#0059a9","colorDark":"#00294f","band":0,"off":[1.5,2.6]}},{"type":"Feature","geometry":{"type":"Point","coordinates":[17.075789,52.410567]},"properties":{"line":"405","mode":"bus","color":"#0059a9","colorDark":"#00294f","band":0,"off":[-6,1.1]}},{"type":"Feature","geometry":{"type":"Point","coordinates":[17.075789,52.410567]},"properties":{"line":"406","mode":"bus","color":"#0059a9","colorDark":"#00294f","band":0,"off":[-3,1.1]}},{"type":"Feature","geometry":{"type":"Point","coordinates":[17.075789,52.410567]},"properties":{"line":"412","mode":"bus","color":"#0059a9","colorDark":"#00294f","band":0,"off":[0,1.1]}},{"type":"Feature","geometry":{"type":"Point","coordinates":[17.075789,52.410567]},"properties":{"line":"484","mode":"bus","color":"#0059a9","colorDark":"#00294f","band":0,"off":[3,1.1]}},{"type":"Feature","geometry":{"type":"Point","coordinates":[17.075789,52.410567]},"properties":{"line":"485","mode":"bus","color":"#0059a9","colorDark":"#00294f","band":0,"off":[6,1.1]}},{"type":"Feature","geometry":{"type":"Point","coordinates":[17.075789,52.410567]},"properties":{"line":"486","mode":"bus","color":"#0059a9","colorDark":"#00294f","band":0,"off":[-6,2.6]}},{"type":"Feature","geometry":{"type":"Point","coordinates":[17.075789,52.410567]},"properties":{"line":"490","mode":"bus","color":"#0059a9","colorDark":"#00294f","band":0,"off":[-3,2.6]}},{"type":"Feature","geometry":{"type":"Point","coordinates":[17.075789,52.410567]},"properties":{"line":"491","mode":"bus","color":"#0059a9","colorDark":"#00294f","band":0,"off":[0,2.6]}},{"type":"Feature","geometry":{"type":"Point","coordinates":[17.075789,52.410567]},"properties":{"line":"494","mode":"bus","color":"#0059a9","colorDark":"#00294f","band":0,"off":[3,2.6]}},{"type":"Feature","geometry":{"type":"Point","coordinates":[17.075789,52.410567]},"properties":{"line":"498","mode":"bus","color":"#0059a9","colorDark":"#00294f","band":0,"off":[6,2.6]}},{"type":"Feature","geometry":{"type":"Point","coordinates":[17.096029,52.405319]},"properties":{"line":"406","mode":"bus","color":"#0059a9","colorDark":"#00294f","band":0,"off":[0,1.1]}},{"type":"Feature","geometry":{"type":"Point","coordinates":[17.109171,52.398019]},"properties":{"line":"407","mode":"bus","color":"#0059a9","colorDark":"#00294f","band":0,"off":[0,1.1]}},{"type":"Feature","geometry":{"type":"Point","coordinates":[17.073275,52.404518]},"properties":{"line":"412","mode":"bus","color":"#0059a9","colorDark":"#00294f","band":0,"off":[-6,1.1]}},{"type":"Feature","geometry":{"type":"Point","coordinates":[17.073275,52.404518]},"properties":{"line":"484","mode":"bus","color":"#0059a9","colorDark":"#00294f","band":0,"off":[-3,1.1]}},{"type":"Feature","geometry":{"type":"Point","coordinates":[17.073275,52.404518]},"properties":{"line":"485","mode":"bus","color":"#0059a9","colorDark":"#00294f","band":0,"off":[0,1.1]}},{"type":"Feature","geometry":{"type":"Point","coordinates":[17.073275,52.404518]},"properties":{"line":"486","mode":"bus","color":"#0059a9","colorDark":"#00294f","band":0,"off":[3,1.1]}},{"type":"Feature","geometry":{"type":"Point","coordinates":[17.073275,52.404518]},"properties":{"line":"490","mode":"bus","color":"#0059a9","colorDark":"#00294f","band":0,"off":[6,1.1]}},{"type":"Feature","geometry":{"type":"Point","coordinates":[17.073275,52.404518]},"properties":{"line":"491","mode":"bus","color":"#0059a9","colorDark":"#00294f","band":0,"off":[-1.5,2.6]}},{"type":"Feature","geometry":{"type":"Point","coordinates":[17.073275,52.404518]},"properties":{"line":"498","mode":"bus","color":"#0059a9","colorDark":"#00294f","band":0,"off":[1.5,2.6]}},{"type":"Feature","geometry":{"type":"Point","coordinates":[17.060356,52.383516]},"properties":{"line":"425","mode":"bus","color":"#0059a9","colorDark":"#00294f","band":0,"off":[-4.5,1.1]}},{"type":"Feature","geometry":{"type":"Point","coordinates":[17.060356,52.383516]},"properties":{"line":"484","mode":"bus","color":"#0059a9","colorDark":"#00294f","band":0,"off":[-1.5,1.1]}},{"type":"Feature","geometry":{"type":"Point","coordinates":[17.060356,52.383516]},"properties":{"line":"497","mode":"bus","color":"#0059a9","colorDark":"#00294f","band":0,"off":[1.5,1.1]}},{"type":"Feature","geometry":{"type":"Point","coordinates":[17.060356,52.383516]},"properties":{"line":"499","mode":"bus","color":"#0059a9","colorDark":"#00294f","band":0,"off":[4.5,1.1]}},{"type":"Feature","geometry":{"type":"Point","coordinates":[17.171862,52.333357]},"properties":{"line":"431","mode":"bus","color":"#0059a9","colorDark":"#00294f","band":0,"off":[-3,1.1]}},{"type":"Feature","geometry":{"type":"Point","coordinates":[17.171862,52.333357]},"properties":{"line":"432","mode":"bus","color":"#0059a9","colorDark":"#00294f","band":0,"off":[0,1.1]}},{"type":"Feature","geometry":{"type":"Point","coordinates":[17.171862,52.333357]},"properties":{"line":"488","mode":"bus","color":"#0059a9","colorDark":"#00294f","band":0,"off":[3,1.1]}},{"type":"Feature","geometry":{"type":"Point","coordinates":[17.131662,52.359752]},"properties":{"line":"431","mode":"bus","color":"#0059a9","colorDark":"#00294f","band":0,"off":[-1.5,1.1]}},{"type":"Feature","geometry":{"type":"Point","coordinates":[17.131662,52.359752]},"properties":{"line":"433","mode":"bus","color":"#0059a9","colorDark":"#00294f","band":0,"off":[1.5,1.1]}},{"type":"Feature","geometry":{"type":"Point","coordinates":[17.276765,52.479456]},"properties":{"line":"485","mode":"bus","color":"#0059a9","colorDark":"#00294f","band":0,"off":[0,1.1]}},{"type":"Feature","geometry":{"type":"Point","coordinates":[17.16301,52.380884]},"properties":{"line":"486","mode":"bus","color":"#0059a9","colorDark":"#00294f","band":0,"off":[0,1.1]}},{"type":"Feature","geometry":{"type":"Point","coordinates":[17.223512,52.303005]},"properties":{"line":"488","mode":"bus","color":"#0059a9","colorDark":"#00294f","band":0,"off":[0,1.1]}},{"type":"Feature","geometry":{"type":"Point","coordinates":[17.110023,52.426107]},"properties":{"line":"491","mode":"bus","color":"#0059a9","colorDark":"#00294f","band":0,"off":[0,1.1]}},{"type":"Feature","geometry":{"type":"Point","coordinates":[17.123582,52.453367]},"properties":{"line":"492","mode":"bus","color":"#0059a9","colorDark":"#00294f","band":0,"off":[0,1.1]}},{"type":"Feature","geometry":{"type":"Point","coordinates":[17.069676,52.361717]},"properties":{"line":"494","mode":"bus","color":"#0059a9","colorDark":"#00294f","band":0,"off":[0,1.1]}},{"type":"Feature","geometry":{"type":"Point","coordinates":[17.103028,52.374662]},"properties":{"line":"497","mode":"bus","color":"#0059a9","colorDark":"#00294f","band":0,"off":[-1.5,1.1]}},{"type":"Feature","geometry":{"type":"Point","coordinates":[17.103028,52.374662]},"properties":{"line":"498","mode":"bus","color":"#0059a9","colorDark":"#00294f","band":0,"off":[1.5,1.1]}},{"type":"Feature","geometry":{"type":"Point","coordinates":[17.086681,52.252641]},"properties":{"line":"501","mode":"bus","color":"#0059a9","colorDark":"#00294f","band":0,"off":[-6,1.1]}},{"type":"Feature","geometry":{"type":"Point","coordinates":[17.086681,52.252641]},"properties":{"line":"502","mode":"bus","color":"#0059a9","colorDark":"#00294f","band":0,"off":[-3,1.1]}},{"type":"Feature","geometry":{"type":"Point","coordinates":[17.086681,52.252641]},"properties":{"line":"560","mode":"bus","color":"#0059a9","colorDark":"#00294f","band":0,"off":[0,1.1]}},{"type":"Feature","geometry":{"type":"Point","coordinates":[17.086681,52.252641]},"properties":{"line":"590","mode":"bus","color":"#0059a9","colorDark":"#00294f","band":0,"off":[3,1.1]}},{"type":"Feature","geometry":{"type":"Point","coordinates":[17.086681,52.252641]},"properties":{"line":"591","mode":"bus","color":"#0059a9","colorDark":"#00294f","band":0,"off":[6,1.1]}},{"type":"Feature","geometry":{"type":"Point","coordinates":[17.086681,52.252641]},"properties":{"line":"592","mode":"bus","color":"#0059a9","colorDark":"#00294f","band":0,"off":[-4.5,2.6]}},{"type":"Feature","geometry":{"type":"Point","coordinates":[17.086681,52.252641]},"properties":{"line":"598","mode":"bus","color":"#0059a9","colorDark":"#00294f","band":0,"off":[-1.5,2.6]}},{"type":"Feature","geometry":{"type":"Point","coordinates":[17.086681,52.252641]},"properties":{"line":"599","mode":"bus","color":"#0059a9","colorDark":"#00294f","band":0,"off":[1.5,2.6]}},{"type":"Feature","geometry":{"type":"Point","coordinates":[17.086681,52.252641]},"properties":{"line":"699","mode":"bus","color":"#0059a9","colorDark":"#00294f","band":0,"off":[4.5,2.6]}},{"type":"Feature","geometry":{"type":"Point","coordinates":[17.088279,52.24788]},"properties":{"line":"501","mode":"bus","color":"#0059a9","colorDark":"#00294f","band":0,"off":[-6,1.1]}},{"type":"Feature","geometry":{"type":"Point","coordinates":[17.088279,52.24788]},"properties":{"line":"502","mode":"bus","color":"#0059a9","colorDark":"#00294f","band":0,"off":[-3,1.1]}},{"type":"Feature","geometry":{"type":"Point","coordinates":[17.088279,52.24788]},"properties":{"line":"560","mode":"bus","color":"#0059a9","colorDark":"#00294f","band":0,"off":[0,1.1]}},{"type":"Feature","geometry":{"type":"Point","coordinates":[17.088279,52.24788]},"properties":{"line":"580","mode":"bus","color":"#0059a9","colorDark":"#00294f","band":0,"off":[3,1.1]}},{"type":"Feature","geometry":{"type":"Point","coordinates":[17.088279,52.24788]},"properties":{"line":"582","mode":"bus","color":"#0059a9","colorDark":"#00294f","band":0,"off":[6,1.1]}},{"type":"Feature","geometry":{"type":"Point","coordinates":[17.088279,52.24788]},"properties":{"line":"590","mode":"bus","color":"#0059a9","colorDark":"#00294f","band":0,"off":[-6,2.6]}},{"type":"Feature","geometry":{"type":"Point","coordinates":[17.088279,52.24788]},"properties":{"line":"591","mode":"bus","color":"#0059a9","colorDark":"#00294f","band":0,"off":[-3,2.6]}},{"type":"Feature","geometry":{"type":"Point","coordinates":[17.088279,52.24788]},"properties":{"line":"598","mode":"bus","color":"#0059a9","colorDark":"#00294f","band":0,"off":[0,2.6]}},{"type":"Feature","geometry":{"type":"Point","coordinates":[17.088279,52.24788]},"properties":{"line":"599","mode":"bus","color":"#0059a9","colorDark":"#00294f","band":0,"off":[3,2.6]}},{"type":"Feature","geometry":{"type":"Point","coordinates":[17.088279,52.24788]},"properties":{"line":"699","mode":"bus","color":"#0059a9","colorDark":"#00294f","band":0,"off":[6,2.6]}},{"type":"Feature","geometry":{"type":"Point","coordinates":[17.087051,52.222866]},"properties":{"line":"501","mode":"bus","color":"#0059a9","colorDark":"#00294f","band":0,"off":[-6,1.1]}},{"type":"Feature","geometry":{"type":"Point","coordinates":[17.087051,52.222866]},"properties":{"line":"502","mode":"bus","color":"#0059a9","colorDark":"#00294f","band":0,"off":[-3,1.1]}},{"type":"Feature","geometry":{"type":"Point","coordinates":[17.087051,52.222866]},"properties":{"line":"560","mode":"bus","color":"#0059a9","colorDark":"#00294f","band":0,"off":[0,1.1]}},{"type":"Feature","geometry":{"type":"Point","coordinates":[17.087051,52.222866]},"properties":{"line":"590","mode":"bus","color":"#0059a9","colorDark":"#00294f","band":0,"off":[3,1.1]}},{"type":"Feature","geometry":{"type":"Point","coordinates":[17.087051,52.222866]},"properties":{"line":"595","mode":"bus","color":"#0059a9","colorDark":"#00294f","band":0,"off":[6,1.1]}},{"type":"Feature","geometry":{"type":"Point","coordinates":[17.087051,52.222866]},"properties":{"line":"598","mode":"bus","color":"#0059a9","colorDark":"#00294f","band":0,"off":[0,2.6]}},{"type":"Feature","geometry":{"type":"Point","coordinates":[17.076511,52.218735]},"properties":{"line":"501","mode":"bus","color":"#0059a9","colorDark":"#00294f","band":0,"off":[-3,1.1]}},{"type":"Feature","geometry":{"type":"Point","coordinates":[17.076511,52.218735]},"properties":{"line":"590","mode":"bus","color":"#0059a9","colorDark":"#00294f","band":0,"off":[0,1.1]}},{"type":"Feature","geometry":{"type":"Point","coordinates":[17.076511,52.218735]},"properties":{"line":"598","mode":"bus","color":"#0059a9","colorDark":"#00294f","band":0,"off":[3,1.1]}},{"type":"Feature","geometry":{"type":"Point","coordinates":[17.056401,52.300985]},"properties":{"line":"503","mode":"bus","color":"#0059a9","colorDark":"#00294f","band":0,"off":[-1.5,1.1]}},{"type":"Feature","geometry":{"type":"Point","coordinates":[17.056401,52.300985]},"properties":{"line":"592","mode":"bus","color":"#0059a9","colorDark":"#00294f","band":0,"off":[1.5,1.1]}},{"type":"Feature","geometry":{"type":"Point","coordinates":[17.105178,52.284507]},"properties":{"line":"503","mode":"bus","color":"#0059a9","colorDark":"#00294f","band":0,"off":[0,1.1]}},{"type":"Feature","geometry":{"type":"Point","coordinates":[17.047304,52.277328]},"properties":{"line":"511","mode":"bus","color":"#0059a9","colorDark":"#00294f","band":0,"off":[-3,1.1]}},{"type":"Feature","geometry":{"type":"Point","coordinates":[17.047304,52.277328]},"properties":{"line":"512","mode":"bus","color":"#0059a9","colorDark":"#00294f","band":0,"off":[0,1.1]}},{"type":"Feature","geometry":{"type":"Point","coordinates":[17.047304,52.277328]},"properties":{"line":"599","mode":"bus","color":"#0059a9","colorDark":"#00294f","band":0,"off":[3,1.1]}},{"type":"Feature","geometry":{"type":"Point","coordinates":[16.994573,52.286241]},"properties":{"line":"511","mode":"bus","color":"#0059a9","colorDark":"#00294f","band":0,"off":[-4.5,1.1]}},{"type":"Feature","geometry":{"type":"Point","coordinates":[16.994573,52.286241]},"properties":{"line":"512","mode":"bus","color":"#0059a9","colorDark":"#00294f","band":0,"off":[-1.5,1.1]}},{"type":"Feature","geometry":{"type":"Point","coordinates":[16.994573,52.286241]},"properties":{"line":"527","mode":"bus","color":"#0059a9","colorDark":"#00294f","band":0,"off":[1.5,1.1]}},{"type":"Feature","geometry":{"type":"Point","coordinates":[16.994573,52.286241]},"properties":{"line":"599","mode":"bus","color":"#0059a9","colorDark":"#00294f","band":0,"off":[4.5,1.1]}},{"type":"Feature","geometry":{"type":"Point","coordinates":[17.010368,52.304473]},"properties":{"line":"511","mode":"bus","color":"#0059a9","colorDark":"#00294f","band":0,"off":[-3,1.1]}},{"type":"Feature","geometry":{"type":"Point","coordinates":[17.010368,52.304473]},"properties":{"line":"512","mode":"bus","color":"#0059a9","colorDark":"#00294f","band":0,"off":[0,1.1]}},{"type":"Feature","geometry":{"type":"Point","coordinates":[17.010368,52.304473]},"properties":{"line":"599","mode":"bus","color":"#0059a9","colorDark":"#00294f","band":0,"off":[3,1.1]}},{"type":"Feature","geometry":{"type":"Point","coordinates":[17.165525,52.151696]},"properties":{"line":"560","mode":"bus","color":"#0059a9","colorDark":"#00294f","band":0,"off":[-1.5,1.1]}},{"type":"Feature","geometry":{"type":"Point","coordinates":[17.165525,52.151696]},"properties":{"line":"561","mode":"bus","color":"#0059a9","colorDark":"#00294f","band":0,"off":[1.5,1.1]}},{"type":"Feature","geometry":{"type":"Point","coordinates":[17.267177,52.22836]},"properties":{"line":"582","mode":"bus","color":"#0059a9","colorDark":"#00294f","band":0,"off":[0,1.1]}},{"type":"Feature","geometry":{"type":"Point","coordinates":[17.104384,52.281505]},"properties":{"line":"590","mode":"bus","color":"#0059a9","colorDark":"#00294f","band":0,"off":[0,1.1]}},{"type":"Feature","geometry":{"type":"Point","coordinates":[17.169847,52.269098]},"properties":{"line":"591","mode":"bus","color":"#0059a9","colorDark":"#00294f","band":0,"off":[0,1.1]}},{"type":"Feature","geometry":{"type":"Point","coordinates":[17.047962,52.221466]},"properties":{"line":"595","mode":"bus","color":"#0059a9","colorDark":"#00294f","band":0,"off":[-1.5,1.1]}},{"type":"Feature","geometry":{"type":"Point","coordinates":[17.047962,52.221466]},"properties":{"line":"598","mode":"bus","color":"#0059a9","colorDark":"#00294f","band":0,"off":[1.5,1.1]}},{"type":"Feature","geometry":{"type":"Point","coordinates":[17.053245,52.18307]},"properties":{"line":"595","mode":"bus","color":"#0059a9","colorDark":"#00294f","band":0,"off":[-1.5,1.1]}},{"type":"Feature","geometry":{"type":"Point","coordinates":[17.053245,52.18307]},"properties":{"line":"598","mode":"bus","color":"#0059a9","colorDark":"#00294f","band":0,"off":[1.5,1.1]}},{"type":"Feature","geometry":{"type":"Point","coordinates":[16.882305,52.316229]},"properties":{"line":"602","mode":"bus","color":"#0059a9","colorDark":"#00294f","band":0,"off":[-6,1.1]}},{"type":"Feature","geometry":{"type":"Point","coordinates":[16.882305,52.316229]},"properties":{"line":"603","mode":"bus","color":"#0059a9","colorDark":"#00294f","band":0,"off":[-3,1.1]}},{"type":"Feature","geometry":{"type":"Point","coordinates":[16.882305,52.316229]},"properties":{"line":"614","mode":"bus","color":"#0059a9","colorDark":"#00294f","band":0,"off":[0,1.1]}},{"type":"Feature","geometry":{"type":"Point","coordinates":[16.882305,52.316229]},"properties":{"line":"690","mode":"bus","color":"#0059a9","colorDark":"#00294f","band":0,"off":[3,1.1]}},{"type":"Feature","geometry":{"type":"Point","coordinates":[16.882305,52.316229]},"properties":{"line":"789","mode":"bus","color":"#0059a9","colorDark":"#00294f","band":0,"off":[6,1.1]}},{"type":"Feature","geometry":{"type":"Point","coordinates":[16.854363,52.345109]},"properties":{"line":"610","mode":"bus","color":"#0059a9","colorDark":"#00294f","band":0,"off":[-4.5,1.1]}},{"type":"Feature","geometry":{"type":"Point","coordinates":[16.854363,52.345109]},"properties":{"line":"616","mode":"bus","color":"#0059a9","colorDark":"#00294f","band":0,"off":[-1.5,1.1]}},{"type":"Feature","geometry":{"type":"Point","coordinates":[16.854363,52.345109]},"properties":{"line":"690","mode":"bus","color":"#0059a9","colorDark":"#00294f","band":0,"off":[1.5,1.1]}},{"type":"Feature","geometry":{"type":"Point","coordinates":[16.854363,52.345109]},"properties":{"line":"702","mode":"bus","color":"#0059a9","colorDark":"#00294f","band":0,"off":[4.5,1.1]}},{"type":"Feature","geometry":{"type":"Point","coordinates":[16.880666,52.320471]},"properties":{"line":"614","mode":"bus","color":"#0059a9","colorDark":"#00294f","band":0,"off":[-3,1.1]}},{"type":"Feature","geometry":{"type":"Point","coordinates":[16.880666,52.320471]},"properties":{"line":"690","mode":"bus","color":"#0059a9","colorDark":"#00294f","band":0,"off":[0,1.1]}},{"type":"Feature","geometry":{"type":"Point","coordinates":[16.880666,52.320471]},"properties":{"line":"701","mode":"bus","color":"#0059a9","colorDark":"#00294f","band":0,"off":[3,1.1]}},{"type":"Feature","geometry":{"type":"Point","coordinates":[16.85156,52.241359]},"properties":{"line":"651","mode":"bus","color":"#0059a9","colorDark":"#00294f","band":0,"off":[-6,1.1]}},{"type":"Feature","geometry":{"type":"Point","coordinates":[16.85156,52.241359]},"properties":{"line":"691","mode":"bus","color":"#0059a9","colorDark":"#00294f","band":0,"off":[-3,1.1]}},{"type":"Feature","geometry":{"type":"Point","coordinates":[16.85156,52.241359]},"properties":{"line":"692","mode":"bus","color":"#0059a9","colorDark":"#00294f","band":0,"off":[0,1.1]}},{"type":"Feature","geometry":{"type":"Point","coordinates":[16.85156,52.241359]},"properties":{"line":"693","mode":"bus","color":"#0059a9","colorDark":"#00294f","band":0,"off":[3,1.1]}},{"type":"Feature","geometry":{"type":"Point","coordinates":[16.85156,52.241359]},"properties":{"line":"PKS","mode":"bus","color":"#0059a9","colorDark":"#00294f","band":0,"off":[6,1.1]}},{"type":"Feature","geometry":{"type":"Point","coordinates":[16.756271,52.212324]},"properties":{"line":"691","mode":"bus","color":"#0059a9","colorDark":"#00294f","band":0,"off":[0,1.1]}},{"type":"Feature","geometry":{"type":"Point","coordinates":[16.757903,52.228987]},"properties":{"line":"692","mode":"bus","color":"#0059a9","colorDark":"#00294f","band":0,"off":[0,1.1]}},{"type":"Feature","geometry":{"type":"Point","coordinates":[16.9494,52.208649]},"properties":{"line":"693","mode":"bus","color":"#0059a9","colorDark":"#00294f","band":0,"off":[0,1.1]}},{"type":"Feature","geometry":{"type":"Point","coordinates":[16.98477,52.214731]},"properties":{"line":"698","mode":"bus","color":"#0059a9","colorDark":"#00294f","band":0,"off":[-1.5,1.1]}},{"type":"Feature","geometry":{"type":"Point","coordinates":[16.98477,52.214731]},"properties":{"line":"699","mode":"bus","color":"#0059a9","colorDark":"#00294f","band":0,"off":[1.5,1.1]}},{"type":"Feature","geometry":{"type":"Point","coordinates":[16.80315,52.329515]},"properties":{"line":"701","mode":"bus","color":"#0059a9","colorDark":"#00294f","band":0,"off":[0,1.1]}},{"type":"Feature","geometry":{"type":"Point","coordinates":[16.820129,52.324489]},"properties":{"line":"702","mode":"bus","color":"#0059a9","colorDark":"#00294f","band":0,"off":[0,1.1]}},{"type":"Feature","geometry":{"type":"Point","coordinates":[16.717237,52.334769]},"properties":{"line":"703","mode":"bus","color":"#0059a9","colorDark":"#00294f","band":0,"off":[-1.5,1.1]}},{"type":"Feature","geometry":{"type":"Point","coordinates":[16.717237,52.334769]},"properties":{"line":"791","mode":"bus","color":"#0059a9","colorDark":"#00294f","band":0,"off":[1.5,1.1]}},{"type":"Feature","geometry":{"type":"Point","coordinates":[16.793919,52.3478]},"properties":{"line":"704","mode":"bus","color":"#0059a9","colorDark":"#00294f","band":0,"off":[-1.5,1.1]}},{"type":"Feature","geometry":{"type":"Point","coordinates":[16.793919,52.3478]},"properties":{"line":"710","mode":"bus","color":"#0059a9","colorDark":"#00294f","band":0,"off":[1.5,1.1]}},{"type":"Feature","geometry":{"type":"Point","coordinates":[16.76881,52.346527]},"properties":{"line":"704","mode":"bus","color":"#0059a9","colorDark":"#00294f","band":0,"off":[-3,1.1]}},{"type":"Feature","geometry":{"type":"Point","coordinates":[16.76881,52.346527]},"properties":{"line":"716","mode":"bus","color":"#0059a9","colorDark":"#00294f","band":0,"off":[0,1.1]}},{"type":"Feature","geometry":{"type":"Point","coordinates":[16.76881,52.346527]},"properties":{"line":"789","mode":"bus","color":"#0059a9","colorDark":"#00294f","band":0,"off":[3,1.1]}},{"type":"Feature","geometry":{"type":"Point","coordinates":[16.795033,52.340258]},"properties":{"line":"704","mode":"bus","color":"#0059a9","colorDark":"#00294f","band":0,"off":[-3,1.1]}},{"type":"Feature","geometry":{"type":"Point","coordinates":[16.795033,52.340258]},"properties":{"line":"716","mode":"bus","color":"#0059a9","colorDark":"#00294f","band":0,"off":[0,1.1]}},{"type":"Feature","geometry":{"type":"Point","coordinates":[16.795033,52.340258]},"properties":{"line":"789","mode":"bus","color":"#0059a9","colorDark":"#00294f","band":0,"off":[3,1.1]}},{"type":"Feature","geometry":{"type":"Point","coordinates":[16.767802,52.297014]},"properties":{"line":"707","mode":"bus","color":"#0059a9","colorDark":"#00294f","band":0,"off":[0,1.1]}},{"type":"Feature","geometry":{"type":"Point","coordinates":[16.807164,52.332485]},"properties":{"line":"715","mode":"bus","color":"#0059a9","colorDark":"#00294f","band":0,"off":[-1.5,1.1]}},{"type":"Feature","geometry":{"type":"Point","coordinates":[16.807164,52.332485]},"properties":{"line":"789","mode":"bus","color":"#0059a9","colorDark":"#00294f","band":0,"off":[1.5,1.1]}},{"type":"Feature","geometry":{"type":"Point","coordinates":[16.744223,52.374533]},"properties":{"line":"727","mode":"bus","color":"#0059a9","colorDark":"#00294f","band":0,"off":[-4.5,1.1]}},{"type":"Feature","geometry":{"type":"Point","coordinates":[16.744223,52.374533]},"properties":{"line":"795","mode":"bus","color":"#0059a9","colorDark":"#00294f","band":0,"off":[-1.5,1.1]}},{"type":"Feature","geometry":{"type":"Point","coordinates":[16.744223,52.374533]},"properties":{"line":"796","mode":"bus","color":"#0059a9","colorDark":"#00294f","band":0,"off":[1.5,1.1]}},{"type":"Feature","geometry":{"type":"Point","coordinates":[16.744223,52.374533]},"properties":{"line":"799","mode":"bus","color":"#0059a9","colorDark":"#00294f","band":0,"off":[4.5,1.1]}},{"type":"Feature","geometry":{"type":"Point","coordinates":[16.802393,52.397152]},"properties":{"line":"727","mode":"bus","color":"#0059a9","colorDark":"#00294f","band":0,"off":[-4.5,1.1]}},{"type":"Feature","geometry":{"type":"Point","coordinates":[16.802393,52.397152]},"properties":{"line":"729","mode":"bus","color":"#0059a9","colorDark":"#00294f","band":0,"off":[-1.5,1.1]}},{"type":"Feature","geometry":{"type":"Point","coordinates":[16.802393,52.397152]},"properties":{"line":"797","mode":"bus","color":"#0059a9","colorDark":"#00294f","band":0,"off":[1.5,1.1]}},{"type":"Feature","geometry":{"type":"Point","coordinates":[16.802393,52.397152]},"properties":{"line":"798","mode":"bus","color":"#0059a9","colorDark":"#00294f","band":0,"off":[4.5,1.1]}},{"type":"Feature","geometry":{"type":"Point","coordinates":[16.739257,52.376029]},"properties":{"line":"727","mode":"bus","color":"#0059a9","colorDark":"#00294f","band":0,"off":[-4.5,1.1]}},{"type":"Feature","geometry":{"type":"Point","coordinates":[16.739257,52.376029]},"properties":{"line":"795","mode":"bus","color":"#0059a9","colorDark":"#00294f","band":0,"off":[-1.5,1.1]}},{"type":"Feature","geometry":{"type":"Point","coordinates":[16.739257,52.376029]},"properties":{"line":"796","mode":"bus","color":"#0059a9","colorDark":"#00294f","band":0,"off":[1.5,1.1]}},{"type":"Feature","geometry":{"type":"Point","coordinates":[16.739257,52.376029]},"properties":{"line":"799","mode":"bus","color":"#0059a9","colorDark":"#00294f","band":0,"off":[4.5,1.1]}},{"type":"Feature","geometry":{"type":"Point","coordinates":[16.678711,52.3543]},"properties":{"line":"729","mode":"bus","color":"#0059a9","colorDark":"#00294f","band":0,"off":[-6,1.1]}},{"type":"Feature","geometry":{"type":"Point","coordinates":[16.678711,52.3543]},"properties":{"line":"790","mode":"bus","color":"#0059a9","colorDark":"#00294f","band":0,"off":[-3,1.1]}},{"type":"Feature","geometry":{"type":"Point","coordinates":[16.678711,52.3543]},"properties":{"line":"791","mode":"bus","color":"#0059a9","colorDark":"#00294f","band":0,"off":[0,1.1]}},{"type":"Feature","geometry":{"type":"Point","coordinates":[16.678711,52.3543]},"properties":{"line":"792","mode":"bus","color":"#0059a9","colorDark":"#00294f","band":0,"off":[3,1.1]}},{"type":"Feature","geometry":{"type":"Point","coordinates":[16.678711,52.3543]},"properties":{"line":"797","mode":"bus","color":"#0059a9","colorDark":"#00294f","band":0,"off":[6,1.1]}},{"type":"Feature","geometry":{"type":"Point","coordinates":[16.744625,52.400901]},"properties":{"line":"729","mode":"bus","color":"#0059a9","colorDark":"#00294f","band":0,"off":[-1.5,1.1]}},{"type":"Feature","geometry":{"type":"Point","coordinates":[16.744625,52.400901]},"properties":{"line":"796","mode":"bus","color":"#0059a9","colorDark":"#00294f","band":0,"off":[1.5,1.1]}},{"type":"Feature","geometry":{"type":"Point","coordinates":[16.866748,52.305785]},"properties":{"line":"789","mode":"bus","color":"#0059a9","colorDark":"#00294f","band":0,"off":[0,1.1]}},{"type":"Feature","geometry":{"type":"Point","coordinates":[16.644172,52.463363]},"properties":{"line":"790","mode":"bus","color":"#0059a9","colorDark":"#00294f","band":0,"off":[-1.5,1.1]}},{"type":"Feature","geometry":{"type":"Point","coordinates":[16.644172,52.463363]},"properties":{"line":"882","mode":"bus","color":"#0059a9","colorDark":"#00294f","band":0,"off":[1.5,1.1]}},{"type":"Feature","geometry":{"type":"Point","coordinates":[16.654158,52.427581]},"properties":{"line":"790","mode":"bus","color":"#0059a9","colorDark":"#00294f","band":0,"off":[-1.5,1.1]}},{"type":"Feature","geometry":{"type":"Point","coordinates":[16.654158,52.427581]},"properties":{"line":"811","mode":"bus","color":"#0059a9","colorDark":"#00294f","band":0,"off":[1.5,1.1]}},{"type":"Feature","geometry":{"type":"Point","coordinates":[16.638017,52.396744]},"properties":{"line":"790","mode":"bus","color":"#0059a9","colorDark":"#00294f","band":0,"off":[-1.5,1.1]}},{"type":"Feature","geometry":{"type":"Point","coordinates":[16.638017,52.396744]},"properties":{"line":"792","mode":"bus","color":"#0059a9","colorDark":"#00294f","band":0,"off":[1.5,1.1]}},{"type":"Feature","geometry":{"type":"Point","coordinates":[16.665738,52.401719]},"properties":{"line":"790","mode":"bus","color":"#0059a9","colorDark":"#00294f","band":0,"off":[-1.5,1.1]}},{"type":"Feature","geometry":{"type":"Point","coordinates":[16.665738,52.401719]},"properties":{"line":"804","mode":"bus","color":"#0059a9","colorDark":"#00294f","band":0,"off":[1.5,1.1]}},{"type":"Feature","geometry":{"type":"Point","coordinates":[16.643362,52.321255]},"properties":{"line":"791","mode":"bus","color":"#0059a9","colorDark":"#00294f","band":0,"off":[0,1.1]}},{"type":"Feature","geometry":{"type":"Point","coordinates":[16.683455,52.357591]},"properties":{"line":"791","mode":"bus","color":"#0059a9","colorDark":"#00294f","band":0,"off":[-1.5,1.1]}},{"type":"Feature","geometry":{"type":"Point","coordinates":[16.683455,52.357591]},"properties":{"line":"792","mode":"bus","color":"#0059a9","colorDark":"#00294f","band":0,"off":[1.5,1.1]}},{"type":"Feature","geometry":{"type":"Point","coordinates":[16.757089,52.361338]},"properties":{"line":"795","mode":"bus","color":"#0059a9","colorDark":"#00294f","band":0,"off":[0,1.1]}},{"type":"Feature","geometry":{"type":"Point","coordinates":[16.781517,52.399902]},"properties":{"line":"798","mode":"bus","color":"#0059a9","colorDark":"#00294f","band":0,"off":[0,1.1]}},{"type":"Feature","geometry":{"type":"Point","coordinates":[16.713585,52.372417]},"properties":{"line":"799","mode":"bus","color":"#0059a9","colorDark":"#00294f","band":0,"off":[0,1.1]}},{"type":"Feature","geometry":{"type":"Point","coordinates":[16.664991,52.464192]},"properties":{"line":"802","mode":"bus","color":"#0059a9","colorDark":"#00294f","band":0,"off":[-6,1.1]}},{"type":"Feature","geometry":{"type":"Point","coordinates":[16.664991,52.464192]},"properties":{"line":"811","mode":"bus","color":"#0059a9","colorDark":"#00294f","band":0,"off":[-3,1.1]}},{"type":"Feature","geometry":{"type":"Point","coordinates":[16.664991,52.464192]},"properties":{"line":"812","mode":"bus","color":"#0059a9","colorDark":"#00294f","band":0,"off":[0,1.1]}},{"type":"Feature","geometry":{"type":"Point","coordinates":[16.664991,52.464192]},"properties":{"line":"813","mode":"bus","color":"#0059a9","colorDark":"#00294f","band":0,"off":[3,1.1]}},{"type":"Feature","geometry":{"type":"Point","coordinates":[16.664991,52.464192]},"properties":{"line":"821","mode":"bus","color":"#0059a9","colorDark":"#00294f","band":0,"off":[6,1.1]}},{"type":"Feature","geometry":{"type":"Point","coordinates":[16.664991,52.464192]},"properties":{"line":"882","mode":"bus","color":"#0059a9","colorDark":"#00294f","band":0,"off":[0,2.6]}},{"type":"Feature","geometry":{"type":"Point","coordinates":[16.52572,52.433391]},"properties":{"line":"812","mode":"bus","color":"#0059a9","colorDark":"#00294f","band":0,"off":[0,1.1]}},{"type":"Feature","geometry":{"type":"Point","coordinates":[16.58315,52.513241]},"properties":{"line":"813","mode":"bus","color":"#0059a9","colorDark":"#00294f","band":0,"off":[0,1.1]}},{"type":"Feature","geometry":{"type":"Point","coordinates":[16.63237,52.407605]},"properties":{"line":"821","mode":"bus","color":"#0059a9","colorDark":"#00294f","band":0,"off":[0,1.1]}},{"type":"Feature","geometry":{"type":"Point","coordinates":[16.75433,52.511345]},"properties":{"line":"832","mode":"bus","color":"#0059a9","colorDark":"#00294f","band":0,"off":[-6,1.1]}},{"type":"Feature","geometry":{"type":"Point","coordinates":[16.75433,52.511345]},"properties":{"line":"833","mode":"bus","color":"#0059a9","colorDark":"#00294f","band":0,"off":[-3,1.1]}},{"type":"Feature","geometry":{"type":"Point","coordinates":[16.75433,52.511345]},"properties":{"line":"835","mode":"bus","color":"#0059a9","colorDark":"#00294f","band":0,"off":[0,1.1]}},{"type":"Feature","geometry":{"type":"Point","coordinates":[16.75433,52.511345]},"properties":{"line":"882","mode":"bus","color":"#0059a9","colorDark":"#00294f","band":0,"off":[3,1.1]}},{"type":"Feature","geometry":{"type":"Point","coordinates":[16.75433,52.511345]},"properties":{"line":"893","mode":"bus","color":"#0059a9","colorDark":"#00294f","band":0,"off":[6,1.1]}},{"type":"Feature","geometry":{"type":"Point","coordinates":[16.655856,52.520535]},"properties":{"line":"832","mode":"bus","color":"#0059a9","colorDark":"#00294f","band":0,"off":[0,1.1]}},{"type":"Feature","geometry":{"type":"Point","coordinates":[16.756016,52.493159]},"properties":{"line":"833","mode":"bus","color":"#0059a9","colorDark":"#00294f","band":0,"off":[0,1.1]}},{"type":"Feature","geometry":{"type":"Point","coordinates":[16.731234,52.524252]},"properties":{"line":"835","mode":"bus","color":"#0059a9","colorDark":"#00294f","band":0,"off":[0,1.1]}},{"type":"Feature","geometry":{"type":"Point","coordinates":[16.796845,52.495088]},"properties":{"line":"837","mode":"bus","color":"#0059a9","colorDark":"#00294f","band":0,"off":[0,1.1]}},{"type":"Feature","geometry":{"type":"Point","coordinates":[16.75108,52.547012]},"properties":{"line":"893","mode":"bus","color":"#0059a9","colorDark":"#00294f","band":0,"off":[0,1.1]}},{"type":"Feature","geometry":{"type":"Point","coordinates":[16.723634,52.470958]},"properties":{"line":"893","mode":"bus","color":"#0059a9","colorDark":"#00294f","band":0,"off":[0,1.1]}},{"type":"Feature","geometry":{"type":"Point","coordinates":[16.854414,52.488796]},"properties":{"line":"901","mode":"bus","color":"#0059a9","colorDark":"#00294f","band":0,"off":[-1.5,1.1]}},{"type":"Feature","geometry":{"type":"Point","coordinates":[16.854414,52.488796]},"properties":{"line":"904","mode":"bus","color":"#0059a9","colorDark":"#00294f","band":0,"off":[1.5,1.1]}},{"type":"Feature","geometry":{"type":"Point","coordinates":[16.879602,52.486702]},"properties":{"line":"902","mode":"bus","color":"#0059a9","colorDark":"#00294f","band":0,"off":[0,1.1]}},{"type":"Feature","geometry":{"type":"Point","coordinates":[16.831137,52.486733]},"properties":{"line":"904","mode":"bus","color":"#0059a9","colorDark":"#00294f","band":0,"off":[-1.5,1.1]}},{"type":"Feature","geometry":{"type":"Point","coordinates":[16.831137,52.486733]},"properties":{"line":"905","mode":"bus","color":"#0059a9","colorDark":"#00294f","band":0,"off":[1.5,1.1]}},{"type":"Feature","geometry":{"type":"Point","coordinates":[16.844467,52.55612]},"properties":{"line":"905","mode":"bus","color":"#0059a9","colorDark":"#00294f","band":0,"off":[-1.5,1.1]}},{"type":"Feature","geometry":{"type":"Point","coordinates":[16.844467,52.55612]},"properties":{"line":"907","mode":"bus","color":"#0059a9","colorDark":"#00294f","band":0,"off":[1.5,1.1]}},{"type":"Feature","geometry":{"type":"Point","coordinates":[16.879532,52.195388]},"properties":{"line":"PKS","mode":"bus","color":"#0059a9","colorDark":"#00294f","band":0,"off":[0,1.1]}},{"type":"Feature","geometry":{"type":"Point","coordinates":[16.881878,52.192718]},"properties":{"line":"PKS","mode":"bus","color":"#0059a9","colorDark":"#00294f","band":0,"off":[0,1.1]}},{"type":"Feature","geometry":{"type":"Point","coordinates":[16.97151,52.384548]},"properties":{"line":"T1","mode":"bus","color":"#0059a9","colorDark":"#00294f","band":0,"off":[0,1.1]}},{"type":"Feature","geometry":{"type":"Point","coordinates":[16.958183,52.413647]},"properties":{"line":"1","mode":"tram","color":"#d6212b","colorDark":"#7c1116","band":0,"off":[-1.5,1.1]}},{"type":"Feature","geometry":{"type":"Point","coordinates":[16.958183,52.413647]},"properties":{"line":"5","mode":"tram","color":"#d6212b","colorDark":"#7c1116","band":0,"off":[1.5,1.1]}},{"type":"Feature","geometry":{"type":"Point","coordinates":[16.903788,52.373059]},"properties":{"line":"2","mode":"tram","color":"#d6212b","colorDark":"#7c1116","band":0,"off":[-3,1.1]}},{"type":"Feature","geometry":{"type":"Point","coordinates":[16.903788,52.373059]},"properties":{"line":"9","mode":"tram","color":"#d6212b","colorDark":"#7c1116","band":0,"off":[0,1.1]}},{"type":"Feature","geometry":{"type":"Point","coordinates":[16.903788,52.373059]},"properties":{"line":"10","mode":"tram","color":"#d6212b","colorDark":"#7c1116","band":0,"off":[3,1.1]}},{"type":"Feature","geometry":{"type":"Point","coordinates":[16.944603,52.45554]},"properties":{"line":"3","mode":"tram","color":"#d6212b","colorDark":"#7c1116","band":0,"off":[-1.5,1.1]}},{"type":"Feature","geometry":{"type":"Point","coordinates":[16.944603,52.45554]},"properties":{"line":"10","mode":"tram","color":"#d6212b","colorDark":"#7c1116","band":0,"off":[1.5,1.1]}},{"type":"Feature","geometry":{"type":"Point","coordinates":[16.8482,52.38849]},"properties":{"line":"6","mode":"tram","color":"#d6212b","colorDark":"#7c1116","band":0,"off":[0,1.1]}},{"type":"Feature","geometry":{"type":"Point","coordinates":[16.828223,52.46419]},"properties":{"line":"105","mode":"bus","color":"#0059a9","colorDark":"#00294f","band":1,"off":[-6,1.1]}},{"type":"Feature","geometry":{"type":"Point","coordinates":[16.828223,52.46419]},"properties":{"line":"170","mode":"bus","color":"#0059a9","colorDark":"#00294f","band":1,"off":[-3,1.1]}},{"type":"Feature","geometry":{"type":"Point","coordinates":[16.828223,52.46419]},"properties":{"line":"195","mode":"bus","color":"#0059a9","colorDark":"#00294f","band":1,"off":[0,1.1]}},{"type":"Feature","geometry":{"type":"Point","coordinates":[16.828223,52.46419]},"properties":{"line":"835","mode":"bus","color":"#0059a9","colorDark":"#00294f","band":1,"off":[3,1.1]}},{"type":"Feature","geometry":{"type":"Point","coordinates":[16.828223,52.46419]},"properties":{"line":"837","mode":"bus","color":"#0059a9","colorDark":"#00294f","band":1,"off":[6,1.1]}},{"type":"Feature","geometry":{"type":"Point","coordinates":[16.909956,52.408013]},"properties":{"line":"105","mode":"bus","color":"#0059a9","colorDark":"#00294f","band":1,"off":[-6,1.1]}},{"type":"Feature","geometry":{"type":"Point","coordinates":[16.909956,52.408013]},"properties":{"line":"148","mode":"bus","color":"#0059a9","colorDark":"#00294f","band":1,"off":[-3,1.1]}},{"type":"Feature","geometry":{"type":"Point","coordinates":[16.909956,52.408013]},"properties":{"line":"159","mode":"bus","color":"#0059a9","colorDark":"#00294f","band":1,"off":[0,1.1]}},{"type":"Feature","geometry":{"type":"Point","coordinates":[16.909956,52.408013]},"properties":{"line":"163","mode":"bus","color":"#0059a9","colorDark":"#00294f","band":1,"off":[3,1.1]}},{"type":"Feature","geometry":{"type":"Point","coordinates":[16.909956,52.408013]},"properties":{"line":"164","mode":"bus","color":"#0059a9","colorDark":"#00294f","band":1,"off":[6,1.1]}},{"type":"Feature","geometry":{"type":"Point","coordinates":[16.909956,52.408013]},"properties":{"line":"169","mode":"bus","color":"#0059a9","colorDark":"#00294f","band":1,"off":[-6,2.6]}},{"type":"Feature","geometry":{"type":"Point","coordinates":[16.909956,52.408013]},"properties":{"line":"177","mode":"bus","color":"#0059a9","colorDark":"#00294f","band":1,"off":[-3,2.6]}},{"type":"Feature","geometry":{"type":"Point","coordinates":[16.909956,52.408013]},"properties":{"line":"212","mode":"bus","color":"#0059a9","colorDark":"#00294f","band":1,"off":[0,2.6]}},{"type":"Feature","geometry":{"type":"Point","coordinates":[16.909956,52.408013]},"properties":{"line":"219","mode":"bus","color":"#0059a9","colorDark":"#00294f","band":1,"off":[3,2.6]}},{"type":"Feature","geometry":{"type":"Point","coordinates":[16.909956,52.408013]},"properties":{"line":"222","mode":"bus","color":"#0059a9","colorDark":"#00294f","band":1,"off":[6,2.6]}},{"type":"Feature","geometry":{"type":"Point","coordinates":[16.882295,52.416978]},"properties":{"line":"2","mode":"tram","color":"#d6212b","colorDark":"#7c1116","band":1,"off":[-6,1.1]}},{"type":"Feature","geometry":{"type":"Point","coordinates":[16.882295,52.416978]},"properties":{"line":"7","mode":"tram","color":"#d6212b","colorDark":"#7c1116","band":1,"off":[-3,1.1]}},{"type":"Feature","geometry":{"type":"Point","coordinates":[16.882295,52.416978]},"properties":{"line":"8","mode":"tram","color":"#d6212b","colorDark":"#7c1116","band":1,"off":[0,1.1]}},{"type":"Feature","geometry":{"type":"Point","coordinates":[16.882295,52.416978]},"properties":{"line":"18","mode":"tram","color":"#d6212b","colorDark":"#7c1116","band":1,"off":[3,1.1]}},{"type":"Feature","geometry":{"type":"Point","coordinates":[16.882295,52.416978]},"properties":{"line":"121","mode":"bus","color":"#0059a9","colorDark":"#00294f","band":1,"off":[6,1.1]}},{"type":"Feature","geometry":{"type":"Point","coordinates":[16.882295,52.416978]},"properties":{"line":"156","mode":"bus","color":"#0059a9","colorDark":"#00294f","band":1,"off":[-6,2.6]}},{"type":"Feature","geometry":{"type":"Point","coordinates":[16.882295,52.416978]},"properties":{"line":"182","mode":"bus","color":"#0059a9","colorDark":"#00294f","band":1,"off":[-3,2.6]}},{"type":"Feature","geometry":{"type":"Point","coordinates":[16.882295,52.416978]},"properties":{"line":"186","mode":"bus","color":"#0059a9","colorDark":"#00294f","band":1,"off":[0,2.6]}},{"type":"Feature","geometry":{"type":"Point","coordinates":[16.882295,52.416978]},"properties":{"line":"191","mode":"bus","color":"#0059a9","colorDark":"#00294f","band":1,"off":[3,2.6]}},{"type":"Feature","geometry":{"type":"Point","coordinates":[16.882295,52.416978]},"properties":{"line":"193","mode":"bus","color":"#0059a9","colorDark":"#00294f","band":1,"off":[6,2.6]}},{"type":"Feature","geometry":{"type":"Point","coordinates":[16.882295,52.416978]},"properties":{"line":"219","mode":"bus","color":"#0059a9","colorDark":"#00294f","band":1,"off":[-3,4.1]}},{"type":"Feature","geometry":{"type":"Point","coordinates":[16.882295,52.416978]},"properties":{"line":"729","mode":"bus","color":"#0059a9","colorDark":"#00294f","band":1,"off":[0,4.1]}},{"type":"Feature","geometry":{"type":"Point","coordinates":[16.882295,52.416978]},"properties":{"line":"833","mode":"bus","color":"#0059a9","colorDark":"#00294f","band":1,"off":[3,4.1]}},{"type":"Feature","geometry":{"type":"Point","coordinates":[16.834013,52.383475]},"properties":{"line":"1","mode":"tram","color":"#d6212b","colorDark":"#7c1116","band":1,"off":[-6,1.1]}},{"type":"Feature","geometry":{"type":"Point","coordinates":[16.834013,52.383475]},"properties":{"line":"13","mode":"tram","color":"#d6212b","colorDark":"#7c1116","band":1,"off":[-3,1.1]}},{"type":"Feature","geometry":{"type":"Point","coordinates":[16.834013,52.383475]},"properties":{"line":"15","mode":"tram","color":"#d6212b","colorDark":"#7c1116","band":1,"off":[0,1.1]}},{"type":"Feature","geometry":{"type":"Point","coordinates":[16.834013,52.383475]},"properties":{"line":"122","mode":"bus","color":"#0059a9","colorDark":"#00294f","band":1,"off":[3,1.1]}},{"type":"Feature","geometry":{"type":"Point","coordinates":[16.834013,52.383475]},"properties":{"line":"177","mode":"bus","color":"#0059a9","colorDark":"#00294f","band":1,"off":[6,1.1]}},{"type":"Feature","geometry":{"type":"Point","coordinates":[16.834013,52.383475]},"properties":{"line":"214","mode":"bus","color":"#0059a9","colorDark":"#00294f","band":1,"off":[-6,2.6]}},{"type":"Feature","geometry":{"type":"Point","coordinates":[16.834013,52.383475]},"properties":{"line":"224","mode":"bus","color":"#0059a9","colorDark":"#00294f","band":1,"off":[-3,2.6]}},{"type":"Feature","geometry":{"type":"Point","coordinates":[16.834013,52.383475]},"properties":{"line":"715","mode":"bus","color":"#0059a9","colorDark":"#00294f","band":1,"off":[0,2.6]}},{"type":"Feature","geometry":{"type":"Point","coordinates":[16.834013,52.383475]},"properties":{"line":"716","mode":"bus","color":"#0059a9","colorDark":"#00294f","band":1,"off":[3,2.6]}},{"type":"Feature","geometry":{"type":"Point","coordinates":[16.834013,52.383475]},"properties":{"line":"717","mode":"bus","color":"#0059a9","colorDark":"#00294f","band":1,"off":[6,2.6]}},{"type":"Feature","geometry":{"type":"Point","coordinates":[16.834013,52.383475]},"properties":{"line":"727","mode":"bus","color":"#0059a9","colorDark":"#00294f","band":1,"off":[-1.5,4.1]}},{"type":"Feature","geometry":{"type":"Point","coordinates":[16.834013,52.383475]},"properties":{"line":"803","mode":"bus","color":"#0059a9","colorDark":"#00294f","band":1,"off":[1.5,4.1]}},{"type":"Feature","geometry":{"type":"Point","coordinates":[16.996805,52.384705]},"properties":{"line":"125","mode":"bus","color":"#0059a9","colorDark":"#00294f","band":1,"off":[-6,1.1]}},{"type":"Feature","geometry":{"type":"Point","coordinates":[16.996805,52.384705]},"properties":{"line":"166","mode":"bus","color":"#0059a9","colorDark":"#00294f","band":1,"off":[-3,1.1]}},{"type":"Feature","geometry":{"type":"Point","coordinates":[16.996805,52.384705]},"properties":{"line":"184","mode":"bus","color":"#0059a9","colorDark":"#00294f","band":1,"off":[0,1.1]}},{"type":"Feature","geometry":{"type":"Point","coordinates":[16.996805,52.384705]},"properties":{"line":"218","mode":"bus","color":"#0059a9","colorDark":"#00294f","band":1,"off":[3,1.1]}},{"type":"Feature","geometry":{"type":"Point","coordinates":[16.996805,52.384705]},"properties":{"line":"222","mode":"bus","color":"#0059a9","colorDark":"#00294f","band":1,"off":[6,1.1]}},{"type":"Feature","geometry":{"type":"Point","coordinates":[16.996805,52.384705]},"properties":{"line":"425","mode":"bus","color":"#0059a9","colorDark":"#00294f","band":1,"off":[-1.5,2.6]}},{"type":"Feature","geometry":{"type":"Point","coordinates":[16.996805,52.384705]},"properties":{"line":"T1","mode":"bus","color":"#0059a9","colorDark":"#00294f","band":1,"off":[1.5,2.6]}},{"type":"Feature","geometry":{"type":"Point","coordinates":[16.909753,52.400995]},"properties":{"line":"145","mode":"bus","color":"#0059a9","colorDark":"#00294f","band":1,"off":[0,1.1]}},{"type":"Feature","geometry":{"type":"Point","coordinates":[16.863673,52.385518]},"properties":{"line":"145","mode":"bus","color":"#0059a9","colorDark":"#00294f","band":1,"off":[-6,1.1]}},{"type":"Feature","geometry":{"type":"Point","coordinates":[16.863673,52.385518]},"properties":{"line":"164","mode":"bus","color":"#0059a9","colorDark":"#00294f","band":1,"off":[-3,1.1]}},{"type":"Feature","geometry":{"type":"Point","coordinates":[16.863673,52.385518]},"properties":{"line":"169","mode":"bus","color":"#0059a9","colorDark":"#00294f","band":1,"off":[0,1.1]}},{"type":"Feature","geometry":{"type":"Point","coordinates":[16.863673,52.385518]},"properties":{"line":"179","mode":"bus","color":"#0059a9","colorDark":"#00294f","band":1,"off":[3,1.1]}},{"type":"Feature","geometry":{"type":"Point","coordinates":[16.863673,52.385518]},"properties":{"line":"191","mode":"bus","color":"#0059a9","colorDark":"#00294f","band":1,"off":[6,1.1]}},{"type":"Feature","geometry":{"type":"Point","coordinates":[16.863673,52.385518]},"properties":{"line":"193","mode":"bus","color":"#0059a9","colorDark":"#00294f","band":1,"off":[-3,2.6]}},{"type":"Feature","geometry":{"type":"Point","coordinates":[16.863673,52.385518]},"properties":{"line":"212","mode":"bus","color":"#0059a9","colorDark":"#00294f","band":1,"off":[0,2.6]}},{"type":"Feature","geometry":{"type":"Point","coordinates":[16.863673,52.385518]},"properties":{"line":"223","mode":"bus","color":"#0059a9","colorDark":"#00294f","band":1,"off":[3,2.6]}},{"type":"Feature","geometry":{"type":"Point","coordinates":[16.862273,52.380391]},"properties":{"line":"145","mode":"bus","color":"#0059a9","colorDark":"#00294f","band":1,"off":[-4.5,1.1]}},{"type":"Feature","geometry":{"type":"Point","coordinates":[16.862273,52.380391]},"properties":{"line":"164","mode":"bus","color":"#0059a9","colorDark":"#00294f","band":1,"off":[-1.5,1.1]}},{"type":"Feature","geometry":{"type":"Point","coordinates":[16.862273,52.380391]},"properties":{"line":"179","mode":"bus","color":"#0059a9","colorDark":"#00294f","band":1,"off":[1.5,1.1]}},{"type":"Feature","geometry":{"type":"Point","coordinates":[16.862273,52.380391]},"properties":{"line":"223","mode":"bus","color":"#0059a9","colorDark":"#00294f","band":1,"off":[4.5,1.1]}},{"type":"Feature","geometry":{"type":"Point","coordinates":[16.855656,52.456081]},"properties":{"line":"146","mode":"bus","color":"#0059a9","colorDark":"#00294f","band":1,"off":[0,1.1]}},{"type":"Feature","geometry":{"type":"Point","coordinates":[16.866483,52.461406]},"properties":{"line":"146","mode":"bus","color":"#0059a9","colorDark":"#00294f","band":1,"off":[-3,1.1]}},{"type":"Feature","geometry":{"type":"Point","coordinates":[16.866483,52.461406]},"properties":{"line":"168","mode":"bus","color":"#0059a9","colorDark":"#00294f","band":1,"off":[0,1.1]}},{"type":"Feature","geometry":{"type":"Point","coordinates":[16.866483,52.461406]},"properties":{"line":"216","mode":"bus","color":"#0059a9","colorDark":"#00294f","band":1,"off":[3,1.1]}},{"type":"Feature","geometry":{"type":"Point","coordinates":[16.951366,52.456583]},"properties":{"line":"146","mode":"bus","color":"#0059a9","colorDark":"#00294f","band":1,"off":[-1.5,1.1]}},{"type":"Feature","geometry":{"type":"Point","coordinates":[16.951366,52.456583]},"properties":{"line":"224","mode":"bus","color":"#0059a9","colorDark":"#00294f","band":1,"off":[1.5,1.1]}},{"type":"Feature","geometry":{"type":"Point","coordinates":[16.882234,52.459969]},"properties":{"line":"146","mode":"bus","color":"#0059a9","colorDark":"#00294f","band":1,"off":[-3,1.1]}},{"type":"Feature","geometry":{"type":"Point","coordinates":[16.882234,52.459969]},"properties":{"line":"178","mode":"bus","color":"#0059a9","colorDark":"#00294f","band":1,"off":[0,1.1]}},{"type":"Feature","geometry":{"type":"Point","coordinates":[16.882234,52.459969]},"properties":{"line":"183","mode":"bus","color":"#0059a9","colorDark":"#00294f","band":1,"off":[3,1.1]}},{"type":"Feature","geometry":{"type":"Point","coordinates":[16.912121,52.402746]},"properties":{"line":"148","mode":"bus","color":"#0059a9","colorDark":"#00294f","band":1,"off":[-6,1.1]}},{"type":"Feature","geometry":{"type":"Point","coordinates":[16.912121,52.402746]},"properties":{"line":"159","mode":"bus","color":"#0059a9","colorDark":"#00294f","band":1,"off":[-3,1.1]}},{"type":"Feature","geometry":{"type":"Point","coordinates":[16.912121,52.402746]},"properties":{"line":"168","mode":"bus","color":"#0059a9","colorDark":"#00294f","band":1,"off":[0,1.1]}},{"type":"Feature","geometry":{"type":"Point","coordinates":[16.912121,52.402746]},"properties":{"line":"216","mode":"bus","color":"#0059a9","colorDark":"#00294f","band":1,"off":[3,1.1]}},{"type":"Feature","geometry":{"type":"Point","coordinates":[16.912121,52.402746]},"properties":{"line":"219","mode":"bus","color":"#0059a9","colorDark":"#00294f","band":1,"off":[6,1.1]}},{"type":"Feature","geometry":{"type":"Point","coordinates":[16.912121,52.402746]},"properties":{"line":"226","mode":"bus","color":"#0059a9","colorDark":"#00294f","band":1,"off":[0,2.6]}},{"type":"Feature","geometry":{"type":"Point","coordinates":[16.911051,52.406542]},"properties":{"line":"148","mode":"bus","color":"#0059a9","colorDark":"#00294f","band":1,"off":[-6,1.1]}},{"type":"Feature","geometry":{"type":"Point","coordinates":[16.911051,52.406542]},"properties":{"line":"159","mode":"bus","color":"#0059a9","colorDark":"#00294f","band":1,"off":[-3,1.1]}},{"type":"Feature","geometry":{"type":"Point","coordinates":[16.911051,52.406542]},"properties":{"line":"163","mode":"bus","color":"#0059a9","colorDark":"#00294f","band":1,"off":[0,1.1]}},{"type":"Feature","geometry":{"type":"Point","coordinates":[16.911051,52.406542]},"properties":{"line":"164","mode":"bus","color":"#0059a9","colorDark":"#00294f","band":1,"off":[3,1.1]}},{"type":"Feature","geometry":{"type":"Point","coordinates":[16.911051,52.406542]},"properties":{"line":"169","mode":"bus","color":"#0059a9","colorDark":"#00294f","band":1,"off":[6,1.1]}},{"type":"Feature","geometry":{"type":"Point","coordinates":[16.911051,52.406542]},"properties":{"line":"177","mode":"bus","color":"#0059a9","colorDark":"#00294f","band":1,"off":[-3,2.6]}},{"type":"Feature","geometry":{"type":"Point","coordinates":[16.911051,52.406542]},"properties":{"line":"212","mode":"bus","color":"#0059a9","colorDark":"#00294f","band":1,"off":[0,2.6]}},{"type":"Feature","geometry":{"type":"Point","coordinates":[16.911051,52.406542]},"properties":{"line":"222","mode":"bus","color":"#0059a9","colorDark":"#00294f","band":1,"off":[3,2.6]}},{"type":"Feature","geometry":{"type":"Point","coordinates":[16.828395,52.41416]},"properties":{"line":"148","mode":"bus","color":"#0059a9","colorDark":"#00294f","band":1,"off":[-3,1.1]}},{"type":"Feature","geometry":{"type":"Point","coordinates":[16.828395,52.41416]},"properties":{"line":"159","mode":"bus","color":"#0059a9","colorDark":"#00294f","band":1,"off":[0,1.1]}},{"type":"Feature","geometry":{"type":"Point","coordinates":[16.828395,52.41416]},"properties":{"line":"222","mode":"bus","color":"#0059a9","colorDark":"#00294f","band":1,"off":[3,1.1]}},{"type":"Feature","geometry":{"type":"Point","coordinates":[16.881088,52.381716]},"properties":{"line":"5","mode":"tram","color":"#d6212b","colorDark":"#7c1116","band":1,"off":[-6,1.1]}},{"type":"Feature","geometry":{"type":"Point","coordinates":[16.881088,52.381716]},"properties":{"line":"14","mode":"tram","color":"#d6212b","colorDark":"#7c1116","band":1,"off":[-3,1.1]}},{"type":"Feature","geometry":{"type":"Point","coordinates":[16.881088,52.381716]},"properties":{"line":"17","mode":"tram","color":"#d6212b","colorDark":"#7c1116","band":1,"off":[0,1.1]}},{"type":"Feature","geometry":{"type":"Point","coordinates":[16.881088,52.381716]},"properties":{"line":"149","mode":"bus","color":"#0059a9","colorDark":"#00294f","band":1,"off":[3,1.1]}},{"type":"Feature","geometry":{"type":"Point","coordinates":[16.881088,52.381716]},"properties":{"line":"163","mode":"bus","color":"#0059a9","colorDark":"#00294f","band":1,"off":[6,1.1]}},{"type":"Feature","geometry":{"type":"Point","coordinates":[16.881088,52.381716]},"properties":{"line":"175","mode":"bus","color":"#0059a9","colorDark":"#00294f","band":1,"off":[-6,2.6]}},{"type":"Feature","geometry":{"type":"Point","coordinates":[16.881088,52.381716]},"properties":{"line":"180","mode":"bus","color":"#0059a9","colorDark":"#00294f","band":1,"off":[-3,2.6]}},{"type":"Feature","geometry":{"type":"Point","coordinates":[16.881088,52.381716]},"properties":{"line":"182","mode":"bus","color":"#0059a9","colorDark":"#00294f","band":1,"off":[0,2.6]}},{"type":"Feature","geometry":{"type":"Point","coordinates":[16.881088,52.381716]},"properties":{"line":"193","mode":"bus","color":"#0059a9","colorDark":"#00294f","band":1,"off":[3,2.6]}},{"type":"Feature","geometry":{"type":"Point","coordinates":[16.881088,52.381716]},"properties":{"line":"610","mode":"bus","color":"#0059a9","colorDark":"#00294f","band":1,"off":[6,2.6]}},{"type":"Feature","geometry":{"type":"Point","coordinates":[16.881088,52.381716]},"properties":{"line":"614","mode":"bus","color":"#0059a9","colorDark":"#00294f","band":1,"off":[-6,4.1]}},{"type":"Feature","geometry":{"type":"Point","coordinates":[16.881088,52.381716]},"properties":{"line":"616","mode":"bus","color":"#0059a9","colorDark":"#00294f","band":1,"off":[-3,4.1]}},{"type":"Feature","geometry":{"type":"Point","coordinates":[16.881088,52.381716]},"properties":{"line":"701","mode":"bus","color":"#0059a9","colorDark":"#00294f","band":1,"off":[0,4.1]}},{"type":"Feature","geometry":{"type":"Point","coordinates":[16.881088,52.381716]},"properties":{"line":"702","mode":"bus","color":"#0059a9","colorDark":"#00294f","band":1,"off":[3,4.1]}},{"type":"Feature","geometry":{"type":"Point","coordinates":[16.881088,52.381716]},"properties":{"line":"703","mode":"bus","color":"#0059a9","colorDark":"#00294f","band":1,"off":[6,4.1]}},{"type":"Feature","geometry":{"type":"Point","coordinates":[16.881088,52.381716]},"properties":{"line":"704","mode":"bus","color":"#0059a9","colorDark":"#00294f","band":1,"off":[-3,5.6]}},{"type":"Feature","geometry":{"type":"Point","coordinates":[16.881088,52.381716]},"properties":{"line":"707","mode":"bus","color":"#0059a9","colorDark":"#00294f","band":1,"off":[0,5.6]}},{"type":"Feature","geometry":{"type":"Point","coordinates":[16.881088,52.381716]},"properties":{"line":"710","mode":"bus","color":"#0059a9","colorDark":"#00294f","band":1,"off":[3,5.6]}},{"type":"Feature","geometry":{"type":"Point","coordinates":[16.90365,52.371925]},"properties":{"line":"149","mode":"bus","color":"#0059a9","colorDark":"#00294f","band":1,"off":[-4.5,1.1]}},{"type":"Feature","geometry":{"type":"Point","coordinates":[16.90365,52.371925]},"properties":{"line":"602","mode":"bus","color":"#0059a9","colorDark":"#00294f","band":1,"off":[-1.5,1.1]}},{"type":"Feature","geometry":{"type":"Point","coordinates":[16.90365,52.371925]},"properties":{"line":"610","mode":"bus","color":"#0059a9","colorDark":"#00294f","band":1,"off":[1.5,1.1]}},{"type":"Feature","geometry":{"type":"Point","coordinates":[16.90365,52.371925]},"properties":{"line":"651","mode":"bus","color":"#0059a9","colorDark":"#00294f","band":1,"off":[4.5,1.1]}},{"type":"Feature","geometry":{"type":"Point","coordinates":[16.91659,52.464361]},"properties":{"line":"12","mode":"tram","color":"#d6212b","colorDark":"#7c1116","band":1,"off":[-6,1.1]}},{"type":"Feature","geometry":{"type":"Point","coordinates":[16.91659,52.464361]},"properties":{"line":"14","mode":"tram","color":"#d6212b","colorDark":"#7c1116","band":1,"off":[-3,1.1]}},{"type":"Feature","geometry":{"type":"Point","coordinates":[16.91659,52.464361]},"properties":{"line":"15","mode":"tram","color":"#d6212b","colorDark":"#7c1116","band":1,"off":[0,1.1]}},{"type":"Feature","geometry":{"type":"Point","coordinates":[16.91659,52.464361]},"properties":{"line":"16","mode":"tram","color":"#d6212b","colorDark":"#7c1116","band":1,"off":[3,1.1]}},{"type":"Feature","geometry":{"type":"Point","coordinates":[16.91659,52.464361]},"properties":{"line":"151","mode":"bus","color":"#0059a9","colorDark":"#00294f","band":1,"off":[6,1.1]}},{"type":"Feature","geometry":{"type":"Point","coordinates":[16.91659,52.464361]},"properties":{"line":"174","mode":"bus","color":"#0059a9","colorDark":"#00294f","band":1,"off":[-6,2.6]}},{"type":"Feature","geometry":{"type":"Point","coordinates":[16.91659,52.464361]},"properties":{"line":"185","mode":"bus","color":"#0059a9","colorDark":"#00294f","band":1,"off":[-3,2.6]}},{"type":"Feature","geometry":{"type":"Point","coordinates":[16.91659,52.464361]},"properties":{"line":"188","mode":"bus","color":"#0059a9","colorDark":"#00294f","band":1,"off":[0,2.6]}},{"type":"Feature","geometry":{"type":"Point","coordinates":[16.91659,52.464361]},"properties":{"line":"190","mode":"bus","color":"#0059a9","colorDark":"#00294f","band":1,"off":[3,2.6]}},{"type":"Feature","geometry":{"type":"Point","coordinates":[16.91659,52.464361]},"properties":{"line":"191","mode":"bus","color":"#0059a9","colorDark":"#00294f","band":1,"off":[6,2.6]}},{"type":"Feature","geometry":{"type":"Point","coordinates":[16.91659,52.464361]},"properties":{"line":"193","mode":"bus","color":"#0059a9","colorDark":"#00294f","band":1,"off":[-6,4.1]}},{"type":"Feature","geometry":{"type":"Point","coordinates":[16.91659,52.464361]},"properties":{"line":"198","mode":"bus","color":"#0059a9","colorDark":"#00294f","band":1,"off":[-3,4.1]}},{"type":"Feature","geometry":{"type":"Point","coordinates":[16.91659,52.464361]},"properties":{"line":"201","mode":"tram","color":"#d6212b","colorDark":"#7c1116","band":1,"off":[0,4.1]}},{"type":"Feature","geometry":{"type":"Point","coordinates":[16.91659,52.464361]},"properties":{"line":"215","mode":"bus","color":"#0059a9","colorDark":"#00294f","band":1,"off":[3,4.1]}},{"type":"Feature","geometry":{"type":"Point","coordinates":[16.91659,52.464361]},"properties":{"line":"218","mode":"bus","color":"#0059a9","colorDark":"#00294f","band":1,"off":[6,4.1]}},{"type":"Feature","geometry":{"type":"Point","coordinates":[16.91659,52.464361]},"properties":{"line":"348","mode":"bus","color":"#0059a9","colorDark":"#00294f","band":1,"off":[-6,5.6]}},{"type":"Feature","geometry":{"type":"Point","coordinates":[16.91659,52.464361]},"properties":{"line":"832","mode":"bus","color":"#0059a9","colorDark":"#00294f","band":1,"off":[-3,5.6]}},{"type":"Feature","geometry":{"type":"Point","coordinates":[16.91659,52.464361]},"properties":{"line":"901","mode":"bus","color":"#0059a9","colorDark":"#00294f","band":1,"off":[0,5.6]}},{"type":"Feature","geometry":{"type":"Point","coordinates":[16.91659,52.464361]},"properties":{"line":"902","mode":"bus","color":"#0059a9","colorDark":"#00294f","band":1,"off":[3,5.6]}},{"type":"Feature","geometry":{"type":"Point","coordinates":[16.91659,52.464361]},"properties":{"line":"904","mode":"bus","color":"#0059a9","colorDark":"#00294f","band":1,"off":[6,5.6]}},{"type":"Feature","geometry":{"type":"Point","coordinates":[16.91659,52.464361]},"properties":{"line":"905","mode":"bus","color":"#0059a9","colorDark":"#00294f","band":1,"off":[-1.5,7.1]}},{"type":"Feature","geometry":{"type":"Point","coordinates":[16.91659,52.464361]},"properties":{"line":"907","mode":"bus","color":"#0059a9","colorDark":"#00294f","band":1,"off":[1.5,7.1]}},{"type":"Feature","geometry":{"type":"Point","coordinates":[17.029181,52.388111]},"properties":{"line":"152","mode":"bus","color":"#0059a9","colorDark":"#00294f","band":1,"off":[-1.5,1.1]}},{"type":"Feature","geometry":{"type":"Point","coordinates":[17.029181,52.388111]},"properties":{"line":"425","mode":"bus","color":"#0059a9","colorDark":"#00294f","band":1,"off":[1.5,1.1]}},{"type":"Feature","geometry":{"type":"Point","coordinates":[16.949632,52.396483]},"properties":{"line":"152","mode":"bus","color":"#0059a9","colorDark":"#00294f","band":1,"off":[-6,1.1]}},{"type":"Feature","geometry":{"type":"Point","coordinates":[16.949632,52.396483]},"properties":{"line":"154","mode":"bus","color":"#0059a9","colorDark":"#00294f","band":1,"off":[-3,1.1]}},{"type":"Feature","geometry":{"type":"Point","coordinates":[16.949632,52.396483]},"properties":{"line":"162","mode":"bus","color":"#0059a9","colorDark":"#00294f","band":1,"off":[0,1.1]}},{"type":"Feature","geometry":{"type":"Point","coordinates":[16.949632,52.396483]},"properties":{"line":"166","mode":"bus","color":"#0059a9","colorDark":"#00294f","band":1,"off":[3,1.1]}},{"type":"Feature","geometry":{"type":"Point","coordinates":[16.949632,52.396483]},"properties":{"line":"167","mode":"bus","color":"#0059a9","colorDark":"#00294f","band":1,"off":[6,1.1]}},{"type":"Feature","geometry":{"type":"Point","coordinates":[16.949632,52.396483]},"properties":{"line":"181","mode":"bus","color":"#0059a9","colorDark":"#00294f","band":1,"off":[-6,2.6]}},{"type":"Feature","geometry":{"type":"Point","coordinates":[16.949632,52.396483]},"properties":{"line":"184","mode":"bus","color":"#0059a9","colorDark":"#00294f","band":1,"off":[-3,2.6]}},{"type":"Feature","geometry":{"type":"Point","coordinates":[16.949632,52.396483]},"properties":{"line":"196","mode":"bus","color":"#0059a9","colorDark":"#00294f","band":1,"off":[0,2.6]}},{"type":"Feature","geometry":{"type":"Point","coordinates":[16.949632,52.396483]},"properties":{"line":"227","mode":"bus","color":"#0059a9","colorDark":"#00294f","band":1,"off":[3,2.6]}},{"type":"Feature","geometry":{"type":"Point","coordinates":[16.949632,52.396483]},"properties":{"line":"425","mode":"bus","color":"#0059a9","colorDark":"#00294f","band":1,"off":[6,2.6]}},{"type":"Feature","geometry":{"type":"Point","coordinates":[16.949632,52.396483]},"properties":{"line":"431","mode":"bus","color":"#0059a9","colorDark":"#00294f","band":1,"off":[-6,4.1]}},{"type":"Feature","geometry":{"type":"Point","coordinates":[16.949632,52.396483]},"properties":{"line":"432","mode":"bus","color":"#0059a9","colorDark":"#00294f","band":1,"off":[-3,4.1]}},{"type":"Feature","geometry":{"type":"Point","coordinates":[16.949632,52.396483]},"properties":{"line":"433","mode":"bus","color":"#0059a9","colorDark":"#00294f","band":1,"off":[0,4.1]}},{"type":"Feature","geometry":{"type":"Point","coordinates":[16.949632,52.396483]},"properties":{"line":"501","mode":"bus","color":"#0059a9","colorDark":"#00294f","band":1,"off":[3,4.1]}},{"type":"Feature","geometry":{"type":"Point","coordinates":[16.949632,52.396483]},"properties":{"line":"502","mode":"bus","color":"#0059a9","colorDark":"#00294f","band":1,"off":[6,4.1]}},{"type":"Feature","geometry":{"type":"Point","coordinates":[16.949632,52.396483]},"properties":{"line":"503","mode":"bus","color":"#0059a9","colorDark":"#00294f","band":1,"off":[-6,5.6]}},{"type":"Feature","geometry":{"type":"Point","coordinates":[16.949632,52.396483]},"properties":{"line":"511","mode":"bus","color":"#0059a9","colorDark":"#00294f","band":1,"off":[-3,5.6]}},{"type":"Feature","geometry":{"type":"Point","coordinates":[16.949632,52.396483]},"properties":{"line":"512","mode":"bus","color":"#0059a9","colorDark":"#00294f","band":1,"off":[0,5.6]}},{"type":"Feature","geometry":{"type":"Point","coordinates":[16.949632,52.396483]},"properties":{"line":"560","mode":"bus","color":"#0059a9","colorDark":"#00294f","band":1,"off":[3,5.6]}},{"type":"Feature","geometry":{"type":"Point","coordinates":[16.949632,52.396483]},"properties":{"line":"561","mode":"bus","color":"#0059a9","colorDark":"#00294f","band":1,"off":[6,5.6]}},{"type":"Feature","geometry":{"type":"Point","coordinates":[16.949632,52.396483]},"properties":{"line":"911","mode":"bus","color":"#0059a9","colorDark":"#00294f","band":1,"off":[0,7.1]}},{"type":"Feature","geometry":{"type":"Point","coordinates":[16.993959,52.389801]},"properties":{"line":"152","mode":"bus","color":"#0059a9","colorDark":"#00294f","band":1,"off":[-6,1.1]}},{"type":"Feature","geometry":{"type":"Point","coordinates":[16.993959,52.389801]},"properties":{"line":"166","mode":"bus","color":"#0059a9","colorDark":"#00294f","band":1,"off":[-3,1.1]}},{"type":"Feature","geometry":{"type":"Point","coordinates":[16.993959,52.389801]},"properties":{"line":"181","mode":"bus","color":"#0059a9","colorDark":"#00294f","band":1,"off":[0,1.1]}},{"type":"Feature","geometry":{"type":"Point","coordinates":[16.993959,52.389801]},"properties":{"line":"212","mode":"bus","color":"#0059a9","colorDark":"#00294f","band":1,"off":[3,1.1]}},{"type":"Feature","geometry":{"type":"Point","coordinates":[16.993959,52.389801]},"properties":{"line":"218","mode":"bus","color":"#0059a9","colorDark":"#00294f","band":1,"off":[6,1.1]}},{"type":"Feature","geometry":{"type":"Point","coordinates":[16.993959,52.389801]},"properties":{"line":"222","mode":"bus","color":"#0059a9","colorDark":"#00294f","band":1,"off":[0,2.6]}},{"type":"Feature","geometry":{"type":"Point","coordinates":[16.982502,52.307983]},"properties":{"line":"153","mode":"bus","color":"#0059a9","colorDark":"#00294f","band":1,"off":[-3,1.1]}},{"type":"Feature","geometry":{"type":"Point","coordinates":[16.982502,52.307983]},"properties":{"line":"158","mode":"bus","color":"#0059a9","colorDark":"#00294f","band":1,"off":[0,1.1]}},{"type":"Feature","geometry":{"type":"Point","coordinates":[16.982502,52.307983]},"properties":{"line":"221","mode":"bus","color":"#0059a9","colorDark":"#00294f","band":1,"off":[3,1.1]}},{"type":"Feature","geometry":{"type":"Point","coordinates":[16.918256,52.342396]},"properties":{"line":"153","mode":"bus","color":"#0059a9","colorDark":"#00294f","band":1,"off":[-6,1.1]}},{"type":"Feature","geometry":{"type":"Point","coordinates":[16.918256,52.342396]},"properties":{"line":"158","mode":"bus","color":"#0059a9","colorDark":"#00294f","band":1,"off":[-3,1.1]}},{"type":"Feature","geometry":{"type":"Point","coordinates":[16.918256,52.342396]},"properties":{"line":"194","mode":"bus","color":"#0059a9","colorDark":"#00294f","band":1,"off":[0,1.1]}},{"type":"Feature","geometry":{"type":"Point","coordinates":[16.918256,52.342396]},"properties":{"line":"221","mode":"bus","color":"#0059a9","colorDark":"#00294f","band":1,"off":[3,1.1]}},{"type":"Feature","geometry":{"type":"Point","coordinates":[16.918256,52.342396]},"properties":{"line":"527","mode":"bus","color":"#0059a9","colorDark":"#00294f","band":1,"off":[6,1.1]}},{"type":"Feature","geometry":{"type":"Point","coordinates":[16.949869,52.372457]},"properties":{"line":"3","mode":"tram","color":"#d6212b","colorDark":"#7c1116","band":1,"off":[-6,1.1]}},{"type":"Feature","geometry":{"type":"Point","coordinates":[16.949869,52.372457]},"properties":{"line":"11","mode":"tram","color":"#d6212b","colorDark":"#7c1116","band":1,"off":[-3,1.1]}},{"type":"Feature","geometry":{"type":"Point","coordinates":[16.949869,52.372457]},"properties":{"line":"18","mode":"tram","color":"#d6212b","colorDark":"#7c1116","band":1,"off":[0,1.1]}},{"type":"Feature","geometry":{"type":"Point","coordinates":[16.949869,52.372457]},"properties":{"line":"153","mode":"bus","color":"#0059a9","colorDark":"#00294f","band":1,"off":[3,1.1]}},{"type":"Feature","geometry":{"type":"Point","coordinates":[16.949869,52.372457]},"properties":{"line":"174","mode":"bus","color":"#0059a9","colorDark":"#00294f","band":1,"off":[6,1.1]}},{"type":"Feature","geometry":{"type":"Point","coordinates":[16.949869,52.372457]},"properties":{"line":"189","mode":"bus","color":"#0059a9","colorDark":"#00294f","band":1,"off":[-1.5,2.6]}},{"type":"Feature","geometry":{"type":"Point","coordinates":[16.949869,52.372457]},"properties":{"line":"201","mode":"tram","color":"#d6212b","colorDark":"#7c1116","band":1,"off":[1.5,2.6]}},{"type":"Feature","geometry":{"type":"Point","coordinates":[16.932245,52.368623]},"properties":{"line":"12","mode":"tram","color":"#d6212b","colorDark":"#7c1116","band":1,"off":[-6,1.1]}},{"type":"Feature","geometry":{"type":"Point","coordinates":[16.932245,52.368623]},"properties":{"line":"13","mode":"tram","color":"#d6212b","colorDark":"#7c1116","band":1,"off":[-3,1.1]}},{"type":"Feature","geometry":{"type":"Point","coordinates":[16.932245,52.368623]},"properties":{"line":"16","mode":"tram","color":"#d6212b","colorDark":"#7c1116","band":1,"off":[0,1.1]}},{"type":"Feature","geometry":{"type":"Point","coordinates":[16.932245,52.368623]},"properties":{"line":"153","mode":"bus","color":"#0059a9","colorDark":"#00294f","band":1,"off":[3,1.1]}},{"type":"Feature","geometry":{"type":"Point","coordinates":[16.932245,52.368623]},"properties":{"line":"217","mode":"bus","color":"#0059a9","colorDark":"#00294f","band":1,"off":[6,1.1]}},{"type":"Feature","geometry":{"type":"Point","coordinates":[16.932245,52.368623]},"properties":{"line":"221","mode":"bus","color":"#0059a9","colorDark":"#00294f","band":1,"off":[0,2.6]}},{"type":"Feature","geometry":{"type":"Point","coordinates":[17.022885,52.351291]},"properties":{"line":"154","mode":"bus","color":"#0059a9","colorDark":"#00294f","band":1,"off":[-1.5,1.1]}},{"type":"Feature","geometry":{"type":"Point","coordinates":[17.022885,52.351291]},"properties":{"line":"220","mode":"bus","color":"#0059a9","colorDark":"#00294f","band":1,"off":[1.5,1.1]}},{"type":"Feature","geometry":{"type":"Point","coordinates":[16.807403,52.4417]},"properties":{"line":"156","mode":"bus","color":"#0059a9","colorDark":"#00294f","band":1,"off":[0,1.1]}},{"type":"Feature","geometry":{"type":"Point","coordinates":[16.994851,52.409988]},"properties":{"line":"157","mode":"bus","color":"#0059a9","colorDark":"#00294f","band":1,"off":[-6,1.1]}},{"type":"Feature","geometry":{"type":"Point","coordinates":[16.994851,52.409988]},"properties":{"line":"213","mode":"bus","color":"#0059a9","colorDark":"#00294f","band":1,"off":[-3,1.1]}},{"type":"Feature","geometry":{"type":"Point","coordinates":[16.994851,52.409988]},"properties":{"line":"222","mode":"bus","color":"#0059a9","colorDark":"#00294f","band":1,"off":[0,1.1]}},{"type":"Feature","geometry":{"type":"Point","coordinates":[16.994851,52.409988]},"properties":{"line":"223","mode":"bus","color":"#0059a9","colorDark":"#00294f","band":1,"off":[3,1.1]}},{"type":"Feature","geometry":{"type":"Point","coordinates":[16.994851,52.409988]},"properties":{"line":"401","mode":"bus","color":"#0059a9","colorDark":"#00294f","band":1,"off":[6,1.1]}},{"type":"Feature","geometry":{"type":"Point","coordinates":[16.994851,52.409988]},"properties":{"line":"405","mode":"bus","color":"#0059a9","colorDark":"#00294f","band":1,"off":[-4.5,2.6]}},{"type":"Feature","geometry":{"type":"Point","coordinates":[16.994851,52.409988]},"properties":{"line":"406","mode":"bus","color":"#0059a9","colorDark":"#00294f","band":1,"off":[-1.5,2.6]}},{"type":"Feature","geometry":{"type":"Point","coordinates":[16.994851,52.409988]},"properties":{"line":"407","mode":"bus","color":"#0059a9","colorDark":"#00294f","band":1,"off":[1.5,2.6]}},{"type":"Feature","geometry":{"type":"Point","coordinates":[16.994851,52.409988]},"properties":{"line":"416","mode":"bus","color":"#0059a9","colorDark":"#00294f","band":1,"off":[4.5,2.6]}},{"type":"Feature","geometry":{"type":"Point","coordinates":[16.955812,52.409375]},"properties":{"line":"157","mode":"bus","color":"#0059a9","colorDark":"#00294f","band":1,"off":[-6,1.1]}},{"type":"Feature","geometry":{"type":"Point","coordinates":[16.955812,52.409375]},"properties":{"line":"173","mode":"bus","color":"#0059a9","colorDark":"#00294f","band":1,"off":[-3,1.1]}},{"type":"Feature","geometry":{"type":"Point","coordinates":[16.955812,52.409375]},"properties":{"line":"178","mode":"bus","color":"#0059a9","colorDark":"#00294f","band":1,"off":[0,1.1]}},{"type":"Feature","geometry":{"type":"Point","coordinates":[16.955812,52.409375]},"properties":{"line":"183","mode":"bus","color":"#0059a9","colorDark":"#00294f","band":1,"off":[3,1.1]}},{"type":"Feature","geometry":{"type":"Point","coordinates":[16.955812,52.409375]},"properties":{"line":"184","mode":"bus","color":"#0059a9","colorDark":"#00294f","band":1,"off":[6,1.1]}},{"type":"Feature","geometry":{"type":"Point","coordinates":[16.955812,52.409375]},"properties":{"line":"185","mode":"bus","color":"#0059a9","colorDark":"#00294f","band":1,"off":[-6,2.6]}},{"type":"Feature","geometry":{"type":"Point","coordinates":[16.955812,52.409375]},"properties":{"line":"312","mode":"bus","color":"#0059a9","colorDark":"#00294f","band":1,"off":[-3,2.6]}},{"type":"Feature","geometry":{"type":"Point","coordinates":[16.955812,52.409375]},"properties":{"line":"320","mode":"bus","color":"#0059a9","colorDark":"#00294f","band":1,"off":[0,2.6]}},{"type":"Feature","geometry":{"type":"Point","coordinates":[16.955812,52.409375]},"properties":{"line":"323","mode":"bus","color":"#0059a9","colorDark":"#00294f","band":1,"off":[3,2.6]}},{"type":"Feature","geometry":{"type":"Point","coordinates":[16.955812,52.409375]},"properties":{"line":"341","mode":"bus","color":"#0059a9","colorDark":"#00294f","band":1,"off":[6,2.6]}},{"type":"Feature","geometry":{"type":"Point","coordinates":[16.955812,52.409375]},"properties":{"line":"342","mode":"bus","color":"#0059a9","colorDark":"#00294f","band":1,"off":[-6,4.1]}},{"type":"Feature","geometry":{"type":"Point","coordinates":[16.955812,52.409375]},"properties":{"line":"400","mode":"bus","color":"#0059a9","colorDark":"#00294f","band":1,"off":[-3,4.1]}},{"type":"Feature","geometry":{"type":"Point","coordinates":[16.955812,52.409375]},"properties":{"line":"401","mode":"bus","color":"#0059a9","colorDark":"#00294f","band":1,"off":[0,4.1]}},{"type":"Feature","geometry":{"type":"Point","coordinates":[16.955812,52.409375]},"properties":{"line":"405","mode":"bus","color":"#0059a9","colorDark":"#00294f","band":1,"off":[3,4.1]}},{"type":"Feature","geometry":{"type":"Point","coordinates":[16.955812,52.409375]},"properties":{"line":"406","mode":"bus","color":"#0059a9","colorDark":"#00294f","band":1,"off":[6,4.1]}},{"type":"Feature","geometry":{"type":"Point","coordinates":[16.955812,52.409375]},"properties":{"line":"407","mode":"bus","color":"#0059a9","colorDark":"#00294f","band":1,"off":[-3,5.6]}},{"type":"Feature","geometry":{"type":"Point","coordinates":[16.955812,52.409375]},"properties":{"line":"412","mode":"bus","color":"#0059a9","colorDark":"#00294f","band":1,"off":[0,5.6]}},{"type":"Feature","geometry":{"type":"Point","coordinates":[16.955812,52.409375]},"properties":{"line":"T7","mode":"bus","color":"#0059a9","colorDark":"#00294f","band":1,"off":[3,5.6]}},{"type":"Feature","geometry":{"type":"Point","coordinates":[16.929993,52.366315]},"properties":{"line":"158","mode":"bus","color":"#0059a9","colorDark":"#00294f","band":1,"off":[-6,1.1]}},{"type":"Feature","geometry":{"type":"Point","coordinates":[16.929993,52.366315]},"properties":{"line":"189","mode":"bus","color":"#0059a9","colorDark":"#00294f","band":1,"off":[-3,1.1]}},{"type":"Feature","geometry":{"type":"Point","coordinates":[16.929993,52.366315]},"properties":{"line":"194","mode":"bus","color":"#0059a9","colorDark":"#00294f","band":1,"off":[0,1.1]}},{"type":"Feature","geometry":{"type":"Point","coordinates":[16.929993,52.366315]},"properties":{"line":"221","mode":"bus","color":"#0059a9","colorDark":"#00294f","band":1,"off":[3,1.1]}},{"type":"Feature","geometry":{"type":"Point","coordinates":[16.929993,52.366315]},"properties":{"line":"527","mode":"bus","color":"#0059a9","colorDark":"#00294f","band":1,"off":[6,1.1]}},{"type":"Feature","geometry":{"type":"Point","coordinates":[16.939119,52.416618]},"properties":{"line":"160","mode":"bus","color":"#0059a9","colorDark":"#00294f","band":1,"off":[-6,1.1]}},{"type":"Feature","geometry":{"type":"Point","coordinates":[16.939119,52.416618]},"properties":{"line":"163","mode":"bus","color":"#0059a9","colorDark":"#00294f","band":1,"off":[-3,1.1]}},{"type":"Feature","geometry":{"type":"Point","coordinates":[16.939119,52.416618]},"properties":{"line":"176","mode":"bus","color":"#0059a9","colorDark":"#00294f","band":1,"off":[0,1.1]}},{"type":"Feature","geometry":{"type":"Point","coordinates":[16.939119,52.416618]},"properties":{"line":"220","mode":"bus","color":"#0059a9","colorDark":"#00294f","band":1,"off":[3,1.1]}},{"type":"Feature","geometry":{"type":"Point","coordinates":[16.939119,52.416618]},"properties":{"line":"221","mode":"bus","color":"#0059a9","colorDark":"#00294f","band":1,"off":[6,1.1]}},{"type":"Feature","geometry":{"type":"Point","coordinates":[16.939119,52.416618]},"properties":{"line":"603","mode":"bus","color":"#0059a9","colorDark":"#00294f","band":1,"off":[0,2.6]}},{"type":"Feature","geometry":{"type":"Point","coordinates":[16.865046,52.452764]},"properties":{"line":"164","mode":"bus","color":"#0059a9","colorDark":"#00294f","band":1,"off":[-3,1.1]}},{"type":"Feature","geometry":{"type":"Point","coordinates":[16.865046,52.452764]},"properties":{"line":"170","mode":"bus","color":"#0059a9","colorDark":"#00294f","band":1,"off":[0,1.1]}},{"type":"Feature","geometry":{"type":"Point","coordinates":[16.865046,52.452764]},"properties":{"line":"226","mode":"bus","color":"#0059a9","colorDark":"#00294f","band":1,"off":[3,1.1]}},{"type":"Feature","geometry":{"type":"Point","coordinates":[17.04468,52.414993]},"properties":{"line":"166","mode":"bus","color":"#0059a9","colorDark":"#00294f","band":1,"off":[-1.5,1.1]}},{"type":"Feature","geometry":{"type":"Point","coordinates":[17.04468,52.414993]},"properties":{"line":"416","mode":"bus","color":"#0059a9","colorDark":"#00294f","band":1,"off":[1.5,1.1]}},{"type":"Feature","geometry":{"type":"Point","coordinates":[16.946116,52.497661]},"properties":{"line":"167","mode":"bus","color":"#0059a9","colorDark":"#00294f","band":1,"off":[-4.5,1.1]}},{"type":"Feature","geometry":{"type":"Point","coordinates":[16.946116,52.497661]},"properties":{"line":"214","mode":"bus","color":"#0059a9","colorDark":"#00294f","band":1,"off":[-1.5,1.1]}},{"type":"Feature","geometry":{"type":"Point","coordinates":[16.946116,52.497661]},"properties":{"line":"348","mode":"bus","color":"#0059a9","colorDark":"#00294f","band":1,"off":[1.5,1.1]}},{"type":"Feature","geometry":{"type":"Point","coordinates":[16.946116,52.497661]},"properties":{"line":"911","mode":"bus","color":"#0059a9","colorDark":"#00294f","band":1,"off":[4.5,1.1]}},{"type":"Feature","geometry":{"type":"Point","coordinates":[16.934634,52.452032]},"properties":{"line":"169","mode":"bus","color":"#0059a9","colorDark":"#00294f","band":1,"off":[0,1.1]}},{"type":"Feature","geometry":{"type":"Point","coordinates":[16.94091,52.441231]},"properties":{"line":"169","mode":"bus","color":"#0059a9","colorDark":"#00294f","band":1,"off":[-6,1.1]}},{"type":"Feature","geometry":{"type":"Point","coordinates":[16.94091,52.441231]},"properties":{"line":"171","mode":"bus","color":"#0059a9","colorDark":"#00294f","band":1,"off":[-3,1.1]}},{"type":"Feature","geometry":{"type":"Point","coordinates":[16.94091,52.441231]},"properties":{"line":"178","mode":"bus","color":"#0059a9","colorDark":"#00294f","band":1,"off":[0,1.1]}},{"type":"Feature","geometry":{"type":"Point","coordinates":[16.94091,52.441231]},"properties":{"line":"182","mode":"bus","color":"#0059a9","colorDark":"#00294f","band":1,"off":[3,1.1]}},{"type":"Feature","geometry":{"type":"Point","coordinates":[16.94091,52.441231]},"properties":{"line":"185","mode":"bus","color":"#0059a9","colorDark":"#00294f","band":1,"off":[6,1.1]}},{"type":"Feature","geometry":{"type":"Point","coordinates":[16.94091,52.441231]},"properties":{"line":"218","mode":"bus","color":"#0059a9","colorDark":"#00294f","band":1,"off":[0,2.6]}},{"type":"Feature","geometry":{"type":"Point","coordinates":[16.933554,52.435244]},"properties":{"line":"4","mode":"tram","color":"#d6212b","colorDark":"#7c1116","band":1,"off":[-6,1.1]}},{"type":"Feature","geometry":{"type":"Point","coordinates":[16.933554,52.435244]},"properties":{"line":"170","mode":"bus","color":"#0059a9","colorDark":"#00294f","band":1,"off":[-3,1.1]}},{"type":"Feature","geometry":{"type":"Point","coordinates":[16.933554,52.435244]},"properties":{"line":"171","mode":"bus","color":"#0059a9","colorDark":"#00294f","band":1,"off":[0,1.1]}},{"type":"Feature","geometry":{"type":"Point","coordinates":[16.933554,52.435244]},"properties":{"line":"174","mode":"bus","color":"#0059a9","colorDark":"#00294f","band":1,"off":[3,1.1]}},{"type":"Feature","geometry":{"type":"Point","coordinates":[16.933554,52.435244]},"properties":{"line":"178","mode":"bus","color":"#0059a9","colorDark":"#00294f","band":1,"off":[6,1.1]}},{"type":"Feature","geometry":{"type":"Point","coordinates":[16.933554,52.435244]},"properties":{"line":"183","mode":"bus","color":"#0059a9","colorDark":"#00294f","band":1,"off":[-3,2.6]}},{"type":"Feature","geometry":{"type":"Point","coordinates":[16.933554,52.435244]},"properties":{"line":"321","mode":"bus","color":"#0059a9","colorDark":"#00294f","band":1,"off":[0,2.6]}},{"type":"Feature","geometry":{"type":"Point","coordinates":[16.933554,52.435244]},"properties":{"line":"322","mode":"bus","color":"#0059a9","colorDark":"#00294f","band":1,"off":[3,2.6]}},{"type":"Feature","geometry":{"type":"Point","coordinates":[16.904062,52.437939]},"properties":{"line":"170","mode":"bus","color":"#0059a9","colorDark":"#00294f","band":1,"off":[-3,1.1]}},{"type":"Feature","geometry":{"type":"Point","coordinates":[16.904062,52.437939]},"properties":{"line":"183","mode":"bus","color":"#0059a9","colorDark":"#00294f","band":1,"off":[0,1.1]}},{"type":"Feature","geometry":{"type":"Point","coordinates":[16.904062,52.437939]},"properties":{"line":"321","mode":"bus","color":"#0059a9","colorDark":"#00294f","band":1,"off":[3,1.1]}},{"type":"Feature","geometry":{"type":"Point","coordinates":[16.904578,52.360414]},"properties":{"line":"171","mode":"bus","color":"#0059a9","colorDark":"#00294f","band":1,"off":[-6,1.1]}},{"type":"Feature","geometry":{"type":"Point","coordinates":[16.904578,52.360414]},"properties":{"line":"176","mode":"bus","color":"#0059a9","colorDark":"#00294f","band":1,"off":[-3,1.1]}},{"type":"Feature","geometry":{"type":"Point","coordinates":[16.904578,52.360414]},"properties":{"line":"215","mode":"bus","color":"#0059a9","colorDark":"#00294f","band":1,"off":[0,1.1]}},{"type":"Feature","geometry":{"type":"Point","coordinates":[16.904578,52.360414]},"properties":{"line":"602","mode":"bus","color":"#0059a9","colorDark":"#00294f","band":1,"off":[3,1.1]}},{"type":"Feature","geometry":{"type":"Point","coordinates":[16.904578,52.360414]},"properties":{"line":"603","mode":"bus","color":"#0059a9","colorDark":"#00294f","band":1,"off":[6,1.1]}},{"type":"Feature","geometry":{"type":"Point","coordinates":[16.904578,52.360414]},"properties":{"line":"610","mode":"bus","color":"#0059a9","colorDark":"#00294f","band":1,"off":[-1.5,2.6]}},{"type":"Feature","geometry":{"type":"Point","coordinates":[16.904578,52.360414]},"properties":{"line":"651","mode":"bus","color":"#0059a9","colorDark":"#00294f","band":1,"off":[1.5,2.6]}},{"type":"Feature","geometry":{"type":"Point","coordinates":[17.017939,52.436548]},"properties":{"line":"173","mode":"bus","color":"#0059a9","colorDark":"#00294f","band":1,"off":[0,1.1]}},{"type":"Feature","geometry":{"type":"Point","coordinates":[16.974224,52.422017]},"properties":{"line":"173","mode":"bus","color":"#0059a9","colorDark":"#00294f","band":1,"off":[-6,1.1]}},{"type":"Feature","geometry":{"type":"Point","coordinates":[16.974224,52.422017]},"properties":{"line":"185","mode":"bus","color":"#0059a9","colorDark":"#00294f","band":1,"off":[-3,1.1]}},{"type":"Feature","geometry":{"type":"Point","coordinates":[16.974224,52.422017]},"properties":{"line":"217","mode":"bus","color":"#0059a9","colorDark":"#00294f","band":1,"off":[0,1.1]}},{"type":"Feature","geometry":{"type":"Point","coordinates":[16.974224,52.422017]},"properties":{"line":"227","mode":"bus","color":"#0059a9","colorDark":"#00294f","band":1,"off":[3,1.1]}},{"type":"Feature","geometry":{"type":"Point","coordinates":[16.974224,52.422017]},"properties":{"line":"312","mode":"bus","color":"#0059a9","colorDark":"#00294f","band":1,"off":[6,1.1]}},{"type":"Feature","geometry":{"type":"Point","coordinates":[16.974224,52.422017]},"properties":{"line":"320","mode":"bus","color":"#0059a9","colorDark":"#00294f","band":1,"off":[-4.5,2.6]}},{"type":"Feature","geometry":{"type":"Point","coordinates":[16.974224,52.422017]},"properties":{"line":"323","mode":"bus","color":"#0059a9","colorDark":"#00294f","band":1,"off":[-1.5,2.6]}},{"type":"Feature","geometry":{"type":"Point","coordinates":[16.974224,52.422017]},"properties":{"line":"342","mode":"bus","color":"#0059a9","colorDark":"#00294f","band":1,"off":[1.5,2.6]}},{"type":"Feature","geometry":{"type":"Point","coordinates":[16.974224,52.422017]},"properties":{"line":"412","mode":"bus","color":"#0059a9","colorDark":"#00294f","band":1,"off":[4.5,2.6]}},{"type":"Feature","geometry":{"type":"Point","coordinates":[16.838326,52.354834]},"properties":{"line":"180","mode":"bus","color":"#0059a9","colorDark":"#00294f","band":1,"off":[-3,1.1]}},{"type":"Feature","geometry":{"type":"Point","coordinates":[16.838326,52.354834]},"properties":{"line":"704","mode":"bus","color":"#0059a9","colorDark":"#00294f","band":1,"off":[0,1.1]}},{"type":"Feature","geometry":{"type":"Point","coordinates":[16.838326,52.354834]},"properties":{"line":"710","mode":"bus","color":"#0059a9","colorDark":"#00294f","band":1,"off":[3,1.1]}},{"type":"Feature","geometry":{"type":"Point","coordinates":[16.842815,52.370386]},"properties":{"line":"180","mode":"bus","color":"#0059a9","colorDark":"#00294f","band":1,"off":[-1.5,1.1]}},{"type":"Feature","geometry":{"type":"Point","coordinates":[16.842815,52.370386]},"properties":{"line":"717","mode":"bus","color":"#0059a9","colorDark":"#00294f","band":1,"off":[1.5,1.1]}},{"type":"Feature","geometry":{"type":"Point","coordinates":[16.981509,52.374333]},"properties":{"line":"181","mode":"bus","color":"#0059a9","colorDark":"#00294f","band":1,"off":[0,1.1]}},{"type":"Feature","geometry":{"type":"Point","coordinates":[16.992489,52.400538]},"properties":{"line":"184","mode":"bus","color":"#0059a9","colorDark":"#00294f","band":1,"off":[0,1.1]}},{"type":"Feature","geometry":{"type":"Point","coordinates":[16.774539,52.473627]},"properties":{"line":"186","mode":"bus","color":"#0059a9","colorDark":"#00294f","band":1,"off":[-4.5,1.1]}},{"type":"Feature","geometry":{"type":"Point","coordinates":[16.774539,52.473627]},"properties":{"line":"835","mode":"bus","color":"#0059a9","colorDark":"#00294f","band":1,"off":[-1.5,1.1]}},{"type":"Feature","geometry":{"type":"Point","coordinates":[16.774539,52.473627]},"properties":{"line":"837","mode":"bus","color":"#0059a9","colorDark":"#00294f","band":1,"off":[1.5,1.1]}},{"type":"Feature","geometry":{"type":"Point","coordinates":[16.774539,52.473627]},"properties":{"line":"893","mode":"bus","color":"#0059a9","colorDark":"#00294f","band":1,"off":[4.5,1.1]}},{"type":"Feature","geometry":{"type":"Point","coordinates":[16.905391,52.489261]},"properties":{"line":"188","mode":"bus","color":"#0059a9","colorDark":"#00294f","band":1,"off":[-1.5,1.1]}},{"type":"Feature","geometry":{"type":"Point","coordinates":[16.905391,52.489261]},"properties":{"line":"902","mode":"bus","color":"#0059a9","colorDark":"#00294f","band":1,"off":[1.5,1.1]}},{"type":"Feature","geometry":{"type":"Point","coordinates":[16.943196,52.379382]},"properties":{"line":"190","mode":"bus","color":"#0059a9","colorDark":"#00294f","band":1,"off":[0,1.1]}},{"type":"Feature","geometry":{"type":"Point","coordinates":[16.941836,52.466643]},"properties":{"line":"198","mode":"bus","color":"#0059a9","colorDark":"#00294f","band":1,"off":[-3,1.1]}},{"type":"Feature","geometry":{"type":"Point","coordinates":[16.941836,52.466643]},"properties":{"line":"214","mode":"bus","color":"#0059a9","colorDark":"#00294f","band":1,"off":[0,1.1]}},{"type":"Feature","geometry":{"type":"Point","coordinates":[16.941836,52.466643]},"properties":{"line":"348","mode":"bus","color":"#0059a9","colorDark":"#00294f","band":1,"off":[3,1.1]}},{"type":"Feature","geometry":{"type":"Point","coordinates":[16.938287,52.410785]},"properties":{"line":"4","mode":"tram","color":"#d6212b","colorDark":"#7c1116","band":1,"off":[-6,1.1]}},{"type":"Feature","geometry":{"type":"Point","coordinates":[16.938287,52.410785]},"properties":{"line":"17","mode":"tram","color":"#d6212b","colorDark":"#7c1116","band":1,"off":[-3,1.1]}},{"type":"Feature","geometry":{"type":"Point","coordinates":[16.938287,52.410785]},"properties":{"line":"213","mode":"bus","color":"#0059a9","colorDark":"#00294f","band":1,"off":[0,1.1]}},{"type":"Feature","geometry":{"type":"Point","coordinates":[16.938287,52.410785]},"properties":{"line":"223","mode":"bus","color":"#0059a9","colorDark":"#00294f","band":1,"off":[3,1.1]}},{"type":"Feature","geometry":{"type":"Point","coordinates":[16.938287,52.410785]},"properties":{"line":"T7","mode":"bus","color":"#0059a9","colorDark":"#00294f","band":1,"off":[6,1.1]}},{"type":"Feature","geometry":{"type":"Point","coordinates":[16.809257,52.431666]},"properties":{"line":"219","mode":"bus","color":"#0059a9","colorDark":"#00294f","band":1,"off":[-6,1.1]}},{"type":"Feature","geometry":{"type":"Point","coordinates":[16.809257,52.431666]},"properties":{"line":"802","mode":"bus","color":"#0059a9","colorDark":"#00294f","band":1,"off":[-3,1.1]}},{"type":"Feature","geometry":{"type":"Point","coordinates":[16.809257,52.431666]},"properties":{"line":"803","mode":"bus","color":"#0059a9","colorDark":"#00294f","band":1,"off":[0,1.1]}},{"type":"Feature","geometry":{"type":"Point","coordinates":[16.809257,52.431666]},"properties":{"line":"804","mode":"bus","color":"#0059a9","colorDark":"#00294f","band":1,"off":[3,1.1]}},{"type":"Feature","geometry":{"type":"Point","coordinates":[16.809257,52.431666]},"properties":{"line":"811","mode":"bus","color":"#0059a9","colorDark":"#00294f","band":1,"off":[6,1.1]}},{"type":"Feature","geometry":{"type":"Point","coordinates":[16.809257,52.431666]},"properties":{"line":"812","mode":"bus","color":"#0059a9","colorDark":"#00294f","band":1,"off":[-6,2.6]}},{"type":"Feature","geometry":{"type":"Point","coordinates":[16.809257,52.431666]},"properties":{"line":"813","mode":"bus","color":"#0059a9","colorDark":"#00294f","band":1,"off":[-3,2.6]}},{"type":"Feature","geometry":{"type":"Point","coordinates":[16.809257,52.431666]},"properties":{"line":"821","mode":"bus","color":"#0059a9","colorDark":"#00294f","band":1,"off":[0,2.6]}},{"type":"Feature","geometry":{"type":"Point","coordinates":[16.809257,52.431666]},"properties":{"line":"822","mode":"bus","color":"#0059a9","colorDark":"#00294f","band":1,"off":[3,2.6]}},{"type":"Feature","geometry":{"type":"Point","coordinates":[16.809257,52.431666]},"properties":{"line":"833","mode":"bus","color":"#0059a9","colorDark":"#00294f","band":1,"off":[6,2.6]}},{"type":"Feature","geometry":{"type":"Point","coordinates":[16.823595,52.377648]},"properties":{"line":"224","mode":"bus","color":"#0059a9","colorDark":"#00294f","band":1,"off":[-4.5,1.1]}},{"type":"Feature","geometry":{"type":"Point","coordinates":[16.823595,52.377648]},"properties":{"line":"715","mode":"bus","color":"#0059a9","colorDark":"#00294f","band":1,"off":[-1.5,1.1]}},{"type":"Feature","geometry":{"type":"Point","coordinates":[16.823595,52.377648]},"properties":{"line":"716","mode":"bus","color":"#0059a9","colorDark":"#00294f","band":1,"off":[1.5,1.1]}},{"type":"Feature","geometry":{"type":"Point","coordinates":[16.823595,52.377648]},"properties":{"line":"717","mode":"bus","color":"#0059a9","colorDark":"#00294f","band":1,"off":[4.5,1.1]}},{"type":"Feature","geometry":{"type":"Point","coordinates":[16.991464,52.452426]},"properties":{"line":"227","mode":"bus","color":"#0059a9","colorDark":"#00294f","band":1,"off":[-6,1.1]}},{"type":"Feature","geometry":{"type":"Point","coordinates":[16.991464,52.452426]},"properties":{"line":"312","mode":"bus","color":"#0059a9","colorDark":"#00294f","band":1,"off":[-3,1.1]}},{"type":"Feature","geometry":{"type":"Point","coordinates":[16.991464,52.452426]},"properties":{"line":"322","mode":"bus","color":"#0059a9","colorDark":"#00294f","band":1,"off":[0,1.1]}},{"type":"Feature","geometry":{"type":"Point","coordinates":[16.991464,52.452426]},"properties":{"line":"323","mode":"bus","color":"#0059a9","colorDark":"#00294f","band":1,"off":[3,1.1]}},{"type":"Feature","geometry":{"type":"Point","coordinates":[16.991464,52.452426]},"properties":{"line":"388","mode":"bus","color":"#0059a9","colorDark":"#00294f","band":1,"off":[6,1.1]}},{"type":"Feature","geometry":{"type":"Point","coordinates":[16.991049,52.445567]},"properties":{"line":"227","mode":"bus","color":"#0059a9","colorDark":"#00294f","band":1,"off":[-6,1.1]}},{"type":"Feature","geometry":{"type":"Point","coordinates":[16.991049,52.445567]},"properties":{"line":"322","mode":"bus","color":"#0059a9","colorDark":"#00294f","band":1,"off":[-3,1.1]}},{"type":"Feature","geometry":{"type":"Point","coordinates":[16.991049,52.445567]},"properties":{"line":"323","mode":"bus","color":"#0059a9","colorDark":"#00294f","band":1,"off":[0,1.1]}},{"type":"Feature","geometry":{"type":"Point","coordinates":[16.991049,52.445567]},"properties":{"line":"341","mode":"bus","color":"#0059a9","colorDark":"#00294f","band":1,"off":[3,1.1]}},{"type":"Feature","geometry":{"type":"Point","coordinates":[16.991049,52.445567]},"properties":{"line":"388","mode":"bus","color":"#0059a9","colorDark":"#00294f","band":1,"off":[6,1.1]}},{"type":"Feature","geometry":{"type":"Point","coordinates":[16.991049,52.445567]},"properties":{"line":"396","mode":"bus","color":"#0059a9","colorDark":"#00294f","band":1,"off":[0,2.6]}},{"type":"Feature","geometry":{"type":"Point","coordinates":[16.986781,52.511977]},"properties":{"line":"312","mode":"bus","color":"#0059a9","colorDark":"#00294f","band":1,"off":[-4.5,1.1]}},{"type":"Feature","geometry":{"type":"Point","coordinates":[16.986781,52.511977]},"properties":{"line":"342","mode":"bus","color":"#0059a9","colorDark":"#00294f","band":1,"off":[-1.5,1.1]}},{"type":"Feature","geometry":{"type":"Point","coordinates":[16.986781,52.511977]},"properties":{"line":"392","mode":"bus","color":"#0059a9","colorDark":"#00294f","band":1,"off":[1.5,1.1]}},{"type":"Feature","geometry":{"type":"Point","coordinates":[16.986781,52.511977]},"properties":{"line":"396","mode":"bus","color":"#0059a9","colorDark":"#00294f","band":1,"off":[4.5,1.1]}},{"type":"Feature","geometry":{"type":"Point","coordinates":[16.961647,52.551183]},"properties":{"line":"312","mode":"bus","color":"#0059a9","colorDark":"#00294f","band":1,"off":[0,1.1]}},{"type":"Feature","geometry":{"type":"Point","coordinates":[16.979948,52.468937]},"properties":{"line":"312","mode":"bus","color":"#0059a9","colorDark":"#00294f","band":1,"off":[-6,1.1]}},{"type":"Feature","geometry":{"type":"Point","coordinates":[16.979948,52.468937]},"properties":{"line":"341","mode":"bus","color":"#0059a9","colorDark":"#00294f","band":1,"off":[-3,1.1]}},{"type":"Feature","geometry":{"type":"Point","coordinates":[16.979948,52.468937]},"properties":{"line":"342","mode":"bus","color":"#0059a9","colorDark":"#00294f","band":1,"off":[0,1.1]}},{"type":"Feature","geometry":{"type":"Point","coordinates":[16.979948,52.468937]},"properties":{"line":"388","mode":"bus","color":"#0059a9","colorDark":"#00294f","band":1,"off":[3,1.1]}},{"type":"Feature","geometry":{"type":"Point","coordinates":[16.979948,52.468937]},"properties":{"line":"394","mode":"bus","color":"#0059a9","colorDark":"#00294f","band":1,"off":[6,1.1]}},{"type":"Feature","geometry":{"type":"Point","coordinates":[16.979948,52.468937]},"properties":{"line":"396","mode":"bus","color":"#0059a9","colorDark":"#00294f","band":1,"off":[0,2.6]}},{"type":"Feature","geometry":{"type":"Point","coordinates":[16.995532,52.458154]},"properties":{"line":"312","mode":"bus","color":"#0059a9","colorDark":"#00294f","band":1,"off":[-3,1.1]}},{"type":"Feature","geometry":{"type":"Point","coordinates":[16.995532,52.458154]},"properties":{"line":"322","mode":"bus","color":"#0059a9","colorDark":"#00294f","band":1,"off":[0,1.1]}},{"type":"Feature","geometry":{"type":"Point","coordinates":[16.995532,52.458154]},"properties":{"line":"323","mode":"bus","color":"#0059a9","colorDark":"#00294f","band":1,"off":[3,1.1]}},{"type":"Feature","geometry":{"type":"Point","coordinates":[17.020811,52.465302]},"properties":{"line":"320","mode":"bus","color":"#0059a9","colorDark":"#00294f","band":1,"off":[-6,1.1]}},{"type":"Feature","geometry":{"type":"Point","coordinates":[17.020811,52.465302]},"properties":{"line":"321","mode":"bus","color":"#0059a9","colorDark":"#00294f","band":1,"off":[-3,1.1]}},{"type":"Feature","geometry":{"type":"Point","coordinates":[17.020811,52.465302]},"properties":{"line":"323","mode":"bus","color":"#0059a9","colorDark":"#00294f","band":1,"off":[0,1.1]}},{"type":"Feature","geometry":{"type":"Point","coordinates":[17.020811,52.465302]},"properties":{"line":"388","mode":"bus","color":"#0059a9","colorDark":"#00294f","band":1,"off":[3,1.1]}},{"type":"Feature","geometry":{"type":"Point","coordinates":[17.020811,52.465302]},"properties":{"line":"396","mode":"bus","color":"#0059a9","colorDark":"#00294f","band":1,"off":[6,1.1]}},{"type":"Feature","geometry":{"type":"Point","coordinates":[16.911624,52.441354]},"properties":{"line":"9","mode":"tram","color":"#d6212b","colorDark":"#7c1116","band":1,"off":[-3,1.1]}},{"type":"Feature","geometry":{"type":"Point","coordinates":[16.911624,52.441354]},"properties":{"line":"11","mode":"tram","color":"#d6212b","colorDark":"#7c1116","band":1,"off":[0,1.1]}},{"type":"Feature","geometry":{"type":"Point","coordinates":[16.911624,52.441354]},"properties":{"line":"322","mode":"bus","color":"#0059a9","colorDark":"#00294f","band":1,"off":[3,1.1]}},{"type":"Feature","geometry":{"type":"Point","coordinates":[17.136167,52.515652]},"properties":{"line":"323","mode":"bus","color":"#0059a9","colorDark":"#00294f","band":1,"off":[0,1.1]}},{"type":"Feature","geometry":{"type":"Point","coordinates":[17.106678,52.497429]},"properties":{"line":"323","mode":"bus","color":"#0059a9","colorDark":"#00294f","band":1,"off":[-1.5,1.1]}},{"type":"Feature","geometry":{"type":"Point","coordinates":[17.106678,52.497429]},"properties":{"line":"493","mode":"bus","color":"#0059a9","colorDark":"#00294f","band":1,"off":[1.5,1.1]}},{"type":"Feature","geometry":{"type":"Point","coordinates":[17.082475,52.498591]},"properties":{"line":"323","mode":"bus","color":"#0059a9","colorDark":"#00294f","band":1,"off":[-1.5,1.1]}},{"type":"Feature","geometry":{"type":"Point","coordinates":[17.082475,52.498591]},"properties":{"line":"388","mode":"bus","color":"#0059a9","colorDark":"#00294f","band":1,"off":[1.5,1.1]}},{"type":"Feature","geometry":{"type":"Point","coordinates":[17.00978,52.587188]},"properties":{"line":"341","mode":"bus","color":"#0059a9","colorDark":"#00294f","band":1,"off":[-3,1.1]}},{"type":"Feature","geometry":{"type":"Point","coordinates":[17.00978,52.587188]},"properties":{"line":"342","mode":"bus","color":"#0059a9","colorDark":"#00294f","band":1,"off":[0,1.1]}},{"type":"Feature","geometry":{"type":"Point","coordinates":[17.00978,52.587188]},"properties":{"line":"348","mode":"bus","color":"#0059a9","colorDark":"#00294f","band":1,"off":[3,1.1]}},{"type":"Feature","geometry":{"type":"Point","coordinates":[16.947181,52.544976]},"properties":{"line":"348","mode":"bus","color":"#0059a9","colorDark":"#00294f","band":1,"off":[-3,1.1]}},{"type":"Feature","geometry":{"type":"Point","coordinates":[16.947181,52.544976]},"properties":{"line":"397","mode":"bus","color":"#0059a9","colorDark":"#00294f","band":1,"off":[0,1.1]}},{"type":"Feature","geometry":{"type":"Point","coordinates":[16.947181,52.544976]},"properties":{"line":"911","mode":"bus","color":"#0059a9","colorDark":"#00294f","band":1,"off":[3,1.1]}},{"type":"Feature","geometry":{"type":"Point","coordinates":[17.029933,52.524469]},"properties":{"line":"392","mode":"bus","color":"#0059a9","colorDark":"#00294f","band":1,"off":[-1.5,1.1]}},{"type":"Feature","geometry":{"type":"Point","coordinates":[17.029933,52.524469]},"properties":{"line":"396","mode":"bus","color":"#0059a9","colorDark":"#00294f","band":1,"off":[1.5,1.1]}},{"type":"Feature","geometry":{"type":"Point","coordinates":[16.989518,52.490274]},"properties":{"line":"394","mode":"bus","color":"#0059a9","colorDark":"#00294f","band":1,"off":[0,1.1]}},{"type":"Feature","geometry":{"type":"Point","coordinates":[16.978471,52.540156]},"properties":{"line":"397","mode":"bus","color":"#0059a9","colorDark":"#00294f","band":1,"off":[0,1.1]}},{"type":"Feature","geometry":{"type":"Point","coordinates":[17.020218,52.533946]},"properties":{"line":"397","mode":"bus","color":"#0059a9","colorDark":"#00294f","band":1,"off":[0,1.1]}},{"type":"Feature","geometry":{"type":"Point","coordinates":[17.078537,52.445711]},"properties":{"line":"400","mode":"bus","color":"#0059a9","colorDark":"#00294f","band":1,"off":[-6,1.1]}},{"type":"Feature","geometry":{"type":"Point","coordinates":[17.078537,52.445711]},"properties":{"line":"412","mode":"bus","color":"#0059a9","colorDark":"#00294f","band":1,"off":[-3,1.1]}},{"type":"Feature","geometry":{"type":"Point","coordinates":[17.078537,52.445711]},"properties":{"line":"492","mode":"bus","color":"#0059a9","colorDark":"#00294f","band":1,"off":[0,1.1]}},{"type":"Feature","geometry":{"type":"Point","coordinates":[17.078537,52.445711]},"properties":{"line":"493","mode":"bus","color":"#0059a9","colorDark":"#00294f","band":1,"off":[3,1.1]}},{"type":"Feature","geometry":{"type":"Point","coordinates":[17.078537,52.445711]},"properties":{"line":"494","mode":"bus","color":"#0059a9","colorDark":"#00294f","band":1,"off":[6,1.1]}},{"type":"Feature","geometry":{"type":"Point","coordinates":[17.072677,52.430881]},"properties":{"line":"400","mode":"bus","color":"#0059a9","colorDark":"#00294f","band":1,"off":[-4.5,1.1]}},{"type":"Feature","geometry":{"type":"Point","coordinates":[17.072677,52.430881]},"properties":{"line":"412","mode":"bus","color":"#0059a9","colorDark":"#00294f","band":1,"off":[-1.5,1.1]}},{"type":"Feature","geometry":{"type":"Point","coordinates":[17.072677,52.430881]},"properties":{"line":"416","mode":"bus","color":"#0059a9","colorDark":"#00294f","band":1,"off":[1.5,1.1]}},{"type":"Feature","geometry":{"type":"Point","coordinates":[17.072677,52.430881]},"properties":{"line":"494","mode":"bus","color":"#0059a9","colorDark":"#00294f","band":1,"off":[4.5,1.1]}},{"type":"Feature","geometry":{"type":"Point","coordinates":[17.080812,52.421046]},"properties":{"line":"400","mode":"bus","color":"#0059a9","colorDark":"#00294f","band":1,"off":[-6,1.1]}},{"type":"Feature","geometry":{"type":"Point","coordinates":[17.080812,52.421046]},"properties":{"line":"401","mode":"bus","color":"#0059a9","colorDark":"#00294f","band":1,"off":[-3,1.1]}},{"type":"Feature","geometry":{"type":"Point","coordinates":[17.080812,52.421046]},"properties":{"line":"412","mode":"bus","color":"#0059a9","colorDark":"#00294f","band":1,"off":[0,1.1]}},{"type":"Feature","geometry":{"type":"Point","coordinates":[17.080812,52.421046]},"properties":{"line":"491","mode":"bus","color":"#0059a9","colorDark":"#00294f","band":1,"off":[3,1.1]}},{"type":"Feature","geometry":{"type":"Point","coordinates":[17.080812,52.421046]},"properties":{"line":"494","mode":"bus","color":"#0059a9","colorDark":"#00294f","band":1,"off":[6,1.1]}},{"type":"Feature","geometry":{"type":"Point","coordinates":[17.080812,52.421046]},"properties":{"line":"499","mode":"bus","color":"#0059a9","colorDark":"#00294f","band":1,"off":[0,2.6]}},{"type":"Feature","geometry":{"type":"Point","coordinates":[17.064681,52.39997]},"properties":{"line":"400","mode":"bus","color":"#0059a9","colorDark":"#00294f","band":1,"off":[-6,1.1]}},{"type":"Feature","geometry":{"type":"Point","coordinates":[17.064681,52.39997]},"properties":{"line":"405","mode":"bus","color":"#0059a9","colorDark":"#00294f","band":1,"off":[-3,1.1]}},{"type":"Feature","geometry":{"type":"Point","coordinates":[17.064681,52.39997]},"properties":{"line":"406","mode":"bus","color":"#0059a9","colorDark":"#00294f","band":1,"off":[0,1.1]}},{"type":"Feature","geometry":{"type":"Point","coordinates":[17.064681,52.39997]},"properties":{"line":"407","mode":"bus","color":"#0059a9","colorDark":"#00294f","band":1,"off":[3,1.1]}},{"type":"Feature","geometry":{"type":"Point","coordinates":[17.064681,52.39997]},"properties":{"line":"484","mode":"bus","color":"#0059a9","colorDark":"#00294f","band":1,"off":[6,1.1]}},{"type":"Feature","geometry":{"type":"Point","coordinates":[17.064681,52.39997]},"properties":{"line":"494","mode":"bus","color":"#0059a9","colorDark":"#00294f","band":1,"off":[-1.5,2.6]}},{"type":"Feature","geometry":{"type":"Point","coordinates":[17.064681,52.39997]},"properties":{"line":"497","mode":"bus","color":"#0059a9","colorDark":"#00294f","band":1,"off":[1.5,2.6]}},{"type":"Feature","geometry":{"type":"Point","coordinates":[17.075789,52.410567]},"properties":{"line":"405","mode":"bus","color":"#0059a9","colorDark":"#00294f","band":1,"off":[-6,1.1]}},{"type":"Feature","geometry":{"type":"Point","coordinates":[17.075789,52.410567]},"properties":{"line":"406","mode":"bus","color":"#0059a9","colorDark":"#00294f","band":1,"off":[-3,1.1]}},{"type":"Feature","geometry":{"type":"Point","coordinates":[17.075789,52.410567]},"properties":{"line":"412","mode":"bus","color":"#0059a9","colorDark":"#00294f","band":1,"off":[0,1.1]}},{"type":"Feature","geometry":{"type":"Point","coordinates":[17.075789,52.410567]},"properties":{"line":"484","mode":"bus","color":"#0059a9","colorDark":"#00294f","band":1,"off":[3,1.1]}},{"type":"Feature","geometry":{"type":"Point","coordinates":[17.075789,52.410567]},"properties":{"line":"485","mode":"bus","color":"#0059a9","colorDark":"#00294f","band":1,"off":[6,1.1]}},{"type":"Feature","geometry":{"type":"Point","coordinates":[17.075789,52.410567]},"properties":{"line":"486","mode":"bus","color":"#0059a9","colorDark":"#00294f","band":1,"off":[-6,2.6]}},{"type":"Feature","geometry":{"type":"Point","coordinates":[17.075789,52.410567]},"properties":{"line":"490","mode":"bus","color":"#0059a9","colorDark":"#00294f","band":1,"off":[-3,2.6]}},{"type":"Feature","geometry":{"type":"Point","coordinates":[17.075789,52.410567]},"properties":{"line":"491","mode":"bus","color":"#0059a9","colorDark":"#00294f","band":1,"off":[0,2.6]}},{"type":"Feature","geometry":{"type":"Point","coordinates":[17.075789,52.410567]},"properties":{"line":"494","mode":"bus","color":"#0059a9","colorDark":"#00294f","band":1,"off":[3,2.6]}},{"type":"Feature","geometry":{"type":"Point","coordinates":[17.075789,52.410567]},"properties":{"line":"498","mode":"bus","color":"#0059a9","colorDark":"#00294f","band":1,"off":[6,2.6]}},{"type":"Feature","geometry":{"type":"Point","coordinates":[17.096029,52.405319]},"properties":{"line":"406","mode":"bus","color":"#0059a9","colorDark":"#00294f","band":1,"off":[0,1.1]}},{"type":"Feature","geometry":{"type":"Point","coordinates":[17.109171,52.398019]},"properties":{"line":"407","mode":"bus","color":"#0059a9","colorDark":"#00294f","band":1,"off":[0,1.1]}},{"type":"Feature","geometry":{"type":"Point","coordinates":[17.073275,52.404518]},"properties":{"line":"412","mode":"bus","color":"#0059a9","colorDark":"#00294f","band":1,"off":[-6,1.1]}},{"type":"Feature","geometry":{"type":"Point","coordinates":[17.073275,52.404518]},"properties":{"line":"484","mode":"bus","color":"#0059a9","colorDark":"#00294f","band":1,"off":[-3,1.1]}},{"type":"Feature","geometry":{"type":"Point","coordinates":[17.073275,52.404518]},"properties":{"line":"485","mode":"bus","color":"#0059a9","colorDark":"#00294f","band":1,"off":[0,1.1]}},{"type":"Feature","geometry":{"type":"Point","coordinates":[17.073275,52.404518]},"properties":{"line":"486","mode":"bus","color":"#0059a9","colorDark":"#00294f","band":1,"off":[3,1.1]}},{"type":"Feature","geometry":{"type":"Point","coordinates":[17.073275,52.404518]},"properties":{"line":"490","mode":"bus","color":"#0059a9","colorDark":"#00294f","band":1,"off":[6,1.1]}},{"type":"Feature","geometry":{"type":"Point","coordinates":[17.073275,52.404518]},"properties":{"line":"491","mode":"bus","color":"#0059a9","colorDark":"#00294f","band":1,"off":[-1.5,2.6]}},{"type":"Feature","geometry":{"type":"Point","coordinates":[17.073275,52.404518]},"properties":{"line":"498","mode":"bus","color":"#0059a9","colorDark":"#00294f","band":1,"off":[1.5,2.6]}},{"type":"Feature","geometry":{"type":"Point","coordinates":[17.060356,52.383516]},"properties":{"line":"425","mode":"bus","color":"#0059a9","colorDark":"#00294f","band":1,"off":[-4.5,1.1]}},{"type":"Feature","geometry":{"type":"Point","coordinates":[17.060356,52.383516]},"properties":{"line":"484","mode":"bus","color":"#0059a9","colorDark":"#00294f","band":1,"off":[-1.5,1.1]}},{"type":"Feature","geometry":{"type":"Point","coordinates":[17.060356,52.383516]},"properties":{"line":"497","mode":"bus","color":"#0059a9","colorDark":"#00294f","band":1,"off":[1.5,1.1]}},{"type":"Feature","geometry":{"type":"Point","coordinates":[17.060356,52.383516]},"properties":{"line":"499","mode":"bus","color":"#0059a9","colorDark":"#00294f","band":1,"off":[4.5,1.1]}},{"type":"Feature","geometry":{"type":"Point","coordinates":[17.171862,52.333357]},"properties":{"line":"431","mode":"bus","color":"#0059a9","colorDark":"#00294f","band":1,"off":[-3,1.1]}},{"type":"Feature","geometry":{"type":"Point","coordinates":[17.171862,52.333357]},"properties":{"line":"432","mode":"bus","color":"#0059a9","colorDark":"#00294f","band":1,"off":[0,1.1]}},{"type":"Feature","geometry":{"type":"Point","coordinates":[17.171862,52.333357]},"properties":{"line":"488","mode":"bus","color":"#0059a9","colorDark":"#00294f","band":1,"off":[3,1.1]}},{"type":"Feature","geometry":{"type":"Point","coordinates":[17.131662,52.359752]},"properties":{"line":"431","mode":"bus","color":"#0059a9","colorDark":"#00294f","band":1,"off":[-1.5,1.1]}},{"type":"Feature","geometry":{"type":"Point","coordinates":[17.131662,52.359752]},"properties":{"line":"433","mode":"bus","color":"#0059a9","colorDark":"#00294f","band":1,"off":[1.5,1.1]}},{"type":"Feature","geometry":{"type":"Point","coordinates":[17.276765,52.479456]},"properties":{"line":"485","mode":"bus","color":"#0059a9","colorDark":"#00294f","band":1,"off":[0,1.1]}},{"type":"Feature","geometry":{"type":"Point","coordinates":[17.16301,52.380884]},"properties":{"line":"486","mode":"bus","color":"#0059a9","colorDark":"#00294f","band":1,"off":[0,1.1]}},{"type":"Feature","geometry":{"type":"Point","coordinates":[17.223512,52.303005]},"properties":{"line":"488","mode":"bus","color":"#0059a9","colorDark":"#00294f","band":1,"off":[0,1.1]}},{"type":"Feature","geometry":{"type":"Point","coordinates":[17.110023,52.426107]},"properties":{"line":"491","mode":"bus","color":"#0059a9","colorDark":"#00294f","band":1,"off":[0,1.1]}},{"type":"Feature","geometry":{"type":"Point","coordinates":[17.123582,52.453367]},"properties":{"line":"492","mode":"bus","color":"#0059a9","colorDark":"#00294f","band":1,"off":[0,1.1]}},{"type":"Feature","geometry":{"type":"Point","coordinates":[17.069676,52.361717]},"properties":{"line":"494","mode":"bus","color":"#0059a9","colorDark":"#00294f","band":1,"off":[0,1.1]}},{"type":"Feature","geometry":{"type":"Point","coordinates":[17.103028,52.374662]},"properties":{"line":"497","mode":"bus","color":"#0059a9","colorDark":"#00294f","band":1,"off":[-1.5,1.1]}},{"type":"Feature","geometry":{"type":"Point","coordinates":[17.103028,52.374662]},"properties":{"line":"498","mode":"bus","color":"#0059a9","colorDark":"#00294f","band":1,"off":[1.5,1.1]}},{"type":"Feature","geometry":{"type":"Point","coordinates":[17.082293,52.252984]},"properties":{"line":"501","mode":"bus","color":"#0059a9","colorDark":"#00294f","band":1,"off":[-6,1.1]}},{"type":"Feature","geometry":{"type":"Point","coordinates":[17.082293,52.252984]},"properties":{"line":"502","mode":"bus","color":"#0059a9","colorDark":"#00294f","band":1,"off":[-3,1.1]}},{"type":"Feature","geometry":{"type":"Point","coordinates":[17.082293,52.252984]},"properties":{"line":"560","mode":"bus","color":"#0059a9","colorDark":"#00294f","band":1,"off":[0,1.1]}},{"type":"Feature","geometry":{"type":"Point","coordinates":[17.082293,52.252984]},"properties":{"line":"590","mode":"bus","color":"#0059a9","colorDark":"#00294f","band":1,"off":[3,1.1]}},{"type":"Feature","geometry":{"type":"Point","coordinates":[17.082293,52.252984]},"properties":{"line":"591","mode":"bus","color":"#0059a9","colorDark":"#00294f","band":1,"off":[6,1.1]}},{"type":"Feature","geometry":{"type":"Point","coordinates":[17.082293,52.252984]},"properties":{"line":"598","mode":"bus","color":"#0059a9","colorDark":"#00294f","band":1,"off":[-1.5,2.6]}},{"type":"Feature","geometry":{"type":"Point","coordinates":[17.082293,52.252984]},"properties":{"line":"599","mode":"bus","color":"#0059a9","colorDark":"#00294f","band":1,"off":[1.5,2.6]}},{"type":"Feature","geometry":{"type":"Point","coordinates":[17.088279,52.24788]},"properties":{"line":"501","mode":"bus","color":"#0059a9","colorDark":"#00294f","band":1,"off":[-6,1.1]}},{"type":"Feature","geometry":{"type":"Point","coordinates":[17.088279,52.24788]},"properties":{"line":"502","mode":"bus","color":"#0059a9","colorDark":"#00294f","band":1,"off":[-3,1.1]}},{"type":"Feature","geometry":{"type":"Point","coordinates":[17.088279,52.24788]},"properties":{"line":"560","mode":"bus","color":"#0059a9","colorDark":"#00294f","band":1,"off":[0,1.1]}},{"type":"Feature","geometry":{"type":"Point","coordinates":[17.088279,52.24788]},"properties":{"line":"580","mode":"bus","color":"#0059a9","colorDark":"#00294f","band":1,"off":[3,1.1]}},{"type":"Feature","geometry":{"type":"Point","coordinates":[17.088279,52.24788]},"properties":{"line":"582","mode":"bus","color":"#0059a9","colorDark":"#00294f","band":1,"off":[6,1.1]}},{"type":"Feature","geometry":{"type":"Point","coordinates":[17.088279,52.24788]},"properties":{"line":"590","mode":"bus","color":"#0059a9","colorDark":"#00294f","band":1,"off":[-6,2.6]}},{"type":"Feature","geometry":{"type":"Point","coordinates":[17.088279,52.24788]},"properties":{"line":"591","mode":"bus","color":"#0059a9","colorDark":"#00294f","band":1,"off":[-3,2.6]}},{"type":"Feature","geometry":{"type":"Point","coordinates":[17.088279,52.24788]},"properties":{"line":"598","mode":"bus","color":"#0059a9","colorDark":"#00294f","band":1,"off":[0,2.6]}},{"type":"Feature","geometry":{"type":"Point","coordinates":[17.088279,52.24788]},"properties":{"line":"599","mode":"bus","color":"#0059a9","colorDark":"#00294f","band":1,"off":[3,2.6]}},{"type":"Feature","geometry":{"type":"Point","coordinates":[17.088279,52.24788]},"properties":{"line":"699","mode":"bus","color":"#0059a9","colorDark":"#00294f","band":1,"off":[6,2.6]}},{"type":"Feature","geometry":{"type":"Point","coordinates":[17.087051,52.222866]},"properties":{"line":"501","mode":"bus","color":"#0059a9","colorDark":"#00294f","band":1,"off":[-6,1.1]}},{"type":"Feature","geometry":{"type":"Point","coordinates":[17.087051,52.222866]},"properties":{"line":"502","mode":"bus","color":"#0059a9","colorDark":"#00294f","band":1,"off":[-3,1.1]}},{"type":"Feature","geometry":{"type":"Point","coordinates":[17.087051,52.222866]},"properties":{"line":"560","mode":"bus","color":"#0059a9","colorDark":"#00294f","band":1,"off":[0,1.1]}},{"type":"Feature","geometry":{"type":"Point","coordinates":[17.087051,52.222866]},"properties":{"line":"590","mode":"bus","color":"#0059a9","colorDark":"#00294f","band":1,"off":[3,1.1]}},{"type":"Feature","geometry":{"type":"Point","coordinates":[17.087051,52.222866]},"properties":{"line":"595","mode":"bus","color":"#0059a9","colorDark":"#00294f","band":1,"off":[6,1.1]}},{"type":"Feature","geometry":{"type":"Point","coordinates":[17.087051,52.222866]},"properties":{"line":"598","mode":"bus","color":"#0059a9","colorDark":"#00294f","band":1,"off":[0,2.6]}},{"type":"Feature","geometry":{"type":"Point","coordinates":[17.076511,52.218735]},"properties":{"line":"501","mode":"bus","color":"#0059a9","colorDark":"#00294f","band":1,"off":[-3,1.1]}},{"type":"Feature","geometry":{"type":"Point","coordinates":[17.076511,52.218735]},"properties":{"line":"590","mode":"bus","color":"#0059a9","colorDark":"#00294f","band":1,"off":[0,1.1]}},{"type":"Feature","geometry":{"type":"Point","coordinates":[17.076511,52.218735]},"properties":{"line":"598","mode":"bus","color":"#0059a9","colorDark":"#00294f","band":1,"off":[3,1.1]}},{"type":"Feature","geometry":{"type":"Point","coordinates":[17.091068,52.252299]},"properties":{"line":"502","mode":"bus","color":"#0059a9","colorDark":"#00294f","band":1,"off":[-6,1.1]}},{"type":"Feature","geometry":{"type":"Point","coordinates":[17.091068,52.252299]},"properties":{"line":"590","mode":"bus","color":"#0059a9","colorDark":"#00294f","band":1,"off":[-3,1.1]}},{"type":"Feature","geometry":{"type":"Point","coordinates":[17.091068,52.252299]},"properties":{"line":"591","mode":"bus","color":"#0059a9","colorDark":"#00294f","band":1,"off":[0,1.1]}},{"type":"Feature","geometry":{"type":"Point","coordinates":[17.091068,52.252299]},"properties":{"line":"592","mode":"bus","color":"#0059a9","colorDark":"#00294f","band":1,"off":[3,1.1]}},{"type":"Feature","geometry":{"type":"Point","coordinates":[17.091068,52.252299]},"properties":{"line":"699","mode":"bus","color":"#0059a9","colorDark":"#00294f","band":1,"off":[6,1.1]}},{"type":"Feature","geometry":{"type":"Point","coordinates":[17.056401,52.300985]},"properties":{"line":"503","mode":"bus","color":"#0059a9","colorDark":"#00294f","band":1,"off":[-1.5,1.1]}},{"type":"Feature","geometry":{"type":"Point","coordinates":[17.056401,52.300985]},"properties":{"line":"592","mode":"bus","color":"#0059a9","colorDark":"#00294f","band":1,"off":[1.5,1.1]}},{"type":"Feature","geometry":{"type":"Point","coordinates":[17.105178,52.284507]},"properties":{"line":"503","mode":"bus","color":"#0059a9","colorDark":"#00294f","band":1,"off":[0,1.1]}},{"type":"Feature","geometry":{"type":"Point","coordinates":[17.047304,52.277328]},"properties":{"line":"511","mode":"bus","color":"#0059a9","colorDark":"#00294f","band":1,"off":[-3,1.1]}},{"type":"Feature","geometry":{"type":"Point","coordinates":[17.047304,52.277328]},"properties":{"line":"512","mode":"bus","color":"#0059a9","colorDark":"#00294f","band":1,"off":[0,1.1]}},{"type":"Feature","geometry":{"type":"Point","coordinates":[17.047304,52.277328]},"properties":{"line":"599","mode":"bus","color":"#0059a9","colorDark":"#00294f","band":1,"off":[3,1.1]}},{"type":"Feature","geometry":{"type":"Point","coordinates":[16.994573,52.286241]},"properties":{"line":"511","mode":"bus","color":"#0059a9","colorDark":"#00294f","band":1,"off":[-4.5,1.1]}},{"type":"Feature","geometry":{"type":"Point","coordinates":[16.994573,52.286241]},"properties":{"line":"512","mode":"bus","color":"#0059a9","colorDark":"#00294f","band":1,"off":[-1.5,1.1]}},{"type":"Feature","geometry":{"type":"Point","coordinates":[16.994573,52.286241]},"properties":{"line":"527","mode":"bus","color":"#0059a9","colorDark":"#00294f","band":1,"off":[1.5,1.1]}},{"type":"Feature","geometry":{"type":"Point","coordinates":[16.994573,52.286241]},"properties":{"line":"599","mode":"bus","color":"#0059a9","colorDark":"#00294f","band":1,"off":[4.5,1.1]}},{"type":"Feature","geometry":{"type":"Point","coordinates":[17.010368,52.304473]},"properties":{"line":"511","mode":"bus","color":"#0059a9","colorDark":"#00294f","band":1,"off":[-3,1.1]}},{"type":"Feature","geometry":{"type":"Point","coordinates":[17.010368,52.304473]},"properties":{"line":"512","mode":"bus","color":"#0059a9","colorDark":"#00294f","band":1,"off":[0,1.1]}},{"type":"Feature","geometry":{"type":"Point","coordinates":[17.010368,52.304473]},"properties":{"line":"599","mode":"bus","color":"#0059a9","colorDark":"#00294f","band":1,"off":[3,1.1]}},{"type":"Feature","geometry":{"type":"Point","coordinates":[17.165525,52.151696]},"properties":{"line":"560","mode":"bus","color":"#0059a9","colorDark":"#00294f","band":1,"off":[-1.5,1.1]}},{"type":"Feature","geometry":{"type":"Point","coordinates":[17.165525,52.151696]},"properties":{"line":"561","mode":"bus","color":"#0059a9","colorDark":"#00294f","band":1,"off":[1.5,1.1]}},{"type":"Feature","geometry":{"type":"Point","coordinates":[17.267177,52.22836]},"properties":{"line":"582","mode":"bus","color":"#0059a9","colorDark":"#00294f","band":1,"off":[0,1.1]}},{"type":"Feature","geometry":{"type":"Point","coordinates":[17.104384,52.281505]},"properties":{"line":"590","mode":"bus","color":"#0059a9","colorDark":"#00294f","band":1,"off":[0,1.1]}},{"type":"Feature","geometry":{"type":"Point","coordinates":[17.169847,52.269098]},"properties":{"line":"591","mode":"bus","color":"#0059a9","colorDark":"#00294f","band":1,"off":[0,1.1]}},{"type":"Feature","geometry":{"type":"Point","coordinates":[17.047962,52.221466]},"properties":{"line":"595","mode":"bus","color":"#0059a9","colorDark":"#00294f","band":1,"off":[-1.5,1.1]}},{"type":"Feature","geometry":{"type":"Point","coordinates":[17.047962,52.221466]},"properties":{"line":"598","mode":"bus","color":"#0059a9","colorDark":"#00294f","band":1,"off":[1.5,1.1]}},{"type":"Feature","geometry":{"type":"Point","coordinates":[17.053245,52.18307]},"properties":{"line":"595","mode":"bus","color":"#0059a9","colorDark":"#00294f","band":1,"off":[-1.5,1.1]}},{"type":"Feature","geometry":{"type":"Point","coordinates":[17.053245,52.18307]},"properties":{"line":"598","mode":"bus","color":"#0059a9","colorDark":"#00294f","band":1,"off":[1.5,1.1]}},{"type":"Feature","geometry":{"type":"Point","coordinates":[16.882305,52.316229]},"properties":{"line":"602","mode":"bus","color":"#0059a9","colorDark":"#00294f","band":1,"off":[-6,1.1]}},{"type":"Feature","geometry":{"type":"Point","coordinates":[16.882305,52.316229]},"properties":{"line":"603","mode":"bus","color":"#0059a9","colorDark":"#00294f","band":1,"off":[-3,1.1]}},{"type":"Feature","geometry":{"type":"Point","coordinates":[16.882305,52.316229]},"properties":{"line":"614","mode":"bus","color":"#0059a9","colorDark":"#00294f","band":1,"off":[0,1.1]}},{"type":"Feature","geometry":{"type":"Point","coordinates":[16.882305,52.316229]},"properties":{"line":"690","mode":"bus","color":"#0059a9","colorDark":"#00294f","band":1,"off":[3,1.1]}},{"type":"Feature","geometry":{"type":"Point","coordinates":[16.882305,52.316229]},"properties":{"line":"789","mode":"bus","color":"#0059a9","colorDark":"#00294f","band":1,"off":[6,1.1]}},{"type":"Feature","geometry":{"type":"Point","coordinates":[16.854363,52.345109]},"properties":{"line":"610","mode":"bus","color":"#0059a9","colorDark":"#00294f","band":1,"off":[-4.5,1.1]}},{"type":"Feature","geometry":{"type":"Point","coordinates":[16.854363,52.345109]},"properties":{"line":"616","mode":"bus","color":"#0059a9","colorDark":"#00294f","band":1,"off":[-1.5,1.1]}},{"type":"Feature","geometry":{"type":"Point","coordinates":[16.854363,52.345109]},"properties":{"line":"690","mode":"bus","color":"#0059a9","colorDark":"#00294f","band":1,"off":[1.5,1.1]}},{"type":"Feature","geometry":{"type":"Point","coordinates":[16.854363,52.345109]},"properties":{"line":"702","mode":"bus","color":"#0059a9","colorDark":"#00294f","band":1,"off":[4.5,1.1]}},{"type":"Feature","geometry":{"type":"Point","coordinates":[16.880666,52.320471]},"properties":{"line":"614","mode":"bus","color":"#0059a9","colorDark":"#00294f","band":1,"off":[-3,1.1]}},{"type":"Feature","geometry":{"type":"Point","coordinates":[16.880666,52.320471]},"properties":{"line":"690","mode":"bus","color":"#0059a9","colorDark":"#00294f","band":1,"off":[0,1.1]}},{"type":"Feature","geometry":{"type":"Point","coordinates":[16.880666,52.320471]},"properties":{"line":"701","mode":"bus","color":"#0059a9","colorDark":"#00294f","band":1,"off":[3,1.1]}},{"type":"Feature","geometry":{"type":"Point","coordinates":[16.85156,52.241359]},"properties":{"line":"651","mode":"bus","color":"#0059a9","colorDark":"#00294f","band":1,"off":[-6,1.1]}},{"type":"Feature","geometry":{"type":"Point","coordinates":[16.85156,52.241359]},"properties":{"line":"691","mode":"bus","color":"#0059a9","colorDark":"#00294f","band":1,"off":[-3,1.1]}},{"type":"Feature","geometry":{"type":"Point","coordinates":[16.85156,52.241359]},"properties":{"line":"692","mode":"bus","color":"#0059a9","colorDark":"#00294f","band":1,"off":[0,1.1]}},{"type":"Feature","geometry":{"type":"Point","coordinates":[16.85156,52.241359]},"properties":{"line":"693","mode":"bus","color":"#0059a9","colorDark":"#00294f","band":1,"off":[3,1.1]}},{"type":"Feature","geometry":{"type":"Point","coordinates":[16.85156,52.241359]},"properties":{"line":"PKS","mode":"bus","color":"#0059a9","colorDark":"#00294f","band":1,"off":[6,1.1]}},{"type":"Feature","geometry":{"type":"Point","coordinates":[16.756271,52.212324]},"properties":{"line":"691","mode":"bus","color":"#0059a9","colorDark":"#00294f","band":1,"off":[0,1.1]}},{"type":"Feature","geometry":{"type":"Point","coordinates":[16.757903,52.228987]},"properties":{"line":"692","mode":"bus","color":"#0059a9","colorDark":"#00294f","band":1,"off":[0,1.1]}},{"type":"Feature","geometry":{"type":"Point","coordinates":[16.9494,52.208649]},"properties":{"line":"693","mode":"bus","color":"#0059a9","colorDark":"#00294f","band":1,"off":[0,1.1]}},{"type":"Feature","geometry":{"type":"Point","coordinates":[16.98477,52.214731]},"properties":{"line":"698","mode":"bus","color":"#0059a9","colorDark":"#00294f","band":1,"off":[-1.5,1.1]}},{"type":"Feature","geometry":{"type":"Point","coordinates":[16.98477,52.214731]},"properties":{"line":"699","mode":"bus","color":"#0059a9","colorDark":"#00294f","band":1,"off":[1.5,1.1]}},{"type":"Feature","geometry":{"type":"Point","coordinates":[16.80315,52.329515]},"properties":{"line":"701","mode":"bus","color":"#0059a9","colorDark":"#00294f","band":1,"off":[0,1.1]}},{"type":"Feature","geometry":{"type":"Point","coordinates":[16.820129,52.324489]},"properties":{"line":"702","mode":"bus","color":"#0059a9","colorDark":"#00294f","band":1,"off":[0,1.1]}},{"type":"Feature","geometry":{"type":"Point","coordinates":[16.717237,52.334769]},"properties":{"line":"703","mode":"bus","color":"#0059a9","colorDark":"#00294f","band":1,"off":[-1.5,1.1]}},{"type":"Feature","geometry":{"type":"Point","coordinates":[16.717237,52.334769]},"properties":{"line":"791","mode":"bus","color":"#0059a9","colorDark":"#00294f","band":1,"off":[1.5,1.1]}},{"type":"Feature","geometry":{"type":"Point","coordinates":[16.793919,52.3478]},"properties":{"line":"704","mode":"bus","color":"#0059a9","colorDark":"#00294f","band":1,"off":[-1.5,1.1]}},{"type":"Feature","geometry":{"type":"Point","coordinates":[16.793919,52.3478]},"properties":{"line":"710","mode":"bus","color":"#0059a9","colorDark":"#00294f","band":1,"off":[1.5,1.1]}},{"type":"Feature","geometry":{"type":"Point","coordinates":[16.76881,52.346527]},"properties":{"line":"704","mode":"bus","color":"#0059a9","colorDark":"#00294f","band":1,"off":[-3,1.1]}},{"type":"Feature","geometry":{"type":"Point","coordinates":[16.76881,52.346527]},"properties":{"line":"716","mode":"bus","color":"#0059a9","colorDark":"#00294f","band":1,"off":[0,1.1]}},{"type":"Feature","geometry":{"type":"Point","coordinates":[16.76881,52.346527]},"properties":{"line":"789","mode":"bus","color":"#0059a9","colorDark":"#00294f","band":1,"off":[3,1.1]}},{"type":"Feature","geometry":{"type":"Point","coordinates":[16.795033,52.340258]},"properties":{"line":"704","mode":"bus","color":"#0059a9","colorDark":"#00294f","band":1,"off":[-3,1.1]}},{"type":"Feature","geometry":{"type":"Point","coordinates":[16.795033,52.340258]},"properties":{"line":"716","mode":"bus","color":"#0059a9","colorDark":"#00294f","band":1,"off":[0,1.1]}},{"type":"Feature","geometry":{"type":"Point","coordinates":[16.795033,52.340258]},"properties":{"line":"789","mode":"bus","color":"#0059a9","colorDark":"#00294f","band":1,"off":[3,1.1]}},{"type":"Feature","geometry":{"type":"Point","coordinates":[16.767802,52.297014]},"properties":{"line":"707","mode":"bus","color":"#0059a9","colorDark":"#00294f","band":1,"off":[0,1.1]}},{"type":"Feature","geometry":{"type":"Point","coordinates":[16.807164,52.332485]},"properties":{"line":"715","mode":"bus","color":"#0059a9","colorDark":"#00294f","band":1,"off":[-1.5,1.1]}},{"type":"Feature","geometry":{"type":"Point","coordinates":[16.807164,52.332485]},"properties":{"line":"789","mode":"bus","color":"#0059a9","colorDark":"#00294f","band":1,"off":[1.5,1.1]}},{"type":"Feature","geometry":{"type":"Point","coordinates":[16.744223,52.374533]},"properties":{"line":"727","mode":"bus","color":"#0059a9","colorDark":"#00294f","band":1,"off":[-4.5,1.1]}},{"type":"Feature","geometry":{"type":"Point","coordinates":[16.744223,52.374533]},"properties":{"line":"795","mode":"bus","color":"#0059a9","colorDark":"#00294f","band":1,"off":[-1.5,1.1]}},{"type":"Feature","geometry":{"type":"Point","coordinates":[16.744223,52.374533]},"properties":{"line":"796","mode":"bus","color":"#0059a9","colorDark":"#00294f","band":1,"off":[1.5,1.1]}},{"type":"Feature","geometry":{"type":"Point","coordinates":[16.744223,52.374533]},"properties":{"line":"799","mode":"bus","color":"#0059a9","colorDark":"#00294f","band":1,"off":[4.5,1.1]}},{"type":"Feature","geometry":{"type":"Point","coordinates":[16.802393,52.397152]},"properties":{"line":"727","mode":"bus","color":"#0059a9","colorDark":"#00294f","band":1,"off":[-4.5,1.1]}},{"type":"Feature","geometry":{"type":"Point","coordinates":[16.802393,52.397152]},"properties":{"line":"729","mode":"bus","color":"#0059a9","colorDark":"#00294f","band":1,"off":[-1.5,1.1]}},{"type":"Feature","geometry":{"type":"Point","coordinates":[16.802393,52.397152]},"properties":{"line":"797","mode":"bus","color":"#0059a9","colorDark":"#00294f","band":1,"off":[1.5,1.1]}},{"type":"Feature","geometry":{"type":"Point","coordinates":[16.802393,52.397152]},"properties":{"line":"798","mode":"bus","color":"#0059a9","colorDark":"#00294f","band":1,"off":[4.5,1.1]}},{"type":"Feature","geometry":{"type":"Point","coordinates":[16.739257,52.376029]},"properties":{"line":"727","mode":"bus","color":"#0059a9","colorDark":"#00294f","band":1,"off":[-4.5,1.1]}},{"type":"Feature","geometry":{"type":"Point","coordinates":[16.739257,52.376029]},"properties":{"line":"795","mode":"bus","color":"#0059a9","colorDark":"#00294f","band":1,"off":[-1.5,1.1]}},{"type":"Feature","geometry":{"type":"Point","coordinates":[16.739257,52.376029]},"properties":{"line":"796","mode":"bus","color":"#0059a9","colorDark":"#00294f","band":1,"off":[1.5,1.1]}},{"type":"Feature","geometry":{"type":"Point","coordinates":[16.739257,52.376029]},"properties":{"line":"799","mode":"bus","color":"#0059a9","colorDark":"#00294f","band":1,"off":[4.5,1.1]}},{"type":"Feature","geometry":{"type":"Point","coordinates":[16.678711,52.3543]},"properties":{"line":"729","mode":"bus","color":"#0059a9","colorDark":"#00294f","band":1,"off":[-6,1.1]}},{"type":"Feature","geometry":{"type":"Point","coordinates":[16.678711,52.3543]},"properties":{"line":"790","mode":"bus","color":"#0059a9","colorDark":"#00294f","band":1,"off":[-3,1.1]}},{"type":"Feature","geometry":{"type":"Point","coordinates":[16.678711,52.3543]},"properties":{"line":"791","mode":"bus","color":"#0059a9","colorDark":"#00294f","band":1,"off":[0,1.1]}},{"type":"Feature","geometry":{"type":"Point","coordinates":[16.678711,52.3543]},"properties":{"line":"792","mode":"bus","color":"#0059a9","colorDark":"#00294f","band":1,"off":[3,1.1]}},{"type":"Feature","geometry":{"type":"Point","coordinates":[16.678711,52.3543]},"properties":{"line":"797","mode":"bus","color":"#0059a9","colorDark":"#00294f","band":1,"off":[6,1.1]}},{"type":"Feature","geometry":{"type":"Point","coordinates":[16.744625,52.400901]},"properties":{"line":"729","mode":"bus","color":"#0059a9","colorDark":"#00294f","band":1,"off":[-1.5,1.1]}},{"type":"Feature","geometry":{"type":"Point","coordinates":[16.744625,52.400901]},"properties":{"line":"796","mode":"bus","color":"#0059a9","colorDark":"#00294f","band":1,"off":[1.5,1.1]}},{"type":"Feature","geometry":{"type":"Point","coordinates":[16.866748,52.305785]},"properties":{"line":"789","mode":"bus","color":"#0059a9","colorDark":"#00294f","band":1,"off":[0,1.1]}},{"type":"Feature","geometry":{"type":"Point","coordinates":[16.644172,52.463363]},"properties":{"line":"790","mode":"bus","color":"#0059a9","colorDark":"#00294f","band":1,"off":[-1.5,1.1]}},{"type":"Feature","geometry":{"type":"Point","coordinates":[16.644172,52.463363]},"properties":{"line":"882","mode":"bus","color":"#0059a9","colorDark":"#00294f","band":1,"off":[1.5,1.1]}},{"type":"Feature","geometry":{"type":"Point","coordinates":[16.654158,52.427581]},"properties":{"line":"790","mode":"bus","color":"#0059a9","colorDark":"#00294f","band":1,"off":[-1.5,1.1]}},{"type":"Feature","geometry":{"type":"Point","coordinates":[16.654158,52.427581]},"properties":{"line":"811","mode":"bus","color":"#0059a9","colorDark":"#00294f","band":1,"off":[1.5,1.1]}},{"type":"Feature","geometry":{"type":"Point","coordinates":[16.638017,52.396744]},"properties":{"line":"790","mode":"bus","color":"#0059a9","colorDark":"#00294f","band":1,"off":[-1.5,1.1]}},{"type":"Feature","geometry":{"type":"Point","coordinates":[16.638017,52.396744]},"properties":{"line":"792","mode":"bus","color":"#0059a9","colorDark":"#00294f","band":1,"off":[1.5,1.1]}},{"type":"Feature","geometry":{"type":"Point","coordinates":[16.665738,52.401719]},"properties":{"line":"790","mode":"bus","color":"#0059a9","colorDark":"#00294f","band":1,"off":[-1.5,1.1]}},{"type":"Feature","geometry":{"type":"Point","coordinates":[16.665738,52.401719]},"properties":{"line":"804","mode":"bus","color":"#0059a9","colorDark":"#00294f","band":1,"off":[1.5,1.1]}},{"type":"Feature","geometry":{"type":"Point","coordinates":[16.643362,52.321255]},"properties":{"line":"791","mode":"bus","color":"#0059a9","colorDark":"#00294f","band":1,"off":[0,1.1]}},{"type":"Feature","geometry":{"type":"Point","coordinates":[16.683455,52.357591]},"properties":{"line":"791","mode":"bus","color":"#0059a9","colorDark":"#00294f","band":1,"off":[-1.5,1.1]}},{"type":"Feature","geometry":{"type":"Point","coordinates":[16.683455,52.357591]},"properties":{"line":"792","mode":"bus","color":"#0059a9","colorDark":"#00294f","band":1,"off":[1.5,1.1]}},{"type":"Feature","geometry":{"type":"Point","coordinates":[16.757089,52.361338]},"properties":{"line":"795","mode":"bus","color":"#0059a9","colorDark":"#00294f","band":1,"off":[0,1.1]}},{"type":"Feature","geometry":{"type":"Point","coordinates":[16.781517,52.399902]},"properties":{"line":"798","mode":"bus","color":"#0059a9","colorDark":"#00294f","band":1,"off":[0,1.1]}},{"type":"Feature","geometry":{"type":"Point","coordinates":[16.713585,52.372417]},"properties":{"line":"799","mode":"bus","color":"#0059a9","colorDark":"#00294f","band":1,"off":[0,1.1]}},{"type":"Feature","geometry":{"type":"Point","coordinates":[16.664991,52.464192]},"properties":{"line":"802","mode":"bus","color":"#0059a9","colorDark":"#00294f","band":1,"off":[-6,1.1]}},{"type":"Feature","geometry":{"type":"Point","coordinates":[16.664991,52.464192]},"properties":{"line":"811","mode":"bus","color":"#0059a9","colorDark":"#00294f","band":1,"off":[-3,1.1]}},{"type":"Feature","geometry":{"type":"Point","coordinates":[16.664991,52.464192]},"properties":{"line":"812","mode":"bus","color":"#0059a9","colorDark":"#00294f","band":1,"off":[0,1.1]}},{"type":"Feature","geometry":{"type":"Point","coordinates":[16.664991,52.464192]},"properties":{"line":"813","mode":"bus","color":"#0059a9","colorDark":"#00294f","band":1,"off":[3,1.1]}},{"type":"Feature","geometry":{"type":"Point","coordinates":[16.664991,52.464192]},"properties":{"line":"821","mode":"bus","color":"#0059a9","colorDark":"#00294f","band":1,"off":[6,1.1]}},{"type":"Feature","geometry":{"type":"Point","coordinates":[16.664991,52.464192]},"properties":{"line":"882","mode":"bus","color":"#0059a9","colorDark":"#00294f","band":1,"off":[0,2.6]}},{"type":"Feature","geometry":{"type":"Point","coordinates":[16.52572,52.433391]},"properties":{"line":"812","mode":"bus","color":"#0059a9","colorDark":"#00294f","band":1,"off":[0,1.1]}},{"type":"Feature","geometry":{"type":"Point","coordinates":[16.58315,52.513241]},"properties":{"line":"813","mode":"bus","color":"#0059a9","colorDark":"#00294f","band":1,"off":[0,1.1]}},{"type":"Feature","geometry":{"type":"Point","coordinates":[16.63237,52.407605]},"properties":{"line":"821","mode":"bus","color":"#0059a9","colorDark":"#00294f","band":1,"off":[0,1.1]}},{"type":"Feature","geometry":{"type":"Point","coordinates":[16.75433,52.511345]},"properties":{"line":"832","mode":"bus","color":"#0059a9","colorDark":"#00294f","band":1,"off":[-6,1.1]}},{"type":"Feature","geometry":{"type":"Point","coordinates":[16.75433,52.511345]},"properties":{"line":"833","mode":"bus","color":"#0059a9","colorDark":"#00294f","band":1,"off":[-3,1.1]}},{"type":"Feature","geometry":{"type":"Point","coordinates":[16.75433,52.511345]},"properties":{"line":"835","mode":"bus","color":"#0059a9","colorDark":"#00294f","band":1,"off":[0,1.1]}},{"type":"Feature","geometry":{"type":"Point","coordinates":[16.75433,52.511345]},"properties":{"line":"882","mode":"bus","color":"#0059a9","colorDark":"#00294f","band":1,"off":[3,1.1]}},{"type":"Feature","geometry":{"type":"Point","coordinates":[16.75433,52.511345]},"properties":{"line":"893","mode":"bus","color":"#0059a9","colorDark":"#00294f","band":1,"off":[6,1.1]}},{"type":"Feature","geometry":{"type":"Point","coordinates":[16.655856,52.520535]},"properties":{"line":"832","mode":"bus","color":"#0059a9","colorDark":"#00294f","band":1,"off":[0,1.1]}},{"type":"Feature","geometry":{"type":"Point","coordinates":[16.756016,52.493159]},"properties":{"line":"833","mode":"bus","color":"#0059a9","colorDark":"#00294f","band":1,"off":[0,1.1]}},{"type":"Feature","geometry":{"type":"Point","coordinates":[16.731234,52.524252]},"properties":{"line":"835","mode":"bus","color":"#0059a9","colorDark":"#00294f","band":1,"off":[0,1.1]}},{"type":"Feature","geometry":{"type":"Point","coordinates":[16.796845,52.495088]},"properties":{"line":"837","mode":"bus","color":"#0059a9","colorDark":"#00294f","band":1,"off":[0,1.1]}},{"type":"Feature","geometry":{"type":"Point","coordinates":[16.75108,52.547012]},"properties":{"line":"893","mode":"bus","color":"#0059a9","colorDark":"#00294f","band":1,"off":[0,1.1]}},{"type":"Feature","geometry":{"type":"Point","coordinates":[16.723634,52.470958]},"properties":{"line":"893","mode":"bus","color":"#0059a9","colorDark":"#00294f","band":1,"off":[0,1.1]}},{"type":"Feature","geometry":{"type":"Point","coordinates":[16.854414,52.488796]},"properties":{"line":"901","mode":"bus","color":"#0059a9","colorDark":"#00294f","band":1,"off":[-1.5,1.1]}},{"type":"Feature","geometry":{"type":"Point","coordinates":[16.854414,52.488796]},"properties":{"line":"904","mode":"bus","color":"#0059a9","colorDark":"#00294f","band":1,"off":[1.5,1.1]}},{"type":"Feature","geometry":{"type":"Point","coordinates":[16.879602,52.486702]},"properties":{"line":"902","mode":"bus","color":"#0059a9","colorDark":"#00294f","band":1,"off":[0,1.1]}},{"type":"Feature","geometry":{"type":"Point","coordinates":[16.831137,52.486733]},"properties":{"line":"904","mode":"bus","color":"#0059a9","colorDark":"#00294f","band":1,"off":[-1.5,1.1]}},{"type":"Feature","geometry":{"type":"Point","coordinates":[16.831137,52.486733]},"properties":{"line":"905","mode":"bus","color":"#0059a9","colorDark":"#00294f","band":1,"off":[1.5,1.1]}},{"type":"Feature","geometry":{"type":"Point","coordinates":[16.844467,52.55612]},"properties":{"line":"905","mode":"bus","color":"#0059a9","colorDark":"#00294f","band":1,"off":[-1.5,1.1]}},{"type":"Feature","geometry":{"type":"Point","coordinates":[16.844467,52.55612]},"properties":{"line":"907","mode":"bus","color":"#0059a9","colorDark":"#00294f","band":1,"off":[1.5,1.1]}},{"type":"Feature","geometry":{"type":"Point","coordinates":[16.879532,52.195388]},"properties":{"line":"PKS","mode":"bus","color":"#0059a9","colorDark":"#00294f","band":1,"off":[0,1.1]}},{"type":"Feature","geometry":{"type":"Point","coordinates":[16.881878,52.192718]},"properties":{"line":"PKS","mode":"bus","color":"#0059a9","colorDark":"#00294f","band":1,"off":[0,1.1]}},{"type":"Feature","geometry":{"type":"Point","coordinates":[16.97151,52.384548]},"properties":{"line":"T1","mode":"bus","color":"#0059a9","colorDark":"#00294f","band":1,"off":[0,1.1]}},{"type":"Feature","geometry":{"type":"Point","coordinates":[16.958183,52.413647]},"properties":{"line":"1","mode":"tram","color":"#d6212b","colorDark":"#7c1116","band":1,"off":[-1.5,1.1]}},{"type":"Feature","geometry":{"type":"Point","coordinates":[16.958183,52.413647]},"properties":{"line":"5","mode":"tram","color":"#d6212b","colorDark":"#7c1116","band":1,"off":[1.5,1.1]}},{"type":"Feature","geometry":{"type":"Point","coordinates":[16.903788,52.373059]},"properties":{"line":"2","mode":"tram","color":"#d6212b","colorDark":"#7c1116","band":1,"off":[-3,1.1]}},{"type":"Feature","geometry":{"type":"Point","coordinates":[16.903788,52.373059]},"properties":{"line":"9","mode":"tram","color":"#d6212b","colorDark":"#7c1116","band":1,"off":[0,1.1]}},{"type":"Feature","geometry":{"type":"Point","coordinates":[16.903788,52.373059]},"properties":{"line":"10","mode":"tram","color":"#d6212b","colorDark":"#7c1116","band":1,"off":[3,1.1]}},{"type":"Feature","geometry":{"type":"Point","coordinates":[16.944603,52.45554]},"properties":{"line":"3","mode":"tram","color":"#d6212b","colorDark":"#7c1116","band":1,"off":[-1.5,1.1]}},{"type":"Feature","geometry":{"type":"Point","coordinates":[16.944603,52.45554]},"properties":{"line":"10","mode":"tram","color":"#d6212b","colorDark":"#7c1116","band":1,"off":[1.5,1.1]}},{"type":"Feature","geometry":{"type":"Point","coordinates":[17.002142,52.41015]},"properties":{"line":"6","mode":"tram","color":"#d6212b","colorDark":"#7c1116","band":1,"off":[-3,1.1]}},{"type":"Feature","geometry":{"type":"Point","coordinates":[17.002142,52.41015]},"properties":{"line":"7","mode":"tram","color":"#d6212b","colorDark":"#7c1116","band":1,"off":[0,1.1]}},{"type":"Feature","geometry":{"type":"Point","coordinates":[17.002142,52.41015]},"properties":{"line":"8","mode":"tram","color":"#d6212b","colorDark":"#7c1116","band":1,"off":[3,1.1]}},{"type":"Feature","geometry":{"type":"Point","coordinates":[16.8482,52.38849]},"properties":{"line":"6","mode":"tram","color":"#d6212b","colorDark":"#7c1116","band":1,"off":[0,1.1]}},{"type":"Feature","geometry":{"type":"Point","coordinates":[16.828223,52.46419]},"properties":{"line":"105","mode":"bus","color":"#0059a9","colorDark":"#00294f","band":2,"off":[-6,1.1]}},{"type":"Feature","geometry":{"type":"Point","coordinates":[16.828223,52.46419]},"properties":{"line":"170","mode":"bus","color":"#0059a9","colorDark":"#00294f","band":2,"off":[-3,1.1]}},{"type":"Feature","geometry":{"type":"Point","coordinates":[16.828223,52.46419]},"properties":{"line":"195","mode":"bus","color":"#0059a9","colorDark":"#00294f","band":2,"off":[0,1.1]}},{"type":"Feature","geometry":{"type":"Point","coordinates":[16.828223,52.46419]},"properties":{"line":"835","mode":"bus","color":"#0059a9","colorDark":"#00294f","band":2,"off":[3,1.1]}},{"type":"Feature","geometry":{"type":"Point","coordinates":[16.828223,52.46419]},"properties":{"line":"837","mode":"bus","color":"#0059a9","colorDark":"#00294f","band":2,"off":[6,1.1]}},{"type":"Feature","geometry":{"type":"Point","coordinates":[16.909956,52.408013]},"properties":{"line":"105","mode":"bus","color":"#0059a9","colorDark":"#00294f","band":2,"off":[-6,1.1]}},{"type":"Feature","geometry":{"type":"Point","coordinates":[16.909956,52.408013]},"properties":{"line":"148","mode":"bus","color":"#0059a9","colorDark":"#00294f","band":2,"off":[-3,1.1]}},{"type":"Feature","geometry":{"type":"Point","coordinates":[16.909956,52.408013]},"properties":{"line":"159","mode":"bus","color":"#0059a9","colorDark":"#00294f","band":2,"off":[0,1.1]}},{"type":"Feature","geometry":{"type":"Point","coordinates":[16.909956,52.408013]},"properties":{"line":"163","mode":"bus","color":"#0059a9","colorDark":"#00294f","band":2,"off":[3,1.1]}},{"type":"Feature","geometry":{"type":"Point","coordinates":[16.909956,52.408013]},"properties":{"line":"164","mode":"bus","color":"#0059a9","colorDark":"#00294f","band":2,"off":[6,1.1]}},{"type":"Feature","geometry":{"type":"Point","coordinates":[16.909956,52.408013]},"properties":{"line":"169","mode":"bus","color":"#0059a9","colorDark":"#00294f","band":2,"off":[-6,2.6]}},{"type":"Feature","geometry":{"type":"Point","coordinates":[16.909956,52.408013]},"properties":{"line":"177","mode":"bus","color":"#0059a9","colorDark":"#00294f","band":2,"off":[-3,2.6]}},{"type":"Feature","geometry":{"type":"Point","coordinates":[16.909956,52.408013]},"properties":{"line":"212","mode":"bus","color":"#0059a9","colorDark":"#00294f","band":2,"off":[0,2.6]}},{"type":"Feature","geometry":{"type":"Point","coordinates":[16.909956,52.408013]},"properties":{"line":"219","mode":"bus","color":"#0059a9","colorDark":"#00294f","band":2,"off":[3,2.6]}},{"type":"Feature","geometry":{"type":"Point","coordinates":[16.909956,52.408013]},"properties":{"line":"222","mode":"bus","color":"#0059a9","colorDark":"#00294f","band":2,"off":[6,2.6]}},{"type":"Feature","geometry":{"type":"Point","coordinates":[16.882295,52.416978]},"properties":{"line":"2","mode":"tram","color":"#d6212b","colorDark":"#7c1116","band":2,"off":[-6,1.1]}},{"type":"Feature","geometry":{"type":"Point","coordinates":[16.882295,52.416978]},"properties":{"line":"7","mode":"tram","color":"#d6212b","colorDark":"#7c1116","band":2,"off":[-3,1.1]}},{"type":"Feature","geometry":{"type":"Point","coordinates":[16.882295,52.416978]},"properties":{"line":"8","mode":"tram","color":"#d6212b","colorDark":"#7c1116","band":2,"off":[0,1.1]}},{"type":"Feature","geometry":{"type":"Point","coordinates":[16.882295,52.416978]},"properties":{"line":"18","mode":"tram","color":"#d6212b","colorDark":"#7c1116","band":2,"off":[3,1.1]}},{"type":"Feature","geometry":{"type":"Point","coordinates":[16.882295,52.416978]},"properties":{"line":"121","mode":"bus","color":"#0059a9","colorDark":"#00294f","band":2,"off":[6,1.1]}},{"type":"Feature","geometry":{"type":"Point","coordinates":[16.882295,52.416978]},"properties":{"line":"156","mode":"bus","color":"#0059a9","colorDark":"#00294f","band":2,"off":[-6,2.6]}},{"type":"Feature","geometry":{"type":"Point","coordinates":[16.882295,52.416978]},"properties":{"line":"182","mode":"bus","color":"#0059a9","colorDark":"#00294f","band":2,"off":[-3,2.6]}},{"type":"Feature","geometry":{"type":"Point","coordinates":[16.882295,52.416978]},"properties":{"line":"186","mode":"bus","color":"#0059a9","colorDark":"#00294f","band":2,"off":[0,2.6]}},{"type":"Feature","geometry":{"type":"Point","coordinates":[16.882295,52.416978]},"properties":{"line":"191","mode":"bus","color":"#0059a9","colorDark":"#00294f","band":2,"off":[3,2.6]}},{"type":"Feature","geometry":{"type":"Point","coordinates":[16.882295,52.416978]},"properties":{"line":"193","mode":"bus","color":"#0059a9","colorDark":"#00294f","band":2,"off":[6,2.6]}},{"type":"Feature","geometry":{"type":"Point","coordinates":[16.882295,52.416978]},"properties":{"line":"219","mode":"bus","color":"#0059a9","colorDark":"#00294f","band":2,"off":[-3,4.1]}},{"type":"Feature","geometry":{"type":"Point","coordinates":[16.882295,52.416978]},"properties":{"line":"729","mode":"bus","color":"#0059a9","colorDark":"#00294f","band":2,"off":[0,4.1]}},{"type":"Feature","geometry":{"type":"Point","coordinates":[16.882295,52.416978]},"properties":{"line":"833","mode":"bus","color":"#0059a9","colorDark":"#00294f","band":2,"off":[3,4.1]}},{"type":"Feature","geometry":{"type":"Point","coordinates":[16.834013,52.383475]},"properties":{"line":"1","mode":"tram","color":"#d6212b","colorDark":"#7c1116","band":2,"off":[-6,1.1]}},{"type":"Feature","geometry":{"type":"Point","coordinates":[16.834013,52.383475]},"properties":{"line":"13","mode":"tram","color":"#d6212b","colorDark":"#7c1116","band":2,"off":[-3,1.1]}},{"type":"Feature","geometry":{"type":"Point","coordinates":[16.834013,52.383475]},"properties":{"line":"15","mode":"tram","color":"#d6212b","colorDark":"#7c1116","band":2,"off":[0,1.1]}},{"type":"Feature","geometry":{"type":"Point","coordinates":[16.834013,52.383475]},"properties":{"line":"122","mode":"bus","color":"#0059a9","colorDark":"#00294f","band":2,"off":[3,1.1]}},{"type":"Feature","geometry":{"type":"Point","coordinates":[16.834013,52.383475]},"properties":{"line":"177","mode":"bus","color":"#0059a9","colorDark":"#00294f","band":2,"off":[6,1.1]}},{"type":"Feature","geometry":{"type":"Point","coordinates":[16.834013,52.383475]},"properties":{"line":"214","mode":"bus","color":"#0059a9","colorDark":"#00294f","band":2,"off":[-6,2.6]}},{"type":"Feature","geometry":{"type":"Point","coordinates":[16.834013,52.383475]},"properties":{"line":"224","mode":"bus","color":"#0059a9","colorDark":"#00294f","band":2,"off":[-3,2.6]}},{"type":"Feature","geometry":{"type":"Point","coordinates":[16.834013,52.383475]},"properties":{"line":"715","mode":"bus","color":"#0059a9","colorDark":"#00294f","band":2,"off":[0,2.6]}},{"type":"Feature","geometry":{"type":"Point","coordinates":[16.834013,52.383475]},"properties":{"line":"716","mode":"bus","color":"#0059a9","colorDark":"#00294f","band":2,"off":[3,2.6]}},{"type":"Feature","geometry":{"type":"Point","coordinates":[16.834013,52.383475]},"properties":{"line":"717","mode":"bus","color":"#0059a9","colorDark":"#00294f","band":2,"off":[6,2.6]}},{"type":"Feature","geometry":{"type":"Point","coordinates":[16.834013,52.383475]},"properties":{"line":"727","mode":"bus","color":"#0059a9","colorDark":"#00294f","band":2,"off":[-1.5,4.1]}},{"type":"Feature","geometry":{"type":"Point","coordinates":[16.834013,52.383475]},"properties":{"line":"803","mode":"bus","color":"#0059a9","colorDark":"#00294f","band":2,"off":[1.5,4.1]}},{"type":"Feature","geometry":{"type":"Point","coordinates":[16.996805,52.384705]},"properties":{"line":"125","mode":"bus","color":"#0059a9","colorDark":"#00294f","band":2,"off":[-6,1.1]}},{"type":"Feature","geometry":{"type":"Point","coordinates":[16.996805,52.384705]},"properties":{"line":"166","mode":"bus","color":"#0059a9","colorDark":"#00294f","band":2,"off":[-3,1.1]}},{"type":"Feature","geometry":{"type":"Point","coordinates":[16.996805,52.384705]},"properties":{"line":"184","mode":"bus","color":"#0059a9","colorDark":"#00294f","band":2,"off":[0,1.1]}},{"type":"Feature","geometry":{"type":"Point","coordinates":[16.996805,52.384705]},"properties":{"line":"218","mode":"bus","color":"#0059a9","colorDark":"#00294f","band":2,"off":[3,1.1]}},{"type":"Feature","geometry":{"type":"Point","coordinates":[16.996805,52.384705]},"properties":{"line":"222","mode":"bus","color":"#0059a9","colorDark":"#00294f","band":2,"off":[6,1.1]}},{"type":"Feature","geometry":{"type":"Point","coordinates":[16.996805,52.384705]},"properties":{"line":"425","mode":"bus","color":"#0059a9","colorDark":"#00294f","band":2,"off":[-1.5,2.6]}},{"type":"Feature","geometry":{"type":"Point","coordinates":[16.996805,52.384705]},"properties":{"line":"T1","mode":"bus","color":"#0059a9","colorDark":"#00294f","band":2,"off":[1.5,2.6]}},{"type":"Feature","geometry":{"type":"Point","coordinates":[16.909753,52.400995]},"properties":{"line":"145","mode":"bus","color":"#0059a9","colorDark":"#00294f","band":2,"off":[0,1.1]}},{"type":"Feature","geometry":{"type":"Point","coordinates":[16.863673,52.385518]},"properties":{"line":"145","mode":"bus","color":"#0059a9","colorDark":"#00294f","band":2,"off":[-6,1.1]}},{"type":"Feature","geometry":{"type":"Point","coordinates":[16.863673,52.385518]},"properties":{"line":"164","mode":"bus","color":"#0059a9","colorDark":"#00294f","band":2,"off":[-3,1.1]}},{"type":"Feature","geometry":{"type":"Point","coordinates":[16.863673,52.385518]},"properties":{"line":"169","mode":"bus","color":"#0059a9","colorDark":"#00294f","band":2,"off":[0,1.1]}},{"type":"Feature","geometry":{"type":"Point","coordinates":[16.863673,52.385518]},"properties":{"line":"179","mode":"bus","color":"#0059a9","colorDark":"#00294f","band":2,"off":[3,1.1]}},{"type":"Feature","geometry":{"type":"Point","coordinates":[16.863673,52.385518]},"properties":{"line":"191","mode":"bus","color":"#0059a9","colorDark":"#00294f","band":2,"off":[6,1.1]}},{"type":"Feature","geometry":{"type":"Point","coordinates":[16.863673,52.385518]},"properties":{"line":"193","mode":"bus","color":"#0059a9","colorDark":"#00294f","band":2,"off":[-3,2.6]}},{"type":"Feature","geometry":{"type":"Point","coordinates":[16.863673,52.385518]},"properties":{"line":"212","mode":"bus","color":"#0059a9","colorDark":"#00294f","band":2,"off":[0,2.6]}},{"type":"Feature","geometry":{"type":"Point","coordinates":[16.863673,52.385518]},"properties":{"line":"223","mode":"bus","color":"#0059a9","colorDark":"#00294f","band":2,"off":[3,2.6]}},{"type":"Feature","geometry":{"type":"Point","coordinates":[16.862273,52.380391]},"properties":{"line":"145","mode":"bus","color":"#0059a9","colorDark":"#00294f","band":2,"off":[-4.5,1.1]}},{"type":"Feature","geometry":{"type":"Point","coordinates":[16.862273,52.380391]},"properties":{"line":"164","mode":"bus","color":"#0059a9","colorDark":"#00294f","band":2,"off":[-1.5,1.1]}},{"type":"Feature","geometry":{"type":"Point","coordinates":[16.862273,52.380391]},"properties":{"line":"179","mode":"bus","color":"#0059a9","colorDark":"#00294f","band":2,"off":[1.5,1.1]}},{"type":"Feature","geometry":{"type":"Point","coordinates":[16.862273,52.380391]},"properties":{"line":"223","mode":"bus","color":"#0059a9","colorDark":"#00294f","band":2,"off":[4.5,1.1]}},{"type":"Feature","geometry":{"type":"Point","coordinates":[16.855656,52.456081]},"properties":{"line":"146","mode":"bus","color":"#0059a9","colorDark":"#00294f","band":2,"off":[0,1.1]}},{"type":"Feature","geometry":{"type":"Point","coordinates":[16.866483,52.461406]},"properties":{"line":"146","mode":"bus","color":"#0059a9","colorDark":"#00294f","band":2,"off":[-3,1.1]}},{"type":"Feature","geometry":{"type":"Point","coordinates":[16.866483,52.461406]},"properties":{"line":"168","mode":"bus","color":"#0059a9","colorDark":"#00294f","band":2,"off":[0,1.1]}},{"type":"Feature","geometry":{"type":"Point","coordinates":[16.866483,52.461406]},"properties":{"line":"216","mode":"bus","color":"#0059a9","colorDark":"#00294f","band":2,"off":[3,1.1]}},{"type":"Feature","geometry":{"type":"Point","coordinates":[16.951366,52.456583]},"properties":{"line":"146","mode":"bus","color":"#0059a9","colorDark":"#00294f","band":2,"off":[-1.5,1.1]}},{"type":"Feature","geometry":{"type":"Point","coordinates":[16.951366,52.456583]},"properties":{"line":"224","mode":"bus","color":"#0059a9","colorDark":"#00294f","band":2,"off":[1.5,1.1]}},{"type":"Feature","geometry":{"type":"Point","coordinates":[16.882234,52.459969]},"properties":{"line":"146","mode":"bus","color":"#0059a9","colorDark":"#00294f","band":2,"off":[-3,1.1]}},{"type":"Feature","geometry":{"type":"Point","coordinates":[16.882234,52.459969]},"properties":{"line":"178","mode":"bus","color":"#0059a9","colorDark":"#00294f","band":2,"off":[0,1.1]}},{"type":"Feature","geometry":{"type":"Point","coordinates":[16.882234,52.459969]},"properties":{"line":"183","mode":"bus","color":"#0059a9","colorDark":"#00294f","band":2,"off":[3,1.1]}},{"type":"Feature","geometry":{"type":"Point","coordinates":[16.912121,52.402746]},"properties":{"line":"148","mode":"bus","color":"#0059a9","colorDark":"#00294f","band":2,"off":[-6,1.1]}},{"type":"Feature","geometry":{"type":"Point","coordinates":[16.912121,52.402746]},"properties":{"line":"159","mode":"bus","color":"#0059a9","colorDark":"#00294f","band":2,"off":[-3,1.1]}},{"type":"Feature","geometry":{"type":"Point","coordinates":[16.912121,52.402746]},"properties":{"line":"168","mode":"bus","color":"#0059a9","colorDark":"#00294f","band":2,"off":[0,1.1]}},{"type":"Feature","geometry":{"type":"Point","coordinates":[16.912121,52.402746]},"properties":{"line":"216","mode":"bus","color":"#0059a9","colorDark":"#00294f","band":2,"off":[3,1.1]}},{"type":"Feature","geometry":{"type":"Point","coordinates":[16.912121,52.402746]},"properties":{"line":"219","mode":"bus","color":"#0059a9","colorDark":"#00294f","band":2,"off":[6,1.1]}},{"type":"Feature","geometry":{"type":"Point","coordinates":[16.912121,52.402746]},"properties":{"line":"226","mode":"bus","color":"#0059a9","colorDark":"#00294f","band":2,"off":[0,2.6]}},{"type":"Feature","geometry":{"type":"Point","coordinates":[16.911051,52.406542]},"properties":{"line":"148","mode":"bus","color":"#0059a9","colorDark":"#00294f","band":2,"off":[-6,1.1]}},{"type":"Feature","geometry":{"type":"Point","coordinates":[16.911051,52.406542]},"properties":{"line":"159","mode":"bus","color":"#0059a9","colorDark":"#00294f","band":2,"off":[-3,1.1]}},{"type":"Feature","geometry":{"type":"Point","coordinates":[16.911051,52.406542]},"properties":{"line":"163","mode":"bus","color":"#0059a9","colorDark":"#00294f","band":2,"off":[0,1.1]}},{"type":"Feature","geometry":{"type":"Point","coordinates":[16.911051,52.406542]},"properties":{"line":"164","mode":"bus","color":"#0059a9","colorDark":"#00294f","band":2,"off":[3,1.1]}},{"type":"Feature","geometry":{"type":"Point","coordinates":[16.911051,52.406542]},"properties":{"line":"169","mode":"bus","color":"#0059a9","colorDark":"#00294f","band":2,"off":[6,1.1]}},{"type":"Feature","geometry":{"type":"Point","coordinates":[16.911051,52.406542]},"properties":{"line":"177","mode":"bus","color":"#0059a9","colorDark":"#00294f","band":2,"off":[-3,2.6]}},{"type":"Feature","geometry":{"type":"Point","coordinates":[16.911051,52.406542]},"properties":{"line":"212","mode":"bus","color":"#0059a9","colorDark":"#00294f","band":2,"off":[0,2.6]}},{"type":"Feature","geometry":{"type":"Point","coordinates":[16.911051,52.406542]},"properties":{"line":"222","mode":"bus","color":"#0059a9","colorDark":"#00294f","band":2,"off":[3,2.6]}},{"type":"Feature","geometry":{"type":"Point","coordinates":[16.828395,52.41416]},"properties":{"line":"148","mode":"bus","color":"#0059a9","colorDark":"#00294f","band":2,"off":[-3,1.1]}},{"type":"Feature","geometry":{"type":"Point","coordinates":[16.828395,52.41416]},"properties":{"line":"159","mode":"bus","color":"#0059a9","colorDark":"#00294f","band":2,"off":[0,1.1]}},{"type":"Feature","geometry":{"type":"Point","coordinates":[16.828395,52.41416]},"properties":{"line":"222","mode":"bus","color":"#0059a9","colorDark":"#00294f","band":2,"off":[3,1.1]}},{"type":"Feature","geometry":{"type":"Point","coordinates":[16.881088,52.381716]},"properties":{"line":"5","mode":"tram","color":"#d6212b","colorDark":"#7c1116","band":2,"off":[-6,1.1]}},{"type":"Feature","geometry":{"type":"Point","coordinates":[16.881088,52.381716]},"properties":{"line":"14","mode":"tram","color":"#d6212b","colorDark":"#7c1116","band":2,"off":[-3,1.1]}},{"type":"Feature","geometry":{"type":"Point","coordinates":[16.881088,52.381716]},"properties":{"line":"17","mode":"tram","color":"#d6212b","colorDark":"#7c1116","band":2,"off":[0,1.1]}},{"type":"Feature","geometry":{"type":"Point","coordinates":[16.881088,52.381716]},"properties":{"line":"149","mode":"bus","color":"#0059a9","colorDark":"#00294f","band":2,"off":[3,1.1]}},{"type":"Feature","geometry":{"type":"Point","coordinates":[16.881088,52.381716]},"properties":{"line":"163","mode":"bus","color":"#0059a9","colorDark":"#00294f","band":2,"off":[6,1.1]}},{"type":"Feature","geometry":{"type":"Point","coordinates":[16.881088,52.381716]},"properties":{"line":"175","mode":"bus","color":"#0059a9","colorDark":"#00294f","band":2,"off":[-6,2.6]}},{"type":"Feature","geometry":{"type":"Point","coordinates":[16.881088,52.381716]},"properties":{"line":"180","mode":"bus","color":"#0059a9","colorDark":"#00294f","band":2,"off":[-3,2.6]}},{"type":"Feature","geometry":{"type":"Point","coordinates":[16.881088,52.381716]},"properties":{"line":"182","mode":"bus","color":"#0059a9","colorDark":"#00294f","band":2,"off":[0,2.6]}},{"type":"Feature","geometry":{"type":"Point","coordinates":[16.881088,52.381716]},"properties":{"line":"193","mode":"bus","color":"#0059a9","colorDark":"#00294f","band":2,"off":[3,2.6]}},{"type":"Feature","geometry":{"type":"Point","coordinates":[16.881088,52.381716]},"properties":{"line":"610","mode":"bus","color":"#0059a9","colorDark":"#00294f","band":2,"off":[6,2.6]}},{"type":"Feature","geometry":{"type":"Point","coordinates":[16.881088,52.381716]},"properties":{"line":"614","mode":"bus","color":"#0059a9","colorDark":"#00294f","band":2,"off":[-6,4.1]}},{"type":"Feature","geometry":{"type":"Point","coordinates":[16.881088,52.381716]},"properties":{"line":"616","mode":"bus","color":"#0059a9","colorDark":"#00294f","band":2,"off":[-3,4.1]}},{"type":"Feature","geometry":{"type":"Point","coordinates":[16.881088,52.381716]},"properties":{"line":"701","mode":"bus","color":"#0059a9","colorDark":"#00294f","band":2,"off":[0,4.1]}},{"type":"Feature","geometry":{"type":"Point","coordinates":[16.881088,52.381716]},"properties":{"line":"702","mode":"bus","color":"#0059a9","colorDark":"#00294f","band":2,"off":[3,4.1]}},{"type":"Feature","geometry":{"type":"Point","coordinates":[16.881088,52.381716]},"properties":{"line":"703","mode":"bus","color":"#0059a9","colorDark":"#00294f","band":2,"off":[6,4.1]}},{"type":"Feature","geometry":{"type":"Point","coordinates":[16.881088,52.381716]},"properties":{"line":"704","mode":"bus","color":"#0059a9","colorDark":"#00294f","band":2,"off":[-3,5.6]}},{"type":"Feature","geometry":{"type":"Point","coordinates":[16.881088,52.381716]},"properties":{"line":"707","mode":"bus","color":"#0059a9","colorDark":"#00294f","band":2,"off":[0,5.6]}},{"type":"Feature","geometry":{"type":"Point","coordinates":[16.881088,52.381716]},"properties":{"line":"710","mode":"bus","color":"#0059a9","colorDark":"#00294f","band":2,"off":[3,5.6]}},{"type":"Feature","geometry":{"type":"Point","coordinates":[16.90365,52.371925]},"properties":{"line":"149","mode":"bus","color":"#0059a9","colorDark":"#00294f","band":2,"off":[-4.5,1.1]}},{"type":"Feature","geometry":{"type":"Point","coordinates":[16.90365,52.371925]},"properties":{"line":"602","mode":"bus","color":"#0059a9","colorDark":"#00294f","band":2,"off":[-1.5,1.1]}},{"type":"Feature","geometry":{"type":"Point","coordinates":[16.90365,52.371925]},"properties":{"line":"610","mode":"bus","color":"#0059a9","colorDark":"#00294f","band":2,"off":[1.5,1.1]}},{"type":"Feature","geometry":{"type":"Point","coordinates":[16.90365,52.371925]},"properties":{"line":"651","mode":"bus","color":"#0059a9","colorDark":"#00294f","band":2,"off":[4.5,1.1]}},{"type":"Feature","geometry":{"type":"Point","coordinates":[16.916433,52.464922]},"properties":{"line":"151","mode":"bus","color":"#0059a9","colorDark":"#00294f","band":2,"off":[-6,1.1]}},{"type":"Feature","geometry":{"type":"Point","coordinates":[16.916433,52.464922]},"properties":{"line":"174","mode":"bus","color":"#0059a9","colorDark":"#00294f","band":2,"off":[-3,1.1]}},{"type":"Feature","geometry":{"type":"Point","coordinates":[16.916433,52.464922]},"properties":{"line":"185","mode":"bus","color":"#0059a9","colorDark":"#00294f","band":2,"off":[0,1.1]}},{"type":"Feature","geometry":{"type":"Point","coordinates":[16.916433,52.464922]},"properties":{"line":"188","mode":"bus","color":"#0059a9","colorDark":"#00294f","band":2,"off":[3,1.1]}},{"type":"Feature","geometry":{"type":"Point","coordinates":[16.916433,52.464922]},"properties":{"line":"190","mode":"bus","color":"#0059a9","colorDark":"#00294f","band":2,"off":[6,1.1]}},{"type":"Feature","geometry":{"type":"Point","coordinates":[16.916433,52.464922]},"properties":{"line":"191","mode":"bus","color":"#0059a9","colorDark":"#00294f","band":2,"off":[-6,2.6]}},{"type":"Feature","geometry":{"type":"Point","coordinates":[16.916433,52.464922]},"properties":{"line":"193","mode":"bus","color":"#0059a9","colorDark":"#00294f","band":2,"off":[-3,2.6]}},{"type":"Feature","geometry":{"type":"Point","coordinates":[16.916433,52.464922]},"properties":{"line":"198","mode":"bus","color":"#0059a9","colorDark":"#00294f","band":2,"off":[0,2.6]}},{"type":"Feature","geometry":{"type":"Point","coordinates":[16.916433,52.464922]},"properties":{"line":"215","mode":"bus","color":"#0059a9","colorDark":"#00294f","band":2,"off":[3,2.6]}},{"type":"Feature","geometry":{"type":"Point","coordinates":[16.916433,52.464922]},"properties":{"line":"218","mode":"bus","color":"#0059a9","colorDark":"#00294f","band":2,"off":[6,2.6]}},{"type":"Feature","geometry":{"type":"Point","coordinates":[16.916433,52.464922]},"properties":{"line":"348","mode":"bus","color":"#0059a9","colorDark":"#00294f","band":2,"off":[-6,4.1]}},{"type":"Feature","geometry":{"type":"Point","coordinates":[16.916433,52.464922]},"properties":{"line":"832","mode":"bus","color":"#0059a9","colorDark":"#00294f","band":2,"off":[-3,4.1]}},{"type":"Feature","geometry":{"type":"Point","coordinates":[16.916433,52.464922]},"properties":{"line":"901","mode":"bus","color":"#0059a9","colorDark":"#00294f","band":2,"off":[0,4.1]}},{"type":"Feature","geometry":{"type":"Point","coordinates":[16.916433,52.464922]},"properties":{"line":"902","mode":"bus","color":"#0059a9","colorDark":"#00294f","band":2,"off":[3,4.1]}},{"type":"Feature","geometry":{"type":"Point","coordinates":[16.916433,52.464922]},"properties":{"line":"904","mode":"bus","color":"#0059a9","colorDark":"#00294f","band":2,"off":[6,4.1]}},{"type":"Feature","geometry":{"type":"Point","coordinates":[16.916433,52.464922]},"properties":{"line":"905","mode":"bus","color":"#0059a9","colorDark":"#00294f","band":2,"off":[-1.5,5.6]}},{"type":"Feature","geometry":{"type":"Point","coordinates":[16.916433,52.464922]},"properties":{"line":"907","mode":"bus","color":"#0059a9","colorDark":"#00294f","band":2,"off":[1.5,5.6]}},{"type":"Feature","geometry":{"type":"Point","coordinates":[17.029181,52.388111]},"properties":{"line":"152","mode":"bus","color":"#0059a9","colorDark":"#00294f","band":2,"off":[-1.5,1.1]}},{"type":"Feature","geometry":{"type":"Point","coordinates":[17.029181,52.388111]},"properties":{"line":"425","mode":"bus","color":"#0059a9","colorDark":"#00294f","band":2,"off":[1.5,1.1]}},{"type":"Feature","geometry":{"type":"Point","coordinates":[16.949632,52.396483]},"properties":{"line":"152","mode":"bus","color":"#0059a9","colorDark":"#00294f","band":2,"off":[-6,1.1]}},{"type":"Feature","geometry":{"type":"Point","coordinates":[16.949632,52.396483]},"properties":{"line":"154","mode":"bus","color":"#0059a9","colorDark":"#00294f","band":2,"off":[-3,1.1]}},{"type":"Feature","geometry":{"type":"Point","coordinates":[16.949632,52.396483]},"properties":{"line":"162","mode":"bus","color":"#0059a9","colorDark":"#00294f","band":2,"off":[0,1.1]}},{"type":"Feature","geometry":{"type":"Point","coordinates":[16.949632,52.396483]},"properties":{"line":"166","mode":"bus","color":"#0059a9","colorDark":"#00294f","band":2,"off":[3,1.1]}},{"type":"Feature","geometry":{"type":"Point","coordinates":[16.949632,52.396483]},"properties":{"line":"167","mode":"bus","color":"#0059a9","colorDark":"#00294f","band":2,"off":[6,1.1]}},{"type":"Feature","geometry":{"type":"Point","coordinates":[16.949632,52.396483]},"properties":{"line":"181","mode":"bus","color":"#0059a9","colorDark":"#00294f","band":2,"off":[-6,2.6]}},{"type":"Feature","geometry":{"type":"Point","coordinates":[16.949632,52.396483]},"properties":{"line":"184","mode":"bus","color":"#0059a9","colorDark":"#00294f","band":2,"off":[-3,2.6]}},{"type":"Feature","geometry":{"type":"Point","coordinates":[16.949632,52.396483]},"properties":{"line":"196","mode":"bus","color":"#0059a9","colorDark":"#00294f","band":2,"off":[0,2.6]}},{"type":"Feature","geometry":{"type":"Point","coordinates":[16.949632,52.396483]},"properties":{"line":"227","mode":"bus","color":"#0059a9","colorDark":"#00294f","band":2,"off":[3,2.6]}},{"type":"Feature","geometry":{"type":"Point","coordinates":[16.949632,52.396483]},"properties":{"line":"425","mode":"bus","color":"#0059a9","colorDark":"#00294f","band":2,"off":[6,2.6]}},{"type":"Feature","geometry":{"type":"Point","coordinates":[16.949632,52.396483]},"properties":{"line":"431","mode":"bus","color":"#0059a9","colorDark":"#00294f","band":2,"off":[-6,4.1]}},{"type":"Feature","geometry":{"type":"Point","coordinates":[16.949632,52.396483]},"properties":{"line":"432","mode":"bus","color":"#0059a9","colorDark":"#00294f","band":2,"off":[-3,4.1]}},{"type":"Feature","geometry":{"type":"Point","coordinates":[16.949632,52.396483]},"properties":{"line":"433","mode":"bus","color":"#0059a9","colorDark":"#00294f","band":2,"off":[0,4.1]}},{"type":"Feature","geometry":{"type":"Point","coordinates":[16.949632,52.396483]},"properties":{"line":"501","mode":"bus","color":"#0059a9","colorDark":"#00294f","band":2,"off":[3,4.1]}},{"type":"Feature","geometry":{"type":"Point","coordinates":[16.949632,52.396483]},"properties":{"line":"502","mode":"bus","color":"#0059a9","colorDark":"#00294f","band":2,"off":[6,4.1]}},{"type":"Feature","geometry":{"type":"Point","coordinates":[16.949632,52.396483]},"properties":{"line":"503","mode":"bus","color":"#0059a9","colorDark":"#00294f","band":2,"off":[-6,5.6]}},{"type":"Feature","geometry":{"type":"Point","coordinates":[16.949632,52.396483]},"properties":{"line":"511","mode":"bus","color":"#0059a9","colorDark":"#00294f","band":2,"off":[-3,5.6]}},{"type":"Feature","geometry":{"type":"Point","coordinates":[16.949632,52.396483]},"properties":{"line":"512","mode":"bus","color":"#0059a9","colorDark":"#00294f","band":2,"off":[0,5.6]}},{"type":"Feature","geometry":{"type":"Point","coordinates":[16.949632,52.396483]},"properties":{"line":"560","mode":"bus","color":"#0059a9","colorDark":"#00294f","band":2,"off":[3,5.6]}},{"type":"Feature","geometry":{"type":"Point","coordinates":[16.949632,52.396483]},"properties":{"line":"561","mode":"bus","color":"#0059a9","colorDark":"#00294f","band":2,"off":[6,5.6]}},{"type":"Feature","geometry":{"type":"Point","coordinates":[16.949632,52.396483]},"properties":{"line":"911","mode":"bus","color":"#0059a9","colorDark":"#00294f","band":2,"off":[0,7.1]}},{"type":"Feature","geometry":{"type":"Point","coordinates":[16.993959,52.389801]},"properties":{"line":"152","mode":"bus","color":"#0059a9","colorDark":"#00294f","band":2,"off":[-6,1.1]}},{"type":"Feature","geometry":{"type":"Point","coordinates":[16.993959,52.389801]},"properties":{"line":"166","mode":"bus","color":"#0059a9","colorDark":"#00294f","band":2,"off":[-3,1.1]}},{"type":"Feature","geometry":{"type":"Point","coordinates":[16.993959,52.389801]},"properties":{"line":"181","mode":"bus","color":"#0059a9","colorDark":"#00294f","band":2,"off":[0,1.1]}},{"type":"Feature","geometry":{"type":"Point","coordinates":[16.993959,52.389801]},"properties":{"line":"212","mode":"bus","color":"#0059a9","colorDark":"#00294f","band":2,"off":[3,1.1]}},{"type":"Feature","geometry":{"type":"Point","coordinates":[16.993959,52.389801]},"properties":{"line":"218","mode":"bus","color":"#0059a9","colorDark":"#00294f","band":2,"off":[6,1.1]}},{"type":"Feature","geometry":{"type":"Point","coordinates":[16.993959,52.389801]},"properties":{"line":"222","mode":"bus","color":"#0059a9","colorDark":"#00294f","band":2,"off":[0,2.6]}},{"type":"Feature","geometry":{"type":"Point","coordinates":[16.982502,52.307983]},"properties":{"line":"153","mode":"bus","color":"#0059a9","colorDark":"#00294f","band":2,"off":[-3,1.1]}},{"type":"Feature","geometry":{"type":"Point","coordinates":[16.982502,52.307983]},"properties":{"line":"158","mode":"bus","color":"#0059a9","colorDark":"#00294f","band":2,"off":[0,1.1]}},{"type":"Feature","geometry":{"type":"Point","coordinates":[16.982502,52.307983]},"properties":{"line":"221","mode":"bus","color":"#0059a9","colorDark":"#00294f","band":2,"off":[3,1.1]}},{"type":"Feature","geometry":{"type":"Point","coordinates":[16.918256,52.342396]},"properties":{"line":"153","mode":"bus","color":"#0059a9","colorDark":"#00294f","band":2,"off":[-6,1.1]}},{"type":"Feature","geometry":{"type":"Point","coordinates":[16.918256,52.342396]},"properties":{"line":"158","mode":"bus","color":"#0059a9","colorDark":"#00294f","band":2,"off":[-3,1.1]}},{"type":"Feature","geometry":{"type":"Point","coordinates":[16.918256,52.342396]},"properties":{"line":"194","mode":"bus","color":"#0059a9","colorDark":"#00294f","band":2,"off":[0,1.1]}},{"type":"Feature","geometry":{"type":"Point","coordinates":[16.918256,52.342396]},"properties":{"line":"221","mode":"bus","color":"#0059a9","colorDark":"#00294f","band":2,"off":[3,1.1]}},{"type":"Feature","geometry":{"type":"Point","coordinates":[16.918256,52.342396]},"properties":{"line":"527","mode":"bus","color":"#0059a9","colorDark":"#00294f","band":2,"off":[6,1.1]}},{"type":"Feature","geometry":{"type":"Point","coordinates":[16.949869,52.372457]},"properties":{"line":"3","mode":"tram","color":"#d6212b","colorDark":"#7c1116","band":2,"off":[-6,1.1]}},{"type":"Feature","geometry":{"type":"Point","coordinates":[16.949869,52.372457]},"properties":{"line":"11","mode":"tram","color":"#d6212b","colorDark":"#7c1116","band":2,"off":[-3,1.1]}},{"type":"Feature","geometry":{"type":"Point","coordinates":[16.949869,52.372457]},"properties":{"line":"18","mode":"tram","color":"#d6212b","colorDark":"#7c1116","band":2,"off":[0,1.1]}},{"type":"Feature","geometry":{"type":"Point","coordinates":[16.949869,52.372457]},"properties":{"line":"153","mode":"bus","color":"#0059a9","colorDark":"#00294f","band":2,"off":[3,1.1]}},{"type":"Feature","geometry":{"type":"Point","coordinates":[16.949869,52.372457]},"properties":{"line":"174","mode":"bus","color":"#0059a9","colorDark":"#00294f","band":2,"off":[6,1.1]}},{"type":"Feature","geometry":{"type":"Point","coordinates":[16.949869,52.372457]},"properties":{"line":"189","mode":"bus","color":"#0059a9","colorDark":"#00294f","band":2,"off":[-1.5,2.6]}},{"type":"Feature","geometry":{"type":"Point","coordinates":[16.949869,52.372457]},"properties":{"line":"201","mode":"tram","color":"#d6212b","colorDark":"#7c1116","band":2,"off":[1.5,2.6]}},{"type":"Feature","geometry":{"type":"Point","coordinates":[16.932713,52.36885]},"properties":{"line":"153","mode":"bus","color":"#0059a9","colorDark":"#00294f","band":2,"off":[-3,1.1]}},{"type":"Feature","geometry":{"type":"Point","coordinates":[16.932713,52.36885]},"properties":{"line":"217","mode":"bus","color":"#0059a9","colorDark":"#00294f","band":2,"off":[0,1.1]}},{"type":"Feature","geometry":{"type":"Point","coordinates":[16.932713,52.36885]},"properties":{"line":"221","mode":"bus","color":"#0059a9","colorDark":"#00294f","band":2,"off":[3,1.1]}},{"type":"Feature","geometry":{"type":"Point","coordinates":[17.022885,52.351291]},"properties":{"line":"154","mode":"bus","color":"#0059a9","colorDark":"#00294f","band":2,"off":[-1.5,1.1]}},{"type":"Feature","geometry":{"type":"Point","coordinates":[17.022885,52.351291]},"properties":{"line":"220","mode":"bus","color":"#0059a9","colorDark":"#00294f","band":2,"off":[1.5,1.1]}},{"type":"Feature","geometry":{"type":"Point","coordinates":[16.807403,52.4417]},"properties":{"line":"156","mode":"bus","color":"#0059a9","colorDark":"#00294f","band":2,"off":[0,1.1]}},{"type":"Feature","geometry":{"type":"Point","coordinates":[16.994851,52.409988]},"properties":{"line":"157","mode":"bus","color":"#0059a9","colorDark":"#00294f","band":2,"off":[-6,1.1]}},{"type":"Feature","geometry":{"type":"Point","coordinates":[16.994851,52.409988]},"properties":{"line":"213","mode":"bus","color":"#0059a9","colorDark":"#00294f","band":2,"off":[-3,1.1]}},{"type":"Feature","geometry":{"type":"Point","coordinates":[16.994851,52.409988]},"properties":{"line":"222","mode":"bus","color":"#0059a9","colorDark":"#00294f","band":2,"off":[0,1.1]}},{"type":"Feature","geometry":{"type":"Point","coordinates":[16.994851,52.409988]},"properties":{"line":"223","mode":"bus","color":"#0059a9","colorDark":"#00294f","band":2,"off":[3,1.1]}},{"type":"Feature","geometry":{"type":"Point","coordinates":[16.994851,52.409988]},"properties":{"line":"401","mode":"bus","color":"#0059a9","colorDark":"#00294f","band":2,"off":[6,1.1]}},{"type":"Feature","geometry":{"type":"Point","coordinates":[16.994851,52.409988]},"properties":{"line":"405","mode":"bus","color":"#0059a9","colorDark":"#00294f","band":2,"off":[-4.5,2.6]}},{"type":"Feature","geometry":{"type":"Point","coordinates":[16.994851,52.409988]},"properties":{"line":"406","mode":"bus","color":"#0059a9","colorDark":"#00294f","band":2,"off":[-1.5,2.6]}},{"type":"Feature","geometry":{"type":"Point","coordinates":[16.994851,52.409988]},"properties":{"line":"407","mode":"bus","color":"#0059a9","colorDark":"#00294f","band":2,"off":[1.5,2.6]}},{"type":"Feature","geometry":{"type":"Point","coordinates":[16.994851,52.409988]},"properties":{"line":"416","mode":"bus","color":"#0059a9","colorDark":"#00294f","band":2,"off":[4.5,2.6]}},{"type":"Feature","geometry":{"type":"Point","coordinates":[16.955812,52.409375]},"properties":{"line":"157","mode":"bus","color":"#0059a9","colorDark":"#00294f","band":2,"off":[-6,1.1]}},{"type":"Feature","geometry":{"type":"Point","coordinates":[16.955812,52.409375]},"properties":{"line":"173","mode":"bus","color":"#0059a9","colorDark":"#00294f","band":2,"off":[-3,1.1]}},{"type":"Feature","geometry":{"type":"Point","coordinates":[16.955812,52.409375]},"properties":{"line":"178","mode":"bus","color":"#0059a9","colorDark":"#00294f","band":2,"off":[0,1.1]}},{"type":"Feature","geometry":{"type":"Point","coordinates":[16.955812,52.409375]},"properties":{"line":"183","mode":"bus","color":"#0059a9","colorDark":"#00294f","band":2,"off":[3,1.1]}},{"type":"Feature","geometry":{"type":"Point","coordinates":[16.955812,52.409375]},"properties":{"line":"184","mode":"bus","color":"#0059a9","colorDark":"#00294f","band":2,"off":[6,1.1]}},{"type":"Feature","geometry":{"type":"Point","coordinates":[16.955812,52.409375]},"properties":{"line":"185","mode":"bus","color":"#0059a9","colorDark":"#00294f","band":2,"off":[-6,2.6]}},{"type":"Feature","geometry":{"type":"Point","coordinates":[16.955812,52.409375]},"properties":{"line":"312","mode":"bus","color":"#0059a9","colorDark":"#00294f","band":2,"off":[-3,2.6]}},{"type":"Feature","geometry":{"type":"Point","coordinates":[16.955812,52.409375]},"properties":{"line":"320","mode":"bus","color":"#0059a9","colorDark":"#00294f","band":2,"off":[0,2.6]}},{"type":"Feature","geometry":{"type":"Point","coordinates":[16.955812,52.409375]},"properties":{"line":"323","mode":"bus","color":"#0059a9","colorDark":"#00294f","band":2,"off":[3,2.6]}},{"type":"Feature","geometry":{"type":"Point","coordinates":[16.955812,52.409375]},"properties":{"line":"341","mode":"bus","color":"#0059a9","colorDark":"#00294f","band":2,"off":[6,2.6]}},{"type":"Feature","geometry":{"type":"Point","coordinates":[16.955812,52.409375]},"properties":{"line":"342","mode":"bus","color":"#0059a9","colorDark":"#00294f","band":2,"off":[-6,4.1]}},{"type":"Feature","geometry":{"type":"Point","coordinates":[16.955812,52.409375]},"properties":{"line":"400","mode":"bus","color":"#0059a9","colorDark":"#00294f","band":2,"off":[-3,4.1]}},{"type":"Feature","geometry":{"type":"Point","coordinates":[16.955812,52.409375]},"properties":{"line":"401","mode":"bus","color":"#0059a9","colorDark":"#00294f","band":2,"off":[0,4.1]}},{"type":"Feature","geometry":{"type":"Point","coordinates":[16.955812,52.409375]},"properties":{"line":"405","mode":"bus","color":"#0059a9","colorDark":"#00294f","band":2,"off":[3,4.1]}},{"type":"Feature","geometry":{"type":"Point","coordinates":[16.955812,52.409375]},"properties":{"line":"406","mode":"bus","color":"#0059a9","colorDark":"#00294f","band":2,"off":[6,4.1]}},{"type":"Feature","geometry":{"type":"Point","coordinates":[16.955812,52.409375]},"properties":{"line":"407","mode":"bus","color":"#0059a9","colorDark":"#00294f","band":2,"off":[-3,5.6]}},{"type":"Feature","geometry":{"type":"Point","coordinates":[16.955812,52.409375]},"properties":{"line":"412","mode":"bus","color":"#0059a9","colorDark":"#00294f","band":2,"off":[0,5.6]}},{"type":"Feature","geometry":{"type":"Point","coordinates":[16.955812,52.409375]},"properties":{"line":"T7","mode":"bus","color":"#0059a9","colorDark":"#00294f","band":2,"off":[3,5.6]}},{"type":"Feature","geometry":{"type":"Point","coordinates":[16.929993,52.366315]},"properties":{"line":"158","mode":"bus","color":"#0059a9","colorDark":"#00294f","band":2,"off":[-6,1.1]}},{"type":"Feature","geometry":{"type":"Point","coordinates":[16.929993,52.366315]},"properties":{"line":"189","mode":"bus","color":"#0059a9","colorDark":"#00294f","band":2,"off":[-3,1.1]}},{"type":"Feature","geometry":{"type":"Point","coordinates":[16.929993,52.366315]},"properties":{"line":"194","mode":"bus","color":"#0059a9","colorDark":"#00294f","band":2,"off":[0,1.1]}},{"type":"Feature","geometry":{"type":"Point","coordinates":[16.929993,52.366315]},"properties":{"line":"221","mode":"bus","color":"#0059a9","colorDark":"#00294f","band":2,"off":[3,1.1]}},{"type":"Feature","geometry":{"type":"Point","coordinates":[16.929993,52.366315]},"properties":{"line":"527","mode":"bus","color":"#0059a9","colorDark":"#00294f","band":2,"off":[6,1.1]}},{"type":"Feature","geometry":{"type":"Point","coordinates":[16.939119,52.416618]},"properties":{"line":"160","mode":"bus","color":"#0059a9","colorDark":"#00294f","band":2,"off":[-6,1.1]}},{"type":"Feature","geometry":{"type":"Point","coordinates":[16.939119,52.416618]},"properties":{"line":"163","mode":"bus","color":"#0059a9","colorDark":"#00294f","band":2,"off":[-3,1.1]}},{"type":"Feature","geometry":{"type":"Point","coordinates":[16.939119,52.416618]},"properties":{"line":"176","mode":"bus","color":"#0059a9","colorDark":"#00294f","band":2,"off":[0,1.1]}},{"type":"Feature","geometry":{"type":"Point","coordinates":[16.939119,52.416618]},"properties":{"line":"220","mode":"bus","color":"#0059a9","colorDark":"#00294f","band":2,"off":[3,1.1]}},{"type":"Feature","geometry":{"type":"Point","coordinates":[16.939119,52.416618]},"properties":{"line":"221","mode":"bus","color":"#0059a9","colorDark":"#00294f","band":2,"off":[6,1.1]}},{"type":"Feature","geometry":{"type":"Point","coordinates":[16.939119,52.416618]},"properties":{"line":"603","mode":"bus","color":"#0059a9","colorDark":"#00294f","band":2,"off":[0,2.6]}},{"type":"Feature","geometry":{"type":"Point","coordinates":[16.865046,52.452764]},"properties":{"line":"164","mode":"bus","color":"#0059a9","colorDark":"#00294f","band":2,"off":[-3,1.1]}},{"type":"Feature","geometry":{"type":"Point","coordinates":[16.865046,52.452764]},"properties":{"line":"170","mode":"bus","color":"#0059a9","colorDark":"#00294f","band":2,"off":[0,1.1]}},{"type":"Feature","geometry":{"type":"Point","coordinates":[16.865046,52.452764]},"properties":{"line":"226","mode":"bus","color":"#0059a9","colorDark":"#00294f","band":2,"off":[3,1.1]}},{"type":"Feature","geometry":{"type":"Point","coordinates":[17.04468,52.414993]},"properties":{"line":"166","mode":"bus","color":"#0059a9","colorDark":"#00294f","band":2,"off":[-1.5,1.1]}},{"type":"Feature","geometry":{"type":"Point","coordinates":[17.04468,52.414993]},"properties":{"line":"416","mode":"bus","color":"#0059a9","colorDark":"#00294f","band":2,"off":[1.5,1.1]}},{"type":"Feature","geometry":{"type":"Point","coordinates":[16.946116,52.497661]},"properties":{"line":"167","mode":"bus","color":"#0059a9","colorDark":"#00294f","band":2,"off":[-4.5,1.1]}},{"type":"Feature","geometry":{"type":"Point","coordinates":[16.946116,52.497661]},"properties":{"line":"214","mode":"bus","color":"#0059a9","colorDark":"#00294f","band":2,"off":[-1.5,1.1]}},{"type":"Feature","geometry":{"type":"Point","coordinates":[16.946116,52.497661]},"properties":{"line":"348","mode":"bus","color":"#0059a9","colorDark":"#00294f","band":2,"off":[1.5,1.1]}},{"type":"Feature","geometry":{"type":"Point","coordinates":[16.946116,52.497661]},"properties":{"line":"911","mode":"bus","color":"#0059a9","colorDark":"#00294f","band":2,"off":[4.5,1.1]}},{"type":"Feature","geometry":{"type":"Point","coordinates":[16.934634,52.452032]},"properties":{"line":"169","mode":"bus","color":"#0059a9","colorDark":"#00294f","band":2,"off":[0,1.1]}},{"type":"Feature","geometry":{"type":"Point","coordinates":[16.94091,52.441231]},"properties":{"line":"169","mode":"bus","color":"#0059a9","colorDark":"#00294f","band":2,"off":[-6,1.1]}},{"type":"Feature","geometry":{"type":"Point","coordinates":[16.94091,52.441231]},"properties":{"line":"171","mode":"bus","color":"#0059a9","colorDark":"#00294f","band":2,"off":[-3,1.1]}},{"type":"Feature","geometry":{"type":"Point","coordinates":[16.94091,52.441231]},"properties":{"line":"178","mode":"bus","color":"#0059a9","colorDark":"#00294f","band":2,"off":[0,1.1]}},{"type":"Feature","geometry":{"type":"Point","coordinates":[16.94091,52.441231]},"properties":{"line":"182","mode":"bus","color":"#0059a9","colorDark":"#00294f","band":2,"off":[3,1.1]}},{"type":"Feature","geometry":{"type":"Point","coordinates":[16.94091,52.441231]},"properties":{"line":"185","mode":"bus","color":"#0059a9","colorDark":"#00294f","band":2,"off":[6,1.1]}},{"type":"Feature","geometry":{"type":"Point","coordinates":[16.94091,52.441231]},"properties":{"line":"218","mode":"bus","color":"#0059a9","colorDark":"#00294f","band":2,"off":[0,2.6]}},{"type":"Feature","geometry":{"type":"Point","coordinates":[16.937269,52.435201]},"properties":{"line":"170","mode":"bus","color":"#0059a9","colorDark":"#00294f","band":2,"off":[-6,1.1]}},{"type":"Feature","geometry":{"type":"Point","coordinates":[16.937269,52.435201]},"properties":{"line":"171","mode":"bus","color":"#0059a9","colorDark":"#00294f","band":2,"off":[-3,1.1]}},{"type":"Feature","geometry":{"type":"Point","coordinates":[16.937269,52.435201]},"properties":{"line":"174","mode":"bus","color":"#0059a9","colorDark":"#00294f","band":2,"off":[0,1.1]}},{"type":"Feature","geometry":{"type":"Point","coordinates":[16.937269,52.435201]},"properties":{"line":"178","mode":"bus","color":"#0059a9","colorDark":"#00294f","band":2,"off":[3,1.1]}},{"type":"Feature","geometry":{"type":"Point","coordinates":[16.937269,52.435201]},"properties":{"line":"183","mode":"bus","color":"#0059a9","colorDark":"#00294f","band":2,"off":[6,1.1]}},{"type":"Feature","geometry":{"type":"Point","coordinates":[16.937269,52.435201]},"properties":{"line":"321","mode":"bus","color":"#0059a9","colorDark":"#00294f","band":2,"off":[-1.5,2.6]}},{"type":"Feature","geometry":{"type":"Point","coordinates":[16.937269,52.435201]},"properties":{"line":"322","mode":"bus","color":"#0059a9","colorDark":"#00294f","band":2,"off":[1.5,2.6]}},{"type":"Feature","geometry":{"type":"Point","coordinates":[16.904062,52.437939]},"properties":{"line":"170","mode":"bus","color":"#0059a9","colorDark":"#00294f","band":2,"off":[-3,1.1]}},{"type":"Feature","geometry":{"type":"Point","coordinates":[16.904062,52.437939]},"properties":{"line":"183","mode":"bus","color":"#0059a9","colorDark":"#00294f","band":2,"off":[0,1.1]}},{"type":"Feature","geometry":{"type":"Point","coordinates":[16.904062,52.437939]},"properties":{"line":"321","mode":"bus","color":"#0059a9","colorDark":"#00294f","band":2,"off":[3,1.1]}},{"type":"Feature","geometry":{"type":"Point","coordinates":[16.931696,52.435266]},"properties":{"line":"4","mode":"tram","color":"#d6212b","colorDark":"#7c1116","band":2,"off":[-6,1.1]}},{"type":"Feature","geometry":{"type":"Point","coordinates":[16.931696,52.435266]},"properties":{"line":"170","mode":"bus","color":"#0059a9","colorDark":"#00294f","band":2,"off":[-3,1.1]}},{"type":"Feature","geometry":{"type":"Point","coordinates":[16.931696,52.435266]},"properties":{"line":"171","mode":"bus","color":"#0059a9","colorDark":"#00294f","band":2,"off":[0,1.1]}},{"type":"Feature","geometry":{"type":"Point","coordinates":[16.931696,52.435266]},"properties":{"line":"174","mode":"bus","color":"#0059a9","colorDark":"#00294f","band":2,"off":[3,1.1]}},{"type":"Feature","geometry":{"type":"Point","coordinates":[16.931696,52.435266]},"properties":{"line":"178","mode":"bus","color":"#0059a9","colorDark":"#00294f","band":2,"off":[6,1.1]}},{"type":"Feature","geometry":{"type":"Point","coordinates":[16.931696,52.435266]},"properties":{"line":"183","mode":"bus","color":"#0059a9","colorDark":"#00294f","band":2,"off":[-3,2.6]}},{"type":"Feature","geometry":{"type":"Point","coordinates":[16.931696,52.435266]},"properties":{"line":"321","mode":"bus","color":"#0059a9","colorDark":"#00294f","band":2,"off":[0,2.6]}},{"type":"Feature","geometry":{"type":"Point","coordinates":[16.931696,52.435266]},"properties":{"line":"322","mode":"bus","color":"#0059a9","colorDark":"#00294f","band":2,"off":[3,2.6]}},{"type":"Feature","geometry":{"type":"Point","coordinates":[16.904578,52.360414]},"properties":{"line":"171","mode":"bus","color":"#0059a9","colorDark":"#00294f","band":2,"off":[-6,1.1]}},{"type":"Feature","geometry":{"type":"Point","coordinates":[16.904578,52.360414]},"properties":{"line":"176","mode":"bus","color":"#0059a9","colorDark":"#00294f","band":2,"off":[-3,1.1]}},{"type":"Feature","geometry":{"type":"Point","coordinates":[16.904578,52.360414]},"properties":{"line":"215","mode":"bus","color":"#0059a9","colorDark":"#00294f","band":2,"off":[0,1.1]}},{"type":"Feature","geometry":{"type":"Point","coordinates":[16.904578,52.360414]},"properties":{"line":"602","mode":"bus","color":"#0059a9","colorDark":"#00294f","band":2,"off":[3,1.1]}},{"type":"Feature","geometry":{"type":"Point","coordinates":[16.904578,52.360414]},"properties":{"line":"603","mode":"bus","color":"#0059a9","colorDark":"#00294f","band":2,"off":[6,1.1]}},{"type":"Feature","geometry":{"type":"Point","coordinates":[16.904578,52.360414]},"properties":{"line":"610","mode":"bus","color":"#0059a9","colorDark":"#00294f","band":2,"off":[-1.5,2.6]}},{"type":"Feature","geometry":{"type":"Point","coordinates":[16.904578,52.360414]},"properties":{"line":"651","mode":"bus","color":"#0059a9","colorDark":"#00294f","band":2,"off":[1.5,2.6]}},{"type":"Feature","geometry":{"type":"Point","coordinates":[17.017939,52.436548]},"properties":{"line":"173","mode":"bus","color":"#0059a9","colorDark":"#00294f","band":2,"off":[0,1.1]}},{"type":"Feature","geometry":{"type":"Point","coordinates":[16.974224,52.422017]},"properties":{"line":"173","mode":"bus","color":"#0059a9","colorDark":"#00294f","band":2,"off":[-6,1.1]}},{"type":"Feature","geometry":{"type":"Point","coordinates":[16.974224,52.422017]},"properties":{"line":"185","mode":"bus","color":"#0059a9","colorDark":"#00294f","band":2,"off":[-3,1.1]}},{"type":"Feature","geometry":{"type":"Point","coordinates":[16.974224,52.422017]},"properties":{"line":"217","mode":"bus","color":"#0059a9","colorDark":"#00294f","band":2,"off":[0,1.1]}},{"type":"Feature","geometry":{"type":"Point","coordinates":[16.974224,52.422017]},"properties":{"line":"227","mode":"bus","color":"#0059a9","colorDark":"#00294f","band":2,"off":[3,1.1]}},{"type":"Feature","geometry":{"type":"Point","coordinates":[16.974224,52.422017]},"properties":{"line":"312","mode":"bus","color":"#0059a9","colorDark":"#00294f","band":2,"off":[6,1.1]}},{"type":"Feature","geometry":{"type":"Point","coordinates":[16.974224,52.422017]},"properties":{"line":"320","mode":"bus","color":"#0059a9","colorDark":"#00294f","band":2,"off":[-4.5,2.6]}},{"type":"Feature","geometry":{"type":"Point","coordinates":[16.974224,52.422017]},"properties":{"line":"323","mode":"bus","color":"#0059a9","colorDark":"#00294f","band":2,"off":[-1.5,2.6]}},{"type":"Feature","geometry":{"type":"Point","coordinates":[16.974224,52.422017]},"properties":{"line":"342","mode":"bus","color":"#0059a9","colorDark":"#00294f","band":2,"off":[1.5,2.6]}},{"type":"Feature","geometry":{"type":"Point","coordinates":[16.974224,52.422017]},"properties":{"line":"412","mode":"bus","color":"#0059a9","colorDark":"#00294f","band":2,"off":[4.5,2.6]}},{"type":"Feature","geometry":{"type":"Point","coordinates":[16.838326,52.354834]},"properties":{"line":"180","mode":"bus","color":"#0059a9","colorDark":"#00294f","band":2,"off":[-3,1.1]}},{"type":"Feature","geometry":{"type":"Point","coordinates":[16.838326,52.354834]},"properties":{"line":"704","mode":"bus","color":"#0059a9","colorDark":"#00294f","band":2,"off":[0,1.1]}},{"type":"Feature","geometry":{"type":"Point","coordinates":[16.838326,52.354834]},"properties":{"line":"710","mode":"bus","color":"#0059a9","colorDark":"#00294f","band":2,"off":[3,1.1]}},{"type":"Feature","geometry":{"type":"Point","coordinates":[16.842815,52.370386]},"properties":{"line":"180","mode":"bus","color":"#0059a9","colorDark":"#00294f","band":2,"off":[-1.5,1.1]}},{"type":"Feature","geometry":{"type":"Point","coordinates":[16.842815,52.370386]},"properties":{"line":"717","mode":"bus","color":"#0059a9","colorDark":"#00294f","band":2,"off":[1.5,1.1]}},{"type":"Feature","geometry":{"type":"Point","coordinates":[16.981509,52.374333]},"properties":{"line":"181","mode":"bus","color":"#0059a9","colorDark":"#00294f","band":2,"off":[0,1.1]}},{"type":"Feature","geometry":{"type":"Point","coordinates":[16.992489,52.400538]},"properties":{"line":"184","mode":"bus","color":"#0059a9","colorDark":"#00294f","band":2,"off":[0,1.1]}},{"type":"Feature","geometry":{"type":"Point","coordinates":[16.774539,52.473627]},"properties":{"line":"186","mode":"bus","color":"#0059a9","colorDark":"#00294f","band":2,"off":[-4.5,1.1]}},{"type":"Feature","geometry":{"type":"Point","coordinates":[16.774539,52.473627]},"properties":{"line":"835","mode":"bus","color":"#0059a9","colorDark":"#00294f","band":2,"off":[-1.5,1.1]}},{"type":"Feature","geometry":{"type":"Point","coordinates":[16.774539,52.473627]},"properties":{"line":"837","mode":"bus","color":"#0059a9","colorDark":"#00294f","band":2,"off":[1.5,1.1]}},{"type":"Feature","geometry":{"type":"Point","coordinates":[16.774539,52.473627]},"properties":{"line":"893","mode":"bus","color":"#0059a9","colorDark":"#00294f","band":2,"off":[4.5,1.1]}},{"type":"Feature","geometry":{"type":"Point","coordinates":[16.905391,52.489261]},"properties":{"line":"188","mode":"bus","color":"#0059a9","colorDark":"#00294f","band":2,"off":[-1.5,1.1]}},{"type":"Feature","geometry":{"type":"Point","coordinates":[16.905391,52.489261]},"properties":{"line":"902","mode":"bus","color":"#0059a9","colorDark":"#00294f","band":2,"off":[1.5,1.1]}},{"type":"Feature","geometry":{"type":"Point","coordinates":[16.943196,52.379382]},"properties":{"line":"190","mode":"bus","color":"#0059a9","colorDark":"#00294f","band":2,"off":[0,1.1]}},{"type":"Feature","geometry":{"type":"Point","coordinates":[16.941836,52.466643]},"properties":{"line":"198","mode":"bus","color":"#0059a9","colorDark":"#00294f","band":2,"off":[-3,1.1]}},{"type":"Feature","geometry":{"type":"Point","coordinates":[16.941836,52.466643]},"properties":{"line":"214","mode":"bus","color":"#0059a9","colorDark":"#00294f","band":2,"off":[0,1.1]}},{"type":"Feature","geometry":{"type":"Point","coordinates":[16.941836,52.466643]},"properties":{"line":"348","mode":"bus","color":"#0059a9","colorDark":"#00294f","band":2,"off":[3,1.1]}},{"type":"Feature","geometry":{"type":"Point","coordinates":[16.93938,52.410711]},"properties":{"line":"213","mode":"bus","color":"#0059a9","colorDark":"#00294f","band":2,"off":[-3,1.1]}},{"type":"Feature","geometry":{"type":"Point","coordinates":[16.93938,52.410711]},"properties":{"line":"223","mode":"bus","color":"#0059a9","colorDark":"#00294f","band":2,"off":[0,1.1]}},{"type":"Feature","geometry":{"type":"Point","coordinates":[16.93938,52.410711]},"properties":{"line":"T7","mode":"bus","color":"#0059a9","colorDark":"#00294f","band":2,"off":[3,1.1]}},{"type":"Feature","geometry":{"type":"Point","coordinates":[16.809257,52.431666]},"properties":{"line":"219","mode":"bus","color":"#0059a9","colorDark":"#00294f","band":2,"off":[-6,1.1]}},{"type":"Feature","geometry":{"type":"Point","coordinates":[16.809257,52.431666]},"properties":{"line":"802","mode":"bus","color":"#0059a9","colorDark":"#00294f","band":2,"off":[-3,1.1]}},{"type":"Feature","geometry":{"type":"Point","coordinates":[16.809257,52.431666]},"properties":{"line":"803","mode":"bus","color":"#0059a9","colorDark":"#00294f","band":2,"off":[0,1.1]}},{"type":"Feature","geometry":{"type":"Point","coordinates":[16.809257,52.431666]},"properties":{"line":"804","mode":"bus","color":"#0059a9","colorDark":"#00294f","band":2,"off":[3,1.1]}},{"type":"Feature","geometry":{"type":"Point","coordinates":[16.809257,52.431666]},"properties":{"line":"811","mode":"bus","color":"#0059a9","colorDark":"#00294f","band":2,"off":[6,1.1]}},{"type":"Feature","geometry":{"type":"Point","coordinates":[16.809257,52.431666]},"properties":{"line":"812","mode":"bus","color":"#0059a9","colorDark":"#00294f","band":2,"off":[-6,2.6]}},{"type":"Feature","geometry":{"type":"Point","coordinates":[16.809257,52.431666]},"properties":{"line":"813","mode":"bus","color":"#0059a9","colorDark":"#00294f","band":2,"off":[-3,2.6]}},{"type":"Feature","geometry":{"type":"Point","coordinates":[16.809257,52.431666]},"properties":{"line":"821","mode":"bus","color":"#0059a9","colorDark":"#00294f","band":2,"off":[0,2.6]}},{"type":"Feature","geometry":{"type":"Point","coordinates":[16.809257,52.431666]},"properties":{"line":"822","mode":"bus","color":"#0059a9","colorDark":"#00294f","band":2,"off":[3,2.6]}},{"type":"Feature","geometry":{"type":"Point","coordinates":[16.809257,52.431666]},"properties":{"line":"833","mode":"bus","color":"#0059a9","colorDark":"#00294f","band":2,"off":[6,2.6]}},{"type":"Feature","geometry":{"type":"Point","coordinates":[16.823595,52.377648]},"properties":{"line":"224","mode":"bus","color":"#0059a9","colorDark":"#00294f","band":2,"off":[-4.5,1.1]}},{"type":"Feature","geometry":{"type":"Point","coordinates":[16.823595,52.377648]},"properties":{"line":"715","mode":"bus","color":"#0059a9","colorDark":"#00294f","band":2,"off":[-1.5,1.1]}},{"type":"Feature","geometry":{"type":"Point","coordinates":[16.823595,52.377648]},"properties":{"line":"716","mode":"bus","color":"#0059a9","colorDark":"#00294f","band":2,"off":[1.5,1.1]}},{"type":"Feature","geometry":{"type":"Point","coordinates":[16.823595,52.377648]},"properties":{"line":"717","mode":"bus","color":"#0059a9","colorDark":"#00294f","band":2,"off":[4.5,1.1]}},{"type":"Feature","geometry":{"type":"Point","coordinates":[16.991464,52.452426]},"properties":{"line":"227","mode":"bus","color":"#0059a9","colorDark":"#00294f","band":2,"off":[-6,1.1]}},{"type":"Feature","geometry":{"type":"Point","coordinates":[16.991464,52.452426]},"properties":{"line":"312","mode":"bus","color":"#0059a9","colorDark":"#00294f","band":2,"off":[-3,1.1]}},{"type":"Feature","geometry":{"type":"Point","coordinates":[16.991464,52.452426]},"properties":{"line":"322","mode":"bus","color":"#0059a9","colorDark":"#00294f","band":2,"off":[0,1.1]}},{"type":"Feature","geometry":{"type":"Point","coordinates":[16.991464,52.452426]},"properties":{"line":"323","mode":"bus","color":"#0059a9","colorDark":"#00294f","band":2,"off":[3,1.1]}},{"type":"Feature","geometry":{"type":"Point","coordinates":[16.991464,52.452426]},"properties":{"line":"388","mode":"bus","color":"#0059a9","colorDark":"#00294f","band":2,"off":[6,1.1]}},{"type":"Feature","geometry":{"type":"Point","coordinates":[16.991049,52.445567]},"properties":{"line":"227","mode":"bus","color":"#0059a9","colorDark":"#00294f","band":2,"off":[-6,1.1]}},{"type":"Feature","geometry":{"type":"Point","coordinates":[16.991049,52.445567]},"properties":{"line":"322","mode":"bus","color":"#0059a9","colorDark":"#00294f","band":2,"off":[-3,1.1]}},{"type":"Feature","geometry":{"type":"Point","coordinates":[16.991049,52.445567]},"properties":{"line":"323","mode":"bus","color":"#0059a9","colorDark":"#00294f","band":2,"off":[0,1.1]}},{"type":"Feature","geometry":{"type":"Point","coordinates":[16.991049,52.445567]},"properties":{"line":"341","mode":"bus","color":"#0059a9","colorDark":"#00294f","band":2,"off":[3,1.1]}},{"type":"Feature","geometry":{"type":"Point","coordinates":[16.991049,52.445567]},"properties":{"line":"388","mode":"bus","color":"#0059a9","colorDark":"#00294f","band":2,"off":[6,1.1]}},{"type":"Feature","geometry":{"type":"Point","coordinates":[16.991049,52.445567]},"properties":{"line":"396","mode":"bus","color":"#0059a9","colorDark":"#00294f","band":2,"off":[0,2.6]}},{"type":"Feature","geometry":{"type":"Point","coordinates":[16.986781,52.511977]},"properties":{"line":"312","mode":"bus","color":"#0059a9","colorDark":"#00294f","band":2,"off":[-4.5,1.1]}},{"type":"Feature","geometry":{"type":"Point","coordinates":[16.986781,52.511977]},"properties":{"line":"342","mode":"bus","color":"#0059a9","colorDark":"#00294f","band":2,"off":[-1.5,1.1]}},{"type":"Feature","geometry":{"type":"Point","coordinates":[16.986781,52.511977]},"properties":{"line":"392","mode":"bus","color":"#0059a9","colorDark":"#00294f","band":2,"off":[1.5,1.1]}},{"type":"Feature","geometry":{"type":"Point","coordinates":[16.986781,52.511977]},"properties":{"line":"396","mode":"bus","color":"#0059a9","colorDark":"#00294f","band":2,"off":[4.5,1.1]}},{"type":"Feature","geometry":{"type":"Point","coordinates":[16.961647,52.551183]},"properties":{"line":"312","mode":"bus","color":"#0059a9","colorDark":"#00294f","band":2,"off":[0,1.1]}},{"type":"Feature","geometry":{"type":"Point","coordinates":[16.979948,52.468937]},"properties":{"line":"312","mode":"bus","color":"#0059a9","colorDark":"#00294f","band":2,"off":[-6,1.1]}},{"type":"Feature","geometry":{"type":"Point","coordinates":[16.979948,52.468937]},"properties":{"line":"341","mode":"bus","color":"#0059a9","colorDark":"#00294f","band":2,"off":[-3,1.1]}},{"type":"Feature","geometry":{"type":"Point","coordinates":[16.979948,52.468937]},"properties":{"line":"342","mode":"bus","color":"#0059a9","colorDark":"#00294f","band":2,"off":[0,1.1]}},{"type":"Feature","geometry":{"type":"Point","coordinates":[16.979948,52.468937]},"properties":{"line":"388","mode":"bus","color":"#0059a9","colorDark":"#00294f","band":2,"off":[3,1.1]}},{"type":"Feature","geometry":{"type":"Point","coordinates":[16.979948,52.468937]},"properties":{"line":"394","mode":"bus","color":"#0059a9","colorDark":"#00294f","band":2,"off":[6,1.1]}},{"type":"Feature","geometry":{"type":"Point","coordinates":[16.979948,52.468937]},"properties":{"line":"396","mode":"bus","color":"#0059a9","colorDark":"#00294f","band":2,"off":[0,2.6]}},{"type":"Feature","geometry":{"type":"Point","coordinates":[16.995532,52.458154]},"properties":{"line":"312","mode":"bus","color":"#0059a9","colorDark":"#00294f","band":2,"off":[-3,1.1]}},{"type":"Feature","geometry":{"type":"Point","coordinates":[16.995532,52.458154]},"properties":{"line":"322","mode":"bus","color":"#0059a9","colorDark":"#00294f","band":2,"off":[0,1.1]}},{"type":"Feature","geometry":{"type":"Point","coordinates":[16.995532,52.458154]},"properties":{"line":"323","mode":"bus","color":"#0059a9","colorDark":"#00294f","band":2,"off":[3,1.1]}},{"type":"Feature","geometry":{"type":"Point","coordinates":[17.020811,52.465302]},"properties":{"line":"320","mode":"bus","color":"#0059a9","colorDark":"#00294f","band":2,"off":[-6,1.1]}},{"type":"Feature","geometry":{"type":"Point","coordinates":[17.020811,52.465302]},"properties":{"line":"321","mode":"bus","color":"#0059a9","colorDark":"#00294f","band":2,"off":[-3,1.1]}},{"type":"Feature","geometry":{"type":"Point","coordinates":[17.020811,52.465302]},"properties":{"line":"323","mode":"bus","color":"#0059a9","colorDark":"#00294f","band":2,"off":[0,1.1]}},{"type":"Feature","geometry":{"type":"Point","coordinates":[17.020811,52.465302]},"properties":{"line":"388","mode":"bus","color":"#0059a9","colorDark":"#00294f","band":2,"off":[3,1.1]}},{"type":"Feature","geometry":{"type":"Point","coordinates":[17.020811,52.465302]},"properties":{"line":"396","mode":"bus","color":"#0059a9","colorDark":"#00294f","band":2,"off":[6,1.1]}},{"type":"Feature","geometry":{"type":"Point","coordinates":[16.911624,52.441354]},"properties":{"line":"9","mode":"tram","color":"#d6212b","colorDark":"#7c1116","band":2,"off":[-3,1.1]}},{"type":"Feature","geometry":{"type":"Point","coordinates":[16.911624,52.441354]},"properties":{"line":"11","mode":"tram","color":"#d6212b","colorDark":"#7c1116","band":2,"off":[0,1.1]}},{"type":"Feature","geometry":{"type":"Point","coordinates":[16.911624,52.441354]},"properties":{"line":"322","mode":"bus","color":"#0059a9","colorDark":"#00294f","band":2,"off":[3,1.1]}},{"type":"Feature","geometry":{"type":"Point","coordinates":[17.136167,52.515652]},"properties":{"line":"323","mode":"bus","color":"#0059a9","colorDark":"#00294f","band":2,"off":[0,1.1]}},{"type":"Feature","geometry":{"type":"Point","coordinates":[17.106678,52.497429]},"properties":{"line":"323","mode":"bus","color":"#0059a9","colorDark":"#00294f","band":2,"off":[-1.5,1.1]}},{"type":"Feature","geometry":{"type":"Point","coordinates":[17.106678,52.497429]},"properties":{"line":"493","mode":"bus","color":"#0059a9","colorDark":"#00294f","band":2,"off":[1.5,1.1]}},{"type":"Feature","geometry":{"type":"Point","coordinates":[17.082475,52.498591]},"properties":{"line":"323","mode":"bus","color":"#0059a9","colorDark":"#00294f","band":2,"off":[-1.5,1.1]}},{"type":"Feature","geometry":{"type":"Point","coordinates":[17.082475,52.498591]},"properties":{"line":"388","mode":"bus","color":"#0059a9","colorDark":"#00294f","band":2,"off":[1.5,1.1]}},{"type":"Feature","geometry":{"type":"Point","coordinates":[17.00978,52.587188]},"properties":{"line":"341","mode":"bus","color":"#0059a9","colorDark":"#00294f","band":2,"off":[-3,1.1]}},{"type":"Feature","geometry":{"type":"Point","coordinates":[17.00978,52.587188]},"properties":{"line":"342","mode":"bus","color":"#0059a9","colorDark":"#00294f","band":2,"off":[0,1.1]}},{"type":"Feature","geometry":{"type":"Point","coordinates":[17.00978,52.587188]},"properties":{"line":"348","mode":"bus","color":"#0059a9","colorDark":"#00294f","band":2,"off":[3,1.1]}},{"type":"Feature","geometry":{"type":"Point","coordinates":[16.947181,52.544976]},"properties":{"line":"348","mode":"bus","color":"#0059a9","colorDark":"#00294f","band":2,"off":[-3,1.1]}},{"type":"Feature","geometry":{"type":"Point","coordinates":[16.947181,52.544976]},"properties":{"line":"397","mode":"bus","color":"#0059a9","colorDark":"#00294f","band":2,"off":[0,1.1]}},{"type":"Feature","geometry":{"type":"Point","coordinates":[16.947181,52.544976]},"properties":{"line":"911","mode":"bus","color":"#0059a9","colorDark":"#00294f","band":2,"off":[3,1.1]}},{"type":"Feature","geometry":{"type":"Point","coordinates":[17.029933,52.524469]},"properties":{"line":"392","mode":"bus","color":"#0059a9","colorDark":"#00294f","band":2,"off":[-1.5,1.1]}},{"type":"Feature","geometry":{"type":"Point","coordinates":[17.029933,52.524469]},"properties":{"line":"396","mode":"bus","color":"#0059a9","colorDark":"#00294f","band":2,"off":[1.5,1.1]}},{"type":"Feature","geometry":{"type":"Point","coordinates":[16.989518,52.490274]},"properties":{"line":"394","mode":"bus","color":"#0059a9","colorDark":"#00294f","band":2,"off":[0,1.1]}},{"type":"Feature","geometry":{"type":"Point","coordinates":[16.978471,52.540156]},"properties":{"line":"397","mode":"bus","color":"#0059a9","colorDark":"#00294f","band":2,"off":[0,1.1]}},{"type":"Feature","geometry":{"type":"Point","coordinates":[17.020218,52.533946]},"properties":{"line":"397","mode":"bus","color":"#0059a9","colorDark":"#00294f","band":2,"off":[0,1.1]}},{"type":"Feature","geometry":{"type":"Point","coordinates":[17.076326,52.445779]},"properties":{"line":"400","mode":"bus","color":"#0059a9","colorDark":"#00294f","band":2,"off":[-4.5,1.1]}},{"type":"Feature","geometry":{"type":"Point","coordinates":[17.076326,52.445779]},"properties":{"line":"412","mode":"bus","color":"#0059a9","colorDark":"#00294f","band":2,"off":[-1.5,1.1]}},{"type":"Feature","geometry":{"type":"Point","coordinates":[17.076326,52.445779]},"properties":{"line":"492","mode":"bus","color":"#0059a9","colorDark":"#00294f","band":2,"off":[1.5,1.1]}},{"type":"Feature","geometry":{"type":"Point","coordinates":[17.076326,52.445779]},"properties":{"line":"493","mode":"bus","color":"#0059a9","colorDark":"#00294f","band":2,"off":[4.5,1.1]}},{"type":"Feature","geometry":{"type":"Point","coordinates":[17.072677,52.430881]},"properties":{"line":"400","mode":"bus","color":"#0059a9","colorDark":"#00294f","band":2,"off":[-4.5,1.1]}},{"type":"Feature","geometry":{"type":"Point","coordinates":[17.072677,52.430881]},"properties":{"line":"412","mode":"bus","color":"#0059a9","colorDark":"#00294f","band":2,"off":[-1.5,1.1]}},{"type":"Feature","geometry":{"type":"Point","coordinates":[17.072677,52.430881]},"properties":{"line":"416","mode":"bus","color":"#0059a9","colorDark":"#00294f","band":2,"off":[1.5,1.1]}},{"type":"Feature","geometry":{"type":"Point","coordinates":[17.072677,52.430881]},"properties":{"line":"494","mode":"bus","color":"#0059a9","colorDark":"#00294f","band":2,"off":[4.5,1.1]}},{"type":"Feature","geometry":{"type":"Point","coordinates":[17.080812,52.421046]},"properties":{"line":"400","mode":"bus","color":"#0059a9","colorDark":"#00294f","band":2,"off":[-6,1.1]}},{"type":"Feature","geometry":{"type":"Point","coordinates":[17.080812,52.421046]},"properties":{"line":"401","mode":"bus","color":"#0059a9","colorDark":"#00294f","band":2,"off":[-3,1.1]}},{"type":"Feature","geometry":{"type":"Point","coordinates":[17.080812,52.421046]},"properties":{"line":"412","mode":"bus","color":"#0059a9","colorDark":"#00294f","band":2,"off":[0,1.1]}},{"type":"Feature","geometry":{"type":"Point","coordinates":[17.080812,52.421046]},"properties":{"line":"491","mode":"bus","color":"#0059a9","colorDark":"#00294f","band":2,"off":[3,1.1]}},{"type":"Feature","geometry":{"type":"Point","coordinates":[17.080812,52.421046]},"properties":{"line":"494","mode":"bus","color":"#0059a9","colorDark":"#00294f","band":2,"off":[6,1.1]}},{"type":"Feature","geometry":{"type":"Point","coordinates":[17.080812,52.421046]},"properties":{"line":"499","mode":"bus","color":"#0059a9","colorDark":"#00294f","band":2,"off":[0,2.6]}},{"type":"Feature","geometry":{"type":"Point","coordinates":[17.064681,52.39997]},"properties":{"line":"400","mode":"bus","color":"#0059a9","colorDark":"#00294f","band":2,"off":[-6,1.1]}},{"type":"Feature","geometry":{"type":"Point","coordinates":[17.064681,52.39997]},"properties":{"line":"405","mode":"bus","color":"#0059a9","colorDark":"#00294f","band":2,"off":[-3,1.1]}},{"type":"Feature","geometry":{"type":"Point","coordinates":[17.064681,52.39997]},"properties":{"line":"406","mode":"bus","color":"#0059a9","colorDark":"#00294f","band":2,"off":[0,1.1]}},{"type":"Feature","geometry":{"type":"Point","coordinates":[17.064681,52.39997]},"properties":{"line":"407","mode":"bus","color":"#0059a9","colorDark":"#00294f","band":2,"off":[3,1.1]}},{"type":"Feature","geometry":{"type":"Point","coordinates":[17.064681,52.39997]},"properties":{"line":"484","mode":"bus","color":"#0059a9","colorDark":"#00294f","band":2,"off":[6,1.1]}},{"type":"Feature","geometry":{"type":"Point","coordinates":[17.064681,52.39997]},"properties":{"line":"494","mode":"bus","color":"#0059a9","colorDark":"#00294f","band":2,"off":[-1.5,2.6]}},{"type":"Feature","geometry":{"type":"Point","coordinates":[17.064681,52.39997]},"properties":{"line":"497","mode":"bus","color":"#0059a9","colorDark":"#00294f","band":2,"off":[1.5,2.6]}},{"type":"Feature","geometry":{"type":"Point","coordinates":[17.075789,52.410567]},"properties":{"line":"405","mode":"bus","color":"#0059a9","colorDark":"#00294f","band":2,"off":[-6,1.1]}},{"type":"Feature","geometry":{"type":"Point","coordinates":[17.075789,52.410567]},"properties":{"line":"406","mode":"bus","color":"#0059a9","colorDark":"#00294f","band":2,"off":[-3,1.1]}},{"type":"Feature","geometry":{"type":"Point","coordinates":[17.075789,52.410567]},"properties":{"line":"412","mode":"bus","color":"#0059a9","colorDark":"#00294f","band":2,"off":[0,1.1]}},{"type":"Feature","geometry":{"type":"Point","coordinates":[17.075789,52.410567]},"properties":{"line":"484","mode":"bus","color":"#0059a9","colorDark":"#00294f","band":2,"off":[3,1.1]}},{"type":"Feature","geometry":{"type":"Point","coordinates":[17.075789,52.410567]},"properties":{"line":"485","mode":"bus","color":"#0059a9","colorDark":"#00294f","band":2,"off":[6,1.1]}},{"type":"Feature","geometry":{"type":"Point","coordinates":[17.075789,52.410567]},"properties":{"line":"486","mode":"bus","color":"#0059a9","colorDark":"#00294f","band":2,"off":[-6,2.6]}},{"type":"Feature","geometry":{"type":"Point","coordinates":[17.075789,52.410567]},"properties":{"line":"490","mode":"bus","color":"#0059a9","colorDark":"#00294f","band":2,"off":[-3,2.6]}},{"type":"Feature","geometry":{"type":"Point","coordinates":[17.075789,52.410567]},"properties":{"line":"491","mode":"bus","color":"#0059a9","colorDark":"#00294f","band":2,"off":[0,2.6]}},{"type":"Feature","geometry":{"type":"Point","coordinates":[17.075789,52.410567]},"properties":{"line":"494","mode":"bus","color":"#0059a9","colorDark":"#00294f","band":2,"off":[3,2.6]}},{"type":"Feature","geometry":{"type":"Point","coordinates":[17.075789,52.410567]},"properties":{"line":"498","mode":"bus","color":"#0059a9","colorDark":"#00294f","band":2,"off":[6,2.6]}},{"type":"Feature","geometry":{"type":"Point","coordinates":[17.096029,52.405319]},"properties":{"line":"406","mode":"bus","color":"#0059a9","colorDark":"#00294f","band":2,"off":[0,1.1]}},{"type":"Feature","geometry":{"type":"Point","coordinates":[17.109171,52.398019]},"properties":{"line":"407","mode":"bus","color":"#0059a9","colorDark":"#00294f","band":2,"off":[0,1.1]}},{"type":"Feature","geometry":{"type":"Point","coordinates":[17.080747,52.445643]},"properties":{"line":"412","mode":"bus","color":"#0059a9","colorDark":"#00294f","band":2,"off":[-1.5,1.1]}},{"type":"Feature","geometry":{"type":"Point","coordinates":[17.080747,52.445643]},"properties":{"line":"494","mode":"bus","color":"#0059a9","colorDark":"#00294f","band":2,"off":[1.5,1.1]}},{"type":"Feature","geometry":{"type":"Point","coordinates":[17.073275,52.404518]},"properties":{"line":"412","mode":"bus","color":"#0059a9","colorDark":"#00294f","band":2,"off":[-6,1.1]}},{"type":"Feature","geometry":{"type":"Point","coordinates":[17.073275,52.404518]},"properties":{"line":"484","mode":"bus","color":"#0059a9","colorDark":"#00294f","band":2,"off":[-3,1.1]}},{"type":"Feature","geometry":{"type":"Point","coordinates":[17.073275,52.404518]},"properties":{"line":"485","mode":"bus","color":"#0059a9","colorDark":"#00294f","band":2,"off":[0,1.1]}},{"type":"Feature","geometry":{"type":"Point","coordinates":[17.073275,52.404518]},"properties":{"line":"486","mode":"bus","color":"#0059a9","colorDark":"#00294f","band":2,"off":[3,1.1]}},{"type":"Feature","geometry":{"type":"Point","coordinates":[17.073275,52.404518]},"properties":{"line":"490","mode":"bus","color":"#0059a9","colorDark":"#00294f","band":2,"off":[6,1.1]}},{"type":"Feature","geometry":{"type":"Point","coordinates":[17.073275,52.404518]},"properties":{"line":"491","mode":"bus","color":"#0059a9","colorDark":"#00294f","band":2,"off":[-1.5,2.6]}},{"type":"Feature","geometry":{"type":"Point","coordinates":[17.073275,52.404518]},"properties":{"line":"498","mode":"bus","color":"#0059a9","colorDark":"#00294f","band":2,"off":[1.5,2.6]}},{"type":"Feature","geometry":{"type":"Point","coordinates":[17.060356,52.383516]},"properties":{"line":"425","mode":"bus","color":"#0059a9","colorDark":"#00294f","band":2,"off":[-4.5,1.1]}},{"type":"Feature","geometry":{"type":"Point","coordinates":[17.060356,52.383516]},"properties":{"line":"484","mode":"bus","color":"#0059a9","colorDark":"#00294f","band":2,"off":[-1.5,1.1]}},{"type":"Feature","geometry":{"type":"Point","coordinates":[17.060356,52.383516]},"properties":{"line":"497","mode":"bus","color":"#0059a9","colorDark":"#00294f","band":2,"off":[1.5,1.1]}},{"type":"Feature","geometry":{"type":"Point","coordinates":[17.060356,52.383516]},"properties":{"line":"499","mode":"bus","color":"#0059a9","colorDark":"#00294f","band":2,"off":[4.5,1.1]}},{"type":"Feature","geometry":{"type":"Point","coordinates":[17.171862,52.333357]},"properties":{"line":"431","mode":"bus","color":"#0059a9","colorDark":"#00294f","band":2,"off":[-3,1.1]}},{"type":"Feature","geometry":{"type":"Point","coordinates":[17.171862,52.333357]},"properties":{"line":"432","mode":"bus","color":"#0059a9","colorDark":"#00294f","band":2,"off":[0,1.1]}},{"type":"Feature","geometry":{"type":"Point","coordinates":[17.171862,52.333357]},"properties":{"line":"488","mode":"bus","color":"#0059a9","colorDark":"#00294f","band":2,"off":[3,1.1]}},{"type":"Feature","geometry":{"type":"Point","coordinates":[17.131662,52.359752]},"properties":{"line":"431","mode":"bus","color":"#0059a9","colorDark":"#00294f","band":2,"off":[-1.5,1.1]}},{"type":"Feature","geometry":{"type":"Point","coordinates":[17.131662,52.359752]},"properties":{"line":"433","mode":"bus","color":"#0059a9","colorDark":"#00294f","band":2,"off":[1.5,1.1]}},{"type":"Feature","geometry":{"type":"Point","coordinates":[17.276765,52.479456]},"properties":{"line":"485","mode":"bus","color":"#0059a9","colorDark":"#00294f","band":2,"off":[0,1.1]}},{"type":"Feature","geometry":{"type":"Point","coordinates":[17.16301,52.380884]},"properties":{"line":"486","mode":"bus","color":"#0059a9","colorDark":"#00294f","band":2,"off":[0,1.1]}},{"type":"Feature","geometry":{"type":"Point","coordinates":[17.223512,52.303005]},"properties":{"line":"488","mode":"bus","color":"#0059a9","colorDark":"#00294f","band":2,"off":[0,1.1]}},{"type":"Feature","geometry":{"type":"Point","coordinates":[17.110023,52.426107]},"properties":{"line":"491","mode":"bus","color":"#0059a9","colorDark":"#00294f","band":2,"off":[0,1.1]}},{"type":"Feature","geometry":{"type":"Point","coordinates":[17.123582,52.453367]},"properties":{"line":"492","mode":"bus","color":"#0059a9","colorDark":"#00294f","band":2,"off":[0,1.1]}},{"type":"Feature","geometry":{"type":"Point","coordinates":[17.069676,52.361717]},"properties":{"line":"494","mode":"bus","color":"#0059a9","colorDark":"#00294f","band":2,"off":[0,1.1]}},{"type":"Feature","geometry":{"type":"Point","coordinates":[17.103028,52.374662]},"properties":{"line":"497","mode":"bus","color":"#0059a9","colorDark":"#00294f","band":2,"off":[-1.5,1.1]}},{"type":"Feature","geometry":{"type":"Point","coordinates":[17.103028,52.374662]},"properties":{"line":"498","mode":"bus","color":"#0059a9","colorDark":"#00294f","band":2,"off":[1.5,1.1]}},{"type":"Feature","geometry":{"type":"Point","coordinates":[17.082293,52.252984]},"properties":{"line":"501","mode":"bus","color":"#0059a9","colorDark":"#00294f","band":2,"off":[-6,1.1]}},{"type":"Feature","geometry":{"type":"Point","coordinates":[17.082293,52.252984]},"properties":{"line":"502","mode":"bus","color":"#0059a9","colorDark":"#00294f","band":2,"off":[-3,1.1]}},{"type":"Feature","geometry":{"type":"Point","coordinates":[17.082293,52.252984]},"properties":{"line":"560","mode":"bus","color":"#0059a9","colorDark":"#00294f","band":2,"off":[0,1.1]}},{"type":"Feature","geometry":{"type":"Point","coordinates":[17.082293,52.252984]},"properties":{"line":"590","mode":"bus","color":"#0059a9","colorDark":"#00294f","band":2,"off":[3,1.1]}},{"type":"Feature","geometry":{"type":"Point","coordinates":[17.082293,52.252984]},"properties":{"line":"591","mode":"bus","color":"#0059a9","colorDark":"#00294f","band":2,"off":[6,1.1]}},{"type":"Feature","geometry":{"type":"Point","coordinates":[17.082293,52.252984]},"properties":{"line":"598","mode":"bus","color":"#0059a9","colorDark":"#00294f","band":2,"off":[-1.5,2.6]}},{"type":"Feature","geometry":{"type":"Point","coordinates":[17.082293,52.252984]},"properties":{"line":"599","mode":"bus","color":"#0059a9","colorDark":"#00294f","band":2,"off":[1.5,2.6]}},{"type":"Feature","geometry":{"type":"Point","coordinates":[17.088279,52.24788]},"properties":{"line":"501","mode":"bus","color":"#0059a9","colorDark":"#00294f","band":2,"off":[-6,1.1]}},{"type":"Feature","geometry":{"type":"Point","coordinates":[17.088279,52.24788]},"properties":{"line":"502","mode":"bus","color":"#0059a9","colorDark":"#00294f","band":2,"off":[-3,1.1]}},{"type":"Feature","geometry":{"type":"Point","coordinates":[17.088279,52.24788]},"properties":{"line":"560","mode":"bus","color":"#0059a9","colorDark":"#00294f","band":2,"off":[0,1.1]}},{"type":"Feature","geometry":{"type":"Point","coordinates":[17.088279,52.24788]},"properties":{"line":"580","mode":"bus","color":"#0059a9","colorDark":"#00294f","band":2,"off":[3,1.1]}},{"type":"Feature","geometry":{"type":"Point","coordinates":[17.088279,52.24788]},"properties":{"line":"582","mode":"bus","color":"#0059a9","colorDark":"#00294f","band":2,"off":[6,1.1]}},{"type":"Feature","geometry":{"type":"Point","coordinates":[17.088279,52.24788]},"properties":{"line":"590","mode":"bus","color":"#0059a9","colorDark":"#00294f","band":2,"off":[-6,2.6]}},{"type":"Feature","geometry":{"type":"Point","coordinates":[17.088279,52.24788]},"properties":{"line":"591","mode":"bus","color":"#0059a9","colorDark":"#00294f","band":2,"off":[-3,2.6]}},{"type":"Feature","geometry":{"type":"Point","coordinates":[17.088279,52.24788]},"properties":{"line":"598","mode":"bus","color":"#0059a9","colorDark":"#00294f","band":2,"off":[0,2.6]}},{"type":"Feature","geometry":{"type":"Point","coordinates":[17.088279,52.24788]},"properties":{"line":"599","mode":"bus","color":"#0059a9","colorDark":"#00294f","band":2,"off":[3,2.6]}},{"type":"Feature","geometry":{"type":"Point","coordinates":[17.088279,52.24788]},"properties":{"line":"699","mode":"bus","color":"#0059a9","colorDark":"#00294f","band":2,"off":[6,2.6]}},{"type":"Feature","geometry":{"type":"Point","coordinates":[17.087051,52.222866]},"properties":{"line":"501","mode":"bus","color":"#0059a9","colorDark":"#00294f","band":2,"off":[-6,1.1]}},{"type":"Feature","geometry":{"type":"Point","coordinates":[17.087051,52.222866]},"properties":{"line":"502","mode":"bus","color":"#0059a9","colorDark":"#00294f","band":2,"off":[-3,1.1]}},{"type":"Feature","geometry":{"type":"Point","coordinates":[17.087051,52.222866]},"properties":{"line":"560","mode":"bus","color":"#0059a9","colorDark":"#00294f","band":2,"off":[0,1.1]}},{"type":"Feature","geometry":{"type":"Point","coordinates":[17.087051,52.222866]},"properties":{"line":"590","mode":"bus","color":"#0059a9","colorDark":"#00294f","band":2,"off":[3,1.1]}},{"type":"Feature","geometry":{"type":"Point","coordinates":[17.087051,52.222866]},"properties":{"line":"595","mode":"bus","color":"#0059a9","colorDark":"#00294f","band":2,"off":[6,1.1]}},{"type":"Feature","geometry":{"type":"Point","coordinates":[17.087051,52.222866]},"properties":{"line":"598","mode":"bus","color":"#0059a9","colorDark":"#00294f","band":2,"off":[0,2.6]}},{"type":"Feature","geometry":{"type":"Point","coordinates":[17.076511,52.218735]},"properties":{"line":"501","mode":"bus","color":"#0059a9","colorDark":"#00294f","band":2,"off":[-3,1.1]}},{"type":"Feature","geometry":{"type":"Point","coordinates":[17.076511,52.218735]},"properties":{"line":"590","mode":"bus","color":"#0059a9","colorDark":"#00294f","band":2,"off":[0,1.1]}},{"type":"Feature","geometry":{"type":"Point","coordinates":[17.076511,52.218735]},"properties":{"line":"598","mode":"bus","color":"#0059a9","colorDark":"#00294f","band":2,"off":[3,1.1]}},{"type":"Feature","geometry":{"type":"Point","coordinates":[17.091068,52.252299]},"properties":{"line":"502","mode":"bus","color":"#0059a9","colorDark":"#00294f","band":2,"off":[-6,1.1]}},{"type":"Feature","geometry":{"type":"Point","coordinates":[17.091068,52.252299]},"properties":{"line":"590","mode":"bus","color":"#0059a9","colorDark":"#00294f","band":2,"off":[-3,1.1]}},{"type":"Feature","geometry":{"type":"Point","coordinates":[17.091068,52.252299]},"properties":{"line":"591","mode":"bus","color":"#0059a9","colorDark":"#00294f","band":2,"off":[0,1.1]}},{"type":"Feature","geometry":{"type":"Point","coordinates":[17.091068,52.252299]},"properties":{"line":"592","mode":"bus","color":"#0059a9","colorDark":"#00294f","band":2,"off":[3,1.1]}},{"type":"Feature","geometry":{"type":"Point","coordinates":[17.091068,52.252299]},"properties":{"line":"699","mode":"bus","color":"#0059a9","colorDark":"#00294f","band":2,"off":[6,1.1]}},{"type":"Feature","geometry":{"type":"Point","coordinates":[17.056401,52.300985]},"properties":{"line":"503","mode":"bus","color":"#0059a9","colorDark":"#00294f","band":2,"off":[-1.5,1.1]}},{"type":"Feature","geometry":{"type":"Point","coordinates":[17.056401,52.300985]},"properties":{"line":"592","mode":"bus","color":"#0059a9","colorDark":"#00294f","band":2,"off":[1.5,1.1]}},{"type":"Feature","geometry":{"type":"Point","coordinates":[17.105178,52.284507]},"properties":{"line":"503","mode":"bus","color":"#0059a9","colorDark":"#00294f","band":2,"off":[0,1.1]}},{"type":"Feature","geometry":{"type":"Point","coordinates":[17.047304,52.277328]},"properties":{"line":"511","mode":"bus","color":"#0059a9","colorDark":"#00294f","band":2,"off":[-3,1.1]}},{"type":"Feature","geometry":{"type":"Point","coordinates":[17.047304,52.277328]},"properties":{"line":"512","mode":"bus","color":"#0059a9","colorDark":"#00294f","band":2,"off":[0,1.1]}},{"type":"Feature","geometry":{"type":"Point","coordinates":[17.047304,52.277328]},"properties":{"line":"599","mode":"bus","color":"#0059a9","colorDark":"#00294f","band":2,"off":[3,1.1]}},{"type":"Feature","geometry":{"type":"Point","coordinates":[16.994573,52.286241]},"properties":{"line":"511","mode":"bus","color":"#0059a9","colorDark":"#00294f","band":2,"off":[-4.5,1.1]}},{"type":"Feature","geometry":{"type":"Point","coordinates":[16.994573,52.286241]},"properties":{"line":"512","mode":"bus","color":"#0059a9","colorDark":"#00294f","band":2,"off":[-1.5,1.1]}},{"type":"Feature","geometry":{"type":"Point","coordinates":[16.994573,52.286241]},"properties":{"line":"527","mode":"bus","color":"#0059a9","colorDark":"#00294f","band":2,"off":[1.5,1.1]}},{"type":"Feature","geometry":{"type":"Point","coordinates":[16.994573,52.286241]},"properties":{"line":"599","mode":"bus","color":"#0059a9","colorDark":"#00294f","band":2,"off":[4.5,1.1]}},{"type":"Feature","geometry":{"type":"Point","coordinates":[17.010368,52.304473]},"properties":{"line":"511","mode":"bus","color":"#0059a9","colorDark":"#00294f","band":2,"off":[-3,1.1]}},{"type":"Feature","geometry":{"type":"Point","coordinates":[17.010368,52.304473]},"properties":{"line":"512","mode":"bus","color":"#0059a9","colorDark":"#00294f","band":2,"off":[0,1.1]}},{"type":"Feature","geometry":{"type":"Point","coordinates":[17.010368,52.304473]},"properties":{"line":"599","mode":"bus","color":"#0059a9","colorDark":"#00294f","band":2,"off":[3,1.1]}},{"type":"Feature","geometry":{"type":"Point","coordinates":[17.165525,52.151696]},"properties":{"line":"560","mode":"bus","color":"#0059a9","colorDark":"#00294f","band":2,"off":[-1.5,1.1]}},{"type":"Feature","geometry":{"type":"Point","coordinates":[17.165525,52.151696]},"properties":{"line":"561","mode":"bus","color":"#0059a9","colorDark":"#00294f","band":2,"off":[1.5,1.1]}},{"type":"Feature","geometry":{"type":"Point","coordinates":[17.267177,52.22836]},"properties":{"line":"582","mode":"bus","color":"#0059a9","colorDark":"#00294f","band":2,"off":[0,1.1]}},{"type":"Feature","geometry":{"type":"Point","coordinates":[17.104384,52.281505]},"properties":{"line":"590","mode":"bus","color":"#0059a9","colorDark":"#00294f","band":2,"off":[0,1.1]}},{"type":"Feature","geometry":{"type":"Point","coordinates":[17.169847,52.269098]},"properties":{"line":"591","mode":"bus","color":"#0059a9","colorDark":"#00294f","band":2,"off":[0,1.1]}},{"type":"Feature","geometry":{"type":"Point","coordinates":[17.047962,52.221466]},"properties":{"line":"595","mode":"bus","color":"#0059a9","colorDark":"#00294f","band":2,"off":[-1.5,1.1]}},{"type":"Feature","geometry":{"type":"Point","coordinates":[17.047962,52.221466]},"properties":{"line":"598","mode":"bus","color":"#0059a9","colorDark":"#00294f","band":2,"off":[1.5,1.1]}},{"type":"Feature","geometry":{"type":"Point","coordinates":[17.053245,52.18307]},"properties":{"line":"595","mode":"bus","color":"#0059a9","colorDark":"#00294f","band":2,"off":[-1.5,1.1]}},{"type":"Feature","geometry":{"type":"Point","coordinates":[17.053245,52.18307]},"properties":{"line":"598","mode":"bus","color":"#0059a9","colorDark":"#00294f","band":2,"off":[1.5,1.1]}},{"type":"Feature","geometry":{"type":"Point","coordinates":[16.882305,52.316229]},"properties":{"line":"602","mode":"bus","color":"#0059a9","colorDark":"#00294f","band":2,"off":[-6,1.1]}},{"type":"Feature","geometry":{"type":"Point","coordinates":[16.882305,52.316229]},"properties":{"line":"603","mode":"bus","color":"#0059a9","colorDark":"#00294f","band":2,"off":[-3,1.1]}},{"type":"Feature","geometry":{"type":"Point","coordinates":[16.882305,52.316229]},"properties":{"line":"614","mode":"bus","color":"#0059a9","colorDark":"#00294f","band":2,"off":[0,1.1]}},{"type":"Feature","geometry":{"type":"Point","coordinates":[16.882305,52.316229]},"properties":{"line":"690","mode":"bus","color":"#0059a9","colorDark":"#00294f","band":2,"off":[3,1.1]}},{"type":"Feature","geometry":{"type":"Point","coordinates":[16.882305,52.316229]},"properties":{"line":"789","mode":"bus","color":"#0059a9","colorDark":"#00294f","band":2,"off":[6,1.1]}},{"type":"Feature","geometry":{"type":"Point","coordinates":[16.854363,52.345109]},"properties":{"line":"610","mode":"bus","color":"#0059a9","colorDark":"#00294f","band":2,"off":[-4.5,1.1]}},{"type":"Feature","geometry":{"type":"Point","coordinates":[16.854363,52.345109]},"properties":{"line":"616","mode":"bus","color":"#0059a9","colorDark":"#00294f","band":2,"off":[-1.5,1.1]}},{"type":"Feature","geometry":{"type":"Point","coordinates":[16.854363,52.345109]},"properties":{"line":"690","mode":"bus","color":"#0059a9","colorDark":"#00294f","band":2,"off":[1.5,1.1]}},{"type":"Feature","geometry":{"type":"Point","coordinates":[16.854363,52.345109]},"properties":{"line":"702","mode":"bus","color":"#0059a9","colorDark":"#00294f","band":2,"off":[4.5,1.1]}},{"type":"Feature","geometry":{"type":"Point","coordinates":[16.880666,52.320471]},"properties":{"line":"614","mode":"bus","color":"#0059a9","colorDark":"#00294f","band":2,"off":[-3,1.1]}},{"type":"Feature","geometry":{"type":"Point","coordinates":[16.880666,52.320471]},"properties":{"line":"690","mode":"bus","color":"#0059a9","colorDark":"#00294f","band":2,"off":[0,1.1]}},{"type":"Feature","geometry":{"type":"Point","coordinates":[16.880666,52.320471]},"properties":{"line":"701","mode":"bus","color":"#0059a9","colorDark":"#00294f","band":2,"off":[3,1.1]}},{"type":"Feature","geometry":{"type":"Point","coordinates":[16.85156,52.241359]},"properties":{"line":"651","mode":"bus","color":"#0059a9","colorDark":"#00294f","band":2,"off":[-6,1.1]}},{"type":"Feature","geometry":{"type":"Point","coordinates":[16.85156,52.241359]},"properties":{"line":"691","mode":"bus","color":"#0059a9","colorDark":"#00294f","band":2,"off":[-3,1.1]}},{"type":"Feature","geometry":{"type":"Point","coordinates":[16.85156,52.241359]},"properties":{"line":"692","mode":"bus","color":"#0059a9","colorDark":"#00294f","band":2,"off":[0,1.1]}},{"type":"Feature","geometry":{"type":"Point","coordinates":[16.85156,52.241359]},"properties":{"line":"693","mode":"bus","color":"#0059a9","colorDark":"#00294f","band":2,"off":[3,1.1]}},{"type":"Feature","geometry":{"type":"Point","coordinates":[16.85156,52.241359]},"properties":{"line":"PKS","mode":"bus","color":"#0059a9","colorDark":"#00294f","band":2,"off":[6,1.1]}},{"type":"Feature","geometry":{"type":"Point","coordinates":[16.756271,52.212324]},"properties":{"line":"691","mode":"bus","color":"#0059a9","colorDark":"#00294f","band":2,"off":[0,1.1]}},{"type":"Feature","geometry":{"type":"Point","coordinates":[16.757903,52.228987]},"properties":{"line":"692","mode":"bus","color":"#0059a9","colorDark":"#00294f","band":2,"off":[0,1.1]}},{"type":"Feature","geometry":{"type":"Point","coordinates":[16.9494,52.208649]},"properties":{"line":"693","mode":"bus","color":"#0059a9","colorDark":"#00294f","band":2,"off":[0,1.1]}},{"type":"Feature","geometry":{"type":"Point","coordinates":[16.98477,52.214731]},"properties":{"line":"698","mode":"bus","color":"#0059a9","colorDark":"#00294f","band":2,"off":[-1.5,1.1]}},{"type":"Feature","geometry":{"type":"Point","coordinates":[16.98477,52.214731]},"properties":{"line":"699","mode":"bus","color":"#0059a9","colorDark":"#00294f","band":2,"off":[1.5,1.1]}},{"type":"Feature","geometry":{"type":"Point","coordinates":[16.80315,52.329515]},"properties":{"line":"701","mode":"bus","color":"#0059a9","colorDark":"#00294f","band":2,"off":[0,1.1]}},{"type":"Feature","geometry":{"type":"Point","coordinates":[16.820129,52.324489]},"properties":{"line":"702","mode":"bus","color":"#0059a9","colorDark":"#00294f","band":2,"off":[0,1.1]}},{"type":"Feature","geometry":{"type":"Point","coordinates":[16.717237,52.334769]},"properties":{"line":"703","mode":"bus","color":"#0059a9","colorDark":"#00294f","band":2,"off":[-1.5,1.1]}},{"type":"Feature","geometry":{"type":"Point","coordinates":[16.717237,52.334769]},"properties":{"line":"791","mode":"bus","color":"#0059a9","colorDark":"#00294f","band":2,"off":[1.5,1.1]}},{"type":"Feature","geometry":{"type":"Point","coordinates":[16.793919,52.3478]},"properties":{"line":"704","mode":"bus","color":"#0059a9","colorDark":"#00294f","band":2,"off":[-1.5,1.1]}},{"type":"Feature","geometry":{"type":"Point","coordinates":[16.793919,52.3478]},"properties":{"line":"710","mode":"bus","color":"#0059a9","colorDark":"#00294f","band":2,"off":[1.5,1.1]}},{"type":"Feature","geometry":{"type":"Point","coordinates":[16.76881,52.346527]},"properties":{"line":"704","mode":"bus","color":"#0059a9","colorDark":"#00294f","band":2,"off":[-3,1.1]}},{"type":"Feature","geometry":{"type":"Point","coordinates":[16.76881,52.346527]},"properties":{"line":"716","mode":"bus","color":"#0059a9","colorDark":"#00294f","band":2,"off":[0,1.1]}},{"type":"Feature","geometry":{"type":"Point","coordinates":[16.76881,52.346527]},"properties":{"line":"789","mode":"bus","color":"#0059a9","colorDark":"#00294f","band":2,"off":[3,1.1]}},{"type":"Feature","geometry":{"type":"Point","coordinates":[16.795033,52.340258]},"properties":{"line":"704","mode":"bus","color":"#0059a9","colorDark":"#00294f","band":2,"off":[-3,1.1]}},{"type":"Feature","geometry":{"type":"Point","coordinates":[16.795033,52.340258]},"properties":{"line":"716","mode":"bus","color":"#0059a9","colorDark":"#00294f","band":2,"off":[0,1.1]}},{"type":"Feature","geometry":{"type":"Point","coordinates":[16.795033,52.340258]},"properties":{"line":"789","mode":"bus","color":"#0059a9","colorDark":"#00294f","band":2,"off":[3,1.1]}},{"type":"Feature","geometry":{"type":"Point","coordinates":[16.767802,52.297014]},"properties":{"line":"707","mode":"bus","color":"#0059a9","colorDark":"#00294f","band":2,"off":[0,1.1]}},{"type":"Feature","geometry":{"type":"Point","coordinates":[16.807164,52.332485]},"properties":{"line":"715","mode":"bus","color":"#0059a9","colorDark":"#00294f","band":2,"off":[-1.5,1.1]}},{"type":"Feature","geometry":{"type":"Point","coordinates":[16.807164,52.332485]},"properties":{"line":"789","mode":"bus","color":"#0059a9","colorDark":"#00294f","band":2,"off":[1.5,1.1]}},{"type":"Feature","geometry":{"type":"Point","coordinates":[16.744223,52.374533]},"properties":{"line":"727","mode":"bus","color":"#0059a9","colorDark":"#00294f","band":2,"off":[-4.5,1.1]}},{"type":"Feature","geometry":{"type":"Point","coordinates":[16.744223,52.374533]},"properties":{"line":"795","mode":"bus","color":"#0059a9","colorDark":"#00294f","band":2,"off":[-1.5,1.1]}},{"type":"Feature","geometry":{"type":"Point","coordinates":[16.744223,52.374533]},"properties":{"line":"796","mode":"bus","color":"#0059a9","colorDark":"#00294f","band":2,"off":[1.5,1.1]}},{"type":"Feature","geometry":{"type":"Point","coordinates":[16.744223,52.374533]},"properties":{"line":"799","mode":"bus","color":"#0059a9","colorDark":"#00294f","band":2,"off":[4.5,1.1]}},{"type":"Feature","geometry":{"type":"Point","coordinates":[16.802393,52.397152]},"properties":{"line":"727","mode":"bus","color":"#0059a9","colorDark":"#00294f","band":2,"off":[-4.5,1.1]}},{"type":"Feature","geometry":{"type":"Point","coordinates":[16.802393,52.397152]},"properties":{"line":"729","mode":"bus","color":"#0059a9","colorDark":"#00294f","band":2,"off":[-1.5,1.1]}},{"type":"Feature","geometry":{"type":"Point","coordinates":[16.802393,52.397152]},"properties":{"line":"797","mode":"bus","color":"#0059a9","colorDark":"#00294f","band":2,"off":[1.5,1.1]}},{"type":"Feature","geometry":{"type":"Point","coordinates":[16.802393,52.397152]},"properties":{"line":"798","mode":"bus","color":"#0059a9","colorDark":"#00294f","band":2,"off":[4.5,1.1]}},{"type":"Feature","geometry":{"type":"Point","coordinates":[16.739257,52.376029]},"properties":{"line":"727","mode":"bus","color":"#0059a9","colorDark":"#00294f","band":2,"off":[-4.5,1.1]}},{"type":"Feature","geometry":{"type":"Point","coordinates":[16.739257,52.376029]},"properties":{"line":"795","mode":"bus","color":"#0059a9","colorDark":"#00294f","band":2,"off":[-1.5,1.1]}},{"type":"Feature","geometry":{"type":"Point","coordinates":[16.739257,52.376029]},"properties":{"line":"796","mode":"bus","color":"#0059a9","colorDark":"#00294f","band":2,"off":[1.5,1.1]}},{"type":"Feature","geometry":{"type":"Point","coordinates":[16.739257,52.376029]},"properties":{"line":"799","mode":"bus","color":"#0059a9","colorDark":"#00294f","band":2,"off":[4.5,1.1]}},{"type":"Feature","geometry":{"type":"Point","coordinates":[16.678711,52.3543]},"properties":{"line":"729","mode":"bus","color":"#0059a9","colorDark":"#00294f","band":2,"off":[-6,1.1]}},{"type":"Feature","geometry":{"type":"Point","coordinates":[16.678711,52.3543]},"properties":{"line":"790","mode":"bus","color":"#0059a9","colorDark":"#00294f","band":2,"off":[-3,1.1]}},{"type":"Feature","geometry":{"type":"Point","coordinates":[16.678711,52.3543]},"properties":{"line":"791","mode":"bus","color":"#0059a9","colorDark":"#00294f","band":2,"off":[0,1.1]}},{"type":"Feature","geometry":{"type":"Point","coordinates":[16.678711,52.3543]},"properties":{"line":"792","mode":"bus","color":"#0059a9","colorDark":"#00294f","band":2,"off":[3,1.1]}},{"type":"Feature","geometry":{"type":"Point","coordinates":[16.678711,52.3543]},"properties":{"line":"797","mode":"bus","color":"#0059a9","colorDark":"#00294f","band":2,"off":[6,1.1]}},{"type":"Feature","geometry":{"type":"Point","coordinates":[16.744625,52.400901]},"properties":{"line":"729","mode":"bus","color":"#0059a9","colorDark":"#00294f","band":2,"off":[-1.5,1.1]}},{"type":"Feature","geometry":{"type":"Point","coordinates":[16.744625,52.400901]},"properties":{"line":"796","mode":"bus","color":"#0059a9","colorDark":"#00294f","band":2,"off":[1.5,1.1]}},{"type":"Feature","geometry":{"type":"Point","coordinates":[16.866748,52.305785]},"properties":{"line":"789","mode":"bus","color":"#0059a9","colorDark":"#00294f","band":2,"off":[0,1.1]}},{"type":"Feature","geometry":{"type":"Point","coordinates":[16.644172,52.463363]},"properties":{"line":"790","mode":"bus","color":"#0059a9","colorDark":"#00294f","band":2,"off":[-1.5,1.1]}},{"type":"Feature","geometry":{"type":"Point","coordinates":[16.644172,52.463363]},"properties":{"line":"882","mode":"bus","color":"#0059a9","colorDark":"#00294f","band":2,"off":[1.5,1.1]}},{"type":"Feature","geometry":{"type":"Point","coordinates":[16.654158,52.427581]},"properties":{"line":"790","mode":"bus","color":"#0059a9","colorDark":"#00294f","band":2,"off":[-1.5,1.1]}},{"type":"Feature","geometry":{"type":"Point","coordinates":[16.654158,52.427581]},"properties":{"line":"811","mode":"bus","color":"#0059a9","colorDark":"#00294f","band":2,"off":[1.5,1.1]}},{"type":"Feature","geometry":{"type":"Point","coordinates":[16.638017,52.396744]},"properties":{"line":"790","mode":"bus","color":"#0059a9","colorDark":"#00294f","band":2,"off":[-1.5,1.1]}},{"type":"Feature","geometry":{"type":"Point","coordinates":[16.638017,52.396744]},"properties":{"line":"792","mode":"bus","color":"#0059a9","colorDark":"#00294f","band":2,"off":[1.5,1.1]}},{"type":"Feature","geometry":{"type":"Point","coordinates":[16.665738,52.401719]},"properties":{"line":"790","mode":"bus","color":"#0059a9","colorDark":"#00294f","band":2,"off":[-1.5,1.1]}},{"type":"Feature","geometry":{"type":"Point","coordinates":[16.665738,52.401719]},"properties":{"line":"804","mode":"bus","color":"#0059a9","colorDark":"#00294f","band":2,"off":[1.5,1.1]}},{"type":"Feature","geometry":{"type":"Point","coordinates":[16.643362,52.321255]},"properties":{"line":"791","mode":"bus","color":"#0059a9","colorDark":"#00294f","band":2,"off":[0,1.1]}},{"type":"Feature","geometry":{"type":"Point","coordinates":[16.683455,52.357591]},"properties":{"line":"791","mode":"bus","color":"#0059a9","colorDark":"#00294f","band":2,"off":[-1.5,1.1]}},{"type":"Feature","geometry":{"type":"Point","coordinates":[16.683455,52.357591]},"properties":{"line":"792","mode":"bus","color":"#0059a9","colorDark":"#00294f","band":2,"off":[1.5,1.1]}},{"type":"Feature","geometry":{"type":"Point","coordinates":[16.757089,52.361338]},"properties":{"line":"795","mode":"bus","color":"#0059a9","colorDark":"#00294f","band":2,"off":[0,1.1]}},{"type":"Feature","geometry":{"type":"Point","coordinates":[16.781517,52.399902]},"properties":{"line":"798","mode":"bus","color":"#0059a9","colorDark":"#00294f","band":2,"off":[0,1.1]}},{"type":"Feature","geometry":{"type":"Point","coordinates":[16.713585,52.372417]},"properties":{"line":"799","mode":"bus","color":"#0059a9","colorDark":"#00294f","band":2,"off":[0,1.1]}},{"type":"Feature","geometry":{"type":"Point","coordinates":[16.664991,52.464192]},"properties":{"line":"802","mode":"bus","color":"#0059a9","colorDark":"#00294f","band":2,"off":[-6,1.1]}},{"type":"Feature","geometry":{"type":"Point","coordinates":[16.664991,52.464192]},"properties":{"line":"811","mode":"bus","color":"#0059a9","colorDark":"#00294f","band":2,"off":[-3,1.1]}},{"type":"Feature","geometry":{"type":"Point","coordinates":[16.664991,52.464192]},"properties":{"line":"812","mode":"bus","color":"#0059a9","colorDark":"#00294f","band":2,"off":[0,1.1]}},{"type":"Feature","geometry":{"type":"Point","coordinates":[16.664991,52.464192]},"properties":{"line":"813","mode":"bus","color":"#0059a9","colorDark":"#00294f","band":2,"off":[3,1.1]}},{"type":"Feature","geometry":{"type":"Point","coordinates":[16.664991,52.464192]},"properties":{"line":"821","mode":"bus","color":"#0059a9","colorDark":"#00294f","band":2,"off":[6,1.1]}},{"type":"Feature","geometry":{"type":"Point","coordinates":[16.664991,52.464192]},"properties":{"line":"882","mode":"bus","color":"#0059a9","colorDark":"#00294f","band":2,"off":[0,2.6]}},{"type":"Feature","geometry":{"type":"Point","coordinates":[16.52572,52.433391]},"properties":{"line":"812","mode":"bus","color":"#0059a9","colorDark":"#00294f","band":2,"off":[0,1.1]}},{"type":"Feature","geometry":{"type":"Point","coordinates":[16.58315,52.513241]},"properties":{"line":"813","mode":"bus","color":"#0059a9","colorDark":"#00294f","band":2,"off":[0,1.1]}},{"type":"Feature","geometry":{"type":"Point","coordinates":[16.63237,52.407605]},"properties":{"line":"821","mode":"bus","color":"#0059a9","colorDark":"#00294f","band":2,"off":[0,1.1]}},{"type":"Feature","geometry":{"type":"Point","coordinates":[16.75433,52.511345]},"properties":{"line":"832","mode":"bus","color":"#0059a9","colorDark":"#00294f","band":2,"off":[-6,1.1]}},{"type":"Feature","geometry":{"type":"Point","coordinates":[16.75433,52.511345]},"properties":{"line":"833","mode":"bus","color":"#0059a9","colorDark":"#00294f","band":2,"off":[-3,1.1]}},{"type":"Feature","geometry":{"type":"Point","coordinates":[16.75433,52.511345]},"properties":{"line":"835","mode":"bus","color":"#0059a9","colorDark":"#00294f","band":2,"off":[0,1.1]}},{"type":"Feature","geometry":{"type":"Point","coordinates":[16.75433,52.511345]},"properties":{"line":"882","mode":"bus","color":"#0059a9","colorDark":"#00294f","band":2,"off":[3,1.1]}},{"type":"Feature","geometry":{"type":"Point","coordinates":[16.75433,52.511345]},"properties":{"line":"893","mode":"bus","color":"#0059a9","colorDark":"#00294f","band":2,"off":[6,1.1]}},{"type":"Feature","geometry":{"type":"Point","coordinates":[16.655856,52.520535]},"properties":{"line":"832","mode":"bus","color":"#0059a9","colorDark":"#00294f","band":2,"off":[0,1.1]}},{"type":"Feature","geometry":{"type":"Point","coordinates":[16.756016,52.493159]},"properties":{"line":"833","mode":"bus","color":"#0059a9","colorDark":"#00294f","band":2,"off":[0,1.1]}},{"type":"Feature","geometry":{"type":"Point","coordinates":[16.731234,52.524252]},"properties":{"line":"835","mode":"bus","color":"#0059a9","colorDark":"#00294f","band":2,"off":[0,1.1]}},{"type":"Feature","geometry":{"type":"Point","coordinates":[16.796845,52.495088]},"properties":{"line":"837","mode":"bus","color":"#0059a9","colorDark":"#00294f","band":2,"off":[0,1.1]}},{"type":"Feature","geometry":{"type":"Point","coordinates":[16.75108,52.547012]},"properties":{"line":"893","mode":"bus","color":"#0059a9","colorDark":"#00294f","band":2,"off":[0,1.1]}},{"type":"Feature","geometry":{"type":"Point","coordinates":[16.723634,52.470958]},"properties":{"line":"893","mode":"bus","color":"#0059a9","colorDark":"#00294f","band":2,"off":[0,1.1]}},{"type":"Feature","geometry":{"type":"Point","coordinates":[16.854414,52.488796]},"properties":{"line":"901","mode":"bus","color":"#0059a9","colorDark":"#00294f","band":2,"off":[-1.5,1.1]}},{"type":"Feature","geometry":{"type":"Point","coordinates":[16.854414,52.488796]},"properties":{"line":"904","mode":"bus","color":"#0059a9","colorDark":"#00294f","band":2,"off":[1.5,1.1]}},{"type":"Feature","geometry":{"type":"Point","coordinates":[16.879602,52.486702]},"properties":{"line":"902","mode":"bus","color":"#0059a9","colorDark":"#00294f","band":2,"off":[0,1.1]}},{"type":"Feature","geometry":{"type":"Point","coordinates":[16.831137,52.486733]},"properties":{"line":"904","mode":"bus","color":"#0059a9","colorDark":"#00294f","band":2,"off":[-1.5,1.1]}},{"type":"Feature","geometry":{"type":"Point","coordinates":[16.831137,52.486733]},"properties":{"line":"905","mode":"bus","color":"#0059a9","colorDark":"#00294f","band":2,"off":[1.5,1.1]}},{"type":"Feature","geometry":{"type":"Point","coordinates":[16.844467,52.55612]},"properties":{"line":"905","mode":"bus","color":"#0059a9","colorDark":"#00294f","band":2,"off":[-1.5,1.1]}},{"type":"Feature","geometry":{"type":"Point","coordinates":[16.844467,52.55612]},"properties":{"line":"907","mode":"bus","color":"#0059a9","colorDark":"#00294f","band":2,"off":[1.5,1.1]}},{"type":"Feature","geometry":{"type":"Point","coordinates":[16.879532,52.195388]},"properties":{"line":"PKS","mode":"bus","color":"#0059a9","colorDark":"#00294f","band":2,"off":[0,1.1]}},{"type":"Feature","geometry":{"type":"Point","coordinates":[16.881878,52.192718]},"properties":{"line":"PKS","mode":"bus","color":"#0059a9","colorDark":"#00294f","band":2,"off":[0,1.1]}},{"type":"Feature","geometry":{"type":"Point","coordinates":[16.97151,52.384548]},"properties":{"line":"T1","mode":"bus","color":"#0059a9","colorDark":"#00294f","band":2,"off":[0,1.1]}},{"type":"Feature","geometry":{"type":"Point","coordinates":[16.958183,52.413647]},"properties":{"line":"1","mode":"tram","color":"#d6212b","colorDark":"#7c1116","band":2,"off":[-1.5,1.1]}},{"type":"Feature","geometry":{"type":"Point","coordinates":[16.958183,52.413647]},"properties":{"line":"5","mode":"tram","color":"#d6212b","colorDark":"#7c1116","band":2,"off":[1.5,1.1]}},{"type":"Feature","geometry":{"type":"Point","coordinates":[16.903788,52.373059]},"properties":{"line":"2","mode":"tram","color":"#d6212b","colorDark":"#7c1116","band":2,"off":[-3,1.1]}},{"type":"Feature","geometry":{"type":"Point","coordinates":[16.903788,52.373059]},"properties":{"line":"9","mode":"tram","color":"#d6212b","colorDark":"#7c1116","band":2,"off":[0,1.1]}},{"type":"Feature","geometry":{"type":"Point","coordinates":[16.903788,52.373059]},"properties":{"line":"10","mode":"tram","color":"#d6212b","colorDark":"#7c1116","band":2,"off":[3,1.1]}},{"type":"Feature","geometry":{"type":"Point","coordinates":[16.944603,52.45554]},"properties":{"line":"3","mode":"tram","color":"#d6212b","colorDark":"#7c1116","band":2,"off":[-1.5,1.1]}},{"type":"Feature","geometry":{"type":"Point","coordinates":[16.944603,52.45554]},"properties":{"line":"10","mode":"tram","color":"#d6212b","colorDark":"#7c1116","band":2,"off":[1.5,1.1]}},{"type":"Feature","geometry":{"type":"Point","coordinates":[16.937194,52.410859]},"properties":{"line":"4","mode":"tram","color":"#d6212b","colorDark":"#7c1116","band":2,"off":[-1.5,1.1]}},{"type":"Feature","geometry":{"type":"Point","coordinates":[16.937194,52.410859]},"properties":{"line":"17","mode":"tram","color":"#d6212b","colorDark":"#7c1116","band":2,"off":[1.5,1.1]}},{"type":"Feature","geometry":{"type":"Point","coordinates":[17.002142,52.41015]},"properties":{"line":"6","mode":"tram","color":"#d6212b","colorDark":"#7c1116","band":2,"off":[-3,1.1]}},{"type":"Feature","geometry":{"type":"Point","coordinates":[17.002142,52.41015]},"properties":{"line":"7","mode":"tram","color":"#d6212b","colorDark":"#7c1116","band":2,"off":[0,1.1]}},{"type":"Feature","geometry":{"type":"Point","coordinates":[17.002142,52.41015]},"properties":{"line":"8","mode":"tram","color":"#d6212b","colorDark":"#7c1116","band":2,"off":[3,1.1]}},{"type":"Feature","geometry":{"type":"Point","coordinates":[16.8482,52.38849]},"properties":{"line":"6","mode":"tram","color":"#d6212b","colorDark":"#7c1116","band":2,"off":[0,1.1]}},{"type":"Feature","geometry":{"type":"Point","coordinates":[16.916746,52.4638]},"properties":{"line":"12","mode":"tram","color":"#d6212b","colorDark":"#7c1116","band":2,"off":[-6,1.1]}},{"type":"Feature","geometry":{"type":"Point","coordinates":[16.916746,52.4638]},"properties":{"line":"14","mode":"tram","color":"#d6212b","colorDark":"#7c1116","band":2,"off":[-3,1.1]}},{"type":"Feature","geometry":{"type":"Point","coordinates":[16.916746,52.4638]},"properties":{"line":"15","mode":"tram","color":"#d6212b","colorDark":"#7c1116","band":2,"off":[0,1.1]}},{"type":"Feature","geometry":{"type":"Point","coordinates":[16.916746,52.4638]},"properties":{"line":"16","mode":"tram","color":"#d6212b","colorDark":"#7c1116","band":2,"off":[3,1.1]}},{"type":"Feature","geometry":{"type":"Point","coordinates":[16.916746,52.4638]},"properties":{"line":"201","mode":"tram","color":"#d6212b","colorDark":"#7c1116","band":2,"off":[6,1.1]}},{"type":"Feature","geometry":{"type":"Point","coordinates":[16.931776,52.368396]},"properties":{"line":"12","mode":"tram","color":"#d6212b","colorDark":"#7c1116","band":2,"off":[-3,1.1]}},{"type":"Feature","geometry":{"type":"Point","coordinates":[16.931776,52.368396]},"properties":{"line":"13","mode":"tram","color":"#d6212b","colorDark":"#7c1116","band":2,"off":[0,1.1]}},{"type":"Feature","geometry":{"type":"Point","coordinates":[16.931776,52.368396]},"properties":{"line":"16","mode":"tram","color":"#d6212b","colorDark":"#7c1116","band":2,"off":[3,1.1]}},{"type":"Feature","geometry":{"type":"Point","coordinates":[16.828223,52.46419]},"properties":{"line":"105","mode":"bus","color":"#0059a9","colorDark":"#00294f","band":3,"off":[-6,1.1]}},{"type":"Feature","geometry":{"type":"Point","coordinates":[16.828223,52.46419]},"properties":{"line":"170","mode":"bus","color":"#0059a9","colorDark":"#00294f","band":3,"off":[-3,1.1]}},{"type":"Feature","geometry":{"type":"Point","coordinates":[16.828223,52.46419]},"properties":{"line":"195","mode":"bus","color":"#0059a9","colorDark":"#00294f","band":3,"off":[0,1.1]}},{"type":"Feature","geometry":{"type":"Point","coordinates":[16.828223,52.46419]},"properties":{"line":"835","mode":"bus","color":"#0059a9","colorDark":"#00294f","band":3,"off":[3,1.1]}},{"type":"Feature","geometry":{"type":"Point","coordinates":[16.828223,52.46419]},"properties":{"line":"837","mode":"bus","color":"#0059a9","colorDark":"#00294f","band":3,"off":[6,1.1]}},{"type":"Feature","geometry":{"type":"Point","coordinates":[16.909956,52.408013]},"properties":{"line":"105","mode":"bus","color":"#0059a9","colorDark":"#00294f","band":3,"off":[-6,1.1]}},{"type":"Feature","geometry":{"type":"Point","coordinates":[16.909956,52.408013]},"properties":{"line":"148","mode":"bus","color":"#0059a9","colorDark":"#00294f","band":3,"off":[-3,1.1]}},{"type":"Feature","geometry":{"type":"Point","coordinates":[16.909956,52.408013]},"properties":{"line":"159","mode":"bus","color":"#0059a9","colorDark":"#00294f","band":3,"off":[0,1.1]}},{"type":"Feature","geometry":{"type":"Point","coordinates":[16.909956,52.408013]},"properties":{"line":"163","mode":"bus","color":"#0059a9","colorDark":"#00294f","band":3,"off":[3,1.1]}},{"type":"Feature","geometry":{"type":"Point","coordinates":[16.909956,52.408013]},"properties":{"line":"164","mode":"bus","color":"#0059a9","colorDark":"#00294f","band":3,"off":[6,1.1]}},{"type":"Feature","geometry":{"type":"Point","coordinates":[16.909956,52.408013]},"properties":{"line":"169","mode":"bus","color":"#0059a9","colorDark":"#00294f","band":3,"off":[-6,2.6]}},{"type":"Feature","geometry":{"type":"Point","coordinates":[16.909956,52.408013]},"properties":{"line":"177","mode":"bus","color":"#0059a9","colorDark":"#00294f","band":3,"off":[-3,2.6]}},{"type":"Feature","geometry":{"type":"Point","coordinates":[16.909956,52.408013]},"properties":{"line":"212","mode":"bus","color":"#0059a9","colorDark":"#00294f","band":3,"off":[0,2.6]}},{"type":"Feature","geometry":{"type":"Point","coordinates":[16.909956,52.408013]},"properties":{"line":"219","mode":"bus","color":"#0059a9","colorDark":"#00294f","band":3,"off":[3,2.6]}},{"type":"Feature","geometry":{"type":"Point","coordinates":[16.909956,52.408013]},"properties":{"line":"222","mode":"bus","color":"#0059a9","colorDark":"#00294f","band":3,"off":[6,2.6]}},{"type":"Feature","geometry":{"type":"Point","coordinates":[16.881972,52.416846]},"properties":{"line":"121","mode":"bus","color":"#0059a9","colorDark":"#00294f","band":3,"off":[-6,1.1]}},{"type":"Feature","geometry":{"type":"Point","coordinates":[16.881972,52.416846]},"properties":{"line":"156","mode":"bus","color":"#0059a9","colorDark":"#00294f","band":3,"off":[-3,1.1]}},{"type":"Feature","geometry":{"type":"Point","coordinates":[16.881972,52.416846]},"properties":{"line":"182","mode":"bus","color":"#0059a9","colorDark":"#00294f","band":3,"off":[0,1.1]}},{"type":"Feature","geometry":{"type":"Point","coordinates":[16.881972,52.416846]},"properties":{"line":"186","mode":"bus","color":"#0059a9","colorDark":"#00294f","band":3,"off":[3,1.1]}},{"type":"Feature","geometry":{"type":"Point","coordinates":[16.881972,52.416846]},"properties":{"line":"191","mode":"bus","color":"#0059a9","colorDark":"#00294f","band":3,"off":[6,1.1]}},{"type":"Feature","geometry":{"type":"Point","coordinates":[16.881972,52.416846]},"properties":{"line":"193","mode":"bus","color":"#0059a9","colorDark":"#00294f","band":3,"off":[-4.5,2.6]}},{"type":"Feature","geometry":{"type":"Point","coordinates":[16.881972,52.416846]},"properties":{"line":"219","mode":"bus","color":"#0059a9","colorDark":"#00294f","band":3,"off":[-1.5,2.6]}},{"type":"Feature","geometry":{"type":"Point","coordinates":[16.881972,52.416846]},"properties":{"line":"729","mode":"bus","color":"#0059a9","colorDark":"#00294f","band":3,"off":[1.5,2.6]}},{"type":"Feature","geometry":{"type":"Point","coordinates":[16.881972,52.416846]},"properties":{"line":"833","mode":"bus","color":"#0059a9","colorDark":"#00294f","band":3,"off":[4.5,2.6]}},{"type":"Feature","geometry":{"type":"Point","coordinates":[16.834013,52.383475]},"properties":{"line":"1","mode":"tram","color":"#d6212b","colorDark":"#7c1116","band":3,"off":[-6,1.1]}},{"type":"Feature","geometry":{"type":"Point","coordinates":[16.834013,52.383475]},"properties":{"line":"13","mode":"tram","color":"#d6212b","colorDark":"#7c1116","band":3,"off":[-3,1.1]}},{"type":"Feature","geometry":{"type":"Point","coordinates":[16.834013,52.383475]},"properties":{"line":"15","mode":"tram","color":"#d6212b","colorDark":"#7c1116","band":3,"off":[0,1.1]}},{"type":"Feature","geometry":{"type":"Point","coordinates":[16.834013,52.383475]},"properties":{"line":"122","mode":"bus","color":"#0059a9","colorDark":"#00294f","band":3,"off":[3,1.1]}},{"type":"Feature","geometry":{"type":"Point","coordinates":[16.834013,52.383475]},"properties":{"line":"177","mode":"bus","color":"#0059a9","colorDark":"#00294f","band":3,"off":[6,1.1]}},{"type":"Feature","geometry":{"type":"Point","coordinates":[16.834013,52.383475]},"properties":{"line":"214","mode":"bus","color":"#0059a9","colorDark":"#00294f","band":3,"off":[-6,2.6]}},{"type":"Feature","geometry":{"type":"Point","coordinates":[16.834013,52.383475]},"properties":{"line":"224","mode":"bus","color":"#0059a9","colorDark":"#00294f","band":3,"off":[-3,2.6]}},{"type":"Feature","geometry":{"type":"Point","coordinates":[16.834013,52.383475]},"properties":{"line":"715","mode":"bus","color":"#0059a9","colorDark":"#00294f","band":3,"off":[0,2.6]}},{"type":"Feature","geometry":{"type":"Point","coordinates":[16.834013,52.383475]},"properties":{"line":"716","mode":"bus","color":"#0059a9","colorDark":"#00294f","band":3,"off":[3,2.6]}},{"type":"Feature","geometry":{"type":"Point","coordinates":[16.834013,52.383475]},"properties":{"line":"717","mode":"bus","color":"#0059a9","colorDark":"#00294f","band":3,"off":[6,2.6]}},{"type":"Feature","geometry":{"type":"Point","coordinates":[16.834013,52.383475]},"properties":{"line":"727","mode":"bus","color":"#0059a9","colorDark":"#00294f","band":3,"off":[-1.5,4.1]}},{"type":"Feature","geometry":{"type":"Point","coordinates":[16.834013,52.383475]},"properties":{"line":"803","mode":"bus","color":"#0059a9","colorDark":"#00294f","band":3,"off":[1.5,4.1]}},{"type":"Feature","geometry":{"type":"Point","coordinates":[16.996805,52.384705]},"properties":{"line":"125","mode":"bus","color":"#0059a9","colorDark":"#00294f","band":3,"off":[-6,1.1]}},{"type":"Feature","geometry":{"type":"Point","coordinates":[16.996805,52.384705]},"properties":{"line":"166","mode":"bus","color":"#0059a9","colorDark":"#00294f","band":3,"off":[-3,1.1]}},{"type":"Feature","geometry":{"type":"Point","coordinates":[16.996805,52.384705]},"properties":{"line":"184","mode":"bus","color":"#0059a9","colorDark":"#00294f","band":3,"off":[0,1.1]}},{"type":"Feature","geometry":{"type":"Point","coordinates":[16.996805,52.384705]},"properties":{"line":"218","mode":"bus","color":"#0059a9","colorDark":"#00294f","band":3,"off":[3,1.1]}},{"type":"Feature","geometry":{"type":"Point","coordinates":[16.996805,52.384705]},"properties":{"line":"222","mode":"bus","color":"#0059a9","colorDark":"#00294f","band":3,"off":[6,1.1]}},{"type":"Feature","geometry":{"type":"Point","coordinates":[16.996805,52.384705]},"properties":{"line":"425","mode":"bus","color":"#0059a9","colorDark":"#00294f","band":3,"off":[-1.5,2.6]}},{"type":"Feature","geometry":{"type":"Point","coordinates":[16.996805,52.384705]},"properties":{"line":"T1","mode":"bus","color":"#0059a9","colorDark":"#00294f","band":3,"off":[1.5,2.6]}},{"type":"Feature","geometry":{"type":"Point","coordinates":[16.909753,52.400995]},"properties":{"line":"145","mode":"bus","color":"#0059a9","colorDark":"#00294f","band":3,"off":[0,1.1]}},{"type":"Feature","geometry":{"type":"Point","coordinates":[16.863673,52.385518]},"properties":{"line":"145","mode":"bus","color":"#0059a9","colorDark":"#00294f","band":3,"off":[-6,1.1]}},{"type":"Feature","geometry":{"type":"Point","coordinates":[16.863673,52.385518]},"properties":{"line":"164","mode":"bus","color":"#0059a9","colorDark":"#00294f","band":3,"off":[-3,1.1]}},{"type":"Feature","geometry":{"type":"Point","coordinates":[16.863673,52.385518]},"properties":{"line":"169","mode":"bus","color":"#0059a9","colorDark":"#00294f","band":3,"off":[0,1.1]}},{"type":"Feature","geometry":{"type":"Point","coordinates":[16.863673,52.385518]},"properties":{"line":"179","mode":"bus","color":"#0059a9","colorDark":"#00294f","band":3,"off":[3,1.1]}},{"type":"Feature","geometry":{"type":"Point","coordinates":[16.863673,52.385518]},"properties":{"line":"191","mode":"bus","color":"#0059a9","colorDark":"#00294f","band":3,"off":[6,1.1]}},{"type":"Feature","geometry":{"type":"Point","coordinates":[16.863673,52.385518]},"properties":{"line":"193","mode":"bus","color":"#0059a9","colorDark":"#00294f","band":3,"off":[-3,2.6]}},{"type":"Feature","geometry":{"type":"Point","coordinates":[16.863673,52.385518]},"properties":{"line":"212","mode":"bus","color":"#0059a9","colorDark":"#00294f","band":3,"off":[0,2.6]}},{"type":"Feature","geometry":{"type":"Point","coordinates":[16.863673,52.385518]},"properties":{"line":"223","mode":"bus","color":"#0059a9","colorDark":"#00294f","band":3,"off":[3,2.6]}},{"type":"Feature","geometry":{"type":"Point","coordinates":[16.862273,52.380391]},"properties":{"line":"145","mode":"bus","color":"#0059a9","colorDark":"#00294f","band":3,"off":[-4.5,1.1]}},{"type":"Feature","geometry":{"type":"Point","coordinates":[16.862273,52.380391]},"properties":{"line":"164","mode":"bus","color":"#0059a9","colorDark":"#00294f","band":3,"off":[-1.5,1.1]}},{"type":"Feature","geometry":{"type":"Point","coordinates":[16.862273,52.380391]},"properties":{"line":"179","mode":"bus","color":"#0059a9","colorDark":"#00294f","band":3,"off":[1.5,1.1]}},{"type":"Feature","geometry":{"type":"Point","coordinates":[16.862273,52.380391]},"properties":{"line":"223","mode":"bus","color":"#0059a9","colorDark":"#00294f","band":3,"off":[4.5,1.1]}},{"type":"Feature","geometry":{"type":"Point","coordinates":[16.855656,52.456081]},"properties":{"line":"146","mode":"bus","color":"#0059a9","colorDark":"#00294f","band":3,"off":[0,1.1]}},{"type":"Feature","geometry":{"type":"Point","coordinates":[16.866483,52.461406]},"properties":{"line":"146","mode":"bus","color":"#0059a9","colorDark":"#00294f","band":3,"off":[-3,1.1]}},{"type":"Feature","geometry":{"type":"Point","coordinates":[16.866483,52.461406]},"properties":{"line":"168","mode":"bus","color":"#0059a9","colorDark":"#00294f","band":3,"off":[0,1.1]}},{"type":"Feature","geometry":{"type":"Point","coordinates":[16.866483,52.461406]},"properties":{"line":"216","mode":"bus","color":"#0059a9","colorDark":"#00294f","band":3,"off":[3,1.1]}},{"type":"Feature","geometry":{"type":"Point","coordinates":[16.951366,52.456583]},"properties":{"line":"146","mode":"bus","color":"#0059a9","colorDark":"#00294f","band":3,"off":[-1.5,1.1]}},{"type":"Feature","geometry":{"type":"Point","coordinates":[16.951366,52.456583]},"properties":{"line":"224","mode":"bus","color":"#0059a9","colorDark":"#00294f","band":3,"off":[1.5,1.1]}},{"type":"Feature","geometry":{"type":"Point","coordinates":[16.882234,52.459969]},"properties":{"line":"146","mode":"bus","color":"#0059a9","colorDark":"#00294f","band":3,"off":[-3,1.1]}},{"type":"Feature","geometry":{"type":"Point","coordinates":[16.882234,52.459969]},"properties":{"line":"178","mode":"bus","color":"#0059a9","colorDark":"#00294f","band":3,"off":[0,1.1]}},{"type":"Feature","geometry":{"type":"Point","coordinates":[16.882234,52.459969]},"properties":{"line":"183","mode":"bus","color":"#0059a9","colorDark":"#00294f","band":3,"off":[3,1.1]}},{"type":"Feature","geometry":{"type":"Point","coordinates":[16.912121,52.402746]},"properties":{"line":"148","mode":"bus","color":"#0059a9","colorDark":"#00294f","band":3,"off":[-6,1.1]}},{"type":"Feature","geometry":{"type":"Point","coordinates":[16.912121,52.402746]},"properties":{"line":"159","mode":"bus","color":"#0059a9","colorDark":"#00294f","band":3,"off":[-3,1.1]}},{"type":"Feature","geometry":{"type":"Point","coordinates":[16.912121,52.402746]},"properties":{"line":"168","mode":"bus","color":"#0059a9","colorDark":"#00294f","band":3,"off":[0,1.1]}},{"type":"Feature","geometry":{"type":"Point","coordinates":[16.912121,52.402746]},"properties":{"line":"216","mode":"bus","color":"#0059a9","colorDark":"#00294f","band":3,"off":[3,1.1]}},{"type":"Feature","geometry":{"type":"Point","coordinates":[16.912121,52.402746]},"properties":{"line":"219","mode":"bus","color":"#0059a9","colorDark":"#00294f","band":3,"off":[6,1.1]}},{"type":"Feature","geometry":{"type":"Point","coordinates":[16.912121,52.402746]},"properties":{"line":"226","mode":"bus","color":"#0059a9","colorDark":"#00294f","band":3,"off":[0,2.6]}},{"type":"Feature","geometry":{"type":"Point","coordinates":[16.911051,52.406542]},"properties":{"line":"148","mode":"bus","color":"#0059a9","colorDark":"#00294f","band":3,"off":[-6,1.1]}},{"type":"Feature","geometry":{"type":"Point","coordinates":[16.911051,52.406542]},"properties":{"line":"159","mode":"bus","color":"#0059a9","colorDark":"#00294f","band":3,"off":[-3,1.1]}},{"type":"Feature","geometry":{"type":"Point","coordinates":[16.911051,52.406542]},"properties":{"line":"163","mode":"bus","color":"#0059a9","colorDark":"#00294f","band":3,"off":[0,1.1]}},{"type":"Feature","geometry":{"type":"Point","coordinates":[16.911051,52.406542]},"properties":{"line":"164","mode":"bus","color":"#0059a9","colorDark":"#00294f","band":3,"off":[3,1.1]}},{"type":"Feature","geometry":{"type":"Point","coordinates":[16.911051,52.406542]},"properties":{"line":"169","mode":"bus","color":"#0059a9","colorDark":"#00294f","band":3,"off":[6,1.1]}},{"type":"Feature","geometry":{"type":"Point","coordinates":[16.911051,52.406542]},"properties":{"line":"177","mode":"bus","color":"#0059a9","colorDark":"#00294f","band":3,"off":[-3,2.6]}},{"type":"Feature","geometry":{"type":"Point","coordinates":[16.911051,52.406542]},"properties":{"line":"212","mode":"bus","color":"#0059a9","colorDark":"#00294f","band":3,"off":[0,2.6]}},{"type":"Feature","geometry":{"type":"Point","coordinates":[16.911051,52.406542]},"properties":{"line":"222","mode":"bus","color":"#0059a9","colorDark":"#00294f","band":3,"off":[3,2.6]}},{"type":"Feature","geometry":{"type":"Point","coordinates":[16.828395,52.41416]},"properties":{"line":"148","mode":"bus","color":"#0059a9","colorDark":"#00294f","band":3,"off":[-3,1.1]}},{"type":"Feature","geometry":{"type":"Point","coordinates":[16.828395,52.41416]},"properties":{"line":"159","mode":"bus","color":"#0059a9","colorDark":"#00294f","band":3,"off":[0,1.1]}},{"type":"Feature","geometry":{"type":"Point","coordinates":[16.828395,52.41416]},"properties":{"line":"222","mode":"bus","color":"#0059a9","colorDark":"#00294f","band":3,"off":[3,1.1]}},{"type":"Feature","geometry":{"type":"Point","coordinates":[16.881189,52.382026]},"properties":{"line":"149","mode":"bus","color":"#0059a9","colorDark":"#00294f","band":3,"off":[-6,1.1]}},{"type":"Feature","geometry":{"type":"Point","coordinates":[16.881189,52.382026]},"properties":{"line":"163","mode":"bus","color":"#0059a9","colorDark":"#00294f","band":3,"off":[-3,1.1]}},{"type":"Feature","geometry":{"type":"Point","coordinates":[16.881189,52.382026]},"properties":{"line":"175","mode":"bus","color":"#0059a9","colorDark":"#00294f","band":3,"off":[0,1.1]}},{"type":"Feature","geometry":{"type":"Point","coordinates":[16.881189,52.382026]},"properties":{"line":"180","mode":"bus","color":"#0059a9","colorDark":"#00294f","band":3,"off":[3,1.1]}},{"type":"Feature","geometry":{"type":"Point","coordinates":[16.881189,52.382026]},"properties":{"line":"182","mode":"bus","color":"#0059a9","colorDark":"#00294f","band":3,"off":[6,1.1]}},{"type":"Feature","geometry":{"type":"Point","coordinates":[16.881189,52.382026]},"properties":{"line":"193","mode":"bus","color":"#0059a9","colorDark":"#00294f","band":3,"off":[-6,2.6]}},{"type":"Feature","geometry":{"type":"Point","coordinates":[16.881189,52.382026]},"properties":{"line":"610","mode":"bus","color":"#0059a9","colorDark":"#00294f","band":3,"off":[-3,2.6]}},{"type":"Feature","geometry":{"type":"Point","coordinates":[16.881189,52.382026]},"properties":{"line":"614","mode":"bus","color":"#0059a9","colorDark":"#00294f","band":3,"off":[0,2.6]}},{"type":"Feature","geometry":{"type":"Point","coordinates":[16.881189,52.382026]},"properties":{"line":"616","mode":"bus","color":"#0059a9","colorDark":"#00294f","band":3,"off":[3,2.6]}},{"type":"Feature","geometry":{"type":"Point","coordinates":[16.881189,52.382026]},"properties":{"line":"701","mode":"bus","color":"#0059a9","colorDark":"#00294f","band":3,"off":[6,2.6]}},{"type":"Feature","geometry":{"type":"Point","coordinates":[16.881189,52.382026]},"properties":{"line":"702","mode":"bus","color":"#0059a9","colorDark":"#00294f","band":3,"off":[-6,4.1]}},{"type":"Feature","geometry":{"type":"Point","coordinates":[16.881189,52.382026]},"properties":{"line":"703","mode":"bus","color":"#0059a9","colorDark":"#00294f","band":3,"off":[-3,4.1]}},{"type":"Feature","geometry":{"type":"Point","coordinates":[16.881189,52.382026]},"properties":{"line":"704","mode":"bus","color":"#0059a9","colorDark":"#00294f","band":3,"off":[0,4.1]}},{"type":"Feature","geometry":{"type":"Point","coordinates":[16.881189,52.382026]},"properties":{"line":"707","mode":"bus","color":"#0059a9","colorDark":"#00294f","band":3,"off":[3,4.1]}},{"type":"Feature","geometry":{"type":"Point","coordinates":[16.881189,52.382026]},"properties":{"line":"710","mode":"bus","color":"#0059a9","colorDark":"#00294f","band":3,"off":[6,4.1]}},{"type":"Feature","geometry":{"type":"Point","coordinates":[16.90365,52.371925]},"properties":{"line":"149","mode":"bus","color":"#0059a9","colorDark":"#00294f","band":3,"off":[-4.5,1.1]}},{"type":"Feature","geometry":{"type":"Point","coordinates":[16.90365,52.371925]},"properties":{"line":"602","mode":"bus","color":"#0059a9","colorDark":"#00294f","band":3,"off":[-1.5,1.1]}},{"type":"Feature","geometry":{"type":"Point","coordinates":[16.90365,52.371925]},"properties":{"line":"610","mode":"bus","color":"#0059a9","colorDark":"#00294f","band":3,"off":[1.5,1.1]}},{"type":"Feature","geometry":{"type":"Point","coordinates":[16.90365,52.371925]},"properties":{"line":"651","mode":"bus","color":"#0059a9","colorDark":"#00294f","band":3,"off":[4.5,1.1]}},{"type":"Feature","geometry":{"type":"Point","coordinates":[16.916433,52.464922]},"properties":{"line":"151","mode":"bus","color":"#0059a9","colorDark":"#00294f","band":3,"off":[-6,1.1]}},{"type":"Feature","geometry":{"type":"Point","coordinates":[16.916433,52.464922]},"properties":{"line":"174","mode":"bus","color":"#0059a9","colorDark":"#00294f","band":3,"off":[-3,1.1]}},{"type":"Feature","geometry":{"type":"Point","coordinates":[16.916433,52.464922]},"properties":{"line":"185","mode":"bus","color":"#0059a9","colorDark":"#00294f","band":3,"off":[0,1.1]}},{"type":"Feature","geometry":{"type":"Point","coordinates":[16.916433,52.464922]},"properties":{"line":"188","mode":"bus","color":"#0059a9","colorDark":"#00294f","band":3,"off":[3,1.1]}},{"type":"Feature","geometry":{"type":"Point","coordinates":[16.916433,52.464922]},"properties":{"line":"190","mode":"bus","color":"#0059a9","colorDark":"#00294f","band":3,"off":[6,1.1]}},{"type":"Feature","geometry":{"type":"Point","coordinates":[16.916433,52.464922]},"properties":{"line":"191","mode":"bus","color":"#0059a9","colorDark":"#00294f","band":3,"off":[-6,2.6]}},{"type":"Feature","geometry":{"type":"Point","coordinates":[16.916433,52.464922]},"properties":{"line":"193","mode":"bus","color":"#0059a9","colorDark":"#00294f","band":3,"off":[-3,2.6]}},{"type":"Feature","geometry":{"type":"Point","coordinates":[16.916433,52.464922]},"properties":{"line":"198","mode":"bus","color":"#0059a9","colorDark":"#00294f","band":3,"off":[0,2.6]}},{"type":"Feature","geometry":{"type":"Point","coordinates":[16.916433,52.464922]},"properties":{"line":"215","mode":"bus","color":"#0059a9","colorDark":"#00294f","band":3,"off":[3,2.6]}},{"type":"Feature","geometry":{"type":"Point","coordinates":[16.916433,52.464922]},"properties":{"line":"218","mode":"bus","color":"#0059a9","colorDark":"#00294f","band":3,"off":[6,2.6]}},{"type":"Feature","geometry":{"type":"Point","coordinates":[16.916433,52.464922]},"properties":{"line":"348","mode":"bus","color":"#0059a9","colorDark":"#00294f","band":3,"off":[-6,4.1]}},{"type":"Feature","geometry":{"type":"Point","coordinates":[16.916433,52.464922]},"properties":{"line":"832","mode":"bus","color":"#0059a9","colorDark":"#00294f","band":3,"off":[-3,4.1]}},{"type":"Feature","geometry":{"type":"Point","coordinates":[16.916433,52.464922]},"properties":{"line":"901","mode":"bus","color":"#0059a9","colorDark":"#00294f","band":3,"off":[0,4.1]}},{"type":"Feature","geometry":{"type":"Point","coordinates":[16.916433,52.464922]},"properties":{"line":"902","mode":"bus","color":"#0059a9","colorDark":"#00294f","band":3,"off":[3,4.1]}},{"type":"Feature","geometry":{"type":"Point","coordinates":[16.916433,52.464922]},"properties":{"line":"904","mode":"bus","color":"#0059a9","colorDark":"#00294f","band":3,"off":[6,4.1]}},{"type":"Feature","geometry":{"type":"Point","coordinates":[16.916433,52.464922]},"properties":{"line":"905","mode":"bus","color":"#0059a9","colorDark":"#00294f","band":3,"off":[-1.5,5.6]}},{"type":"Feature","geometry":{"type":"Point","coordinates":[16.916433,52.464922]},"properties":{"line":"907","mode":"bus","color":"#0059a9","colorDark":"#00294f","band":3,"off":[1.5,5.6]}},{"type":"Feature","geometry":{"type":"Point","coordinates":[17.029181,52.388111]},"properties":{"line":"152","mode":"bus","color":"#0059a9","colorDark":"#00294f","band":3,"off":[-1.5,1.1]}},{"type":"Feature","geometry":{"type":"Point","coordinates":[17.029181,52.388111]},"properties":{"line":"425","mode":"bus","color":"#0059a9","colorDark":"#00294f","band":3,"off":[1.5,1.1]}},{"type":"Feature","geometry":{"type":"Point","coordinates":[16.949413,52.396131]},"properties":{"line":"152","mode":"bus","color":"#0059a9","colorDark":"#00294f","band":3,"off":[-6,1.1]}},{"type":"Feature","geometry":{"type":"Point","coordinates":[16.949413,52.396131]},"properties":{"line":"154","mode":"bus","color":"#0059a9","colorDark":"#00294f","band":3,"off":[-3,1.1]}},{"type":"Feature","geometry":{"type":"Point","coordinates":[16.949413,52.396131]},"properties":{"line":"162","mode":"bus","color":"#0059a9","colorDark":"#00294f","band":3,"off":[0,1.1]}},{"type":"Feature","geometry":{"type":"Point","coordinates":[16.949413,52.396131]},"properties":{"line":"166","mode":"bus","color":"#0059a9","colorDark":"#00294f","band":3,"off":[3,1.1]}},{"type":"Feature","geometry":{"type":"Point","coordinates":[16.949413,52.396131]},"properties":{"line":"167","mode":"bus","color":"#0059a9","colorDark":"#00294f","band":3,"off":[6,1.1]}},{"type":"Feature","geometry":{"type":"Point","coordinates":[16.949413,52.396131]},"properties":{"line":"181","mode":"bus","color":"#0059a9","colorDark":"#00294f","band":3,"off":[-6,2.6]}},{"type":"Feature","geometry":{"type":"Point","coordinates":[16.949413,52.396131]},"properties":{"line":"184","mode":"bus","color":"#0059a9","colorDark":"#00294f","band":3,"off":[-3,2.6]}},{"type":"Feature","geometry":{"type":"Point","coordinates":[16.949413,52.396131]},"properties":{"line":"196","mode":"bus","color":"#0059a9","colorDark":"#00294f","band":3,"off":[0,2.6]}},{"type":"Feature","geometry":{"type":"Point","coordinates":[16.949413,52.396131]},"properties":{"line":"227","mode":"bus","color":"#0059a9","colorDark":"#00294f","band":3,"off":[3,2.6]}},{"type":"Feature","geometry":{"type":"Point","coordinates":[16.949413,52.396131]},"properties":{"line":"425","mode":"bus","color":"#0059a9","colorDark":"#00294f","band":3,"off":[6,2.6]}},{"type":"Feature","geometry":{"type":"Point","coordinates":[16.949413,52.396131]},"properties":{"line":"431","mode":"bus","color":"#0059a9","colorDark":"#00294f","band":3,"off":[-6,4.1]}},{"type":"Feature","geometry":{"type":"Point","coordinates":[16.949413,52.396131]},"properties":{"line":"432","mode":"bus","color":"#0059a9","colorDark":"#00294f","band":3,"off":[-3,4.1]}},{"type":"Feature","geometry":{"type":"Point","coordinates":[16.949413,52.396131]},"properties":{"line":"433","mode":"bus","color":"#0059a9","colorDark":"#00294f","band":3,"off":[0,4.1]}},{"type":"Feature","geometry":{"type":"Point","coordinates":[16.949413,52.396131]},"properties":{"line":"501","mode":"bus","color":"#0059a9","colorDark":"#00294f","band":3,"off":[3,4.1]}},{"type":"Feature","geometry":{"type":"Point","coordinates":[16.949413,52.396131]},"properties":{"line":"502","mode":"bus","color":"#0059a9","colorDark":"#00294f","band":3,"off":[6,4.1]}},{"type":"Feature","geometry":{"type":"Point","coordinates":[16.949413,52.396131]},"properties":{"line":"503","mode":"bus","color":"#0059a9","colorDark":"#00294f","band":3,"off":[-6,5.6]}},{"type":"Feature","geometry":{"type":"Point","coordinates":[16.949413,52.396131]},"properties":{"line":"511","mode":"bus","color":"#0059a9","colorDark":"#00294f","band":3,"off":[-3,5.6]}},{"type":"Feature","geometry":{"type":"Point","coordinates":[16.949413,52.396131]},"properties":{"line":"512","mode":"bus","color":"#0059a9","colorDark":"#00294f","band":3,"off":[0,5.6]}},{"type":"Feature","geometry":{"type":"Point","coordinates":[16.949413,52.396131]},"properties":{"line":"560","mode":"bus","color":"#0059a9","colorDark":"#00294f","band":3,"off":[3,5.6]}},{"type":"Feature","geometry":{"type":"Point","coordinates":[16.949413,52.396131]},"properties":{"line":"561","mode":"bus","color":"#0059a9","colorDark":"#00294f","band":3,"off":[6,5.6]}},{"type":"Feature","geometry":{"type":"Point","coordinates":[16.949413,52.396131]},"properties":{"line":"911","mode":"bus","color":"#0059a9","colorDark":"#00294f","band":3,"off":[0,7.1]}},{"type":"Feature","geometry":{"type":"Point","coordinates":[16.94985,52.396835]},"properties":{"line":"152","mode":"bus","color":"#0059a9","colorDark":"#00294f","band":3,"off":[-6,1.1]}},{"type":"Feature","geometry":{"type":"Point","coordinates":[16.94985,52.396835]},"properties":{"line":"154","mode":"bus","color":"#0059a9","colorDark":"#00294f","band":3,"off":[-3,1.1]}},{"type":"Feature","geometry":{"type":"Point","coordinates":[16.94985,52.396835]},"properties":{"line":"162","mode":"bus","color":"#0059a9","colorDark":"#00294f","band":3,"off":[0,1.1]}},{"type":"Feature","geometry":{"type":"Point","coordinates":[16.94985,52.396835]},"properties":{"line":"166","mode":"bus","color":"#0059a9","colorDark":"#00294f","band":3,"off":[3,1.1]}},{"type":"Feature","geometry":{"type":"Point","coordinates":[16.94985,52.396835]},"properties":{"line":"167","mode":"bus","color":"#0059a9","colorDark":"#00294f","band":3,"off":[6,1.1]}},{"type":"Feature","geometry":{"type":"Point","coordinates":[16.94985,52.396835]},"properties":{"line":"181","mode":"bus","color":"#0059a9","colorDark":"#00294f","band":3,"off":[-6,2.6]}},{"type":"Feature","geometry":{"type":"Point","coordinates":[16.94985,52.396835]},"properties":{"line":"184","mode":"bus","color":"#0059a9","colorDark":"#00294f","band":3,"off":[-3,2.6]}},{"type":"Feature","geometry":{"type":"Point","coordinates":[16.94985,52.396835]},"properties":{"line":"196","mode":"bus","color":"#0059a9","colorDark":"#00294f","band":3,"off":[0,2.6]}},{"type":"Feature","geometry":{"type":"Point","coordinates":[16.94985,52.396835]},"properties":{"line":"227","mode":"bus","color":"#0059a9","colorDark":"#00294f","band":3,"off":[3,2.6]}},{"type":"Feature","geometry":{"type":"Point","coordinates":[16.94985,52.396835]},"properties":{"line":"425","mode":"bus","color":"#0059a9","colorDark":"#00294f","band":3,"off":[6,2.6]}},{"type":"Feature","geometry":{"type":"Point","coordinates":[16.94985,52.396835]},"properties":{"line":"431","mode":"bus","color":"#0059a9","colorDark":"#00294f","band":3,"off":[-6,4.1]}},{"type":"Feature","geometry":{"type":"Point","coordinates":[16.94985,52.396835]},"properties":{"line":"432","mode":"bus","color":"#0059a9","colorDark":"#00294f","band":3,"off":[-3,4.1]}},{"type":"Feature","geometry":{"type":"Point","coordinates":[16.94985,52.396835]},"properties":{"line":"433","mode":"bus","color":"#0059a9","colorDark":"#00294f","band":3,"off":[0,4.1]}},{"type":"Feature","geometry":{"type":"Point","coordinates":[16.94985,52.396835]},"properties":{"line":"501","mode":"bus","color":"#0059a9","colorDark":"#00294f","band":3,"off":[3,4.1]}},{"type":"Feature","geometry":{"type":"Point","coordinates":[16.94985,52.396835]},"properties":{"line":"502","mode":"bus","color":"#0059a9","colorDark":"#00294f","band":3,"off":[6,4.1]}},{"type":"Feature","geometry":{"type":"Point","coordinates":[16.94985,52.396835]},"properties":{"line":"503","mode":"bus","color":"#0059a9","colorDark":"#00294f","band":3,"off":[-6,5.6]}},{"type":"Feature","geometry":{"type":"Point","coordinates":[16.94985,52.396835]},"properties":{"line":"511","mode":"bus","color":"#0059a9","colorDark":"#00294f","band":3,"off":[-3,5.6]}},{"type":"Feature","geometry":{"type":"Point","coordinates":[16.94985,52.396835]},"properties":{"line":"512","mode":"bus","color":"#0059a9","colorDark":"#00294f","band":3,"off":[0,5.6]}},{"type":"Feature","geometry":{"type":"Point","coordinates":[16.94985,52.396835]},"properties":{"line":"560","mode":"bus","color":"#0059a9","colorDark":"#00294f","band":3,"off":[3,5.6]}},{"type":"Feature","geometry":{"type":"Point","coordinates":[16.94985,52.396835]},"properties":{"line":"911","mode":"bus","color":"#0059a9","colorDark":"#00294f","band":3,"off":[6,5.6]}},{"type":"Feature","geometry":{"type":"Point","coordinates":[16.993959,52.389801]},"properties":{"line":"152","mode":"bus","color":"#0059a9","colorDark":"#00294f","band":3,"off":[-6,1.1]}},{"type":"Feature","geometry":{"type":"Point","coordinates":[16.993959,52.389801]},"properties":{"line":"166","mode":"bus","color":"#0059a9","colorDark":"#00294f","band":3,"off":[-3,1.1]}},{"type":"Feature","geometry":{"type":"Point","coordinates":[16.993959,52.389801]},"properties":{"line":"181","mode":"bus","color":"#0059a9","colorDark":"#00294f","band":3,"off":[0,1.1]}},{"type":"Feature","geometry":{"type":"Point","coordinates":[16.993959,52.389801]},"properties":{"line":"212","mode":"bus","color":"#0059a9","colorDark":"#00294f","band":3,"off":[3,1.1]}},{"type":"Feature","geometry":{"type":"Point","coordinates":[16.993959,52.389801]},"properties":{"line":"218","mode":"bus","color":"#0059a9","colorDark":"#00294f","band":3,"off":[6,1.1]}},{"type":"Feature","geometry":{"type":"Point","coordinates":[16.993959,52.389801]},"properties":{"line":"222","mode":"bus","color":"#0059a9","colorDark":"#00294f","band":3,"off":[0,2.6]}},{"type":"Feature","geometry":{"type":"Point","coordinates":[16.982502,52.307983]},"properties":{"line":"153","mode":"bus","color":"#0059a9","colorDark":"#00294f","band":3,"off":[-3,1.1]}},{"type":"Feature","geometry":{"type":"Point","coordinates":[16.982502,52.307983]},"properties":{"line":"158","mode":"bus","color":"#0059a9","colorDark":"#00294f","band":3,"off":[0,1.1]}},{"type":"Feature","geometry":{"type":"Point","coordinates":[16.982502,52.307983]},"properties":{"line":"221","mode":"bus","color":"#0059a9","colorDark":"#00294f","band":3,"off":[3,1.1]}},{"type":"Feature","geometry":{"type":"Point","coordinates":[16.918256,52.342396]},"properties":{"line":"153","mode":"bus","color":"#0059a9","colorDark":"#00294f","band":3,"off":[-6,1.1]}},{"type":"Feature","geometry":{"type":"Point","coordinates":[16.918256,52.342396]},"properties":{"line":"158","mode":"bus","color":"#0059a9","colorDark":"#00294f","band":3,"off":[-3,1.1]}},{"type":"Feature","geometry":{"type":"Point","coordinates":[16.918256,52.342396]},"properties":{"line":"194","mode":"bus","color":"#0059a9","colorDark":"#00294f","band":3,"off":[0,1.1]}},{"type":"Feature","geometry":{"type":"Point","coordinates":[16.918256,52.342396]},"properties":{"line":"221","mode":"bus","color":"#0059a9","colorDark":"#00294f","band":3,"off":[3,1.1]}},{"type":"Feature","geometry":{"type":"Point","coordinates":[16.918256,52.342396]},"properties":{"line":"527","mode":"bus","color":"#0059a9","colorDark":"#00294f","band":3,"off":[6,1.1]}},{"type":"Feature","geometry":{"type":"Point","coordinates":[16.949696,52.372395]},"properties":{"line":"153","mode":"bus","color":"#0059a9","colorDark":"#00294f","band":3,"off":[-3,1.1]}},{"type":"Feature","geometry":{"type":"Point","coordinates":[16.949696,52.372395]},"properties":{"line":"174","mode":"bus","color":"#0059a9","colorDark":"#00294f","band":3,"off":[0,1.1]}},{"type":"Feature","geometry":{"type":"Point","coordinates":[16.949696,52.372395]},"properties":{"line":"189","mode":"bus","color":"#0059a9","colorDark":"#00294f","band":3,"off":[3,1.1]}},{"type":"Feature","geometry":{"type":"Point","coordinates":[16.932713,52.36885]},"properties":{"line":"153","mode":"bus","color":"#0059a9","colorDark":"#00294f","band":3,"off":[-3,1.1]}},{"type":"Feature","geometry":{"type":"Point","coordinates":[16.932713,52.36885]},"properties":{"line":"217","mode":"bus","color":"#0059a9","colorDark":"#00294f","band":3,"off":[0,1.1]}},{"type":"Feature","geometry":{"type":"Point","coordinates":[16.932713,52.36885]},"properties":{"line":"221","mode":"bus","color":"#0059a9","colorDark":"#00294f","band":3,"off":[3,1.1]}},{"type":"Feature","geometry":{"type":"Point","coordinates":[17.022885,52.351291]},"properties":{"line":"154","mode":"bus","color":"#0059a9","colorDark":"#00294f","band":3,"off":[-1.5,1.1]}},{"type":"Feature","geometry":{"type":"Point","coordinates":[17.022885,52.351291]},"properties":{"line":"220","mode":"bus","color":"#0059a9","colorDark":"#00294f","band":3,"off":[1.5,1.1]}},{"type":"Feature","geometry":{"type":"Point","coordinates":[16.807403,52.4417]},"properties":{"line":"156","mode":"bus","color":"#0059a9","colorDark":"#00294f","band":3,"off":[0,1.1]}},{"type":"Feature","geometry":{"type":"Point","coordinates":[16.994851,52.409988]},"properties":{"line":"157","mode":"bus","color":"#0059a9","colorDark":"#00294f","band":3,"off":[-6,1.1]}},{"type":"Feature","geometry":{"type":"Point","coordinates":[16.994851,52.409988]},"properties":{"line":"213","mode":"bus","color":"#0059a9","colorDark":"#00294f","band":3,"off":[-3,1.1]}},{"type":"Feature","geometry":{"type":"Point","coordinates":[16.994851,52.409988]},"properties":{"line":"222","mode":"bus","color":"#0059a9","colorDark":"#00294f","band":3,"off":[0,1.1]}},{"type":"Feature","geometry":{"type":"Point","coordinates":[16.994851,52.409988]},"properties":{"line":"223","mode":"bus","color":"#0059a9","colorDark":"#00294f","band":3,"off":[3,1.1]}},{"type":"Feature","geometry":{"type":"Point","coordinates":[16.994851,52.409988]},"properties":{"line":"401","mode":"bus","color":"#0059a9","colorDark":"#00294f","band":3,"off":[6,1.1]}},{"type":"Feature","geometry":{"type":"Point","coordinates":[16.994851,52.409988]},"properties":{"line":"405","mode":"bus","color":"#0059a9","colorDark":"#00294f","band":3,"off":[-4.5,2.6]}},{"type":"Feature","geometry":{"type":"Point","coordinates":[16.994851,52.409988]},"properties":{"line":"406","mode":"bus","color":"#0059a9","colorDark":"#00294f","band":3,"off":[-1.5,2.6]}},{"type":"Feature","geometry":{"type":"Point","coordinates":[16.994851,52.409988]},"properties":{"line":"407","mode":"bus","color":"#0059a9","colorDark":"#00294f","band":3,"off":[1.5,2.6]}},{"type":"Feature","geometry":{"type":"Point","coordinates":[16.994851,52.409988]},"properties":{"line":"416","mode":"bus","color":"#0059a9","colorDark":"#00294f","band":3,"off":[4.5,2.6]}},{"type":"Feature","geometry":{"type":"Point","coordinates":[16.955812,52.409375]},"properties":{"line":"157","mode":"bus","color":"#0059a9","colorDark":"#00294f","band":3,"off":[-6,1.1]}},{"type":"Feature","geometry":{"type":"Point","coordinates":[16.955812,52.409375]},"properties":{"line":"173","mode":"bus","color":"#0059a9","colorDark":"#00294f","band":3,"off":[-3,1.1]}},{"type":"Feature","geometry":{"type":"Point","coordinates":[16.955812,52.409375]},"properties":{"line":"178","mode":"bus","color":"#0059a9","colorDark":"#00294f","band":3,"off":[0,1.1]}},{"type":"Feature","geometry":{"type":"Point","coordinates":[16.955812,52.409375]},"properties":{"line":"183","mode":"bus","color":"#0059a9","colorDark":"#00294f","band":3,"off":[3,1.1]}},{"type":"Feature","geometry":{"type":"Point","coordinates":[16.955812,52.409375]},"properties":{"line":"184","mode":"bus","color":"#0059a9","colorDark":"#00294f","band":3,"off":[6,1.1]}},{"type":"Feature","geometry":{"type":"Point","coordinates":[16.955812,52.409375]},"properties":{"line":"185","mode":"bus","color":"#0059a9","colorDark":"#00294f","band":3,"off":[-6,2.6]}},{"type":"Feature","geometry":{"type":"Point","coordinates":[16.955812,52.409375]},"properties":{"line":"312","mode":"bus","color":"#0059a9","colorDark":"#00294f","band":3,"off":[-3,2.6]}},{"type":"Feature","geometry":{"type":"Point","coordinates":[16.955812,52.409375]},"properties":{"line":"320","mode":"bus","color":"#0059a9","colorDark":"#00294f","band":3,"off":[0,2.6]}},{"type":"Feature","geometry":{"type":"Point","coordinates":[16.955812,52.409375]},"properties":{"line":"323","mode":"bus","color":"#0059a9","colorDark":"#00294f","band":3,"off":[3,2.6]}},{"type":"Feature","geometry":{"type":"Point","coordinates":[16.955812,52.409375]},"properties":{"line":"341","mode":"bus","color":"#0059a9","colorDark":"#00294f","band":3,"off":[6,2.6]}},{"type":"Feature","geometry":{"type":"Point","coordinates":[16.955812,52.409375]},"properties":{"line":"342","mode":"bus","color":"#0059a9","colorDark":"#00294f","band":3,"off":[-6,4.1]}},{"type":"Feature","geometry":{"type":"Point","coordinates":[16.955812,52.409375]},"properties":{"line":"400","mode":"bus","color":"#0059a9","colorDark":"#00294f","band":3,"off":[-3,4.1]}},{"type":"Feature","geometry":{"type":"Point","coordinates":[16.955812,52.409375]},"properties":{"line":"401","mode":"bus","color":"#0059a9","colorDark":"#00294f","band":3,"off":[0,4.1]}},{"type":"Feature","geometry":{"type":"Point","coordinates":[16.955812,52.409375]},"properties":{"line":"405","mode":"bus","color":"#0059a9","colorDark":"#00294f","band":3,"off":[3,4.1]}},{"type":"Feature","geometry":{"type":"Point","coordinates":[16.955812,52.409375]},"properties":{"line":"406","mode":"bus","color":"#0059a9","colorDark":"#00294f","band":3,"off":[6,4.1]}},{"type":"Feature","geometry":{"type":"Point","coordinates":[16.955812,52.409375]},"properties":{"line":"407","mode":"bus","color":"#0059a9","colorDark":"#00294f","band":3,"off":[-3,5.6]}},{"type":"Feature","geometry":{"type":"Point","coordinates":[16.955812,52.409375]},"properties":{"line":"412","mode":"bus","color":"#0059a9","colorDark":"#00294f","band":3,"off":[0,5.6]}},{"type":"Feature","geometry":{"type":"Point","coordinates":[16.955812,52.409375]},"properties":{"line":"T7","mode":"bus","color":"#0059a9","colorDark":"#00294f","band":3,"off":[3,5.6]}},{"type":"Feature","geometry":{"type":"Point","coordinates":[16.929993,52.366315]},"properties":{"line":"158","mode":"bus","color":"#0059a9","colorDark":"#00294f","band":3,"off":[-6,1.1]}},{"type":"Feature","geometry":{"type":"Point","coordinates":[16.929993,52.366315]},"properties":{"line":"189","mode":"bus","color":"#0059a9","colorDark":"#00294f","band":3,"off":[-3,1.1]}},{"type":"Feature","geometry":{"type":"Point","coordinates":[16.929993,52.366315]},"properties":{"line":"194","mode":"bus","color":"#0059a9","colorDark":"#00294f","band":3,"off":[0,1.1]}},{"type":"Feature","geometry":{"type":"Point","coordinates":[16.929993,52.366315]},"properties":{"line":"221","mode":"bus","color":"#0059a9","colorDark":"#00294f","band":3,"off":[3,1.1]}},{"type":"Feature","geometry":{"type":"Point","coordinates":[16.929993,52.366315]},"properties":{"line":"527","mode":"bus","color":"#0059a9","colorDark":"#00294f","band":3,"off":[6,1.1]}},{"type":"Feature","geometry":{"type":"Point","coordinates":[16.939119,52.416618]},"properties":{"line":"160","mode":"bus","color":"#0059a9","colorDark":"#00294f","band":3,"off":[-6,1.1]}},{"type":"Feature","geometry":{"type":"Point","coordinates":[16.939119,52.416618]},"properties":{"line":"163","mode":"bus","color":"#0059a9","colorDark":"#00294f","band":3,"off":[-3,1.1]}},{"type":"Feature","geometry":{"type":"Point","coordinates":[16.939119,52.416618]},"properties":{"line":"176","mode":"bus","color":"#0059a9","colorDark":"#00294f","band":3,"off":[0,1.1]}},{"type":"Feature","geometry":{"type":"Point","coordinates":[16.939119,52.416618]},"properties":{"line":"220","mode":"bus","color":"#0059a9","colorDark":"#00294f","band":3,"off":[3,1.1]}},{"type":"Feature","geometry":{"type":"Point","coordinates":[16.939119,52.416618]},"properties":{"line":"221","mode":"bus","color":"#0059a9","colorDark":"#00294f","band":3,"off":[6,1.1]}},{"type":"Feature","geometry":{"type":"Point","coordinates":[16.939119,52.416618]},"properties":{"line":"603","mode":"bus","color":"#0059a9","colorDark":"#00294f","band":3,"off":[0,2.6]}},{"type":"Feature","geometry":{"type":"Point","coordinates":[16.865046,52.452764]},"properties":{"line":"164","mode":"bus","color":"#0059a9","colorDark":"#00294f","band":3,"off":[-3,1.1]}},{"type":"Feature","geometry":{"type":"Point","coordinates":[16.865046,52.452764]},"properties":{"line":"170","mode":"bus","color":"#0059a9","colorDark":"#00294f","band":3,"off":[0,1.1]}},{"type":"Feature","geometry":{"type":"Point","coordinates":[16.865046,52.452764]},"properties":{"line":"226","mode":"bus","color":"#0059a9","colorDark":"#00294f","band":3,"off":[3,1.1]}},{"type":"Feature","geometry":{"type":"Point","coordinates":[17.04468,52.414993]},"properties":{"line":"166","mode":"bus","color":"#0059a9","colorDark":"#00294f","band":3,"off":[-1.5,1.1]}},{"type":"Feature","geometry":{"type":"Point","coordinates":[17.04468,52.414993]},"properties":{"line":"416","mode":"bus","color":"#0059a9","colorDark":"#00294f","band":3,"off":[1.5,1.1]}},{"type":"Feature","geometry":{"type":"Point","coordinates":[16.946116,52.497661]},"properties":{"line":"167","mode":"bus","color":"#0059a9","colorDark":"#00294f","band":3,"off":[-4.5,1.1]}},{"type":"Feature","geometry":{"type":"Point","coordinates":[16.946116,52.497661]},"properties":{"line":"214","mode":"bus","color":"#0059a9","colorDark":"#00294f","band":3,"off":[-1.5,1.1]}},{"type":"Feature","geometry":{"type":"Point","coordinates":[16.946116,52.497661]},"properties":{"line":"348","mode":"bus","color":"#0059a9","colorDark":"#00294f","band":3,"off":[1.5,1.1]}},{"type":"Feature","geometry":{"type":"Point","coordinates":[16.946116,52.497661]},"properties":{"line":"911","mode":"bus","color":"#0059a9","colorDark":"#00294f","band":3,"off":[4.5,1.1]}},{"type":"Feature","geometry":{"type":"Point","coordinates":[16.934634,52.452032]},"properties":{"line":"169","mode":"bus","color":"#0059a9","colorDark":"#00294f","band":3,"off":[0,1.1]}},{"type":"Feature","geometry":{"type":"Point","coordinates":[16.94091,52.441231]},"properties":{"line":"169","mode":"bus","color":"#0059a9","colorDark":"#00294f","band":3,"off":[-6,1.1]}},{"type":"Feature","geometry":{"type":"Point","coordinates":[16.94091,52.441231]},"properties":{"line":"171","mode":"bus","color":"#0059a9","colorDark":"#00294f","band":3,"off":[-3,1.1]}},{"type":"Feature","geometry":{"type":"Point","coordinates":[16.94091,52.441231]},"properties":{"line":"178","mode":"bus","color":"#0059a9","colorDark":"#00294f","band":3,"off":[0,1.1]}},{"type":"Feature","geometry":{"type":"Point","coordinates":[16.94091,52.441231]},"properties":{"line":"182","mode":"bus","color":"#0059a9","colorDark":"#00294f","band":3,"off":[3,1.1]}},{"type":"Feature","geometry":{"type":"Point","coordinates":[16.94091,52.441231]},"properties":{"line":"185","mode":"bus","color":"#0059a9","colorDark":"#00294f","band":3,"off":[6,1.1]}},{"type":"Feature","geometry":{"type":"Point","coordinates":[16.94091,52.441231]},"properties":{"line":"218","mode":"bus","color":"#0059a9","colorDark":"#00294f","band":3,"off":[0,2.6]}},{"type":"Feature","geometry":{"type":"Point","coordinates":[16.937269,52.435201]},"properties":{"line":"170","mode":"bus","color":"#0059a9","colorDark":"#00294f","band":3,"off":[-6,1.1]}},{"type":"Feature","geometry":{"type":"Point","coordinates":[16.937269,52.435201]},"properties":{"line":"171","mode":"bus","color":"#0059a9","colorDark":"#00294f","band":3,"off":[-3,1.1]}},{"type":"Feature","geometry":{"type":"Point","coordinates":[16.937269,52.435201]},"properties":{"line":"174","mode":"bus","color":"#0059a9","colorDark":"#00294f","band":3,"off":[0,1.1]}},{"type":"Feature","geometry":{"type":"Point","coordinates":[16.937269,52.435201]},"properties":{"line":"178","mode":"bus","color":"#0059a9","colorDark":"#00294f","band":3,"off":[3,1.1]}},{"type":"Feature","geometry":{"type":"Point","coordinates":[16.937269,52.435201]},"properties":{"line":"183","mode":"bus","color":"#0059a9","colorDark":"#00294f","band":3,"off":[6,1.1]}},{"type":"Feature","geometry":{"type":"Point","coordinates":[16.937269,52.435201]},"properties":{"line":"321","mode":"bus","color":"#0059a9","colorDark":"#00294f","band":3,"off":[-1.5,2.6]}},{"type":"Feature","geometry":{"type":"Point","coordinates":[16.937269,52.435201]},"properties":{"line":"322","mode":"bus","color":"#0059a9","colorDark":"#00294f","band":3,"off":[1.5,2.6]}},{"type":"Feature","geometry":{"type":"Point","coordinates":[16.904062,52.437939]},"properties":{"line":"170","mode":"bus","color":"#0059a9","colorDark":"#00294f","band":3,"off":[-3,1.1]}},{"type":"Feature","geometry":{"type":"Point","coordinates":[16.904062,52.437939]},"properties":{"line":"183","mode":"bus","color":"#0059a9","colorDark":"#00294f","band":3,"off":[0,1.1]}},{"type":"Feature","geometry":{"type":"Point","coordinates":[16.904062,52.437939]},"properties":{"line":"321","mode":"bus","color":"#0059a9","colorDark":"#00294f","band":3,"off":[3,1.1]}},{"type":"Feature","geometry":{"type":"Point","coordinates":[16.931696,52.435266]},"properties":{"line":"4","mode":"tram","color":"#d6212b","colorDark":"#7c1116","band":3,"off":[-6,1.1]}},{"type":"Feature","geometry":{"type":"Point","coordinates":[16.931696,52.435266]},"properties":{"line":"170","mode":"bus","color":"#0059a9","colorDark":"#00294f","band":3,"off":[-3,1.1]}},{"type":"Feature","geometry":{"type":"Point","coordinates":[16.931696,52.435266]},"properties":{"line":"171","mode":"bus","color":"#0059a9","colorDark":"#00294f","band":3,"off":[0,1.1]}},{"type":"Feature","geometry":{"type":"Point","coordinates":[16.931696,52.435266]},"properties":{"line":"174","mode":"bus","color":"#0059a9","colorDark":"#00294f","band":3,"off":[3,1.1]}},{"type":"Feature","geometry":{"type":"Point","coordinates":[16.931696,52.435266]},"properties":{"line":"178","mode":"bus","color":"#0059a9","colorDark":"#00294f","band":3,"off":[6,1.1]}},{"type":"Feature","geometry":{"type":"Point","coordinates":[16.931696,52.435266]},"properties":{"line":"183","mode":"bus","color":"#0059a9","colorDark":"#00294f","band":3,"off":[-3,2.6]}},{"type":"Feature","geometry":{"type":"Point","coordinates":[16.931696,52.435266]},"properties":{"line":"321","mode":"bus","color":"#0059a9","colorDark":"#00294f","band":3,"off":[0,2.6]}},{"type":"Feature","geometry":{"type":"Point","coordinates":[16.931696,52.435266]},"properties":{"line":"322","mode":"bus","color":"#0059a9","colorDark":"#00294f","band":3,"off":[3,2.6]}},{"type":"Feature","geometry":{"type":"Point","coordinates":[16.904578,52.360414]},"properties":{"line":"171","mode":"bus","color":"#0059a9","colorDark":"#00294f","band":3,"off":[-6,1.1]}},{"type":"Feature","geometry":{"type":"Point","coordinates":[16.904578,52.360414]},"properties":{"line":"176","mode":"bus","color":"#0059a9","colorDark":"#00294f","band":3,"off":[-3,1.1]}},{"type":"Feature","geometry":{"type":"Point","coordinates":[16.904578,52.360414]},"properties":{"line":"215","mode":"bus","color":"#0059a9","colorDark":"#00294f","band":3,"off":[0,1.1]}},{"type":"Feature","geometry":{"type":"Point","coordinates":[16.904578,52.360414]},"properties":{"line":"602","mode":"bus","color":"#0059a9","colorDark":"#00294f","band":3,"off":[3,1.1]}},{"type":"Feature","geometry":{"type":"Point","coordinates":[16.904578,52.360414]},"properties":{"line":"603","mode":"bus","color":"#0059a9","colorDark":"#00294f","band":3,"off":[6,1.1]}},{"type":"Feature","geometry":{"type":"Point","coordinates":[16.904578,52.360414]},"properties":{"line":"610","mode":"bus","color":"#0059a9","colorDark":"#00294f","band":3,"off":[-1.5,2.6]}},{"type":"Feature","geometry":{"type":"Point","coordinates":[16.904578,52.360414]},"properties":{"line":"651","mode":"bus","color":"#0059a9","colorDark":"#00294f","band":3,"off":[1.5,2.6]}},{"type":"Feature","geometry":{"type":"Point","coordinates":[17.017939,52.436548]},"properties":{"line":"173","mode":"bus","color":"#0059a9","colorDark":"#00294f","band":3,"off":[0,1.1]}},{"type":"Feature","geometry":{"type":"Point","coordinates":[16.974224,52.422017]},"properties":{"line":"173","mode":"bus","color":"#0059a9","colorDark":"#00294f","band":3,"off":[-6,1.1]}},{"type":"Feature","geometry":{"type":"Point","coordinates":[16.974224,52.422017]},"properties":{"line":"185","mode":"bus","color":"#0059a9","colorDark":"#00294f","band":3,"off":[-3,1.1]}},{"type":"Feature","geometry":{"type":"Point","coordinates":[16.974224,52.422017]},"properties":{"line":"217","mode":"bus","color":"#0059a9","colorDark":"#00294f","band":3,"off":[0,1.1]}},{"type":"Feature","geometry":{"type":"Point","coordinates":[16.974224,52.422017]},"properties":{"line":"227","mode":"bus","color":"#0059a9","colorDark":"#00294f","band":3,"off":[3,1.1]}},{"type":"Feature","geometry":{"type":"Point","coordinates":[16.974224,52.422017]},"properties":{"line":"312","mode":"bus","color":"#0059a9","colorDark":"#00294f","band":3,"off":[6,1.1]}},{"type":"Feature","geometry":{"type":"Point","coordinates":[16.974224,52.422017]},"properties":{"line":"320","mode":"bus","color":"#0059a9","colorDark":"#00294f","band":3,"off":[-4.5,2.6]}},{"type":"Feature","geometry":{"type":"Point","coordinates":[16.974224,52.422017]},"properties":{"line":"323","mode":"bus","color":"#0059a9","colorDark":"#00294f","band":3,"off":[-1.5,2.6]}},{"type":"Feature","geometry":{"type":"Point","coordinates":[16.974224,52.422017]},"properties":{"line":"342","mode":"bus","color":"#0059a9","colorDark":"#00294f","band":3,"off":[1.5,2.6]}},{"type":"Feature","geometry":{"type":"Point","coordinates":[16.974224,52.422017]},"properties":{"line":"412","mode":"bus","color":"#0059a9","colorDark":"#00294f","band":3,"off":[4.5,2.6]}},{"type":"Feature","geometry":{"type":"Point","coordinates":[16.838326,52.354834]},"properties":{"line":"180","mode":"bus","color":"#0059a9","colorDark":"#00294f","band":3,"off":[-3,1.1]}},{"type":"Feature","geometry":{"type":"Point","coordinates":[16.838326,52.354834]},"properties":{"line":"704","mode":"bus","color":"#0059a9","colorDark":"#00294f","band":3,"off":[0,1.1]}},{"type":"Feature","geometry":{"type":"Point","coordinates":[16.838326,52.354834]},"properties":{"line":"710","mode":"bus","color":"#0059a9","colorDark":"#00294f","band":3,"off":[3,1.1]}},{"type":"Feature","geometry":{"type":"Point","coordinates":[16.842815,52.370386]},"properties":{"line":"180","mode":"bus","color":"#0059a9","colorDark":"#00294f","band":3,"off":[-1.5,1.1]}},{"type":"Feature","geometry":{"type":"Point","coordinates":[16.842815,52.370386]},"properties":{"line":"717","mode":"bus","color":"#0059a9","colorDark":"#00294f","band":3,"off":[1.5,1.1]}},{"type":"Feature","geometry":{"type":"Point","coordinates":[16.981509,52.374333]},"properties":{"line":"181","mode":"bus","color":"#0059a9","colorDark":"#00294f","band":3,"off":[0,1.1]}},{"type":"Feature","geometry":{"type":"Point","coordinates":[16.992489,52.400538]},"properties":{"line":"184","mode":"bus","color":"#0059a9","colorDark":"#00294f","band":3,"off":[0,1.1]}},{"type":"Feature","geometry":{"type":"Point","coordinates":[16.774539,52.473627]},"properties":{"line":"186","mode":"bus","color":"#0059a9","colorDark":"#00294f","band":3,"off":[-4.5,1.1]}},{"type":"Feature","geometry":{"type":"Point","coordinates":[16.774539,52.473627]},"properties":{"line":"835","mode":"bus","color":"#0059a9","colorDark":"#00294f","band":3,"off":[-1.5,1.1]}},{"type":"Feature","geometry":{"type":"Point","coordinates":[16.774539,52.473627]},"properties":{"line":"837","mode":"bus","color":"#0059a9","colorDark":"#00294f","band":3,"off":[1.5,1.1]}},{"type":"Feature","geometry":{"type":"Point","coordinates":[16.774539,52.473627]},"properties":{"line":"893","mode":"bus","color":"#0059a9","colorDark":"#00294f","band":3,"off":[4.5,1.1]}},{"type":"Feature","geometry":{"type":"Point","coordinates":[16.905391,52.489261]},"properties":{"line":"188","mode":"bus","color":"#0059a9","colorDark":"#00294f","band":3,"off":[-1.5,1.1]}},{"type":"Feature","geometry":{"type":"Point","coordinates":[16.905391,52.489261]},"properties":{"line":"902","mode":"bus","color":"#0059a9","colorDark":"#00294f","band":3,"off":[1.5,1.1]}},{"type":"Feature","geometry":{"type":"Point","coordinates":[16.943196,52.379382]},"properties":{"line":"190","mode":"bus","color":"#0059a9","colorDark":"#00294f","band":3,"off":[0,1.1]}},{"type":"Feature","geometry":{"type":"Point","coordinates":[16.941836,52.466643]},"properties":{"line":"198","mode":"bus","color":"#0059a9","colorDark":"#00294f","band":3,"off":[-3,1.1]}},{"type":"Feature","geometry":{"type":"Point","coordinates":[16.941836,52.466643]},"properties":{"line":"214","mode":"bus","color":"#0059a9","colorDark":"#00294f","band":3,"off":[0,1.1]}},{"type":"Feature","geometry":{"type":"Point","coordinates":[16.941836,52.466643]},"properties":{"line":"348","mode":"bus","color":"#0059a9","colorDark":"#00294f","band":3,"off":[3,1.1]}},{"type":"Feature","geometry":{"type":"Point","coordinates":[16.93938,52.410711]},"properties":{"line":"213","mode":"bus","color":"#0059a9","colorDark":"#00294f","band":3,"off":[-3,1.1]}},{"type":"Feature","geometry":{"type":"Point","coordinates":[16.93938,52.410711]},"properties":{"line":"223","mode":"bus","color":"#0059a9","colorDark":"#00294f","band":3,"off":[0,1.1]}},{"type":"Feature","geometry":{"type":"Point","coordinates":[16.93938,52.410711]},"properties":{"line":"T7","mode":"bus","color":"#0059a9","colorDark":"#00294f","band":3,"off":[3,1.1]}},{"type":"Feature","geometry":{"type":"Point","coordinates":[16.809257,52.431666]},"properties":{"line":"219","mode":"bus","color":"#0059a9","colorDark":"#00294f","band":3,"off":[-6,1.1]}},{"type":"Feature","geometry":{"type":"Point","coordinates":[16.809257,52.431666]},"properties":{"line":"802","mode":"bus","color":"#0059a9","colorDark":"#00294f","band":3,"off":[-3,1.1]}},{"type":"Feature","geometry":{"type":"Point","coordinates":[16.809257,52.431666]},"properties":{"line":"803","mode":"bus","color":"#0059a9","colorDark":"#00294f","band":3,"off":[0,1.1]}},{"type":"Feature","geometry":{"type":"Point","coordinates":[16.809257,52.431666]},"properties":{"line":"804","mode":"bus","color":"#0059a9","colorDark":"#00294f","band":3,"off":[3,1.1]}},{"type":"Feature","geometry":{"type":"Point","coordinates":[16.809257,52.431666]},"properties":{"line":"811","mode":"bus","color":"#0059a9","colorDark":"#00294f","band":3,"off":[6,1.1]}},{"type":"Feature","geometry":{"type":"Point","coordinates":[16.809257,52.431666]},"properties":{"line":"812","mode":"bus","color":"#0059a9","colorDark":"#00294f","band":3,"off":[-6,2.6]}},{"type":"Feature","geometry":{"type":"Point","coordinates":[16.809257,52.431666]},"properties":{"line":"813","mode":"bus","color":"#0059a9","colorDark":"#00294f","band":3,"off":[-3,2.6]}},{"type":"Feature","geometry":{"type":"Point","coordinates":[16.809257,52.431666]},"properties":{"line":"821","mode":"bus","color":"#0059a9","colorDark":"#00294f","band":3,"off":[0,2.6]}},{"type":"Feature","geometry":{"type":"Point","coordinates":[16.809257,52.431666]},"properties":{"line":"822","mode":"bus","color":"#0059a9","colorDark":"#00294f","band":3,"off":[3,2.6]}},{"type":"Feature","geometry":{"type":"Point","coordinates":[16.809257,52.431666]},"properties":{"line":"833","mode":"bus","color":"#0059a9","colorDark":"#00294f","band":3,"off":[6,2.6]}},{"type":"Feature","geometry":{"type":"Point","coordinates":[16.823595,52.377648]},"properties":{"line":"224","mode":"bus","color":"#0059a9","colorDark":"#00294f","band":3,"off":[-4.5,1.1]}},{"type":"Feature","geometry":{"type":"Point","coordinates":[16.823595,52.377648]},"properties":{"line":"715","mode":"bus","color":"#0059a9","colorDark":"#00294f","band":3,"off":[-1.5,1.1]}},{"type":"Feature","geometry":{"type":"Point","coordinates":[16.823595,52.377648]},"properties":{"line":"716","mode":"bus","color":"#0059a9","colorDark":"#00294f","band":3,"off":[1.5,1.1]}},{"type":"Feature","geometry":{"type":"Point","coordinates":[16.823595,52.377648]},"properties":{"line":"717","mode":"bus","color":"#0059a9","colorDark":"#00294f","band":3,"off":[4.5,1.1]}},{"type":"Feature","geometry":{"type":"Point","coordinates":[16.991464,52.452426]},"properties":{"line":"227","mode":"bus","color":"#0059a9","colorDark":"#00294f","band":3,"off":[-6,1.1]}},{"type":"Feature","geometry":{"type":"Point","coordinates":[16.991464,52.452426]},"properties":{"line":"312","mode":"bus","color":"#0059a9","colorDark":"#00294f","band":3,"off":[-3,1.1]}},{"type":"Feature","geometry":{"type":"Point","coordinates":[16.991464,52.452426]},"properties":{"line":"322","mode":"bus","color":"#0059a9","colorDark":"#00294f","band":3,"off":[0,1.1]}},{"type":"Feature","geometry":{"type":"Point","coordinates":[16.991464,52.452426]},"properties":{"line":"323","mode":"bus","color":"#0059a9","colorDark":"#00294f","band":3,"off":[3,1.1]}},{"type":"Feature","geometry":{"type":"Point","coordinates":[16.991464,52.452426]},"properties":{"line":"388","mode":"bus","color":"#0059a9","colorDark":"#00294f","band":3,"off":[6,1.1]}},{"type":"Feature","geometry":{"type":"Point","coordinates":[16.991049,52.445567]},"properties":{"line":"227","mode":"bus","color":"#0059a9","colorDark":"#00294f","band":3,"off":[-6,1.1]}},{"type":"Feature","geometry":{"type":"Point","coordinates":[16.991049,52.445567]},"properties":{"line":"322","mode":"bus","color":"#0059a9","colorDark":"#00294f","band":3,"off":[-3,1.1]}},{"type":"Feature","geometry":{"type":"Point","coordinates":[16.991049,52.445567]},"properties":{"line":"323","mode":"bus","color":"#0059a9","colorDark":"#00294f","band":3,"off":[0,1.1]}},{"type":"Feature","geometry":{"type":"Point","coordinates":[16.991049,52.445567]},"properties":{"line":"341","mode":"bus","color":"#0059a9","colorDark":"#00294f","band":3,"off":[3,1.1]}},{"type":"Feature","geometry":{"type":"Point","coordinates":[16.991049,52.445567]},"properties":{"line":"388","mode":"bus","color":"#0059a9","colorDark":"#00294f","band":3,"off":[6,1.1]}},{"type":"Feature","geometry":{"type":"Point","coordinates":[16.991049,52.445567]},"properties":{"line":"396","mode":"bus","color":"#0059a9","colorDark":"#00294f","band":3,"off":[0,2.6]}},{"type":"Feature","geometry":{"type":"Point","coordinates":[16.986781,52.511977]},"properties":{"line":"312","mode":"bus","color":"#0059a9","colorDark":"#00294f","band":3,"off":[-4.5,1.1]}},{"type":"Feature","geometry":{"type":"Point","coordinates":[16.986781,52.511977]},"properties":{"line":"342","mode":"bus","color":"#0059a9","colorDark":"#00294f","band":3,"off":[-1.5,1.1]}},{"type":"Feature","geometry":{"type":"Point","coordinates":[16.986781,52.511977]},"properties":{"line":"392","mode":"bus","color":"#0059a9","colorDark":"#00294f","band":3,"off":[1.5,1.1]}},{"type":"Feature","geometry":{"type":"Point","coordinates":[16.986781,52.511977]},"properties":{"line":"396","mode":"bus","color":"#0059a9","colorDark":"#00294f","band":3,"off":[4.5,1.1]}},{"type":"Feature","geometry":{"type":"Point","coordinates":[16.961647,52.551183]},"properties":{"line":"312","mode":"bus","color":"#0059a9","colorDark":"#00294f","band":3,"off":[0,1.1]}},{"type":"Feature","geometry":{"type":"Point","coordinates":[16.979948,52.468937]},"properties":{"line":"312","mode":"bus","color":"#0059a9","colorDark":"#00294f","band":3,"off":[-6,1.1]}},{"type":"Feature","geometry":{"type":"Point","coordinates":[16.979948,52.468937]},"properties":{"line":"341","mode":"bus","color":"#0059a9","colorDark":"#00294f","band":3,"off":[-3,1.1]}},{"type":"Feature","geometry":{"type":"Point","coordinates":[16.979948,52.468937]},"properties":{"line":"342","mode":"bus","color":"#0059a9","colorDark":"#00294f","band":3,"off":[0,1.1]}},{"type":"Feature","geometry":{"type":"Point","coordinates":[16.979948,52.468937]},"properties":{"line":"388","mode":"bus","color":"#0059a9","colorDark":"#00294f","band":3,"off":[3,1.1]}},{"type":"Feature","geometry":{"type":"Point","coordinates":[16.979948,52.468937]},"properties":{"line":"394","mode":"bus","color":"#0059a9","colorDark":"#00294f","band":3,"off":[6,1.1]}},{"type":"Feature","geometry":{"type":"Point","coordinates":[16.979948,52.468937]},"properties":{"line":"396","mode":"bus","color":"#0059a9","colorDark":"#00294f","band":3,"off":[0,2.6]}},{"type":"Feature","geometry":{"type":"Point","coordinates":[16.995532,52.458154]},"properties":{"line":"312","mode":"bus","color":"#0059a9","colorDark":"#00294f","band":3,"off":[-3,1.1]}},{"type":"Feature","geometry":{"type":"Point","coordinates":[16.995532,52.458154]},"properties":{"line":"322","mode":"bus","color":"#0059a9","colorDark":"#00294f","band":3,"off":[0,1.1]}},{"type":"Feature","geometry":{"type":"Point","coordinates":[16.995532,52.458154]},"properties":{"line":"323","mode":"bus","color":"#0059a9","colorDark":"#00294f","band":3,"off":[3,1.1]}},{"type":"Feature","geometry":{"type":"Point","coordinates":[17.020811,52.465302]},"properties":{"line":"320","mode":"bus","color":"#0059a9","colorDark":"#00294f","band":3,"off":[-6,1.1]}},{"type":"Feature","geometry":{"type":"Point","coordinates":[17.020811,52.465302]},"properties":{"line":"321","mode":"bus","color":"#0059a9","colorDark":"#00294f","band":3,"off":[-3,1.1]}},{"type":"Feature","geometry":{"type":"Point","coordinates":[17.020811,52.465302]},"properties":{"line":"323","mode":"bus","color":"#0059a9","colorDark":"#00294f","band":3,"off":[0,1.1]}},{"type":"Feature","geometry":{"type":"Point","coordinates":[17.020811,52.465302]},"properties":{"line":"388","mode":"bus","color":"#0059a9","colorDark":"#00294f","band":3,"off":[3,1.1]}},{"type":"Feature","geometry":{"type":"Point","coordinates":[17.020811,52.465302]},"properties":{"line":"396","mode":"bus","color":"#0059a9","colorDark":"#00294f","band":3,"off":[6,1.1]}},{"type":"Feature","geometry":{"type":"Point","coordinates":[16.91187,52.441284]},"properties":{"line":"322","mode":"bus","color":"#0059a9","colorDark":"#00294f","band":3,"off":[0,1.1]}},{"type":"Feature","geometry":{"type":"Point","coordinates":[17.136167,52.515652]},"properties":{"line":"323","mode":"bus","color":"#0059a9","colorDark":"#00294f","band":3,"off":[0,1.1]}},{"type":"Feature","geometry":{"type":"Point","coordinates":[17.106678,52.497429]},"properties":{"line":"323","mode":"bus","color":"#0059a9","colorDark":"#00294f","band":3,"off":[-1.5,1.1]}},{"type":"Feature","geometry":{"type":"Point","coordinates":[17.106678,52.497429]},"properties":{"line":"493","mode":"bus","color":"#0059a9","colorDark":"#00294f","band":3,"off":[1.5,1.1]}},{"type":"Feature","geometry":{"type":"Point","coordinates":[17.082475,52.498591]},"properties":{"line":"323","mode":"bus","color":"#0059a9","colorDark":"#00294f","band":3,"off":[-1.5,1.1]}},{"type":"Feature","geometry":{"type":"Point","coordinates":[17.082475,52.498591]},"properties":{"line":"388","mode":"bus","color":"#0059a9","colorDark":"#00294f","band":3,"off":[1.5,1.1]}},{"type":"Feature","geometry":{"type":"Point","coordinates":[17.00978,52.587188]},"properties":{"line":"341","mode":"bus","color":"#0059a9","colorDark":"#00294f","band":3,"off":[-3,1.1]}},{"type":"Feature","geometry":{"type":"Point","coordinates":[17.00978,52.587188]},"properties":{"line":"342","mode":"bus","color":"#0059a9","colorDark":"#00294f","band":3,"off":[0,1.1]}},{"type":"Feature","geometry":{"type":"Point","coordinates":[17.00978,52.587188]},"properties":{"line":"348","mode":"bus","color":"#0059a9","colorDark":"#00294f","band":3,"off":[3,1.1]}},{"type":"Feature","geometry":{"type":"Point","coordinates":[16.947181,52.544976]},"properties":{"line":"348","mode":"bus","color":"#0059a9","colorDark":"#00294f","band":3,"off":[-3,1.1]}},{"type":"Feature","geometry":{"type":"Point","coordinates":[16.947181,52.544976]},"properties":{"line":"397","mode":"bus","color":"#0059a9","colorDark":"#00294f","band":3,"off":[0,1.1]}},{"type":"Feature","geometry":{"type":"Point","coordinates":[16.947181,52.544976]},"properties":{"line":"911","mode":"bus","color":"#0059a9","colorDark":"#00294f","band":3,"off":[3,1.1]}},{"type":"Feature","geometry":{"type":"Point","coordinates":[17.029933,52.524469]},"properties":{"line":"392","mode":"bus","color":"#0059a9","colorDark":"#00294f","band":3,"off":[-1.5,1.1]}},{"type":"Feature","geometry":{"type":"Point","coordinates":[17.029933,52.524469]},"properties":{"line":"396","mode":"bus","color":"#0059a9","colorDark":"#00294f","band":3,"off":[1.5,1.1]}},{"type":"Feature","geometry":{"type":"Point","coordinates":[16.989518,52.490274]},"properties":{"line":"394","mode":"bus","color":"#0059a9","colorDark":"#00294f","band":3,"off":[0,1.1]}},{"type":"Feature","geometry":{"type":"Point","coordinates":[16.978471,52.540156]},"properties":{"line":"397","mode":"bus","color":"#0059a9","colorDark":"#00294f","band":3,"off":[0,1.1]}},{"type":"Feature","geometry":{"type":"Point","coordinates":[17.020218,52.533946]},"properties":{"line":"397","mode":"bus","color":"#0059a9","colorDark":"#00294f","band":3,"off":[0,1.1]}},{"type":"Feature","geometry":{"type":"Point","coordinates":[17.076326,52.445779]},"properties":{"line":"400","mode":"bus","color":"#0059a9","colorDark":"#00294f","band":3,"off":[-4.5,1.1]}},{"type":"Feature","geometry":{"type":"Point","coordinates":[17.076326,52.445779]},"properties":{"line":"412","mode":"bus","color":"#0059a9","colorDark":"#00294f","band":3,"off":[-1.5,1.1]}},{"type":"Feature","geometry":{"type":"Point","coordinates":[17.076326,52.445779]},"properties":{"line":"492","mode":"bus","color":"#0059a9","colorDark":"#00294f","band":3,"off":[1.5,1.1]}},{"type":"Feature","geometry":{"type":"Point","coordinates":[17.076326,52.445779]},"properties":{"line":"493","mode":"bus","color":"#0059a9","colorDark":"#00294f","band":3,"off":[4.5,1.1]}},{"type":"Feature","geometry":{"type":"Point","coordinates":[17.072677,52.430881]},"properties":{"line":"400","mode":"bus","color":"#0059a9","colorDark":"#00294f","band":3,"off":[-4.5,1.1]}},{"type":"Feature","geometry":{"type":"Point","coordinates":[17.072677,52.430881]},"properties":{"line":"412","mode":"bus","color":"#0059a9","colorDark":"#00294f","band":3,"off":[-1.5,1.1]}},{"type":"Feature","geometry":{"type":"Point","coordinates":[17.072677,52.430881]},"properties":{"line":"416","mode":"bus","color":"#0059a9","colorDark":"#00294f","band":3,"off":[1.5,1.1]}},{"type":"Feature","geometry":{"type":"Point","coordinates":[17.072677,52.430881]},"properties":{"line":"494","mode":"bus","color":"#0059a9","colorDark":"#00294f","band":3,"off":[4.5,1.1]}},{"type":"Feature","geometry":{"type":"Point","coordinates":[17.080812,52.421046]},"properties":{"line":"400","mode":"bus","color":"#0059a9","colorDark":"#00294f","band":3,"off":[-6,1.1]}},{"type":"Feature","geometry":{"type":"Point","coordinates":[17.080812,52.421046]},"properties":{"line":"401","mode":"bus","color":"#0059a9","colorDark":"#00294f","band":3,"off":[-3,1.1]}},{"type":"Feature","geometry":{"type":"Point","coordinates":[17.080812,52.421046]},"properties":{"line":"412","mode":"bus","color":"#0059a9","colorDark":"#00294f","band":3,"off":[0,1.1]}},{"type":"Feature","geometry":{"type":"Point","coordinates":[17.080812,52.421046]},"properties":{"line":"491","mode":"bus","color":"#0059a9","colorDark":"#00294f","band":3,"off":[3,1.1]}},{"type":"Feature","geometry":{"type":"Point","coordinates":[17.080812,52.421046]},"properties":{"line":"494","mode":"bus","color":"#0059a9","colorDark":"#00294f","band":3,"off":[6,1.1]}},{"type":"Feature","geometry":{"type":"Point","coordinates":[17.080812,52.421046]},"properties":{"line":"499","mode":"bus","color":"#0059a9","colorDark":"#00294f","band":3,"off":[0,2.6]}},{"type":"Feature","geometry":{"type":"Point","coordinates":[17.064681,52.39997]},"properties":{"line":"400","mode":"bus","color":"#0059a9","colorDark":"#00294f","band":3,"off":[-6,1.1]}},{"type":"Feature","geometry":{"type":"Point","coordinates":[17.064681,52.39997]},"properties":{"line":"405","mode":"bus","color":"#0059a9","colorDark":"#00294f","band":3,"off":[-3,1.1]}},{"type":"Feature","geometry":{"type":"Point","coordinates":[17.064681,52.39997]},"properties":{"line":"406","mode":"bus","color":"#0059a9","colorDark":"#00294f","band":3,"off":[0,1.1]}},{"type":"Feature","geometry":{"type":"Point","coordinates":[17.064681,52.39997]},"properties":{"line":"407","mode":"bus","color":"#0059a9","colorDark":"#00294f","band":3,"off":[3,1.1]}},{"type":"Feature","geometry":{"type":"Point","coordinates":[17.064681,52.39997]},"properties":{"line":"484","mode":"bus","color":"#0059a9","colorDark":"#00294f","band":3,"off":[6,1.1]}},{"type":"Feature","geometry":{"type":"Point","coordinates":[17.064681,52.39997]},"properties":{"line":"494","mode":"bus","color":"#0059a9","colorDark":"#00294f","band":3,"off":[-1.5,2.6]}},{"type":"Feature","geometry":{"type":"Point","coordinates":[17.064681,52.39997]},"properties":{"line":"497","mode":"bus","color":"#0059a9","colorDark":"#00294f","band":3,"off":[1.5,2.6]}},{"type":"Feature","geometry":{"type":"Point","coordinates":[17.075789,52.410567]},"properties":{"line":"405","mode":"bus","color":"#0059a9","colorDark":"#00294f","band":3,"off":[-6,1.1]}},{"type":"Feature","geometry":{"type":"Point","coordinates":[17.075789,52.410567]},"properties":{"line":"406","mode":"bus","color":"#0059a9","colorDark":"#00294f","band":3,"off":[-3,1.1]}},{"type":"Feature","geometry":{"type":"Point","coordinates":[17.075789,52.410567]},"properties":{"line":"412","mode":"bus","color":"#0059a9","colorDark":"#00294f","band":3,"off":[0,1.1]}},{"type":"Feature","geometry":{"type":"Point","coordinates":[17.075789,52.410567]},"properties":{"line":"484","mode":"bus","color":"#0059a9","colorDark":"#00294f","band":3,"off":[3,1.1]}},{"type":"Feature","geometry":{"type":"Point","coordinates":[17.075789,52.410567]},"properties":{"line":"485","mode":"bus","color":"#0059a9","colorDark":"#00294f","band":3,"off":[6,1.1]}},{"type":"Feature","geometry":{"type":"Point","coordinates":[17.075789,52.410567]},"properties":{"line":"486","mode":"bus","color":"#0059a9","colorDark":"#00294f","band":3,"off":[-6,2.6]}},{"type":"Feature","geometry":{"type":"Point","coordinates":[17.075789,52.410567]},"properties":{"line":"490","mode":"bus","color":"#0059a9","colorDark":"#00294f","band":3,"off":[-3,2.6]}},{"type":"Feature","geometry":{"type":"Point","coordinates":[17.075789,52.410567]},"properties":{"line":"491","mode":"bus","color":"#0059a9","colorDark":"#00294f","band":3,"off":[0,2.6]}},{"type":"Feature","geometry":{"type":"Point","coordinates":[17.075789,52.410567]},"properties":{"line":"494","mode":"bus","color":"#0059a9","colorDark":"#00294f","band":3,"off":[3,2.6]}},{"type":"Feature","geometry":{"type":"Point","coordinates":[17.075789,52.410567]},"properties":{"line":"498","mode":"bus","color":"#0059a9","colorDark":"#00294f","band":3,"off":[6,2.6]}},{"type":"Feature","geometry":{"type":"Point","coordinates":[17.096029,52.405319]},"properties":{"line":"406","mode":"bus","color":"#0059a9","colorDark":"#00294f","band":3,"off":[0,1.1]}},{"type":"Feature","geometry":{"type":"Point","coordinates":[17.109171,52.398019]},"properties":{"line":"407","mode":"bus","color":"#0059a9","colorDark":"#00294f","band":3,"off":[0,1.1]}},{"type":"Feature","geometry":{"type":"Point","coordinates":[17.080747,52.445643]},"properties":{"line":"412","mode":"bus","color":"#0059a9","colorDark":"#00294f","band":3,"off":[-1.5,1.1]}},{"type":"Feature","geometry":{"type":"Point","coordinates":[17.080747,52.445643]},"properties":{"line":"494","mode":"bus","color":"#0059a9","colorDark":"#00294f","band":3,"off":[1.5,1.1]}},{"type":"Feature","geometry":{"type":"Point","coordinates":[17.073275,52.404518]},"properties":{"line":"412","mode":"bus","color":"#0059a9","colorDark":"#00294f","band":3,"off":[-6,1.1]}},{"type":"Feature","geometry":{"type":"Point","coordinates":[17.073275,52.404518]},"properties":{"line":"484","mode":"bus","color":"#0059a9","colorDark":"#00294f","band":3,"off":[-3,1.1]}},{"type":"Feature","geometry":{"type":"Point","coordinates":[17.073275,52.404518]},"properties":{"line":"485","mode":"bus","color":"#0059a9","colorDark":"#00294f","band":3,"off":[0,1.1]}},{"type":"Feature","geometry":{"type":"Point","coordinates":[17.073275,52.404518]},"properties":{"line":"486","mode":"bus","color":"#0059a9","colorDark":"#00294f","band":3,"off":[3,1.1]}},{"type":"Feature","geometry":{"type":"Point","coordinates":[17.073275,52.404518]},"properties":{"line":"490","mode":"bus","color":"#0059a9","colorDark":"#00294f","band":3,"off":[6,1.1]}},{"type":"Feature","geometry":{"type":"Point","coordinates":[17.073275,52.404518]},"properties":{"line":"491","mode":"bus","color":"#0059a9","colorDark":"#00294f","band":3,"off":[-1.5,2.6]}},{"type":"Feature","geometry":{"type":"Point","coordinates":[17.073275,52.404518]},"properties":{"line":"498","mode":"bus","color":"#0059a9","colorDark":"#00294f","band":3,"off":[1.5,2.6]}},{"type":"Feature","geometry":{"type":"Point","coordinates":[17.060356,52.383516]},"properties":{"line":"425","mode":"bus","color":"#0059a9","colorDark":"#00294f","band":3,"off":[-4.5,1.1]}},{"type":"Feature","geometry":{"type":"Point","coordinates":[17.060356,52.383516]},"properties":{"line":"484","mode":"bus","color":"#0059a9","colorDark":"#00294f","band":3,"off":[-1.5,1.1]}},{"type":"Feature","geometry":{"type":"Point","coordinates":[17.060356,52.383516]},"properties":{"line":"497","mode":"bus","color":"#0059a9","colorDark":"#00294f","band":3,"off":[1.5,1.1]}},{"type":"Feature","geometry":{"type":"Point","coordinates":[17.060356,52.383516]},"properties":{"line":"499","mode":"bus","color":"#0059a9","colorDark":"#00294f","band":3,"off":[4.5,1.1]}},{"type":"Feature","geometry":{"type":"Point","coordinates":[17.171862,52.333357]},"properties":{"line":"431","mode":"bus","color":"#0059a9","colorDark":"#00294f","band":3,"off":[-3,1.1]}},{"type":"Feature","geometry":{"type":"Point","coordinates":[17.171862,52.333357]},"properties":{"line":"432","mode":"bus","color":"#0059a9","colorDark":"#00294f","band":3,"off":[0,1.1]}},{"type":"Feature","geometry":{"type":"Point","coordinates":[17.171862,52.333357]},"properties":{"line":"488","mode":"bus","color":"#0059a9","colorDark":"#00294f","band":3,"off":[3,1.1]}},{"type":"Feature","geometry":{"type":"Point","coordinates":[17.131662,52.359752]},"properties":{"line":"431","mode":"bus","color":"#0059a9","colorDark":"#00294f","band":3,"off":[-1.5,1.1]}},{"type":"Feature","geometry":{"type":"Point","coordinates":[17.131662,52.359752]},"properties":{"line":"433","mode":"bus","color":"#0059a9","colorDark":"#00294f","band":3,"off":[1.5,1.1]}},{"type":"Feature","geometry":{"type":"Point","coordinates":[17.276765,52.479456]},"properties":{"line":"485","mode":"bus","color":"#0059a9","colorDark":"#00294f","band":3,"off":[0,1.1]}},{"type":"Feature","geometry":{"type":"Point","coordinates":[17.16301,52.380884]},"properties":{"line":"486","mode":"bus","color":"#0059a9","colorDark":"#00294f","band":3,"off":[0,1.1]}},{"type":"Feature","geometry":{"type":"Point","coordinates":[17.223512,52.303005]},"properties":{"line":"488","mode":"bus","color":"#0059a9","colorDark":"#00294f","band":3,"off":[0,1.1]}},{"type":"Feature","geometry":{"type":"Point","coordinates":[17.110023,52.426107]},"properties":{"line":"491","mode":"bus","color":"#0059a9","colorDark":"#00294f","band":3,"off":[0,1.1]}},{"type":"Feature","geometry":{"type":"Point","coordinates":[17.123582,52.453367]},"properties":{"line":"492","mode":"bus","color":"#0059a9","colorDark":"#00294f","band":3,"off":[0,1.1]}},{"type":"Feature","geometry":{"type":"Point","coordinates":[17.069676,52.361717]},"properties":{"line":"494","mode":"bus","color":"#0059a9","colorDark":"#00294f","band":3,"off":[0,1.1]}},{"type":"Feature","geometry":{"type":"Point","coordinates":[17.103028,52.374662]},"properties":{"line":"497","mode":"bus","color":"#0059a9","colorDark":"#00294f","band":3,"off":[-1.5,1.1]}},{"type":"Feature","geometry":{"type":"Point","coordinates":[17.103028,52.374662]},"properties":{"line":"498","mode":"bus","color":"#0059a9","colorDark":"#00294f","band":3,"off":[1.5,1.1]}},{"type":"Feature","geometry":{"type":"Point","coordinates":[17.082293,52.252984]},"properties":{"line":"501","mode":"bus","color":"#0059a9","colorDark":"#00294f","band":3,"off":[-6,1.1]}},{"type":"Feature","geometry":{"type":"Point","coordinates":[17.082293,52.252984]},"properties":{"line":"502","mode":"bus","color":"#0059a9","colorDark":"#00294f","band":3,"off":[-3,1.1]}},{"type":"Feature","geometry":{"type":"Point","coordinates":[17.082293,52.252984]},"properties":{"line":"560","mode":"bus","color":"#0059a9","colorDark":"#00294f","band":3,"off":[0,1.1]}},{"type":"Feature","geometry":{"type":"Point","coordinates":[17.082293,52.252984]},"properties":{"line":"590","mode":"bus","color":"#0059a9","colorDark":"#00294f","band":3,"off":[3,1.1]}},{"type":"Feature","geometry":{"type":"Point","coordinates":[17.082293,52.252984]},"properties":{"line":"591","mode":"bus","color":"#0059a9","colorDark":"#00294f","band":3,"off":[6,1.1]}},{"type":"Feature","geometry":{"type":"Point","coordinates":[17.082293,52.252984]},"properties":{"line":"598","mode":"bus","color":"#0059a9","colorDark":"#00294f","band":3,"off":[-1.5,2.6]}},{"type":"Feature","geometry":{"type":"Point","coordinates":[17.082293,52.252984]},"properties":{"line":"599","mode":"bus","color":"#0059a9","colorDark":"#00294f","band":3,"off":[1.5,2.6]}},{"type":"Feature","geometry":{"type":"Point","coordinates":[17.088279,52.24788]},"properties":{"line":"501","mode":"bus","color":"#0059a9","colorDark":"#00294f","band":3,"off":[-6,1.1]}},{"type":"Feature","geometry":{"type":"Point","coordinates":[17.088279,52.24788]},"properties":{"line":"502","mode":"bus","color":"#0059a9","colorDark":"#00294f","band":3,"off":[-3,1.1]}},{"type":"Feature","geometry":{"type":"Point","coordinates":[17.088279,52.24788]},"properties":{"line":"560","mode":"bus","color":"#0059a9","colorDark":"#00294f","band":3,"off":[0,1.1]}},{"type":"Feature","geometry":{"type":"Point","coordinates":[17.088279,52.24788]},"properties":{"line":"580","mode":"bus","color":"#0059a9","colorDark":"#00294f","band":3,"off":[3,1.1]}},{"type":"Feature","geometry":{"type":"Point","coordinates":[17.088279,52.24788]},"properties":{"line":"582","mode":"bus","color":"#0059a9","colorDark":"#00294f","band":3,"off":[6,1.1]}},{"type":"Feature","geometry":{"type":"Point","coordinates":[17.088279,52.24788]},"properties":{"line":"590","mode":"bus","color":"#0059a9","colorDark":"#00294f","band":3,"off":[-6,2.6]}},{"type":"Feature","geometry":{"type":"Point","coordinates":[17.088279,52.24788]},"properties":{"line":"591","mode":"bus","color":"#0059a9","colorDark":"#00294f","band":3,"off":[-3,2.6]}},{"type":"Feature","geometry":{"type":"Point","coordinates":[17.088279,52.24788]},"properties":{"line":"598","mode":"bus","color":"#0059a9","colorDark":"#00294f","band":3,"off":[0,2.6]}},{"type":"Feature","geometry":{"type":"Point","coordinates":[17.088279,52.24788]},"properties":{"line":"599","mode":"bus","color":"#0059a9","colorDark":"#00294f","band":3,"off":[3,2.6]}},{"type":"Feature","geometry":{"type":"Point","coordinates":[17.088279,52.24788]},"properties":{"line":"699","mode":"bus","color":"#0059a9","colorDark":"#00294f","band":3,"off":[6,2.6]}},{"type":"Feature","geometry":{"type":"Point","coordinates":[17.087051,52.222866]},"properties":{"line":"501","mode":"bus","color":"#0059a9","colorDark":"#00294f","band":3,"off":[-6,1.1]}},{"type":"Feature","geometry":{"type":"Point","coordinates":[17.087051,52.222866]},"properties":{"line":"502","mode":"bus","color":"#0059a9","colorDark":"#00294f","band":3,"off":[-3,1.1]}},{"type":"Feature","geometry":{"type":"Point","coordinates":[17.087051,52.222866]},"properties":{"line":"560","mode":"bus","color":"#0059a9","colorDark":"#00294f","band":3,"off":[0,1.1]}},{"type":"Feature","geometry":{"type":"Point","coordinates":[17.087051,52.222866]},"properties":{"line":"590","mode":"bus","color":"#0059a9","colorDark":"#00294f","band":3,"off":[3,1.1]}},{"type":"Feature","geometry":{"type":"Point","coordinates":[17.087051,52.222866]},"properties":{"line":"595","mode":"bus","color":"#0059a9","colorDark":"#00294f","band":3,"off":[6,1.1]}},{"type":"Feature","geometry":{"type":"Point","coordinates":[17.087051,52.222866]},"properties":{"line":"598","mode":"bus","color":"#0059a9","colorDark":"#00294f","band":3,"off":[0,2.6]}},{"type":"Feature","geometry":{"type":"Point","coordinates":[17.076511,52.218735]},"properties":{"line":"501","mode":"bus","color":"#0059a9","colorDark":"#00294f","band":3,"off":[-3,1.1]}},{"type":"Feature","geometry":{"type":"Point","coordinates":[17.076511,52.218735]},"properties":{"line":"590","mode":"bus","color":"#0059a9","colorDark":"#00294f","band":3,"off":[0,1.1]}},{"type":"Feature","geometry":{"type":"Point","coordinates":[17.076511,52.218735]},"properties":{"line":"598","mode":"bus","color":"#0059a9","colorDark":"#00294f","band":3,"off":[3,1.1]}},{"type":"Feature","geometry":{"type":"Point","coordinates":[17.091068,52.252299]},"properties":{"line":"502","mode":"bus","color":"#0059a9","colorDark":"#00294f","band":3,"off":[-6,1.1]}},{"type":"Feature","geometry":{"type":"Point","coordinates":[17.091068,52.252299]},"properties":{"line":"590","mode":"bus","color":"#0059a9","colorDark":"#00294f","band":3,"off":[-3,1.1]}},{"type":"Feature","geometry":{"type":"Point","coordinates":[17.091068,52.252299]},"properties":{"line":"591","mode":"bus","color":"#0059a9","colorDark":"#00294f","band":3,"off":[0,1.1]}},{"type":"Feature","geometry":{"type":"Point","coordinates":[17.091068,52.252299]},"properties":{"line":"592","mode":"bus","color":"#0059a9","colorDark":"#00294f","band":3,"off":[3,1.1]}},{"type":"Feature","geometry":{"type":"Point","coordinates":[17.091068,52.252299]},"properties":{"line":"699","mode":"bus","color":"#0059a9","colorDark":"#00294f","band":3,"off":[6,1.1]}},{"type":"Feature","geometry":{"type":"Point","coordinates":[17.056401,52.300985]},"properties":{"line":"503","mode":"bus","color":"#0059a9","colorDark":"#00294f","band":3,"off":[-1.5,1.1]}},{"type":"Feature","geometry":{"type":"Point","coordinates":[17.056401,52.300985]},"properties":{"line":"592","mode":"bus","color":"#0059a9","colorDark":"#00294f","band":3,"off":[1.5,1.1]}},{"type":"Feature","geometry":{"type":"Point","coordinates":[17.105178,52.284507]},"properties":{"line":"503","mode":"bus","color":"#0059a9","colorDark":"#00294f","band":3,"off":[0,1.1]}},{"type":"Feature","geometry":{"type":"Point","coordinates":[17.047304,52.277328]},"properties":{"line":"511","mode":"bus","color":"#0059a9","colorDark":"#00294f","band":3,"off":[-3,1.1]}},{"type":"Feature","geometry":{"type":"Point","coordinates":[17.047304,52.277328]},"properties":{"line":"512","mode":"bus","color":"#0059a9","colorDark":"#00294f","band":3,"off":[0,1.1]}},{"type":"Feature","geometry":{"type":"Point","coordinates":[17.047304,52.277328]},"properties":{"line":"599","mode":"bus","color":"#0059a9","colorDark":"#00294f","band":3,"off":[3,1.1]}},{"type":"Feature","geometry":{"type":"Point","coordinates":[16.994573,52.286241]},"properties":{"line":"511","mode":"bus","color":"#0059a9","colorDark":"#00294f","band":3,"off":[-4.5,1.1]}},{"type":"Feature","geometry":{"type":"Point","coordinates":[16.994573,52.286241]},"properties":{"line":"512","mode":"bus","color":"#0059a9","colorDark":"#00294f","band":3,"off":[-1.5,1.1]}},{"type":"Feature","geometry":{"type":"Point","coordinates":[16.994573,52.286241]},"properties":{"line":"527","mode":"bus","color":"#0059a9","colorDark":"#00294f","band":3,"off":[1.5,1.1]}},{"type":"Feature","geometry":{"type":"Point","coordinates":[16.994573,52.286241]},"properties":{"line":"599","mode":"bus","color":"#0059a9","colorDark":"#00294f","band":3,"off":[4.5,1.1]}},{"type":"Feature","geometry":{"type":"Point","coordinates":[17.010368,52.304473]},"properties":{"line":"511","mode":"bus","color":"#0059a9","colorDark":"#00294f","band":3,"off":[-3,1.1]}},{"type":"Feature","geometry":{"type":"Point","coordinates":[17.010368,52.304473]},"properties":{"line":"512","mode":"bus","color":"#0059a9","colorDark":"#00294f","band":3,"off":[0,1.1]}},{"type":"Feature","geometry":{"type":"Point","coordinates":[17.010368,52.304473]},"properties":{"line":"599","mode":"bus","color":"#0059a9","colorDark":"#00294f","band":3,"off":[3,1.1]}},{"type":"Feature","geometry":{"type":"Point","coordinates":[17.165525,52.151696]},"properties":{"line":"560","mode":"bus","color":"#0059a9","colorDark":"#00294f","band":3,"off":[-1.5,1.1]}},{"type":"Feature","geometry":{"type":"Point","coordinates":[17.165525,52.151696]},"properties":{"line":"561","mode":"bus","color":"#0059a9","colorDark":"#00294f","band":3,"off":[1.5,1.1]}},{"type":"Feature","geometry":{"type":"Point","coordinates":[17.267177,52.22836]},"properties":{"line":"582","mode":"bus","color":"#0059a9","colorDark":"#00294f","band":3,"off":[0,1.1]}},{"type":"Feature","geometry":{"type":"Point","coordinates":[17.104384,52.281505]},"properties":{"line":"590","mode":"bus","color":"#0059a9","colorDark":"#00294f","band":3,"off":[0,1.1]}},{"type":"Feature","geometry":{"type":"Point","coordinates":[17.169847,52.269098]},"properties":{"line":"591","mode":"bus","color":"#0059a9","colorDark":"#00294f","band":3,"off":[0,1.1]}},{"type":"Feature","geometry":{"type":"Point","coordinates":[17.047962,52.221466]},"properties":{"line":"595","mode":"bus","color":"#0059a9","colorDark":"#00294f","band":3,"off":[-1.5,1.1]}},{"type":"Feature","geometry":{"type":"Point","coordinates":[17.047962,52.221466]},"properties":{"line":"598","mode":"bus","color":"#0059a9","colorDark":"#00294f","band":3,"off":[1.5,1.1]}},{"type":"Feature","geometry":{"type":"Point","coordinates":[17.053245,52.18307]},"properties":{"line":"595","mode":"bus","color":"#0059a9","colorDark":"#00294f","band":3,"off":[-1.5,1.1]}},{"type":"Feature","geometry":{"type":"Point","coordinates":[17.053245,52.18307]},"properties":{"line":"598","mode":"bus","color":"#0059a9","colorDark":"#00294f","band":3,"off":[1.5,1.1]}},{"type":"Feature","geometry":{"type":"Point","coordinates":[16.882305,52.316229]},"properties":{"line":"602","mode":"bus","color":"#0059a9","colorDark":"#00294f","band":3,"off":[-6,1.1]}},{"type":"Feature","geometry":{"type":"Point","coordinates":[16.882305,52.316229]},"properties":{"line":"603","mode":"bus","color":"#0059a9","colorDark":"#00294f","band":3,"off":[-3,1.1]}},{"type":"Feature","geometry":{"type":"Point","coordinates":[16.882305,52.316229]},"properties":{"line":"614","mode":"bus","color":"#0059a9","colorDark":"#00294f","band":3,"off":[0,1.1]}},{"type":"Feature","geometry":{"type":"Point","coordinates":[16.882305,52.316229]},"properties":{"line":"690","mode":"bus","color":"#0059a9","colorDark":"#00294f","band":3,"off":[3,1.1]}},{"type":"Feature","geometry":{"type":"Point","coordinates":[16.882305,52.316229]},"properties":{"line":"789","mode":"bus","color":"#0059a9","colorDark":"#00294f","band":3,"off":[6,1.1]}},{"type":"Feature","geometry":{"type":"Point","coordinates":[16.854363,52.345109]},"properties":{"line":"610","mode":"bus","color":"#0059a9","colorDark":"#00294f","band":3,"off":[-4.5,1.1]}},{"type":"Feature","geometry":{"type":"Point","coordinates":[16.854363,52.345109]},"properties":{"line":"616","mode":"bus","color":"#0059a9","colorDark":"#00294f","band":3,"off":[-1.5,1.1]}},{"type":"Feature","geometry":{"type":"Point","coordinates":[16.854363,52.345109]},"properties":{"line":"690","mode":"bus","color":"#0059a9","colorDark":"#00294f","band":3,"off":[1.5,1.1]}},{"type":"Feature","geometry":{"type":"Point","coordinates":[16.854363,52.345109]},"properties":{"line":"702","mode":"bus","color":"#0059a9","colorDark":"#00294f","band":3,"off":[4.5,1.1]}},{"type":"Feature","geometry":{"type":"Point","coordinates":[16.880666,52.320471]},"properties":{"line":"614","mode":"bus","color":"#0059a9","colorDark":"#00294f","band":3,"off":[-3,1.1]}},{"type":"Feature","geometry":{"type":"Point","coordinates":[16.880666,52.320471]},"properties":{"line":"690","mode":"bus","color":"#0059a9","colorDark":"#00294f","band":3,"off":[0,1.1]}},{"type":"Feature","geometry":{"type":"Point","coordinates":[16.880666,52.320471]},"properties":{"line":"701","mode":"bus","color":"#0059a9","colorDark":"#00294f","band":3,"off":[3,1.1]}},{"type":"Feature","geometry":{"type":"Point","coordinates":[16.85156,52.241359]},"properties":{"line":"651","mode":"bus","color":"#0059a9","colorDark":"#00294f","band":3,"off":[-6,1.1]}},{"type":"Feature","geometry":{"type":"Point","coordinates":[16.85156,52.241359]},"properties":{"line":"691","mode":"bus","color":"#0059a9","colorDark":"#00294f","band":3,"off":[-3,1.1]}},{"type":"Feature","geometry":{"type":"Point","coordinates":[16.85156,52.241359]},"properties":{"line":"692","mode":"bus","color":"#0059a9","colorDark":"#00294f","band":3,"off":[0,1.1]}},{"type":"Feature","geometry":{"type":"Point","coordinates":[16.85156,52.241359]},"properties":{"line":"693","mode":"bus","color":"#0059a9","colorDark":"#00294f","band":3,"off":[3,1.1]}},{"type":"Feature","geometry":{"type":"Point","coordinates":[16.85156,52.241359]},"properties":{"line":"PKS","mode":"bus","color":"#0059a9","colorDark":"#00294f","band":3,"off":[6,1.1]}},{"type":"Feature","geometry":{"type":"Point","coordinates":[16.756271,52.212324]},"properties":{"line":"691","mode":"bus","color":"#0059a9","colorDark":"#00294f","band":3,"off":[0,1.1]}},{"type":"Feature","geometry":{"type":"Point","coordinates":[16.757903,52.228987]},"properties":{"line":"692","mode":"bus","color":"#0059a9","colorDark":"#00294f","band":3,"off":[0,1.1]}},{"type":"Feature","geometry":{"type":"Point","coordinates":[16.9494,52.208649]},"properties":{"line":"693","mode":"bus","color":"#0059a9","colorDark":"#00294f","band":3,"off":[0,1.1]}},{"type":"Feature","geometry":{"type":"Point","coordinates":[16.98477,52.214731]},"properties":{"line":"698","mode":"bus","color":"#0059a9","colorDark":"#00294f","band":3,"off":[-1.5,1.1]}},{"type":"Feature","geometry":{"type":"Point","coordinates":[16.98477,52.214731]},"properties":{"line":"699","mode":"bus","color":"#0059a9","colorDark":"#00294f","band":3,"off":[1.5,1.1]}},{"type":"Feature","geometry":{"type":"Point","coordinates":[16.80315,52.329515]},"properties":{"line":"701","mode":"bus","color":"#0059a9","colorDark":"#00294f","band":3,"off":[0,1.1]}},{"type":"Feature","geometry":{"type":"Point","coordinates":[16.820129,52.324489]},"properties":{"line":"702","mode":"bus","color":"#0059a9","colorDark":"#00294f","band":3,"off":[0,1.1]}},{"type":"Feature","geometry":{"type":"Point","coordinates":[16.717237,52.334769]},"properties":{"line":"703","mode":"bus","color":"#0059a9","colorDark":"#00294f","band":3,"off":[-1.5,1.1]}},{"type":"Feature","geometry":{"type":"Point","coordinates":[16.717237,52.334769]},"properties":{"line":"791","mode":"bus","color":"#0059a9","colorDark":"#00294f","band":3,"off":[1.5,1.1]}},{"type":"Feature","geometry":{"type":"Point","coordinates":[16.793919,52.3478]},"properties":{"line":"704","mode":"bus","color":"#0059a9","colorDark":"#00294f","band":3,"off":[-1.5,1.1]}},{"type":"Feature","geometry":{"type":"Point","coordinates":[16.793919,52.3478]},"properties":{"line":"710","mode":"bus","color":"#0059a9","colorDark":"#00294f","band":3,"off":[1.5,1.1]}},{"type":"Feature","geometry":{"type":"Point","coordinates":[16.76881,52.346527]},"properties":{"line":"704","mode":"bus","color":"#0059a9","colorDark":"#00294f","band":3,"off":[-3,1.1]}},{"type":"Feature","geometry":{"type":"Point","coordinates":[16.76881,52.346527]},"properties":{"line":"716","mode":"bus","color":"#0059a9","colorDark":"#00294f","band":3,"off":[0,1.1]}},{"type":"Feature","geometry":{"type":"Point","coordinates":[16.76881,52.346527]},"properties":{"line":"789","mode":"bus","color":"#0059a9","colorDark":"#00294f","band":3,"off":[3,1.1]}},{"type":"Feature","geometry":{"type":"Point","coordinates":[16.795033,52.340258]},"properties":{"line":"704","mode":"bus","color":"#0059a9","colorDark":"#00294f","band":3,"off":[-3,1.1]}},{"type":"Feature","geometry":{"type":"Point","coordinates":[16.795033,52.340258]},"properties":{"line":"716","mode":"bus","color":"#0059a9","colorDark":"#00294f","band":3,"off":[0,1.1]}},{"type":"Feature","geometry":{"type":"Point","coordinates":[16.795033,52.340258]},"properties":{"line":"789","mode":"bus","color":"#0059a9","colorDark":"#00294f","band":3,"off":[3,1.1]}},{"type":"Feature","geometry":{"type":"Point","coordinates":[16.767802,52.297014]},"properties":{"line":"707","mode":"bus","color":"#0059a9","colorDark":"#00294f","band":3,"off":[0,1.1]}},{"type":"Feature","geometry":{"type":"Point","coordinates":[16.807164,52.332485]},"properties":{"line":"715","mode":"bus","color":"#0059a9","colorDark":"#00294f","band":3,"off":[-1.5,1.1]}},{"type":"Feature","geometry":{"type":"Point","coordinates":[16.807164,52.332485]},"properties":{"line":"789","mode":"bus","color":"#0059a9","colorDark":"#00294f","band":3,"off":[1.5,1.1]}},{"type":"Feature","geometry":{"type":"Point","coordinates":[16.744223,52.374533]},"properties":{"line":"727","mode":"bus","color":"#0059a9","colorDark":"#00294f","band":3,"off":[-4.5,1.1]}},{"type":"Feature","geometry":{"type":"Point","coordinates":[16.744223,52.374533]},"properties":{"line":"795","mode":"bus","color":"#0059a9","colorDark":"#00294f","band":3,"off":[-1.5,1.1]}},{"type":"Feature","geometry":{"type":"Point","coordinates":[16.744223,52.374533]},"properties":{"line":"796","mode":"bus","color":"#0059a9","colorDark":"#00294f","band":3,"off":[1.5,1.1]}},{"type":"Feature","geometry":{"type":"Point","coordinates":[16.744223,52.374533]},"properties":{"line":"799","mode":"bus","color":"#0059a9","colorDark":"#00294f","band":3,"off":[4.5,1.1]}},{"type":"Feature","geometry":{"type":"Point","coordinates":[16.802393,52.397152]},"properties":{"line":"727","mode":"bus","color":"#0059a9","colorDark":"#00294f","band":3,"off":[-4.5,1.1]}},{"type":"Feature","geometry":{"type":"Point","coordinates":[16.802393,52.397152]},"properties":{"line":"729","mode":"bus","color":"#0059a9","colorDark":"#00294f","band":3,"off":[-1.5,1.1]}},{"type":"Feature","geometry":{"type":"Point","coordinates":[16.802393,52.397152]},"properties":{"line":"797","mode":"bus","color":"#0059a9","colorDark":"#00294f","band":3,"off":[1.5,1.1]}},{"type":"Feature","geometry":{"type":"Point","coordinates":[16.802393,52.397152]},"properties":{"line":"798","mode":"bus","color":"#0059a9","colorDark":"#00294f","band":3,"off":[4.5,1.1]}},{"type":"Feature","geometry":{"type":"Point","coordinates":[16.739257,52.376029]},"properties":{"line":"727","mode":"bus","color":"#0059a9","colorDark":"#00294f","band":3,"off":[-4.5,1.1]}},{"type":"Feature","geometry":{"type":"Point","coordinates":[16.739257,52.376029]},"properties":{"line":"795","mode":"bus","color":"#0059a9","colorDark":"#00294f","band":3,"off":[-1.5,1.1]}},{"type":"Feature","geometry":{"type":"Point","coordinates":[16.739257,52.376029]},"properties":{"line":"796","mode":"bus","color":"#0059a9","colorDark":"#00294f","band":3,"off":[1.5,1.1]}},{"type":"Feature","geometry":{"type":"Point","coordinates":[16.739257,52.376029]},"properties":{"line":"799","mode":"bus","color":"#0059a9","colorDark":"#00294f","band":3,"off":[4.5,1.1]}},{"type":"Feature","geometry":{"type":"Point","coordinates":[16.678711,52.3543]},"properties":{"line":"729","mode":"bus","color":"#0059a9","colorDark":"#00294f","band":3,"off":[-6,1.1]}},{"type":"Feature","geometry":{"type":"Point","coordinates":[16.678711,52.3543]},"properties":{"line":"790","mode":"bus","color":"#0059a9","colorDark":"#00294f","band":3,"off":[-3,1.1]}},{"type":"Feature","geometry":{"type":"Point","coordinates":[16.678711,52.3543]},"properties":{"line":"791","mode":"bus","color":"#0059a9","colorDark":"#00294f","band":3,"off":[0,1.1]}},{"type":"Feature","geometry":{"type":"Point","coordinates":[16.678711,52.3543]},"properties":{"line":"792","mode":"bus","color":"#0059a9","colorDark":"#00294f","band":3,"off":[3,1.1]}},{"type":"Feature","geometry":{"type":"Point","coordinates":[16.678711,52.3543]},"properties":{"line":"797","mode":"bus","color":"#0059a9","colorDark":"#00294f","band":3,"off":[6,1.1]}},{"type":"Feature","geometry":{"type":"Point","coordinates":[16.744625,52.400901]},"properties":{"line":"729","mode":"bus","color":"#0059a9","colorDark":"#00294f","band":3,"off":[-1.5,1.1]}},{"type":"Feature","geometry":{"type":"Point","coordinates":[16.744625,52.400901]},"properties":{"line":"796","mode":"bus","color":"#0059a9","colorDark":"#00294f","band":3,"off":[1.5,1.1]}},{"type":"Feature","geometry":{"type":"Point","coordinates":[16.866748,52.305785]},"properties":{"line":"789","mode":"bus","color":"#0059a9","colorDark":"#00294f","band":3,"off":[0,1.1]}},{"type":"Feature","geometry":{"type":"Point","coordinates":[16.644172,52.463363]},"properties":{"line":"790","mode":"bus","color":"#0059a9","colorDark":"#00294f","band":3,"off":[-1.5,1.1]}},{"type":"Feature","geometry":{"type":"Point","coordinates":[16.644172,52.463363]},"properties":{"line":"882","mode":"bus","color":"#0059a9","colorDark":"#00294f","band":3,"off":[1.5,1.1]}},{"type":"Feature","geometry":{"type":"Point","coordinates":[16.654158,52.427581]},"properties":{"line":"790","mode":"bus","color":"#0059a9","colorDark":"#00294f","band":3,"off":[-1.5,1.1]}},{"type":"Feature","geometry":{"type":"Point","coordinates":[16.654158,52.427581]},"properties":{"line":"811","mode":"bus","color":"#0059a9","colorDark":"#00294f","band":3,"off":[1.5,1.1]}},{"type":"Feature","geometry":{"type":"Point","coordinates":[16.638017,52.396744]},"properties":{"line":"790","mode":"bus","color":"#0059a9","colorDark":"#00294f","band":3,"off":[-1.5,1.1]}},{"type":"Feature","geometry":{"type":"Point","coordinates":[16.638017,52.396744]},"properties":{"line":"792","mode":"bus","color":"#0059a9","colorDark":"#00294f","band":3,"off":[1.5,1.1]}},{"type":"Feature","geometry":{"type":"Point","coordinates":[16.665738,52.401719]},"properties":{"line":"790","mode":"bus","color":"#0059a9","colorDark":"#00294f","band":3,"off":[-1.5,1.1]}},{"type":"Feature","geometry":{"type":"Point","coordinates":[16.665738,52.401719]},"properties":{"line":"804","mode":"bus","color":"#0059a9","colorDark":"#00294f","band":3,"off":[1.5,1.1]}},{"type":"Feature","geometry":{"type":"Point","coordinates":[16.643362,52.321255]},"properties":{"line":"791","mode":"bus","color":"#0059a9","colorDark":"#00294f","band":3,"off":[0,1.1]}},{"type":"Feature","geometry":{"type":"Point","coordinates":[16.683455,52.357591]},"properties":{"line":"791","mode":"bus","color":"#0059a9","colorDark":"#00294f","band":3,"off":[-1.5,1.1]}},{"type":"Feature","geometry":{"type":"Point","coordinates":[16.683455,52.357591]},"properties":{"line":"792","mode":"bus","color":"#0059a9","colorDark":"#00294f","band":3,"off":[1.5,1.1]}},{"type":"Feature","geometry":{"type":"Point","coordinates":[16.757089,52.361338]},"properties":{"line":"795","mode":"bus","color":"#0059a9","colorDark":"#00294f","band":3,"off":[0,1.1]}},{"type":"Feature","geometry":{"type":"Point","coordinates":[16.781517,52.399902]},"properties":{"line":"798","mode":"bus","color":"#0059a9","colorDark":"#00294f","band":3,"off":[0,1.1]}},{"type":"Feature","geometry":{"type":"Point","coordinates":[16.713585,52.372417]},"properties":{"line":"799","mode":"bus","color":"#0059a9","colorDark":"#00294f","band":3,"off":[0,1.1]}},{"type":"Feature","geometry":{"type":"Point","coordinates":[16.664991,52.464192]},"properties":{"line":"802","mode":"bus","color":"#0059a9","colorDark":"#00294f","band":3,"off":[-6,1.1]}},{"type":"Feature","geometry":{"type":"Point","coordinates":[16.664991,52.464192]},"properties":{"line":"811","mode":"bus","color":"#0059a9","colorDark":"#00294f","band":3,"off":[-3,1.1]}},{"type":"Feature","geometry":{"type":"Point","coordinates":[16.664991,52.464192]},"properties":{"line":"812","mode":"bus","color":"#0059a9","colorDark":"#00294f","band":3,"off":[0,1.1]}},{"type":"Feature","geometry":{"type":"Point","coordinates":[16.664991,52.464192]},"properties":{"line":"813","mode":"bus","color":"#0059a9","colorDark":"#00294f","band":3,"off":[3,1.1]}},{"type":"Feature","geometry":{"type":"Point","coordinates":[16.664991,52.464192]},"properties":{"line":"821","mode":"bus","color":"#0059a9","colorDark":"#00294f","band":3,"off":[6,1.1]}},{"type":"Feature","geometry":{"type":"Point","coordinates":[16.664991,52.464192]},"properties":{"line":"882","mode":"bus","color":"#0059a9","colorDark":"#00294f","band":3,"off":[0,2.6]}},{"type":"Feature","geometry":{"type":"Point","coordinates":[16.52572,52.433391]},"properties":{"line":"812","mode":"bus","color":"#0059a9","colorDark":"#00294f","band":3,"off":[0,1.1]}},{"type":"Feature","geometry":{"type":"Point","coordinates":[16.58315,52.513241]},"properties":{"line":"813","mode":"bus","color":"#0059a9","colorDark":"#00294f","band":3,"off":[0,1.1]}},{"type":"Feature","geometry":{"type":"Point","coordinates":[16.63237,52.407605]},"properties":{"line":"821","mode":"bus","color":"#0059a9","colorDark":"#00294f","band":3,"off":[0,1.1]}},{"type":"Feature","geometry":{"type":"Point","coordinates":[16.75433,52.511345]},"properties":{"line":"832","mode":"bus","color":"#0059a9","colorDark":"#00294f","band":3,"off":[-6,1.1]}},{"type":"Feature","geometry":{"type":"Point","coordinates":[16.75433,52.511345]},"properties":{"line":"833","mode":"bus","color":"#0059a9","colorDark":"#00294f","band":3,"off":[-3,1.1]}},{"type":"Feature","geometry":{"type":"Point","coordinates":[16.75433,52.511345]},"properties":{"line":"835","mode":"bus","color":"#0059a9","colorDark":"#00294f","band":3,"off":[0,1.1]}},{"type":"Feature","geometry":{"type":"Point","coordinates":[16.75433,52.511345]},"properties":{"line":"882","mode":"bus","color":"#0059a9","colorDark":"#00294f","band":3,"off":[3,1.1]}},{"type":"Feature","geometry":{"type":"Point","coordinates":[16.75433,52.511345]},"properties":{"line":"893","mode":"bus","color":"#0059a9","colorDark":"#00294f","band":3,"off":[6,1.1]}},{"type":"Feature","geometry":{"type":"Point","coordinates":[16.655856,52.520535]},"properties":{"line":"832","mode":"bus","color":"#0059a9","colorDark":"#00294f","band":3,"off":[0,1.1]}},{"type":"Feature","geometry":{"type":"Point","coordinates":[16.756016,52.493159]},"properties":{"line":"833","mode":"bus","color":"#0059a9","colorDark":"#00294f","band":3,"off":[0,1.1]}},{"type":"Feature","geometry":{"type":"Point","coordinates":[16.731234,52.524252]},"properties":{"line":"835","mode":"bus","color":"#0059a9","colorDark":"#00294f","band":3,"off":[0,1.1]}},{"type":"Feature","geometry":{"type":"Point","coordinates":[16.796845,52.495088]},"properties":{"line":"837","mode":"bus","color":"#0059a9","colorDark":"#00294f","band":3,"off":[0,1.1]}},{"type":"Feature","geometry":{"type":"Point","coordinates":[16.75108,52.547012]},"properties":{"line":"893","mode":"bus","color":"#0059a9","colorDark":"#00294f","band":3,"off":[0,1.1]}},{"type":"Feature","geometry":{"type":"Point","coordinates":[16.723634,52.470958]},"properties":{"line":"893","mode":"bus","color":"#0059a9","colorDark":"#00294f","band":3,"off":[0,1.1]}},{"type":"Feature","geometry":{"type":"Point","coordinates":[16.854414,52.488796]},"properties":{"line":"901","mode":"bus","color":"#0059a9","colorDark":"#00294f","band":3,"off":[-1.5,1.1]}},{"type":"Feature","geometry":{"type":"Point","coordinates":[16.854414,52.488796]},"properties":{"line":"904","mode":"bus","color":"#0059a9","colorDark":"#00294f","band":3,"off":[1.5,1.1]}},{"type":"Feature","geometry":{"type":"Point","coordinates":[16.879602,52.486702]},"properties":{"line":"902","mode":"bus","color":"#0059a9","colorDark":"#00294f","band":3,"off":[0,1.1]}},{"type":"Feature","geometry":{"type":"Point","coordinates":[16.831137,52.486733]},"properties":{"line":"904","mode":"bus","color":"#0059a9","colorDark":"#00294f","band":3,"off":[-1.5,1.1]}},{"type":"Feature","geometry":{"type":"Point","coordinates":[16.831137,52.486733]},"properties":{"line":"905","mode":"bus","color":"#0059a9","colorDark":"#00294f","band":3,"off":[1.5,1.1]}},{"type":"Feature","geometry":{"type":"Point","coordinates":[16.844467,52.55612]},"properties":{"line":"905","mode":"bus","color":"#0059a9","colorDark":"#00294f","band":3,"off":[-1.5,1.1]}},{"type":"Feature","geometry":{"type":"Point","coordinates":[16.844467,52.55612]},"properties":{"line":"907","mode":"bus","color":"#0059a9","colorDark":"#00294f","band":3,"off":[1.5,1.1]}},{"type":"Feature","geometry":{"type":"Point","coordinates":[16.879532,52.195388]},"properties":{"line":"PKS","mode":"bus","color":"#0059a9","colorDark":"#00294f","band":3,"off":[0,1.1]}},{"type":"Feature","geometry":{"type":"Point","coordinates":[16.881878,52.192718]},"properties":{"line":"PKS","mode":"bus","color":"#0059a9","colorDark":"#00294f","band":3,"off":[0,1.1]}},{"type":"Feature","geometry":{"type":"Point","coordinates":[16.97151,52.384548]},"properties":{"line":"T1","mode":"bus","color":"#0059a9","colorDark":"#00294f","band":3,"off":[0,1.1]}},{"type":"Feature","geometry":{"type":"Point","coordinates":[16.958183,52.413647]},"properties":{"line":"1","mode":"tram","color":"#d6212b","colorDark":"#7c1116","band":3,"off":[-1.5,1.1]}},{"type":"Feature","geometry":{"type":"Point","coordinates":[16.958183,52.413647]},"properties":{"line":"5","mode":"tram","color":"#d6212b","colorDark":"#7c1116","band":3,"off":[1.5,1.1]}},{"type":"Feature","geometry":{"type":"Point","coordinates":[16.903788,52.373059]},"properties":{"line":"2","mode":"tram","color":"#d6212b","colorDark":"#7c1116","band":3,"off":[-3,1.1]}},{"type":"Feature","geometry":{"type":"Point","coordinates":[16.903788,52.373059]},"properties":{"line":"9","mode":"tram","color":"#d6212b","colorDark":"#7c1116","band":3,"off":[0,1.1]}},{"type":"Feature","geometry":{"type":"Point","coordinates":[16.903788,52.373059]},"properties":{"line":"10","mode":"tram","color":"#d6212b","colorDark":"#7c1116","band":3,"off":[3,1.1]}},{"type":"Feature","geometry":{"type":"Point","coordinates":[16.882617,52.417109]},"properties":{"line":"2","mode":"tram","color":"#d6212b","colorDark":"#7c1116","band":3,"off":[-4.5,1.1]}},{"type":"Feature","geometry":{"type":"Point","coordinates":[16.882617,52.417109]},"properties":{"line":"7","mode":"tram","color":"#d6212b","colorDark":"#7c1116","band":3,"off":[-1.5,1.1]}},{"type":"Feature","geometry":{"type":"Point","coordinates":[16.882617,52.417109]},"properties":{"line":"8","mode":"tram","color":"#d6212b","colorDark":"#7c1116","band":3,"off":[1.5,1.1]}},{"type":"Feature","geometry":{"type":"Point","coordinates":[16.882617,52.417109]},"properties":{"line":"18","mode":"tram","color":"#d6212b","colorDark":"#7c1116","band":3,"off":[4.5,1.1]}},{"type":"Feature","geometry":{"type":"Point","coordinates":[16.950041,52.37252]},"properties":{"line":"3","mode":"tram","color":"#d6212b","colorDark":"#7c1116","band":3,"off":[-4.5,1.1]}},{"type":"Feature","geometry":{"type":"Point","coordinates":[16.950041,52.37252]},"properties":{"line":"11","mode":"tram","color":"#d6212b","colorDark":"#7c1116","band":3,"off":[-1.5,1.1]}},{"type":"Feature","geometry":{"type":"Point","coordinates":[16.950041,52.37252]},"properties":{"line":"18","mode":"tram","color":"#d6212b","colorDark":"#7c1116","band":3,"off":[1.5,1.1]}},{"type":"Feature","geometry":{"type":"Point","coordinates":[16.950041,52.37252]},"properties":{"line":"201","mode":"tram","color":"#d6212b","colorDark":"#7c1116","band":3,"off":[4.5,1.1]}},{"type":"Feature","geometry":{"type":"Point","coordinates":[16.944603,52.45554]},"properties":{"line":"3","mode":"tram","color":"#d6212b","colorDark":"#7c1116","band":3,"off":[-1.5,1.1]}},{"type":"Feature","geometry":{"type":"Point","coordinates":[16.944603,52.45554]},"properties":{"line":"10","mode":"tram","color":"#d6212b","colorDark":"#7c1116","band":3,"off":[1.5,1.1]}},{"type":"Feature","geometry":{"type":"Point","coordinates":[16.937194,52.410859]},"properties":{"line":"4","mode":"tram","color":"#d6212b","colorDark":"#7c1116","band":3,"off":[-1.5,1.1]}},{"type":"Feature","geometry":{"type":"Point","coordinates":[16.937194,52.410859]},"properties":{"line":"17","mode":"tram","color":"#d6212b","colorDark":"#7c1116","band":3,"off":[1.5,1.1]}},{"type":"Feature","geometry":{"type":"Point","coordinates":[16.880987,52.381406]},"properties":{"line":"5","mode":"tram","color":"#d6212b","colorDark":"#7c1116","band":3,"off":[-3,1.1]}},{"type":"Feature","geometry":{"type":"Point","coordinates":[16.880987,52.381406]},"properties":{"line":"14","mode":"tram","color":"#d6212b","colorDark":"#7c1116","band":3,"off":[0,1.1]}},{"type":"Feature","geometry":{"type":"Point","coordinates":[16.880987,52.381406]},"properties":{"line":"17","mode":"tram","color":"#d6212b","colorDark":"#7c1116","band":3,"off":[3,1.1]}},{"type":"Feature","geometry":{"type":"Point","coordinates":[17.002142,52.41015]},"properties":{"line":"6","mode":"tram","color":"#d6212b","colorDark":"#7c1116","band":3,"off":[-3,1.1]}},{"type":"Feature","geometry":{"type":"Point","coordinates":[17.002142,52.41015]},"properties":{"line":"7","mode":"tram","color":"#d6212b","colorDark":"#7c1116","band":3,"off":[0,1.1]}},{"type":"Feature","geometry":{"type":"Point","coordinates":[17.002142,52.41015]},"properties":{"line":"8","mode":"tram","color":"#d6212b","colorDark":"#7c1116","band":3,"off":[3,1.1]}},{"type":"Feature","geometry":{"type":"Point","coordinates":[16.8482,52.38849]},"properties":{"line":"6","mode":"tram","color":"#d6212b","colorDark":"#7c1116","band":3,"off":[0,1.1]}},{"type":"Feature","geometry":{"type":"Point","coordinates":[16.911378,52.441423]},"properties":{"line":"9","mode":"tram","color":"#d6212b","colorDark":"#7c1116","band":3,"off":[-1.5,1.1]}},{"type":"Feature","geometry":{"type":"Point","coordinates":[16.911378,52.441423]},"properties":{"line":"11","mode":"tram","color":"#d6212b","colorDark":"#7c1116","band":3,"off":[1.5,1.1]}},{"type":"Feature","geometry":{"type":"Point","coordinates":[16.916746,52.4638]},"properties":{"line":"12","mode":"tram","color":"#d6212b","colorDark":"#7c1116","band":3,"off":[-6,1.1]}},{"type":"Feature","geometry":{"type":"Point","coordinates":[16.916746,52.4638]},"properties":{"line":"14","mode":"tram","color":"#d6212b","colorDark":"#7c1116","band":3,"off":[-3,1.1]}},{"type":"Feature","geometry":{"type":"Point","coordinates":[16.916746,52.4638]},"properties":{"line":"15","mode":"tram","color":"#d6212b","colorDark":"#7c1116","band":3,"off":[0,1.1]}},{"type":"Feature","geometry":{"type":"Point","coordinates":[16.916746,52.4638]},"properties":{"line":"16","mode":"tram","color":"#d6212b","colorDark":"#7c1116","band":3,"off":[3,1.1]}},{"type":"Feature","geometry":{"type":"Point","coordinates":[16.916746,52.4638]},"properties":{"line":"201","mode":"tram","color":"#d6212b","colorDark":"#7c1116","band":3,"off":[6,1.1]}},{"type":"Feature","geometry":{"type":"Point","coordinates":[16.931776,52.368396]},"properties":{"line":"12","mode":"tram","color":"#d6212b","colorDark":"#7c1116","band":3,"off":[-3,1.1]}},{"type":"Feature","geometry":{"type":"Point","coordinates":[16.931776,52.368396]},"properties":{"line":"13","mode":"tram","color":"#d6212b","colorDark":"#7c1116","band":3,"off":[0,1.1]}},{"type":"Feature","geometry":{"type":"Point","coordinates":[16.931776,52.368396]},"properties":{"line":"16","mode":"tram","color":"#d6212b","colorDark":"#7c1116","band":3,"off":[3,1.1]}}]}