{"type":"FeatureCollection","features":[{"type":"Feature","geometry":{"type":"Point","coordinates":[16.829005,52.462089]},"properties":{"lines":"105, 170, 195, 835, 837","color":"#0059a9","mode":"bus","arr":["105","170","195","835","837"],"angle":76.7}},{"type":"Feature","geometry":{"type":"Point","coordinates":[16.839706,52.45617]},"properties":{"lines":"105, 170, 195, 835, 837","color":"#0059a9","mode":"bus","arr":["105","170","195","835","837"],"angle":32.2}},{"type":"Feature","geometry":{"type":"Point","coordinates":[16.833662,52.458729]},"properties":{"lines":"105, 170, 195, 835, 837","color":"#0059a9","mode":"bus","arr":["105","170","195","835","837"],"angle":37.4,"extra":1}},{"type":"Feature","geometry":{"type":"Point","coordinates":[16.846761,52.452936]},"properties":{"lines":"105, 170, 195, 835, 837","color":"#0059a9","mode":"bus","arr":["105","170","195","835","837"],"angle":46.9,"extra":1}},{"type":"Feature","geometry":{"type":"Point","coordinates":[16.814554,52.473231]},"properties":{"lines":"835, 837","color":"#0059a9","mode":"bus","arr":["835","837"],"angle":35.9}},{"type":"Feature","geometry":{"type":"Point","coordinates":[16.825718,52.46603]},"properties":{"lines":"835, 837","color":"#0059a9","mode":"bus","arr":["835","837"],"angle":49.7,"extra":1}},{"type":"Feature","geometry":{"type":"Point","coordinates":[16.82022,52.469664]},"properties":{"lines":"835, 837","color":"#0059a9","mode":"bus","arr":["835","837"],"angle":46.3,"extra":1}},{"type":"Feature","geometry":{"type":"Point","coordinates":[16.807716,52.474427]},"properties":{"lines":"835, 837","color":"#0059a9","mode":"bus","arr":["835","837"],"angle":10.4,"extra":1}},{"type":"Feature","geometry":{"type":"Point","coordinates":[16.802402,52.472675]},"properties":{"lines":"835, 837","color":"#0059a9","mode":"bus","arr":["835","837"],"angle":-59.4,"extra":1}},{"type":"Feature","geometry":{"type":"Point","coordinates":[16.857036,52.445999]},"properties":{"lines":"105, 170, 195, 226, 835, 837","color":"#0059a9","mode":"bus","arr":["105","170","195","226","835","837"],"angle":51.7}},{"type":"Feature","geometry":{"type":"Point","coordinates":[16.851287,52.449993]},"properties":{"lines":"105, 170, 195, 226, 835, 837","color":"#0059a9","mode":"bus","arr":["105","170","195","226","835","837"],"angle":46.8,"extra":1}},{"type":"Feature","geometry":{"type":"Point","coordinates":[16.861739,52.442433]},"properties":{"lines":"105, 170, 195, 226, 835, 837","color":"#0059a9","mode":"bus","arr":["105","170","195","226","835","837"],"angle":50.9,"extra":1}},{"type":"Feature","geometry":{"type":"Point","coordinates":[16.885843,52.433126]},"properties":{"lines":"105, 164, 170, 195, 226, 835, 837","color":"#0059a9","mode":"bus","arr":["105","164","170","195","226","835","837"],"angle":10}},{"type":"Feature","geometry":{"type":"Point","coordinates":[16.878081,52.437372]},"properties":{"lines":"105, 164, 170, 195, 226, 835, 837","color":"#0059a9","mode":"bus","arr":["105","164","170","195","226","835","837"],"angle":45.1}},{"type":"Feature","geometry":{"type":"Point","coordinates":[16.87453,52.439545]},"properties":{"lines":"105, 164, 170, 195, 226, 835, 837","color":"#0059a9","mode":"bus","arr":["105","164","170","195","226","835","837"],"angle":42.6,"extra":1}},{"type":"Feature","geometry":{"type":"Point","coordinates":[16.891586,52.430383]},"properties":{"lines":"105, 160, 164, 170, 195, 226, 835, 837","color":"#0059a9","mode":"bus","arr":["105","160","164","170","195","226","835","837"],"angle":31.8}},{"type":"Feature","geometry":{"type":"Point","coordinates":[16.897632,52.428212]},"properties":{"lines":"105, 195, 835, 837","color":"#0059a9","mode":"bus","arr":["105","195","835","837"],"angle":17.7}},{"type":"Feature","geometry":{"type":"Point","coordinates":[16.895631,52.424229]},"properties":{"lines":"105, 182, 193, 195, 835, 837","color":"#0059a9","mode":"bus","arr":["105","182","193","195","835","837"],"angle":-78.6}},{"type":"Feature","geometry":{"type":"Point","coordinates":[16.894337,52.421178]},"properties":{"lines":"105, 182, 193, 195, 835, 837","color":"#0059a9","mode":"bus","arr":["105","182","193","195","835","837"],"angle":-74.1,"extra":1}},{"type":"Feature","geometry":{"type":"Point","coordinates":[16.895931,52.424252]},"properties":{"lines":"105, 182, 193, 195, 835, 837","color":"#0059a9","mode":"bus","arr":["105","182","193","195","835","837"],"angle":-74.7}},{"type":"Feature","geometry":{"type":"Point","coordinates":[16.898291,52.42694]},"properties":{"lines":"105, 182, 193, 195, 835, 837","color":"#0059a9","mode":"bus","arr":["105","182","193","195","835","837"],"angle":-48.6,"extra":1}},{"type":"Feature","geometry":{"type":"Point","coordinates":[16.892663,52.41776]},"properties":{"lines":"105, 182, 191, 193, 195, 835, 837","color":"#0059a9","mode":"bus","arr":["105","182","191","193","195","835","837"],"angle":-72.3}},{"type":"Feature","geometry":{"type":"Point","coordinates":[16.892865,52.417754]},"properties":{"lines":"105, 182, 191, 193, 195, 835, 837","color":"#0059a9","mode":"bus","arr":["105","182","191","193","195","835","837"],"angle":-72.4}},{"type":"Feature","geometry":{"type":"Point","coordinates":[16.899377,52.408122]},"properties":{"lines":"105, 148, 159, 163, 169, 177, 212, 222","color":"#0059a9","mode":"bus","arr":["105","148","159","163","169","177","212","222"],"angle":12.8}},{"type":"Feature","geometry":{"type":"Point","coordinates":[16.892364,52.409087]},"properties":{"lines":"105, 148, 159, 163, 169, 177, 212, 222","color":"#0059a9","mode":"bus","arr":["105","148","159","163","169","177","212","222"],"angle":12.3,"extra":1}},{"type":"Feature","geometry":{"type":"Point","coordinates":[16.907986,52.407214]},"properties":{"lines":"105, 148, 159, 163, 169, 177, 212, 222","color":"#0059a9","mode":"bus","arr":["105","148","159","163","169","177","212","222"],"angle":-51.3,"extra":1}},{"type":"Feature","geometry":{"type":"Point","coordinates":[16.910382,52.407965]},"properties":{"lines":"105, 148, 159, 163, 164, 169, 212, 219, 222","color":"#0059a9","mode":"bus","arr":["105","148","159","163","164","169","212","219","222"],"angle":11.2}},{"type":"Feature","geometry":{"type":"Point","coordinates":[16.911461,52.407755]},"properties":{"lines":"105, 148, 159, 164, 219","color":"#0059a9","mode":"bus","arr":["105","148","159","164","219"],"angle":24.5}},{"type":"Feature","geometry":{"type":"Point","coordinates":[16.910696,52.40808]},"properties":{"lines":"105, 219","color":"#0059a9","mode":"bus","arr":["105","219"],"angle":7.3}},{"type":"Feature","geometry":{"type":"Point","coordinates":[16.899436,52.428017]},"properties":{"lines":"105, 160, 164, 182, 195, 216, 226, 835, 837","color":"#0059a9","mode":"bus","arr":["105","160","164","182","195","216","226","835","837"],"angle":17.3}},{"type":"Feature","geometry":{"type":"Point","coordinates":[16.897777,52.428328]},"properties":{"lines":"105, 160, 164, 226","color":"#0059a9","mode":"bus","arr":["105","160","164","226"],"angle":15.1}},{"type":"Feature","geometry":{"type":"Point","coordinates":[16.88117,52.416062]},"properties":{"lines":"121, 156, 182, 186, 191, 193, 195, 219, 729, 802, 803, 804 +8","color":"#0059a9","mode":"bus","arr":["121","156","182","186","191","193","195","219","729","802","803","804","811","812","813","821","822","833","835","837"],"angle":-57.3}},{"type":"Feature","geometry":{"type":"Point","coordinates":[16.876763,52.41749]},"properties":{"lines":"121, 156, 186, 219, 802, 803, 804, 811, 812, 813, 821, 822, 833","color":"#0059a9","mode":"bus","arr":["121","156","186","219","802","803","804","811","812","813","821","822","833"],"angle":29.3}},{"type":"Feature","geometry":{"type":"Point","coordinates":[16.870083,52.419263]},"properties":{"lines":"121","color":"#0059a9","mode":"bus","arr":["121"],"angle":6.4}},{"type":"Feature","geometry":{"type":"Point","coordinates":[16.867927,52.419426]},"properties":{"lines":"121","color":"#0059a9","mode":"bus","arr":["121"],"angle":71.7}},{"type":"Feature","geometry":{"type":"Point","coordinates":[16.833847,52.383549]},"properties":{"lines":"122, 177, 214, 224, 715, 716, 717, 727, 803","color":"#0059a9","mode":"bus","arr":["122","177","214","224","715","716","717","727","803"],"angle":-21.7}},{"type":"Feature","geometry":{"type":"Point","coordinates":[16.837394,52.384205]},"properties":{"lines":"122, 214, 224","color":"#0059a9","mode":"bus","arr":["122","214","224"],"angle":-29.3}},{"type":"Feature","geometry":{"type":"Point","coordinates":[16.846918,52.381457]},"properties":{"lines":"122","color":"#0059a9","mode":"bus","arr":["122"],"angle":-22.4}},{"type":"Feature","geometry":{"type":"Point","coordinates":[16.842491,52.383036]},"properties":{"lines":"122","color":"#0059a9","mode":"bus","arr":["122"],"angle":43.4,"extra":1}},{"type":"Feature","geometry":{"type":"Point","coordinates":[16.839095,52.393215]},"properties":{"lines":"122","color":"#0059a9","mode":"bus","arr":["122"],"angle":51.5}},{"type":"Feature","geometry":{"type":"Point","coordinates":[16.851184,52.392178]},"properties":{"lines":"122","color":"#0059a9","mode":"bus","arr":["122"],"angle":51.4,"extra":1}},{"type":"Feature","geometry":{"type":"Point","coordinates":[16.845417,52.392301]},"properties":{"lines":"122","color":"#0059a9","mode":"bus","arr":["122"],"angle":-38.2,"extra":1}},{"type":"Feature","geometry":{"type":"Point","coordinates":[16.841102,52.389962]},"properties":{"lines":"122","color":"#0059a9","mode":"bus","arr":["122"],"angle":51.7,"extra":1}},{"type":"Feature","geometry":{"type":"Point","coordinates":[16.835288,52.387591]},"properties":{"lines":"122","color":"#0059a9","mode":"bus","arr":["122"],"angle":40.9}},{"type":"Feature","geometry":{"type":"Point","coordinates":[16.832858,52.382685]},"properties":{"lines":"177, 224, 715, 716, 717, 727, 803","color":"#0059a9","mode":"bus","arr":["177","224","715","716","717","727","803"],"angle":-27.5}},{"type":"Feature","geometry":{"type":"Point","coordinates":[16.99584,52.385483]},"properties":{"lines":"125, 166, 184, 218, 222, 425, T1","color":"#0059a9","mode":"bus","arr":["125","166","184","218","222","425","T1"],"angle":52.2}},{"type":"Feature","geometry":{"type":"Point","coordinates":[16.99437,52.385938]},"properties":{"lines":"125, 425, T1","color":"#0059a9","mode":"bus","arr":["125","425","T1"],"angle":-29.2}},{"type":"Feature","geometry":{"type":"Point","coordinates":[16.9913,52.385314]},"properties":{"lines":"125, 181, 425, T1","color":"#0059a9","mode":"bus","arr":["125","181","425","T1"],"angle":-10.9}},{"type":"Feature","geometry":{"type":"Point","coordinates":[16.989476,52.383626]},"properties":{"lines":"125, 181, T1","color":"#0059a9","mode":"bus","arr":["125","181","T1"],"angle":56.9}},{"type":"Feature","geometry":{"type":"Point","coordinates":[16.991588,52.382112]},"properties":{"lines":"125, 181, T1","color":"#0059a9","mode":"bus","arr":["125","181","T1"],"angle":-61}},{"type":"Feature","geometry":{"type":"Point","coordinates":[16.984548,52.382744]},"properties":{"lines":"125, 181, 425","color":"#0059a9","mode":"bus","arr":["125","181","425"],"angle":-34.6}},{"type":"Feature","geometry":{"type":"Point","coordinates":[16.978027,52.378602]},"properties":{"lines":"125, 181","color":"#0059a9","mode":"bus","arr":["125","181"],"angle":11.9}},{"type":"Feature","geometry":{"type":"Point","coordinates":[16.980646,52.378524]},"properties":{"lines":"125, 181","color":"#0059a9","mode":"bus","arr":["125","181"],"angle":38.4}},{"type":"Feature","geometry":{"type":"Point","coordinates":[16.980938,52.377088]},"properties":{"lines":"125, 154, 162, 181, 196, 220, 431, 432, 433, 501, 502, 503 +3","color":"#0059a9","mode":"bus","arr":["125","154","162","181","196","220","431","432","433","501","502","503","511","512","560"],"angle":53.4}},{"type":"Feature","geometry":{"type":"Point","coordinates":[16.985611,52.373209]},"properties":{"lines":"125, 154, 162, 196, 220, 431, 432, 433, 501, 502, 503, 511, 512, 560","color":"#0059a9","mode":"bus","arr":["125","154","162","196","220","431","432","433","501","502","503","511","512","560"],"angle":53.8}},{"type":"Feature","geometry":{"type":"Point","coordinates":[16.988872,52.370495]},"properties":{"lines":"125, 154, 162, 196, 220, 431, 432, 433, 501, 502, 503, 511, 512, 560","color":"#0059a9","mode":"bus","arr":["125","154","162","196","220","431","432","433","501","502","503","511","512","560"],"angle":54,"extra":1}},{"type":"Feature","geometry":{"type":"Point","coordinates":[16.989579,52.36944]},"properties":{"lines":"125, 154, 162, 196, 220, 431, 432, 433, 511, 512","color":"#0059a9","mode":"bus","arr":["125","154","162","196","220","431","432","433","511","512"],"angle":-60.3}},{"type":"Feature","geometry":{"type":"Point","coordinates":[16.990381,52.369888]},"properties":{"lines":"125, 154, 162, 196, 220, 431, 432, 433, 511, 512","color":"#0059a9","mode":"bus","arr":["125","154","162","196","220","431","432","433","511","512"],"angle":2}},{"type":"Feature","geometry":{"type":"Point","coordinates":[16.988446,52.370771]},"properties":{"lines":"125, 154, 196, 220, 431, 432, 433, 511, 512","color":"#0059a9","mode":"bus","arr":["125","154","196","220","431","432","433","511","512"],"angle":-36.4}},{"type":"Feature","geometry":{"type":"Point","coordinates":[16.996243,52.363879]},"properties":{"lines":"162, 196","color":"#0059a9","mode":"bus","arr":["162","196"],"angle":71.2}},{"type":"Feature","geometry":{"type":"Point","coordinates":[16.99383,52.368236]},"properties":{"lines":"162, 196","color":"#0059a9","mode":"bus","arr":["162","196"],"angle":70.6,"extra":1}},{"type":"Feature","geometry":{"type":"Point","coordinates":[16.999022,52.358863]},"properties":{"lines":"162, 196","color":"#0059a9","mode":"bus","arr":["162","196"],"angle":71.4,"extra":1}},{"type":"Feature","geometry":{"type":"Point","coordinates":[16.993438,52.370814]},"properties":{"lines":"125, 154, 220, 431, 432, 433","color":"#0059a9","mode":"bus","arr":["125","154","220","431","432","433"],"angle":-24.1}},{"type":"Feature","geometry":{"type":"Point","coordinates":[17.002486,52.368018]},"properties":{"lines":"125, 154, 220, 431, 432, 433","color":"#0059a9","mode":"bus","arr":["125","154","220","431","432","433"],"angle":38.4}},{"type":"Feature","geometry":{"type":"Point","coordinates":[16.998173,52.370094]},"properties":{"lines":"125, 154, 220, 431, 432, 433","color":"#0059a9","mode":"bus","arr":["125","154","220","431","432","433"],"angle":38.3,"extra":1}},{"type":"Feature","geometry":{"type":"Point","coordinates":[17.03006,52.371983]},"properties":{"lines":"125","color":"#0059a9","mode":"bus","arr":["125"],"angle":-0.6}},{"type":"Feature","geometry":{"type":"Point","coordinates":[17.00843,52.363377]},"properties":{"lines":"125","color":"#0059a9","mode":"bus","arr":["125"],"angle":-50.5,"extra":1}},{"type":"Feature","geometry":{"type":"Point","coordinates":[17.014632,52.366506]},"properties":{"lines":"125","color":"#0059a9","mode":"bus","arr":["125"],"angle":-29.2,"extra":1}},{"type":"Feature","geometry":{"type":"Point","coordinates":[17.02245,52.367654]},"properties":{"lines":"125","color":"#0059a9","mode":"bus","arr":["125"],"angle":-1.6,"extra":1}},{"type":"Feature","geometry":{"type":"Point","coordinates":[17.023264,52.371621]},"properties":{"lines":"125","color":"#0059a9","mode":"bus","arr":["125"],"angle":88,"extra":1}},{"type":"Feature","geometry":{"type":"Point","coordinates":[17.036886,52.370521]},"properties":{"lines":"125","color":"#0059a9","mode":"bus","arr":["125"],"angle":82,"extra":1}},{"type":"Feature","geometry":{"type":"Point","coordinates":[17.036154,52.365658]},"properties":{"lines":"125","color":"#0059a9","mode":"bus","arr":["125"],"angle":-79.3,"extra":1}},{"type":"Feature","geometry":{"type":"Point","coordinates":[17.033522,52.361028]},"properties":{"lines":"125","color":"#0059a9","mode":"bus","arr":["125"],"angle":-61.8,"extra":1}},{"type":"Feature","geometry":{"type":"Point","coordinates":[17.029693,52.356667]},"properties":{"lines":"125","color":"#0059a9","mode":"bus","arr":["125"],"angle":-62.1,"extra":1}},{"type":"Feature","geometry":{"type":"Point","coordinates":[17.016293,52.357302]},"properties":{"lines":"125","color":"#0059a9","mode":"bus","arr":["125"],"angle":17.6}},{"type":"Feature","geometry":{"type":"Point","coordinates":[17.008653,52.359456]},"properties":{"lines":"125","color":"#0059a9","mode":"bus","arr":["125"],"angle":36.8,"extra":1}},{"type":"Feature","geometry":{"type":"Point","coordinates":[17.023188,52.355254]},"properties":{"lines":"125","color":"#0059a9","mode":"bus","arr":["125"],"angle":41.3,"extra":1}},{"type":"Feature","geometry":{"type":"Point","coordinates":[16.983288,52.376207]},"properties":{"lines":"125","color":"#0059a9","mode":"bus","arr":["125"],"angle":-53}},{"type":"Feature","geometry":{"type":"Point","coordinates":[17.027686,52.354387]},"properties":{"lines":"125, 154, 220","color":"#0059a9","mode":"bus","arr":["125","154","220"],"angle":-61.9}},{"type":"Feature","geometry":{"type":"Point","coordinates":[16.986417,52.37287]},"properties":{"lines":"125, 154, 162, 196, 220, 431, 432, 433, 501, 502, 503, 511 +3","color":"#0059a9","mode":"bus","arr":["125","154","162","196","220","431","432","433","501","502","503","511","512","560","561"],"angle":53.8}},{"type":"Feature","geometry":{"type":"Point","coordinates":[16.90116,52.398478]},"properties":{"lines":"145, 214, 224","color":"#0059a9","mode":"bus","arr":["145","214","224"],"angle":22.8}},{"type":"Feature","geometry":{"type":"Point","coordinates":[16.895921,52.398935]},"properties":{"lines":"145, 214, 224","color":"#0059a9","mode":"bus","arr":["145","214","224"],"angle":13.7}},{"type":"Feature","geometry":{"type":"Point","coordinates":[16.90088,52.397751]},"properties":{"lines":"145, 214, 224","color":"#0059a9","mode":"bus","arr":["145","214","224"],"angle":30.6,"extra":1}},{"type":"Feature","geometry":{"type":"Point","coordinates":[16.882022,52.40458]},"properties":{"lines":"145, 169","color":"#0059a9","mode":"bus","arr":["145","169"],"angle":-3.7}},{"type":"Feature","geometry":{"type":"Point","coordinates":[16.876433,52.404368]},"properties":{"lines":"145, 169","color":"#0059a9","mode":"bus","arr":["145","169"],"angle":-3.4,"extra":1}},{"type":"Feature","geometry":{"type":"Point","coordinates":[16.871314,52.404168]},"properties":{"lines":"145, 163, 212, 222","color":"#0059a9","mode":"bus","arr":["145","163","212","222"],"angle":-4.1}},{"type":"Feature","geometry":{"type":"Point","coordinates":[16.863521,52.399918]},"properties":{"lines":"145, 163, 191, 193, 212","color":"#0059a9","mode":"bus","arr":["145","163","191","193","212"],"angle":-63.1}},{"type":"Feature","geometry":{"type":"Point","coordinates":[16.86469,52.393194]},"properties":{"lines":"145, 163, 191, 212","color":"#0059a9","mode":"bus","arr":["145","163","191","212"],"angle":36.9}},{"type":"Feature","geometry":{"type":"Point","coordinates":[16.866985,52.390125]},"properties":{"lines":"145, 191, 212","color":"#0059a9","mode":"bus","arr":["145","191","212"],"angle":73.3}},{"type":"Feature","geometry":{"type":"Point","coordinates":[16.870714,52.388382]},"properties":{"lines":"164, 169, 179, 193, 223","color":"#0059a9","mode":"bus","arr":["164","169","179","193","223"],"angle":-42.1}},{"type":"Feature","geometry":{"type":"Point","coordinates":[16.864774,52.385923]},"properties":{"lines":"145, 164, 169, 179, 191, 193, 212, 223","color":"#0059a9","mode":"bus","arr":["145","164","169","179","191","193","212","223"],"angle":-39.1}},{"type":"Feature","geometry":{"type":"Point","coordinates":[16.862671,52.385018]},"properties":{"lines":"145, 164, 179, 193, 212, 223","color":"#0059a9","mode":"bus","arr":["145","164","179","193","212","223"],"angle":-56.2}},{"type":"Feature","geometry":{"type":"Point","coordinates":[16.864943,52.381867]},"properties":{"lines":"145, 164, 179, 212, 223","color":"#0059a9","mode":"bus","arr":["145","164","179","212","223"],"angle":-71.4}},{"type":"Feature","geometry":{"type":"Point","coordinates":[16.860215,52.458547]},"properties":{"lines":"146","color":"#0059a9","mode":"bus","arr":["146"],"angle":-39.2}},{"type":"Feature","geometry":{"type":"Point","coordinates":[16.856803,52.456803]},"properties":{"lines":"146","color":"#0059a9","mode":"bus","arr":["146"],"angle":-22.2,"extra":1}},{"type":"Feature","geometry":{"type":"Point","coordinates":[16.918868,52.455056]},"properties":{"lines":"146","color":"#0059a9","mode":"bus","arr":["146"],"angle":-0.7}},{"type":"Feature","geometry":{"type":"Point","coordinates":[16.917835,52.457836]},"properties":{"lines":"146","color":"#0059a9","mode":"bus","arr":["146"],"angle":86.6,"extra":1}},{"type":"Feature","geometry":{"type":"Point","coordinates":[16.920249,52.452189]},"properties":{"lines":"146","color":"#0059a9","mode":"bus","arr":["146"],"angle":81.3,"extra":1}},{"type":"Feature","geometry":{"type":"Point","coordinates":[16.873071,52.457701]},"properties":{"lines":"146, 160, 168, 216","color":"#0059a9","mode":"bus","arr":["146","160","168","216"],"angle":41}},{"type":"Feature","geometry":{"type":"Point","coordinates":[16.869463,52.459608]},"properties":{"lines":"146, 160, 168, 216","color":"#0059a9","mode":"bus","arr":["146","160","168","216"],"angle":40.8,"extra":1}},{"type":"Feature","geometry":{"type":"Point","coordinates":[16.879512,52.458844]},"properties":{"lines":"146, 183","color":"#0059a9","mode":"bus","arr":["146","183"],"angle":-54.2}},{"type":"Feature","geometry":{"type":"Point","coordinates":[16.881886,52.459711]},"properties":{"lines":"146, 178, 183","color":"#0059a9","mode":"bus","arr":["146","178","183"],"angle":-42.9}},{"type":"Feature","geometry":{"type":"Point","coordinates":[16.885418,52.462028]},"properties":{"lines":"146, 178","color":"#0059a9","mode":"bus","arr":["146","178"],"angle":-34.3}},{"type":"Feature","geometry":{"type":"Point","coordinates":[16.889401,52.463677]},"properties":{"lines":"146, 178","color":"#0059a9","mode":"bus","arr":["146","178"],"angle":-27.1}},{"type":"Feature","geometry":{"type":"Point","coordinates":[16.893887,52.460152]},"properties":{"lines":"146, 178, 832, 907","color":"#0059a9","mode":"bus","arr":["146","178","832","907"],"angle":55.4}},{"type":"Feature","geometry":{"type":"Point","coordinates":[16.898053,52.461644]},"properties":{"lines":"146, 832, 907","color":"#0059a9","mode":"bus","arr":["146","832","907"],"angle":-65.5}},{"type":"Feature","geometry":{"type":"Point","coordinates":[16.902182,52.465261]},"properties":{"lines":"146, 188, 832, 901, 902, 904, 905, 907","color":"#0059a9","mode":"bus","arr":["146","188","832","901","902","904","905","907"],"angle":-2.9}},{"type":"Feature","geometry":{"type":"Point","coordinates":[16.903606,52.46243]},"properties":{"lines":"146, 188, 190, 193, 215, 901, 902, 904, 905","color":"#0059a9","mode":"bus","arr":["146","188","190","193","215","901","902","904","905"],"angle":89}},{"type":"Feature","geometry":{"type":"Point","coordinates":[16.909726,52.460238]},"properties":{"lines":"146, 151, 185, 188, 901, 902, 904, 905","color":"#0059a9","mode":"bus","arr":["146","151","185","188","901","902","904","905"],"angle":-0.3}},{"type":"Feature","geometry":{"type":"Point","coordinates":[16.916545,52.460446]},"properties":{"lines":"146, 151, 174, 185, 188, 191, 198, 218, 348, 901, 902, 904, 905","color":"#0059a9","mode":"bus","arr":["146","151","174","185","188","191","198","218","348","901","902","904","905"],"angle":-1.3}},{"type":"Feature","geometry":{"type":"Point","coordinates":[16.923698,52.450867]},"properties":{"lines":"146, 151, 185","color":"#0059a9","mode":"bus","arr":["146","151","185"],"angle":-0.8}},{"type":"Feature","geometry":{"type":"Point","coordinates":[16.931275,52.451065]},"properties":{"lines":"146, 151, 218","color":"#0059a9","mode":"bus","arr":["146","151","218"],"angle":-14.7}},{"type":"Feature","geometry":{"type":"Point","coordinates":[16.939686,52.449447]},"properties":{"lines":"146, 151, 169, 218","color":"#0059a9","mode":"bus","arr":["146","151","169","218"],"angle":37.4}},{"type":"Feature","geometry":{"type":"Point","coordinates":[16.935015,52.451617]},"properties":{"lines":"146, 151, 169, 218","color":"#0059a9","mode":"bus","arr":["146","151","169","218"],"angle":36.6,"extra":1}},{"type":"Feature","geometry":{"type":"Point","coordinates":[16.94519,52.446358]},"properties":{"lines":"146, 151, 167, 169, 214, 218, 224, 911","color":"#0059a9","mode":"bus","arr":["146","151","167","169","214","218","224","911"],"angle":89.4}},{"type":"Feature","geometry":{"type":"Point","coordinates":[16.946854,52.445693]},"properties":{"lines":"146, 151","color":"#0059a9","mode":"bus","arr":["146","151"],"angle":-75.4}},{"type":"Feature","geometry":{"type":"Point","coordinates":[16.947709,52.448305]},"properties":{"lines":"146, 151, 167, 214, 224, 911","color":"#0059a9","mode":"bus","arr":["146","151","167","214","224","911"],"angle":-86.4}},{"type":"Feature","geometry":{"type":"Point","coordinates":[16.947835,52.453166]},"properties":{"lines":"146, 167, 214, 224, 911","color":"#0059a9","mode":"bus","arr":["146","167","214","224","911"],"angle":-89.6}},{"type":"Feature","geometry":{"type":"Point","coordinates":[16.949434,52.456566]},"properties":{"lines":"146, 224","color":"#0059a9","mode":"bus","arr":["146","224"],"angle":0.5}},{"type":"Feature","geometry":{"type":"Point","coordinates":[16.87217,52.460932]},"properties":{"lines":"146, 160, 216","color":"#0059a9","mode":"bus","arr":["146","160","216"],"angle":37.4}},{"type":"Feature","geometry":{"type":"Point","coordinates":[16.912787,52.405189]},"properties":{"lines":"148, 159, 168, 216, 219, 226","color":"#0059a9","mode":"bus","arr":["148","159","168","216","219","226"],"angle":-78.5}},{"type":"Feature","geometry":{"type":"Point","coordinates":[16.913688,52.407833]},"properties":{"lines":"148, 159, 168, 215, 216, 219, 226","color":"#0059a9","mode":"bus","arr":["148","159","168","215","216","219","226"],"angle":21.3}},{"type":"Feature","geometry":{"type":"Point","coordinates":[16.911433,52.406539]},"properties":{"lines":"148, 159, 163, 164, 169, 212, 222","color":"#0059a9","mode":"bus","arr":["148","159","163","164","169","212","222"],"angle":-0.9}},{"type":"Feature","geometry":{"type":"Point","coordinates":[16.909029,52.406755]},"properties":{"lines":"148, 159, 163, 169, 177, 212, 222","color":"#0059a9","mode":"bus","arr":["148","159","163","169","177","212","222"],"angle":12.9}},{"type":"Feature","geometry":{"type":"Point","coordinates":[16.882624,52.410449]},"properties":{"lines":"148, 159, 163, 177, 212, 222","color":"#0059a9","mode":"bus","arr":["148","159","163","177","212","222"],"angle":12.8}},{"type":"Feature","geometry":{"type":"Point","coordinates":[16.87411,52.411649]},"properties":{"lines":"148, 159, 177, 191, 193, 729","color":"#0059a9","mode":"bus","arr":["148","159","177","191","193","729"],"angle":12.8}},{"type":"Feature","geometry":{"type":"Point","coordinates":[16.868883,52.410183]},"properties":{"lines":"148, 191, 222","color":"#0059a9","mode":"bus","arr":["148","191","222"],"angle":-75.8}},{"type":"Feature","geometry":{"type":"Point","coordinates":[16.867797,52.406275]},"properties":{"lines":"148, 191, 193, 222","color":"#0059a9","mode":"bus","arr":["148","191","193","222"],"angle":-82}},{"type":"Feature","geometry":{"type":"Point","coordinates":[16.856644,52.404878]},"properties":{"lines":"148","color":"#0059a9","mode":"bus","arr":["148"],"angle":30.6}},{"type":"Feature","geometry":{"type":"Point","coordinates":[16.863103,52.405125]},"properties":{"lines":"148","color":"#0059a9","mode":"bus","arr":["148"],"angle":23,"extra":1}},{"type":"Feature","geometry":{"type":"Point","coordinates":[16.849785,52.406732]},"properties":{"lines":"148","color":"#0059a9","mode":"bus","arr":["148"],"angle":18.9,"extra":1}},{"type":"Feature","geometry":{"type":"Point","coordinates":[16.837512,52.409188]},"properties":{"lines":"148, 177, 222","color":"#0059a9","mode":"bus","arr":["148","177","222"],"angle":21.9}},{"type":"Feature","geometry":{"type":"Point","coordinates":[16.832983,52.412582]},"properties":{"lines":"148, 222, 729","color":"#0059a9","mode":"bus","arr":["148","222","729"],"angle":-34.3}},{"type":"Feature","geometry":{"type":"Point","coordinates":[16.829347,52.414116]},"properties":{"lines":"148, 159, 222","color":"#0059a9","mode":"bus","arr":["148","159","222"],"angle":50.9}},{"type":"Feature","geometry":{"type":"Point","coordinates":[16.817581,52.413371]},"properties":{"lines":"148, 222","color":"#0059a9","mode":"bus","arr":["148","222"],"angle":-5.4}},{"type":"Feature","geometry":{"type":"Point","coordinates":[16.822207,52.409353]},"properties":{"lines":"148, 222","color":"#0059a9","mode":"bus","arr":["148","222"],"angle":29.4,"extra":1}},{"type":"Feature","geometry":{"type":"Point","coordinates":[16.827188,52.410906]},"properties":{"lines":"148, 177, 222, 729","color":"#0059a9","mode":"bus","arr":["148","177","222","729"],"angle":-27.4}},{"type":"Feature","geometry":{"type":"Point","coordinates":[16.88227,52.382597]},"properties":{"lines":"149, 163, 175, 180, 182, 193, 213, 223, 610, 614, 616, 701 +5","color":"#0059a9","mode":"bus","arr":["149","163","175","180","182","193","213","223","610","614","616","701","702","703","704","707","710"],"angle":-40.7}},{"type":"Feature","geometry":{"type":"Point","coordinates":[16.884622,52.383058]},"properties":{"lines":"149, 175, 180, 213, 223, 610, 614, 616, 701, 702, 703, 704, 707, 710","color":"#0059a9","mode":"bus","arr":["149","175","180","213","223","610","614","616","701","702","703","704","707","710"],"angle":60.4}},{"type":"Feature","geometry":{"type":"Point","coordinates":[16.880926,52.381054]},"properties":{"lines":"149, 175, 180, 213, 610, 614, 616, 701, 702, 703, 704, 707, 710","color":"#0059a9","mode":"bus","arr":["149","175","180","213","610","614","616","701","702","703","704","707","710"],"angle":-41.4}},{"type":"Feature","geometry":{"type":"Point","coordinates":[16.882146,52.381484]},"properties":{"lines":"149, 175, 180, 213, 610, 614, 616, 701, 702, 703, 704, 707, 710","color":"#0059a9","mode":"bus","arr":["149","175","180","213","610","614","616","701","702","703","704","707","710"],"angle":-41}},{"type":"Feature","geometry":{"type":"Point","coordinates":[16.872733,52.376422]},"properties":{"lines":"149, 180, 610, 616, 702, 703, 704, 707, 710","color":"#0059a9","mode":"bus","arr":["149","180","610","616","702","703","704","707","710"],"angle":-41.4}},{"type":"Feature","geometry":{"type":"Point","coordinates":[16.868081,52.37418]},"properties":{"lines":"149, 180, 610, 616, 702, 703, 704, 707, 710","color":"#0059a9","mode":"bus","arr":["149","180","610","616","702","703","704","707","710"],"angle":-32.7,"extra":1}},{"type":"Feature","geometry":{"type":"Point","coordinates":[16.869128,52.374358]},"properties":{"lines":"149, 180, 610, 616, 702, 703, 704, 707, 710","color":"#0059a9","mode":"bus","arr":["149","180","610","616","702","703","704","707","710"],"angle":-40.5}},{"type":"Feature","geometry":{"type":"Point","coordinates":[16.866592,52.372492]},"properties":{"lines":"149","color":"#0059a9","mode":"bus","arr":["149"],"angle":14.7}},{"type":"Feature","geometry":{"type":"Point","coordinates":[16.883706,52.365303]},"properties":{"lines":"149","color":"#0059a9","mode":"bus","arr":["149"],"angle":81.2}},{"type":"Feature","geometry":{"type":"Point","coordinates":[16.885275,52.361814]},"properties":{"lines":"149","color":"#0059a9","mode":"bus","arr":["149"],"angle":70.4,"extra":1}},{"type":"Feature","geometry":{"type":"Point","coordinates":[16.89966,52.370525]},"properties":{"lines":"149","color":"#0059a9","mode":"bus","arr":["149"],"angle":31.1}},{"type":"Feature","geometry":{"type":"Point","coordinates":[16.878151,52.37111]},"properties":{"lines":"149","color":"#0059a9","mode":"bus","arr":["149"],"angle":16.7}},{"type":"Feature","geometry":{"type":"Point","coordinates":[16.882573,52.370474]},"properties":{"lines":"149","color":"#0059a9","mode":"bus","arr":["149"],"angle":-2,"extra":1}},{"type":"Feature","geometry":{"type":"Point","coordinates":[16.892012,52.363359]},"properties":{"lines":"149, 175, 213, 611, 614, 701","color":"#0059a9","mode":"bus","arr":["149","175","213","611","614","701"],"angle":-54.8}},{"type":"Feature","geometry":{"type":"Point","coordinates":[16.894938,52.365799]},"properties":{"lines":"149, 175, 213, 611, 614, 701","color":"#0059a9","mode":"bus","arr":["149","175","213","611","614","701"],"angle":-52.5,"extra":1}},{"type":"Feature","geometry":{"type":"Point","coordinates":[16.892454,52.370218]},"properties":{"lines":"149, 179, 614, 701","color":"#0059a9","mode":"bus","arr":["149","179","614","701"],"angle":61.2}},{"type":"Feature","geometry":{"type":"Point","coordinates":[16.893591,52.373422]},"properties":{"lines":"149, 179, 614, 701","color":"#0059a9","mode":"bus","arr":["149","179","614","701"],"angle":-72.9,"extra":1}},{"type":"Feature","geometry":{"type":"Point","coordinates":[16.908338,52.365341]},"properties":{"lines":"149, 171, 176, 215, 603, PKS","color":"#0059a9","mode":"bus","arr":["149","171","176","215","603","PKS"],"angle":-86}},{"type":"Feature","geometry":{"type":"Point","coordinates":[16.905496,52.362887]},"properties":{"lines":"149, 171, 176, 215, 603, PKS","color":"#0059a9","mode":"bus","arr":["149","171","176","215","603","PKS"],"angle":-4.1,"extra":1}},{"type":"Feature","geometry":{"type":"Point","coordinates":[16.903869,52.367229]},"properties":{"lines":"149, 602, 610, 651","color":"#0059a9","mode":"bus","arr":["149","602","610","651"],"angle":86.9}},{"type":"Feature","geometry":{"type":"Point","coordinates":[16.903501,52.370237]},"properties":{"lines":"149, 602, 610, 651","color":"#0059a9","mode":"bus","arr":["149","602","610","651"],"angle":81.9,"extra":1}},{"type":"Feature","geometry":{"type":"Point","coordinates":[16.881557,52.381643]},"properties":{"lines":"213, 223","color":"#0059a9","mode":"bus","arr":["213","223"],"angle":-37.5}},{"type":"Feature","geometry":{"type":"Point","coordinates":[16.91574,52.464963]},"properties":{"lines":"151, 174, 185, 188, 190, 191, 193, 198, 215, 218, 348, 832 +5","color":"#0059a9","mode":"bus","arr":["151","174","185","188","190","191","193","198","215","218","348","832","901","902","904","905","907"],"angle":3.3}},{"type":"Feature","geometry":{"type":"Point","coordinates":[16.917504,52.465032]},"properties":{"lines":"151, 185, 188, 901, 902, 904, 905","color":"#0059a9","mode":"bus","arr":["151","185","188","901","902","904","905"],"angle":18.9}},{"type":"Feature","geometry":{"type":"Point","coordinates":[16.917794,52.462797]},"properties":{"lines":"151, 185, 188, 901, 902, 904, 905","color":"#0059a9","mode":"bus","arr":["151","185","188","901","902","904","905"],"angle":-86.2}},{"type":"Feature","geometry":{"type":"Point","coordinates":[16.904245,52.456772]},"properties":{"lines":"151, 185, 190, 193, 215","color":"#0059a9","mode":"bus","arr":["151","185","190","193","215"],"angle":-88.2}},{"type":"Feature","geometry":{"type":"Point","coordinates":[16.91052,52.453463]},"properties":{"lines":"151, 185, 190, 193, 215","color":"#0059a9","mode":"bus","arr":["151","185","190","193","215"],"angle":14.5}},{"type":"Feature","geometry":{"type":"Point","coordinates":[16.914002,52.446669]},"properties":{"lines":"190, 193, 215","color":"#0059a9","mode":"bus","arr":["190","193","215"],"angle":77}},{"type":"Feature","geometry":{"type":"Point","coordinates":[16.912702,52.450214]},"properties":{"lines":"190, 193, 215","color":"#0059a9","mode":"bus","arr":["190","193","215"],"angle":77,"extra":1}},{"type":"Feature","geometry":{"type":"Point","coordinates":[16.904178,52.459155]},"properties":{"lines":"190, 193, 215","color":"#0059a9","mode":"bus","arr":["190","193","215"],"angle":87.5}},{"type":"Feature","geometry":{"type":"Point","coordinates":[16.917183,52.450803]},"properties":{"lines":"151, 185","color":"#0059a9","mode":"bus","arr":["151","185"],"angle":29.3}},{"type":"Feature","geometry":{"type":"Point","coordinates":[16.949318,52.449986]},"properties":{"lines":"151","color":"#0059a9","mode":"bus","arr":["151"],"angle":-14.5}},{"type":"Feature","geometry":{"type":"Point","coordinates":[16.956445,52.449636]},"properties":{"lines":"151","color":"#0059a9","mode":"bus","arr":["151"],"angle":8.8}},{"type":"Feature","geometry":{"type":"Point","coordinates":[16.959563,52.443004]},"properties":{"lines":"151","color":"#0059a9","mode":"bus","arr":["151"],"angle":-59.2}},{"type":"Feature","geometry":{"type":"Point","coordinates":[16.961444,52.446797]},"properties":{"lines":"151","color":"#0059a9","mode":"bus","arr":["151"],"angle":-82.6,"extra":1}},{"type":"Feature","geometry":{"type":"Point","coordinates":[16.950989,52.444871]},"properties":{"lines":"151","color":"#0059a9","mode":"bus","arr":["151"],"angle":-12.1,"extra":1}},{"type":"Feature","geometry":{"type":"Point","coordinates":[16.949334,52.44357]},"properties":{"lines":"151","color":"#0059a9","mode":"bus","arr":["151"],"angle":-73.9}},{"type":"Feature","geometry":{"type":"Point","coordinates":[16.947366,52.442298]},"properties":{"lines":"151, 224","color":"#0059a9","mode":"bus","arr":["151","224"],"angle":5.1}},{"type":"Feature","geometry":{"type":"Point","coordinates":[16.945837,52.443845]},"properties":{"lines":"151, 167, 169, 214, 218, 224, 911","color":"#0059a9","mode":"bus","arr":["151","167","169","214","218","224","911"],"angle":80}},{"type":"Feature","geometry":{"type":"Point","coordinates":[17.023967,52.390216]},"properties":{"lines":"152, 425","color":"#0059a9","mode":"bus","arr":["152","425"],"angle":48.1}},{"type":"Feature","geometry":{"type":"Point","coordinates":[17.019418,52.390952]},"properties":{"lines":"152, 425","color":"#0059a9","mode":"bus","arr":["152","425"],"angle":-4.8,"extra":1}},{"type":"Feature","geometry":{"type":"Point","coordinates":[17.014784,52.391719]},"properties":{"lines":"152, 166, 222","color":"#0059a9","mode":"bus","arr":["152","166","222"],"angle":81.5}},{"type":"Feature","geometry":{"type":"Point","coordinates":[17.000532,52.39176]},"properties":{"lines":"152, 157","color":"#0059a9","mode":"bus","arr":["152","157"],"angle":19.7}},{"type":"Feature","geometry":{"type":"Point","coordinates":[16.994504,52.390686]},"properties":{"lines":"152, 166, 181, 212, 218, 222","color":"#0059a9","mode":"bus","arr":["152","166","181","212","218","222"],"angle":-69.1}},{"type":"Feature","geometry":{"type":"Point","coordinates":[16.99061,52.386799]},"properties":{"lines":"152, 184, 218, T1","color":"#0059a9","mode":"bus","arr":["152","184","218","T1"],"angle":-62.2}},{"type":"Feature","geometry":{"type":"Point","coordinates":[16.970014,52.377341]},"properties":{"lines":"152, 184, 218","color":"#0059a9","mode":"bus","arr":["152","184","218"],"angle":-34.7}},{"type":"Feature","geometry":{"type":"Point","coordinates":[16.984088,52.383331]},"properties":{"lines":"152, 184, 218","color":"#0059a9","mode":"bus","arr":["152","184","218"],"angle":-34.7,"extra":1}},{"type":"Feature","geometry":{"type":"Point","coordinates":[16.96596,52.375668]},"properties":{"lines":"152, 184, 218","color":"#0059a9","mode":"bus","arr":["152","184","218"],"angle":-34.4,"extra":1}},{"type":"Feature","geometry":{"type":"Point","coordinates":[16.960508,52.375845]},"properties":{"lines":"152, 174, 184, 218","color":"#0059a9","mode":"bus","arr":["152","174","184","218"],"angle":47}},{"type":"Feature","geometry":{"type":"Point","coordinates":[16.956169,52.379278]},"properties":{"lines":"152, 174, 184, 217, 218","color":"#0059a9","mode":"bus","arr":["152","174","184","217","218"],"angle":-86.5}},{"type":"Feature","geometry":{"type":"Point","coordinates":[16.959104,52.382339]},"properties":{"lines":"152","color":"#0059a9","mode":"bus","arr":["152"],"angle":-41.6}},{"type":"Feature","geometry":{"type":"Point","coordinates":[16.961327,52.383547]},"properties":{"lines":"152","color":"#0059a9","mode":"bus","arr":["152"],"angle":16.5}},{"type":"Feature","geometry":{"type":"Point","coordinates":[16.957478,52.390237]},"properties":{"lines":"152, 162, 166, 181, 196, 212, 222","color":"#0059a9","mode":"bus","arr":["152","162","166","181","196","212","222"],"angle":48.1}},{"type":"Feature","geometry":{"type":"Point","coordinates":[16.961193,52.387012]},"properties":{"lines":"152, 162, 166, 181, 196, 212, 222","color":"#0059a9","mode":"bus","arr":["152","162","166","181","196","212","222"],"angle":55.4,"extra":1}},{"type":"Feature","geometry":{"type":"Point","coordinates":[16.949352,52.393372]},"properties":{"lines":"152, 162, 166, 181, 196, 212, 222","color":"#0059a9","mode":"bus","arr":["152","162","166","181","196","212","222"],"angle":66.4,"extra":1}},{"type":"Feature","geometry":{"type":"Point","coordinates":[16.949617,52.394418]},"properties":{"lines":"152, 162, 166, 174, 181, 184, 190, 196, 212, 217, 221, 222","color":"#0059a9","mode":"bus","arr":["152","162","166","174","181","184","190","196","212","217","221","222"],"angle":-65}},{"type":"Feature","geometry":{"type":"Point","coordinates":[16.950394,52.396939]},"properties":{"lines":"152, 154, 162, 166, 167, 181, 184, 196, 227, 425, 431, 432 +8","color":"#0059a9","mode":"bus","arr":["152","154","162","166","167","181","184","196","227","425","431","432","433","501","502","503","511","512","560","911"],"angle":-47.4}},{"type":"Feature","geometry":{"type":"Point","coordinates":[16.950616,52.397513]},"properties":{"lines":"152, 154, 162, 166, 167, 181, 184, 196, 227, 425, 431, 432 +8","color":"#0059a9","mode":"bus","arr":["152","154","162","166","167","181","184","196","227","425","431","432","433","501","502","503","511","512","560","911"],"angle":-46.5}},{"type":"Feature","geometry":{"type":"Point","coordinates":[16.950359,52.395619]},"properties":{"lines":"152, 162, 166, 181, 184, 196, 217, 221","color":"#0059a9","mode":"bus","arr":["152","162","166","181","184","196","217","221"],"angle":-70}},{"type":"Feature","geometry":{"type":"Point","coordinates":[16.94665,52.388733]},"properties":{"lines":"174, 184, 190, 217, 221","color":"#0059a9","mode":"bus","arr":["174","184","190","217","221"],"angle":-74.5}},{"type":"Feature","geometry":{"type":"Point","coordinates":[16.947683,52.391476]},"properties":{"lines":"174, 184, 190, 217, 221","color":"#0059a9","mode":"bus","arr":["174","184","190","217","221"],"angle":-69.6,"extra":1}},{"type":"Feature","geometry":{"type":"Point","coordinates":[17.040662,52.396398]},"properties":{"lines":"425","color":"#0059a9","mode":"bus","arr":["425"],"angle":-35.6}},{"type":"Feature","geometry":{"type":"Point","coordinates":[17.032416,52.390177]},"properties":{"lines":"425","color":"#0059a9","mode":"bus","arr":["425"],"angle":-50.2,"extra":1}},{"type":"Feature","geometry":{"type":"Point","coordinates":[17.036038,52.393811]},"properties":{"lines":"425","color":"#0059a9","mode":"bus","arr":["425"],"angle":-65.1,"extra":1}},{"type":"Feature","geometry":{"type":"Point","coordinates":[17.048754,52.39986]},"properties":{"lines":"425","color":"#0059a9","mode":"bus","arr":["425"],"angle":-36.2,"extra":1}},{"type":"Feature","geometry":{"type":"Point","coordinates":[17.055724,52.401819]},"properties":{"lines":"425","color":"#0059a9","mode":"bus","arr":["425"],"angle":62.6,"extra":1}},{"type":"Feature","geometry":{"type":"Point","coordinates":[17.056045,52.400741]},"properties":{"lines":"425","color":"#0059a9","mode":"bus","arr":["425"],"angle":68.7}},{"type":"Feature","geometry":{"type":"Point","coordinates":[16.977739,52.381386]},"properties":{"lines":"425","color":"#0059a9","mode":"bus","arr":["425"],"angle":-0.9}},{"type":"Feature","geometry":{"type":"Point","coordinates":[16.977244,52.379953]},"properties":{"lines":"425","color":"#0059a9","mode":"bus","arr":["425"],"angle":53.6}},{"type":"Feature","geometry":{"type":"Point","coordinates":[16.946767,52.322859]},"properties":{"lines":"153, 158, 221","color":"#0059a9","mode":"bus","arr":["153","158","221"],"angle":63.3}},{"type":"Feature","geometry":{"type":"Point","coordinates":[16.920443,52.339865]},"properties":{"lines":"153, 158, 221","color":"#0059a9","mode":"bus","arr":["153","158","221"],"angle":60.3,"extra":1}},{"type":"Feature","geometry":{"type":"Point","coordinates":[16.924493,52.335578]},"properties":{"lines":"153, 158, 221","color":"#0059a9","mode":"bus","arr":["153","158","221"],"angle":59.8,"extra":1}},{"type":"Feature","geometry":{"type":"Point","coordinates":[16.930925,52.333014]},"properties":{"lines":"153, 158, 221","color":"#0059a9","mode":"bus","arr":["153","158","221"],"angle":17.3,"extra":1}},{"type":"Feature","geometry":{"type":"Point","coordinates":[16.937407,52.330075]},"properties":{"lines":"153, 158, 221","color":"#0059a9","mode":"bus","arr":["153","158","221"],"angle":38.4,"extra":1}},{"type":"Feature","geometry":{"type":"Point","coordinates":[16.942574,52.326312]},"properties":{"lines":"153, 158, 221","color":"#0059a9","mode":"bus","arr":["153","158","221"],"angle":45.1,"extra":1}},{"type":"Feature","geometry":{"type":"Point","coordinates":[16.952596,52.318715]},"properties":{"lines":"153, 158, 221","color":"#0059a9","mode":"bus","arr":["153","158","221"],"angle":26.8,"extra":1}},{"type":"Feature","geometry":{"type":"Point","coordinates":[16.959341,52.315989]},"properties":{"lines":"153, 158, 221","color":"#0059a9","mode":"bus","arr":["153","158","221"],"angle":28.8,"extra":1}},{"type":"Feature","geometry":{"type":"Point","coordinates":[16.966374,52.313523]},"properties":{"lines":"153, 158, 221","color":"#0059a9","mode":"bus","arr":["153","158","221"],"angle":28.2,"extra":1}},{"type":"Feature","geometry":{"type":"Point","coordinates":[16.973836,52.311582]},"properties":{"lines":"153, 158, 221","color":"#0059a9","mode":"bus","arr":["153","158","221"],"angle":22.4,"extra":1}},{"type":"Feature","geometry":{"type":"Point","coordinates":[16.980378,52.308813]},"properties":{"lines":"153, 158, 221","color":"#0059a9","mode":"bus","arr":["153","158","221"],"angle":38,"extra":1}},{"type":"Feature","geometry":{"type":"Point","coordinates":[16.982628,52.308085]},"properties":{"lines":"153, 158, 221","color":"#0059a9","mode":"bus","arr":["153","158","221"],"angle":86.1}},{"type":"Feature","geometry":{"type":"Point","coordinates":[16.91814,52.344563]},"properties":{"lines":"153, 158, 194, 221, 527","color":"#0059a9","mode":"bus","arr":["153","158","194","221","527"],"angle":-87.7}},{"type":"Feature","geometry":{"type":"Point","coordinates":[16.939233,52.342772]},"properties":{"lines":"153, 194","color":"#0059a9","mode":"bus","arr":["153","194"],"angle":-5.8}},{"type":"Feature","geometry":{"type":"Point","coordinates":[16.922827,52.345885]},"properties":{"lines":"153, 194","color":"#0059a9","mode":"bus","arr":["153","194"],"angle":17.5,"extra":1}},{"type":"Feature","geometry":{"type":"Point","coordinates":[16.930572,52.344408]},"properties":{"lines":"153, 194","color":"#0059a9","mode":"bus","arr":["153","194"],"angle":17.2,"extra":1}},{"type":"Feature","geometry":{"type":"Point","coordinates":[16.940734,52.346889]},"properties":{"lines":"153, 194","color":"#0059a9","mode":"bus","arr":["153","194"],"angle":-79.8,"extra":1}},{"type":"Feature","geometry":{"type":"Point","coordinates":[16.942152,52.35176]},"properties":{"lines":"153, 194","color":"#0059a9","mode":"bus","arr":["153","194"],"angle":-80,"extra":1}},{"type":"Feature","geometry":{"type":"Point","coordinates":[16.940443,52.343951]},"properties":{"lines":"153, 194","color":"#0059a9","mode":"bus","arr":["153","194"],"angle":-75}},{"type":"Feature","geometry":{"type":"Point","coordinates":[16.946095,52.361834]},"properties":{"lines":"153, 189","color":"#0059a9","mode":"bus","arr":["153","189"],"angle":49.5}},{"type":"Feature","geometry":{"type":"Point","coordinates":[16.944927,52.357928]},"properties":{"lines":"153, 189","color":"#0059a9","mode":"bus","arr":["153","189"],"angle":-66.8,"extra":1}},{"type":"Feature","geometry":{"type":"Point","coordinates":[16.949849,52.36594]},"properties":{"lines":"153, 189","color":"#0059a9","mode":"bus","arr":["153","189"],"angle":52.8,"extra":1}},{"type":"Feature","geometry":{"type":"Point","coordinates":[16.949206,52.371907]},"properties":{"lines":"153","color":"#0059a9","mode":"bus","arr":["153"],"angle":60.9}},{"type":"Feature","geometry":{"type":"Point","coordinates":[16.940604,52.367484]},"properties":{"lines":"153, 217","color":"#0059a9","mode":"bus","arr":["153","217"],"angle":16.6}},{"type":"Feature","geometry":{"type":"Point","coordinates":[16.949065,52.367918]},"properties":{"lines":"153, 189, 217","color":"#0059a9","mode":"bus","arr":["153","189","217"],"angle":-34.8}},{"type":"Feature","geometry":{"type":"Point","coordinates":[16.948439,52.370484]},"properties":{"lines":"153, 174, 189, 217","color":"#0059a9","mode":"bus","arr":["153","174","189","217"],"angle":-77.6}},{"type":"Feature","geometry":{"type":"Point","coordinates":[16.950125,52.372406]},"properties":{"lines":"153, 174, 189","color":"#0059a9","mode":"bus","arr":["153","174","189"],"angle":55.1}},{"type":"Feature","geometry":{"type":"Point","coordinates":[17.011405,52.354678]},"properties":{"lines":"220","color":"#0059a9","mode":"bus","arr":["220"],"angle":23.4}},{"type":"Feature","geometry":{"type":"Point","coordinates":[17.018657,52.352429]},"properties":{"lines":"220","color":"#0059a9","mode":"bus","arr":["220"],"angle":32.1,"extra":1}},{"type":"Feature","geometry":{"type":"Point","coordinates":[17.003991,52.356612]},"properties":{"lines":"220","color":"#0059a9","mode":"bus","arr":["220"],"angle":22.5,"extra":1}},{"type":"Feature","geometry":{"type":"Point","coordinates":[16.965489,52.388392]},"properties":{"lines":"220","color":"#0059a9","mode":"bus","arr":["220"],"angle":49.7}},{"type":"Feature","geometry":{"type":"Point","coordinates":[17.025914,52.351116]},"properties":{"lines":"154, 220","color":"#0059a9","mode":"bus","arr":["154","220"],"angle":-76.7}},{"type":"Feature","geometry":{"type":"Point","coordinates":[16.964866,52.391623]},"properties":{"lines":"154, 220","color":"#0059a9","mode":"bus","arr":["154","220"],"angle":68.7}},{"type":"Feature","geometry":{"type":"Point","coordinates":[16.95938,52.393917]},"properties":{"lines":"154, 220","color":"#0059a9","mode":"bus","arr":["154","220"],"angle":23.3}},{"type":"Feature","geometry":{"type":"Point","coordinates":[17.019282,52.359913]},"properties":{"lines":"154, 220, 431, 432, 433","color":"#0059a9","mode":"bus","arr":["154","220","431","432","433"],"angle":38.5}},{"type":"Feature","geometry":{"type":"Point","coordinates":[17.025414,52.356961]},"properties":{"lines":"154, 220, 431, 432, 433","color":"#0059a9","mode":"bus","arr":["154","220","431","432","433"],"angle":38.4,"extra":1}},{"type":"Feature","geometry":{"type":"Point","coordinates":[17.012679,52.363092]},"properties":{"lines":"154, 220, 431, 432, 433","color":"#0059a9","mode":"bus","arr":["154","220","431","432","433"],"angle":38.3,"extra":1}},{"type":"Feature","geometry":{"type":"Point","coordinates":[16.979171,52.3789]},"properties":{"lines":"154, 162, 196, 220, 431, 432, 433, 501, 502, 503, 511, 512, 560, 561","color":"#0059a9","mode":"bus","arr":["154","162","196","220","431","432","433","501","502","503","511","512","560","561"],"angle":53.7}},{"type":"Feature","geometry":{"type":"Point","coordinates":[16.976084,52.381455]},"properties":{"lines":"154, 162, 196, 220, 431, 432, 433, 501, 502, 503, 511, 512, 560, 561","color":"#0059a9","mode":"bus","arr":["154","162","196","220","431","432","433","501","502","503","511","512","560","561"],"angle":53.6,"extra":1}},{"type":"Feature","geometry":{"type":"Point","coordinates":[16.974559,52.382728]},"properties":{"lines":"154, 162, 196, 220, 425, 431, 432, 433, 501, 502, 503, 511 +3","color":"#0059a9","mode":"bus","arr":["154","162","196","220","425","431","432","433","501","502","503","511","512","560","561"],"angle":53.2}},{"type":"Feature","geometry":{"type":"Point","coordinates":[16.974076,52.38428]},"properties":{"lines":"154, 162, 196, 220","color":"#0059a9","mode":"bus","arr":["154","162","196","220"],"angle":-81.9}},{"type":"Feature","geometry":{"type":"Point","coordinates":[16.971864,52.38333]},"properties":{"lines":"154, 162, 196, 220","color":"#0059a9","mode":"bus","arr":["154","162","196","220"],"angle":8.9}},{"type":"Feature","geometry":{"type":"Point","coordinates":[16.976343,52.386684]},"properties":{"lines":"154, 162, 166, 196, T1","color":"#0059a9","mode":"bus","arr":["154","162","166","196","T1"],"angle":-55.4}},{"type":"Feature","geometry":{"type":"Point","coordinates":[16.974035,52.391779]},"properties":{"lines":"154, 162, 181, 196, 212, 222","color":"#0059a9","mode":"bus","arr":["154","162","181","196","212","222"],"angle":21.3}},{"type":"Feature","geometry":{"type":"Point","coordinates":[16.969429,52.391525]},"properties":{"lines":"154, 162, 181, 196, 212, 222","color":"#0059a9","mode":"bus","arr":["154","162","181","196","212","222"],"angle":-47.6,"extra":1}},{"type":"Feature","geometry":{"type":"Point","coordinates":[16.968432,52.390858]},"properties":{"lines":"154, 162, 181, 196, 212, 222","color":"#0059a9","mode":"bus","arr":["154","162","181","196","212","222"],"angle":44.3}},{"type":"Feature","geometry":{"type":"Point","coordinates":[16.953955,52.394635]},"properties":{"lines":"154, 220, 425, 431, 432, 433, 501, 502, 503, 511, 512, 560, 561","color":"#0059a9","mode":"bus","arr":["154","220","425","431","432","433","501","502","503","511","512","560","561"],"angle":27.3}},{"type":"Feature","geometry":{"type":"Point","coordinates":[16.953861,52.394488]},"properties":{"lines":"154, 220, 425, 431, 432, 433, 501, 502, 503, 511, 512, 560","color":"#0059a9","mode":"bus","arr":["154","220","425","431","432","433","501","502","503","511","512","560"],"angle":26.9}},{"type":"Feature","geometry":{"type":"Point","coordinates":[16.966625,52.388984]},"properties":{"lines":"425, 431, 432, 433, 501, 502, 503, 511, 512, 560","color":"#0059a9","mode":"bus","arr":["425","431","432","433","501","502","503","511","512","560"],"angle":53.8}},{"type":"Feature","geometry":{"type":"Point","coordinates":[16.96087,52.392252]},"properties":{"lines":"425, 431, 432, 433, 501, 502, 503, 511, 512, 560","color":"#0059a9","mode":"bus","arr":["425","431","432","433","501","502","503","511","512","560"],"angle":31.2,"extra":1}},{"type":"Feature","geometry":{"type":"Point","coordinates":[16.971529,52.384897]},"properties":{"lines":"425, 431, 432, 433, 501, 502, 503, 511, 512, 560","color":"#0059a9","mode":"bus","arr":["425","431","432","433","501","502","503","511","512","560"],"angle":53.9,"extra":1}},{"type":"Feature","geometry":{"type":"Point","coordinates":[16.971591,52.384967]},"properties":{"lines":"154, 162, 196, T1","color":"#0059a9","mode":"bus","arr":["154","162","196","T1"],"angle":-35.6}},{"type":"Feature","geometry":{"type":"Point","coordinates":[16.974336,52.382571]},"properties":{"lines":"154, 162, 196, 220, 425, 431, 432, 433, 501, 502, 503, 511, 512, 560","color":"#0059a9","mode":"bus","arr":["154","162","196","220","425","431","432","433","501","502","503","511","512","560"],"angle":53.3}},{"type":"Feature","geometry":{"type":"Point","coordinates":[16.977587,52.379875]},"properties":{"lines":"154, 162, 196, 220, 431, 432, 433, 501, 502, 503, 511, 512, 560","color":"#0059a9","mode":"bus","arr":["154","162","196","220","431","432","433","501","502","503","511","512","560"],"angle":53.9}},{"type":"Feature","geometry":{"type":"Point","coordinates":[16.808816,52.438335]},"properties":{"lines":"156, 186, 833","color":"#0059a9","mode":"bus","arr":["156","186","833"],"angle":85.8}},{"type":"Feature","geometry":{"type":"Point","coordinates":[16.822512,52.435217]},"properties":{"lines":"156, 186, 219","color":"#0059a9","mode":"bus","arr":["156","186","219"],"angle":-1.5}},{"type":"Feature","geometry":{"type":"Point","coordinates":[16.813029,52.435081]},"properties":{"lines":"156, 186, 219","color":"#0059a9","mode":"bus","arr":["156","186","219"],"angle":-1,"extra":1}},{"type":"Feature","geometry":{"type":"Point","coordinates":[16.829253,52.435318]},"properties":{"lines":"156, 186, 219","color":"#0059a9","mode":"bus","arr":["156","186","219"],"angle":-1.4,"extra":1}},{"type":"Feature","geometry":{"type":"Point","coordinates":[16.830896,52.431543]},"properties":{"lines":"156, 186","color":"#0059a9","mode":"bus","arr":["156","186"],"angle":-89.8}},{"type":"Feature","geometry":{"type":"Point","coordinates":[16.853101,52.427922]},"properties":{"lines":"156, 186, 219, 802, 803, 804, 811, 812, 813, 821, 822, 833","color":"#0059a9","mode":"bus","arr":["156","186","219","802","803","804","811","812","813","821","822","833"],"angle":24.1}},{"type":"Feature","geometry":{"type":"Point","coordinates":[16.834967,52.431104]},"properties":{"lines":"156, 186, 219, 802, 803, 804, 811, 812, 813, 821, 822, 833","color":"#0059a9","mode":"bus","arr":["156","186","219","802","803","804","811","812","813","821","822","833"],"angle":-23.5,"extra":1}},{"type":"Feature","geometry":{"type":"Point","coordinates":[16.842681,52.430296]},"properties":{"lines":"156, 186, 219, 802, 803, 804, 811, 812, 813, 821, 822, 833","color":"#0059a9","mode":"bus","arr":["156","186","219","802","803","804","811","812","813","821","822","833"],"angle":16.4,"extra":1}},{"type":"Feature","geometry":{"type":"Point","coordinates":[16.857732,52.42667]},"properties":{"lines":"156, 186, 219, 802, 803, 804, 811, 812, 813, 821, 822, 833","color":"#0059a9","mode":"bus","arr":["156","186","219","802","803","804","811","812","813","821","822","833"],"angle":24.1,"extra":1}},{"type":"Feature","geometry":{"type":"Point","coordinates":[16.864754,52.424211]},"properties":{"lines":"156, 186, 219, 802, 803, 804, 811, 812, 813, 821, 822, 833","color":"#0059a9","mode":"bus","arr":["156","186","219","802","803","804","811","812","813","821","822","833"],"angle":32.3,"extra":1}},{"type":"Feature","geometry":{"type":"Point","coordinates":[16.871511,52.421484]},"properties":{"lines":"156, 186, 219, 802, 803, 804, 811, 812, 813, 821, 822, 833","color":"#0059a9","mode":"bus","arr":["156","186","219","802","803","804","811","812","813","821","822","833"],"angle":32.6,"extra":1}},{"type":"Feature","geometry":{"type":"Point","coordinates":[16.853436,52.428056]},"properties":{"lines":"156, 186, 219, 802, 803, 804, 811, 812, 813, 821, 822, 833","color":"#0059a9","mode":"bus","arr":["156","186","219","802","803","804","811","812","813","821","822","833"],"angle":23.7}},{"type":"Feature","geometry":{"type":"Point","coordinates":[16.870469,52.422206]},"properties":{"lines":"156, 186, 219, 802, 803, 804, 811, 812, 813, 821, 822, 833","color":"#0059a9","mode":"bus","arr":["156","186","219","802","803","804","811","812","813","821","822","833"],"angle":26.6,"extra":1}},{"type":"Feature","geometry":{"type":"Point","coordinates":[16.863564,52.424798]},"properties":{"lines":"156, 186, 219, 802, 803, 804, 811, 812, 813, 821, 822, 833","color":"#0059a9","mode":"bus","arr":["156","186","219","802","803","804","811","812","813","821","822","833"],"angle":32.3,"extra":1}},{"type":"Feature","geometry":{"type":"Point","coordinates":[16.849095,52.429084]},"properties":{"lines":"156, 186, 219, 802, 803, 804, 811, 812, 813, 821, 822, 833","color":"#0059a9","mode":"bus","arr":["156","186","219","802","803","804","811","812","813","821","822","833"],"angle":23.5,"extra":1}},{"type":"Feature","geometry":{"type":"Point","coordinates":[16.841645,52.430984]},"properties":{"lines":"156, 186, 219, 802, 803, 804, 811, 812, 813, 821, 822, 833","color":"#0059a9","mode":"bus","arr":["156","186","219","802","803","804","811","812","813","821","822","833"],"angle":11,"extra":1}},{"type":"Feature","geometry":{"type":"Point","coordinates":[16.833769,52.432027]},"properties":{"lines":"156, 186, 219, 802, 803, 804, 811, 812, 813, 821, 822, 833","color":"#0059a9","mode":"bus","arr":["156","186","219","802","803","804","811","812","813","821","822","833"],"angle":0.5,"extra":1}},{"type":"Feature","geometry":{"type":"Point","coordinates":[16.872847,52.419824]},"properties":{"lines":"156, 186, 219, 833","color":"#0059a9","mode":"bus","arr":["156","186","219","833"],"angle":-71.5}},{"type":"Feature","geometry":{"type":"Point","coordinates":[16.877962,52.419215]},"properties":{"lines":"156, 186, 802, 803, 804, 811, 812, 813, 821, 822, 833","color":"#0059a9","mode":"bus","arr":["156","186","802","803","804","811","812","813","821","822","833"],"angle":32.4}},{"type":"Feature","geometry":{"type":"Point","coordinates":[16.882204,52.417083]},"properties":{"lines":"156, 182, 186, 191, 193, 195, 219, 802, 803, 804, 811, 812 +4","color":"#0059a9","mode":"bus","arr":["156","182","186","191","193","195","219","802","803","804","811","812","813","821","822","833"],"angle":-54.5}},{"type":"Feature","geometry":{"type":"Point","coordinates":[16.992374,52.410052]},"properties":{"lines":"213, 223, 400, 401, 405, 406, 407","color":"#0059a9","mode":"bus","arr":["213","223","400","401","405","406","407"],"angle":-3.3}},{"type":"Feature","geometry":{"type":"Point","coordinates":[16.977169,52.409505]},"properties":{"lines":"213, 223, 400, 401, 405, 406, 407","color":"#0059a9","mode":"bus","arr":["213","223","400","401","405","406","407"],"angle":-3.3}},{"type":"Feature","geometry":{"type":"Point","coordinates":[16.987668,52.409884]},"properties":{"lines":"213, 223, 400, 401, 405, 406, 407","color":"#0059a9","mode":"bus","arr":["213","223","400","401","405","406","407"],"angle":-3.4,"extra":1}},{"type":"Feature","geometry":{"type":"Point","coordinates":[16.971467,52.409302]},"properties":{"lines":"213, 223, 400, 401, 405, 406, 407","color":"#0059a9","mode":"bus","arr":["213","223","400","401","405","406","407"],"angle":-3.4,"extra":1}},{"type":"Feature","geometry":{"type":"Point","coordinates":[16.963365,52.409092]},"properties":{"lines":"213, 223, 400, 401, 405, 406, 407","color":"#0059a9","mode":"bus","arr":["213","223","400","401","405","406","407"],"angle":5.9,"extra":1}},{"type":"Feature","geometry":{"type":"Point","coordinates":[17.006408,52.410402]},"properties":{"lines":"157, 222, 400, 401, 405, 406, 407, 416","color":"#0059a9","mode":"bus","arr":["157","222","400","401","405","406","407","416"],"angle":-3.1}},{"type":"Feature","geometry":{"type":"Point","coordinates":[16.998885,52.410133]},"properties":{"lines":"157, 222, 400, 401, 405, 406, 407, 416","color":"#0059a9","mode":"bus","arr":["157","222","400","401","405","406","407","416"],"angle":-3.4,"extra":1}},{"type":"Feature","geometry":{"type":"Point","coordinates":[17.015086,52.410706]},"properties":{"lines":"157, 222, 400, 401, 405, 406, 407, 416","color":"#0059a9","mode":"bus","arr":["157","222","400","401","405","406","407","416"],"angle":-3.4,"extra":1}},{"type":"Feature","geometry":{"type":"Point","coordinates":[17.019833,52.41047]},"properties":{"lines":"157, 222","color":"#0059a9","mode":"bus","arr":["157","222"],"angle":31.3}},{"type":"Feature","geometry":{"type":"Point","coordinates":[17.01805,52.411335]},"properties":{"lines":"157, 222","color":"#0059a9","mode":"bus","arr":["157","222"],"angle":-46.7}},{"type":"Feature","geometry":{"type":"Point","coordinates":[17.021861,52.410235]},"properties":{"lines":"157, 166, 222","color":"#0059a9","mode":"bus","arr":["157","166","222"],"angle":-4.3}},{"type":"Feature","geometry":{"type":"Point","coordinates":[17.018561,52.401447]},"properties":{"lines":"157, 166, 222","color":"#0059a9","mode":"bus","arr":["157","166","222"],"angle":-74.7}},{"type":"Feature","geometry":{"type":"Point","coordinates":[17.024873,52.408069]},"properties":{"lines":"157, 166, 222","color":"#0059a9","mode":"bus","arr":["157","166","222"],"angle":-73.7,"extra":1}},{"type":"Feature","geometry":{"type":"Point","coordinates":[17.021108,52.403743]},"properties":{"lines":"157, 166, 222","color":"#0059a9","mode":"bus","arr":["157","166","222"],"angle":-55.8,"extra":1}},{"type":"Feature","geometry":{"type":"Point","coordinates":[17.01486,52.39493]},"properties":{"lines":"157, 166, 222","color":"#0059a9","mode":"bus","arr":["157","166","222"],"angle":-49,"extra":1}},{"type":"Feature","geometry":{"type":"Point","coordinates":[17.021111,52.410889]},"properties":{"lines":"166","color":"#0059a9","mode":"bus","arr":["166"],"angle":-41.5}},{"type":"Feature","geometry":{"type":"Point","coordinates":[17.018509,52.411386]},"properties":{"lines":"166","color":"#0059a9","mode":"bus","arr":["166"],"angle":-81.5}},{"type":"Feature","geometry":{"type":"Point","coordinates":[16.965144,52.388176]},"properties":{"lines":"166","color":"#0059a9","mode":"bus","arr":["166"],"angle":-28.2}},{"type":"Feature","geometry":{"type":"Point","coordinates":[16.993229,52.393503]},"properties":{"lines":"157, 166, 181, 212, 218, 222","color":"#0059a9","mode":"bus","arr":["157","166","181","212","218","222"],"angle":17.8}},{"type":"Feature","geometry":{"type":"Point","coordinates":[16.992073,52.391727]},"properties":{"lines":"166, 212, 218, 222","color":"#0059a9","mode":"bus","arr":["166","212","218","222"],"angle":84.2}},{"type":"Feature","geometry":{"type":"Point","coordinates":[16.986924,52.395012]},"properties":{"lines":"157, 181","color":"#0059a9","mode":"bus","arr":["157","181"],"angle":21.2}},{"type":"Feature","geometry":{"type":"Point","coordinates":[16.981617,52.394151]},"properties":{"lines":"181, 184","color":"#0059a9","mode":"bus","arr":["181","184"],"angle":-64.4}},{"type":"Feature","geometry":{"type":"Point","coordinates":[16.988426,52.402843]},"properties":{"lines":"184","color":"#0059a9","mode":"bus","arr":["184"],"angle":25.9}},{"type":"Feature","geometry":{"type":"Point","coordinates":[16.981036,52.40588]},"properties":{"lines":"184","color":"#0059a9","mode":"bus","arr":["184"],"angle":-3.9}},{"type":"Feature","geometry":{"type":"Point","coordinates":[16.971548,52.40885]},"properties":{"lines":"184","color":"#0059a9","mode":"bus","arr":["184"],"angle":20.4}},{"type":"Feature","geometry":{"type":"Point","coordinates":[16.965112,52.408726]},"properties":{"lines":"184","color":"#0059a9","mode":"bus","arr":["184"],"angle":-2.3,"extra":1}},{"type":"Feature","geometry":{"type":"Point","coordinates":[16.976846,52.406185]},"properties":{"lines":"184","color":"#0059a9","mode":"bus","arr":["184"],"angle":85.9,"extra":1}},{"type":"Feature","geometry":{"type":"Point","coordinates":[16.975838,52.405654]},"properties":{"lines":"184","color":"#0059a9","mode":"bus","arr":["184"],"angle":35}},{"type":"Feature","geometry":{"type":"Point","coordinates":[16.968804,52.400212]},"properties":{"lines":"157, 184","color":"#0059a9","mode":"bus","arr":["157","184"],"angle":24.7}},{"type":"Feature","geometry":{"type":"Point","coordinates":[16.95861,52.403202]},"properties":{"lines":"157, 184","color":"#0059a9","mode":"bus","arr":["157","184"],"angle":7.4,"extra":1}},{"type":"Feature","geometry":{"type":"Point","coordinates":[16.973315,52.398978]},"properties":{"lines":"157, 184","color":"#0059a9","mode":"bus","arr":["157","184"],"angle":23.8,"extra":1}},{"type":"Feature","geometry":{"type":"Point","coordinates":[16.980668,52.396896]},"properties":{"lines":"157, 184","color":"#0059a9","mode":"bus","arr":["157","184"],"angle":31.5,"extra":1}},{"type":"Feature","geometry":{"type":"Point","coordinates":[16.954319,52.409799]},"properties":{"lines":"157, 173, 178, 183, 185, 213, 217, 223, 227, 312, 320, 323 +9","color":"#0059a9","mode":"bus","arr":["157","173","178","183","185","213","217","223","227","312","320","323","341","342","400","401","405","406","407","412","T7"],"angle":86}},{"type":"Feature","geometry":{"type":"Point","coordinates":[16.955225,52.410126]},"properties":{"lines":"157, 173, 178, 183, 185, 213, 217, 223, 227, 312, 320, 323 +9","color":"#0059a9","mode":"bus","arr":["157","173","178","183","185","213","217","223","227","312","320","323","341","342","400","401","405","406","407","412","T7"],"angle":21.9}},{"type":"Feature","geometry":{"type":"Point","coordinates":[16.993606,52.452314]},"properties":{"lines":"227","color":"#0059a9","mode":"bus","arr":["227"],"angle":89.2}},{"type":"Feature","geometry":{"type":"Point","coordinates":[16.994466,52.410128]},"properties":{"lines":"157, 213, 222, 223, 400, 401, 405, 406, 407, 416","color":"#0059a9","mode":"bus","arr":["157","213","222","223","400","401","405","406","407","416"],"angle":-3.4}},{"type":"Feature","geometry":{"type":"Point","coordinates":[16.923391,52.355743]},"properties":{"lines":"158, 221, 527","color":"#0059a9","mode":"bus","arr":["158","221","527"],"angle":-73.4}},{"type":"Feature","geometry":{"type":"Point","coordinates":[16.92012,52.348998]},"properties":{"lines":"158, 221, 527","color":"#0059a9","mode":"bus","arr":["158","221","527"],"angle":-73.6,"extra":1}},{"type":"Feature","geometry":{"type":"Point","coordinates":[16.924724,52.358484]},"properties":{"lines":"158, 221, 527","color":"#0059a9","mode":"bus","arr":["158","221","527"],"angle":-73.6,"extra":1}},{"type":"Feature","geometry":{"type":"Point","coordinates":[16.927013,52.363229]},"properties":{"lines":"158, 221, 527","color":"#0059a9","mode":"bus","arr":["158","221","527"],"angle":-73.7,"extra":1}},{"type":"Feature","geometry":{"type":"Point","coordinates":[16.929394,52.364572]},"properties":{"lines":"158, 189, 194, 217, 221, 527","color":"#0059a9","mode":"bus","arr":["158","189","194","217","221","527"],"angle":16.6}},{"type":"Feature","geometry":{"type":"Point","coordinates":[16.930225,52.366274]},"properties":{"lines":"158, 189, 194, 221, 527","color":"#0059a9","mode":"bus","arr":["158","189","194","221","527"],"angle":16.1}},{"type":"Feature","geometry":{"type":"Point","coordinates":[16.828563,52.413228]},"properties":{"lines":"159","color":"#0059a9","mode":"bus","arr":["159"],"angle":3.8}},{"type":"Feature","geometry":{"type":"Point","coordinates":[16.842147,52.412665]},"properties":{"lines":"159, 729","color":"#0059a9","mode":"bus","arr":["159","729"],"angle":3.6}},{"type":"Feature","geometry":{"type":"Point","coordinates":[16.837299,52.412785]},"properties":{"lines":"159, 729","color":"#0059a9","mode":"bus","arr":["159","729"],"angle":5.4,"extra":1}},{"type":"Feature","geometry":{"type":"Point","coordinates":[16.846988,52.412489]},"properties":{"lines":"159, 729","color":"#0059a9","mode":"bus","arr":["159","729"],"angle":3.5,"extra":1}},{"type":"Feature","geometry":{"type":"Point","coordinates":[16.857794,52.411887]},"properties":{"lines":"159, 177, 222, 729","color":"#0059a9","mode":"bus","arr":["159","177","222","729"],"angle":8.8}},{"type":"Feature","geometry":{"type":"Point","coordinates":[16.863069,52.411835]},"properties":{"lines":"159, 177, 222, 729","color":"#0059a9","mode":"bus","arr":["159","177","222","729"],"angle":-1.8,"extra":1}},{"type":"Feature","geometry":{"type":"Point","coordinates":[16.852509,52.412261]},"properties":{"lines":"159, 177, 222, 729","color":"#0059a9","mode":"bus","arr":["159","177","222","729"],"angle":4.2,"extra":1}},{"type":"Feature","geometry":{"type":"Point","coordinates":[16.867045,52.412202]},"properties":{"lines":"159, 177, 193, 222, 729","color":"#0059a9","mode":"bus","arr":["159","177","193","222","729"],"angle":-4.1}},{"type":"Feature","geometry":{"type":"Point","coordinates":[16.938357,52.417159]},"properties":{"lines":"160, 163, 176, 220, 221, 603","color":"#0059a9","mode":"bus","arr":["160","163","176","220","221","603"],"angle":-22}},{"type":"Feature","geometry":{"type":"Point","coordinates":[16.939146,52.414212]},"properties":{"lines":"160, 163, 167, 174, 176, 190, 214, 220, 221, 224, 603, 911","color":"#0059a9","mode":"bus","arr":["160","163","167","174","176","190","214","220","221","224","603","911"],"angle":-83.6}},{"type":"Feature","geometry":{"type":"Point","coordinates":[16.92973,52.411781]},"properties":{"lines":"160, 163, 213, 214, 223, 224","color":"#0059a9","mode":"bus","arr":["160","163","213","214","223","224"],"angle":14.3}},{"type":"Feature","geometry":{"type":"Point","coordinates":[16.934338,52.411322]},"properties":{"lines":"160, 163, 213, 214, 223, 224","color":"#0059a9","mode":"bus","arr":["160","163","213","214","223","224"],"angle":-15.7,"extra":1}},{"type":"Feature","geometry":{"type":"Point","coordinates":[16.92984,52.411579]},"properties":{"lines":"160, 163, 213, 214, 223, 224","color":"#0059a9","mode":"bus","arr":["160","163","213","214","223","224"],"angle":9.7}},{"type":"Feature","geometry":{"type":"Point","coordinates":[16.925264,52.412621]},"properties":{"lines":"160, 163, 213, 214, 223, 224","color":"#0059a9","mode":"bus","arr":["160","163","213","214","223","224"],"angle":24.4,"extra":1}},{"type":"Feature","geometry":{"type":"Point","coordinates":[16.910333,52.420066]},"properties":{"lines":"160","color":"#0059a9","mode":"bus","arr":["160"],"angle":-35.3}},{"type":"Feature","geometry":{"type":"Point","coordinates":[16.916674,52.417649]},"properties":{"lines":"160","color":"#0059a9","mode":"bus","arr":["160"],"angle":42.3,"extra":1}},{"type":"Feature","geometry":{"type":"Point","coordinates":[16.909307,52.420367]},"properties":{"lines":"160","color":"#0059a9","mode":"bus","arr":["160"],"angle":25.8}},{"type":"Feature","geometry":{"type":"Point","coordinates":[16.887163,52.43528]},"properties":{"lines":"160","color":"#0059a9","mode":"bus","arr":["160"],"angle":-88.6}},{"type":"Feature","geometry":{"type":"Point","coordinates":[16.883528,52.45086]},"properties":{"lines":"160","color":"#0059a9","mode":"bus","arr":["160"],"angle":54.9}},{"type":"Feature","geometry":{"type":"Point","coordinates":[16.886723,52.447783]},"properties":{"lines":"160","color":"#0059a9","mode":"bus","arr":["160"],"angle":64.9,"extra":1}},{"type":"Feature","geometry":{"type":"Point","coordinates":[16.909145,52.42225]},"properties":{"lines":"160, 164, 191, 216, 226","color":"#0059a9","mode":"bus","arr":["160","164","191","216","226"],"angle":-71.9}},{"type":"Feature","geometry":{"type":"Point","coordinates":[16.904865,52.425953]},"properties":{"lines":"160, 164, 182, 216, 226","color":"#0059a9","mode":"bus","arr":["160","164","182","216","226"],"angle":33.8}},{"type":"Feature","geometry":{"type":"Point","coordinates":[16.887005,52.44298]},"properties":{"lines":"160, 183, 216","color":"#0059a9","mode":"bus","arr":["160","183","216"],"angle":-73.8}},{"type":"Feature","geometry":{"type":"Point","coordinates":[16.92086,52.417794]},"properties":{"lines":"218","color":"#0059a9","mode":"bus","arr":["218"],"angle":-58.9}},{"type":"Feature","geometry":{"type":"Point","coordinates":[16.964694,52.38613]},"properties":{"lines":"162, 166, 181, 196, 212, 222","color":"#0059a9","mode":"bus","arr":["162","166","181","196","212","222"],"angle":-78.4}},{"type":"Feature","geometry":{"type":"Point","coordinates":[16.964592,52.386707]},"properties":{"lines":"162, 166, 181, 196, 212, 222","color":"#0059a9","mode":"bus","arr":["162","166","181","196","212","222"],"angle":-88.4}},{"type":"Feature","geometry":{"type":"Point","coordinates":[16.966141,52.389468]},"properties":{"lines":"162, 181, 196, 212, 222","color":"#0059a9","mode":"bus","arr":["162","181","196","212","222"],"angle":-43.9}},{"type":"Feature","geometry":{"type":"Point","coordinates":[16.967992,52.386274]},"properties":{"lines":"166, 220","color":"#0059a9","mode":"bus","arr":["166","220"],"angle":53.7}},{"type":"Feature","geometry":{"type":"Point","coordinates":[16.970107,52.38786]},"properties":{"lines":"166, 220","color":"#0059a9","mode":"bus","arr":["166","220"],"angle":53.4}},{"type":"Feature","geometry":{"type":"Point","coordinates":[16.980431,52.35715]},"properties":{"lines":"162, 196, 220, 511, 512","color":"#0059a9","mode":"bus","arr":["162","196","220","511","512"],"angle":80.1}},{"type":"Feature","geometry":{"type":"Point","coordinates":[16.985605,52.367676]},"properties":{"lines":"162, 196, 220, 511, 512","color":"#0059a9","mode":"bus","arr":["162","196","220","511","512"],"angle":-33.4,"extra":1}},{"type":"Feature","geometry":{"type":"Point","coordinates":[16.98095,52.363983]},"properties":{"lines":"162, 196, 220, 511, 512","color":"#0059a9","mode":"bus","arr":["162","196","220","511","512"],"angle":-73.2,"extra":1}},{"type":"Feature","geometry":{"type":"Point","coordinates":[16.980772,52.35437]},"properties":{"lines":"162, 196, 220, 511, 512","color":"#0059a9","mode":"bus","arr":["162","196","220","511","512"],"angle":86.7,"extra":1}},{"type":"Feature","geometry":{"type":"Point","coordinates":[16.982541,52.349565]},"properties":{"lines":"162, 196, 220, 511, 512","color":"#0059a9","mode":"bus","arr":["162","196","220","511","512"],"angle":74.3,"extra":1}},{"type":"Feature","geometry":{"type":"Point","coordinates":[16.984737,52.344803]},"properties":{"lines":"162, 196, 220, 511, 512","color":"#0059a9","mode":"bus","arr":["162","196","220","511","512"],"angle":74.6,"extra":1}},{"type":"Feature","geometry":{"type":"Point","coordinates":[16.987667,52.342485]},"properties":{"lines":"162, 196, 220, 511, 512","color":"#0059a9","mode":"bus","arr":["162","196","220","511","512"],"angle":27.7}},{"type":"Feature","geometry":{"type":"Point","coordinates":[16.999697,52.340053]},"properties":{"lines":"162, 196, 220, 511, 512","color":"#0059a9","mode":"bus","arr":["162","196","220","511","512"],"angle":5.2}},{"type":"Feature","geometry":{"type":"Point","coordinates":[16.992208,52.34123]},"properties":{"lines":"162, 196, 220, 511, 512","color":"#0059a9","mode":"bus","arr":["162","196","220","511","512"],"angle":14.2,"extra":1}},{"type":"Feature","geometry":{"type":"Point","coordinates":[17.007646,52.341198]},"properties":{"lines":"162, 196, 220, 511, 512","color":"#0059a9","mode":"bus","arr":["162","196","220","511","512"],"angle":-27.9,"extra":1}},{"type":"Feature","geometry":{"type":"Point","coordinates":[16.987973,52.341103]},"properties":{"lines":"162, 511, 512","color":"#0059a9","mode":"bus","arr":["162","511","512"],"angle":48}},{"type":"Feature","geometry":{"type":"Point","coordinates":[17.004284,52.349361]},"properties":{"lines":"162, 196, 220","color":"#0059a9","mode":"bus","arr":["162","196","220"],"angle":71.4}},{"type":"Feature","geometry":{"type":"Point","coordinates":[17.008083,52.34411]},"properties":{"lines":"162, 196, 220","color":"#0059a9","mode":"bus","arr":["162","196","220"],"angle":52.4,"extra":1}},{"type":"Feature","geometry":{"type":"Point","coordinates":[17.002126,52.353259]},"properties":{"lines":"162, 196, 220","color":"#0059a9","mode":"bus","arr":["162","196","220"],"angle":71.3,"extra":1}},{"type":"Feature","geometry":{"type":"Point","coordinates":[16.965782,52.389486]},"properties":{"lines":"162, 166, 181, 196, 212, 220, 222","color":"#0059a9","mode":"bus","arr":["162","166","181","196","212","220","222"],"angle":-46}},{"type":"Feature","geometry":{"type":"Point","coordinates":[16.919454,52.41184]},"properties":{"lines":"163, 168, 169, 171, 213, 214, 215, 223, 224","color":"#0059a9","mode":"bus","arr":["163","168","169","171","213","214","215","223","224"],"angle":-63.6}},{"type":"Feature","geometry":{"type":"Point","coordinates":[16.919187,52.411731]},"properties":{"lines":"163, 168, 169, 171","color":"#0059a9","mode":"bus","arr":["163","168","169","171"],"angle":-77.2}},{"type":"Feature","geometry":{"type":"Point","coordinates":[16.917821,52.408508]},"properties":{"lines":"163, 168, 169, 171, 212, 222","color":"#0059a9","mode":"bus","arr":["163","168","169","171","212","222"],"angle":-81.8}},{"type":"Feature","geometry":{"type":"Point","coordinates":[16.917675,52.407716]},"properties":{"lines":"168, 171, 212, 222","color":"#0059a9","mode":"bus","arr":["168","171","212","222"],"angle":-83.1}},{"type":"Feature","geometry":{"type":"Point","coordinates":[16.875547,52.407832]},"properties":{"lines":"163, 182, 212, 222","color":"#0059a9","mode":"bus","arr":["163","182","212","222"],"angle":-77.4}},{"type":"Feature","geometry":{"type":"Point","coordinates":[16.871599,52.39115]},"properties":{"lines":"163","color":"#0059a9","mode":"bus","arr":["163"],"angle":13.8}},{"type":"Feature","geometry":{"type":"Point","coordinates":[16.868547,52.391596]},"properties":{"lines":"163","color":"#0059a9","mode":"bus","arr":["163"],"angle":-44.4}},{"type":"Feature","geometry":{"type":"Point","coordinates":[16.876278,52.389174]},"properties":{"lines":"163, 164, 179, 193, 223","color":"#0059a9","mode":"bus","arr":["163","164","179","193","223"],"angle":46.3}},{"type":"Feature","geometry":{"type":"Point","coordinates":[16.881515,52.384977]},"properties":{"lines":"163, 182, 193, 223","color":"#0059a9","mode":"bus","arr":["163","182","193","223"],"angle":49.8}},{"type":"Feature","geometry":{"type":"Point","coordinates":[16.911665,52.407868]},"properties":{"lines":"163, 169, 212, 222","color":"#0059a9","mode":"bus","arr":["163","169","212","222"],"angle":12.5}},{"type":"Feature","geometry":{"type":"Point","coordinates":[16.870533,52.450063]},"properties":{"lines":"164, 170, 226","color":"#0059a9","mode":"bus","arr":["164","170","226"],"angle":53.4}},{"type":"Feature","geometry":{"type":"Point","coordinates":[16.873985,52.447117]},"properties":{"lines":"164, 170, 226","color":"#0059a9","mode":"bus","arr":["164","170","226"],"angle":55.7,"extra":1}},{"type":"Feature","geometry":{"type":"Point","coordinates":[16.872471,52.442775]},"properties":{"lines":"164, 170, 226","color":"#0059a9","mode":"bus","arr":["164","170","226"],"angle":-64.3,"extra":1}},{"type":"Feature","geometry":{"type":"Point","coordinates":[16.907439,52.418126]},"properties":{"lines":"164, 191, 216, 226","color":"#0059a9","mode":"bus","arr":["164","191","216","226"],"angle":-68.6}},{"type":"Feature","geometry":{"type":"Point","coordinates":[16.907587,52.418425]},"properties":{"lines":"164, 191, 216, 226","color":"#0059a9","mode":"bus","arr":["164","191","216","226"],"angle":10}},{"type":"Feature","geometry":{"type":"Point","coordinates":[16.905908,52.415214]},"properties":{"lines":"164, 216, 226","color":"#0059a9","mode":"bus","arr":["164","216","226"],"angle":-74.1}},{"type":"Feature","geometry":{"type":"Point","coordinates":[16.903016,52.409042]},"properties":{"lines":"164, 219","color":"#0059a9","mode":"bus","arr":["164","219"],"angle":8.8}},{"type":"Feature","geometry":{"type":"Point","coordinates":[16.908166,52.4083]},"properties":{"lines":"164, 219","color":"#0059a9","mode":"bus","arr":["164","219"],"angle":16.4,"extra":1}},{"type":"Feature","geometry":{"type":"Point","coordinates":[16.901277,52.407456]},"properties":{"lines":"164","color":"#0059a9","mode":"bus","arr":["164"],"angle":-76.9}},{"type":"Feature","geometry":{"type":"Point","coordinates":[16.900482,52.399444]},"properties":{"lines":"164","color":"#0059a9","mode":"bus","arr":["164"],"angle":79.9}},{"type":"Feature","geometry":{"type":"Point","coordinates":[16.906369,52.406662]},"properties":{"lines":"164","color":"#0059a9","mode":"bus","arr":["164"],"angle":-5.3,"extra":1}},{"type":"Feature","geometry":{"type":"Point","coordinates":[16.900006,52.404524]},"properties":{"lines":"164","color":"#0059a9","mode":"bus","arr":["164"],"angle":-80.9,"extra":1}},{"type":"Feature","geometry":{"type":"Point","coordinates":[16.897344,52.395273]},"properties":{"lines":"164","color":"#0059a9","mode":"bus","arr":["164"],"angle":-60.8,"extra":1}},{"type":"Feature","geometry":{"type":"Point","coordinates":[16.89302,52.391618]},"properties":{"lines":"164","color":"#0059a9","mode":"bus","arr":["164"],"angle":29.3,"extra":1}},{"type":"Feature","geometry":{"type":"Point","coordinates":[16.887786,52.393373]},"properties":{"lines":"164","color":"#0059a9","mode":"bus","arr":["164"],"angle":28.6}},{"type":"Feature","geometry":{"type":"Point","coordinates":[16.882965,52.389784]},"properties":{"lines":"164, 179, 182","color":"#0059a9","mode":"bus","arr":["164","179","182"],"angle":-57.4}},{"type":"Feature","geometry":{"type":"Point","coordinates":[16.879339,52.386823]},"properties":{"lines":"164, 179, 182","color":"#0059a9","mode":"bus","arr":["164","179","182"],"angle":-62.8,"extra":1}},{"type":"Feature","geometry":{"type":"Point","coordinates":[16.884636,52.390807]},"properties":{"lines":"164, 179, 182","color":"#0059a9","mode":"bus","arr":["164","179","182"],"angle":-53.2}},{"type":"Feature","geometry":{"type":"Point","coordinates":[16.858701,52.387182]},"properties":{"lines":"193","color":"#0059a9","mode":"bus","arr":["193"],"angle":55}},{"type":"Feature","geometry":{"type":"Point","coordinates":[16.864183,52.410804]},"properties":{"lines":"193","color":"#0059a9","mode":"bus","arr":["193"],"angle":-68.8}},{"type":"Feature","geometry":{"type":"Point","coordinates":[16.865949,52.408838]},"properties":{"lines":"193","color":"#0059a9","mode":"bus","arr":["193"],"angle":21.5}},{"type":"Feature","geometry":{"type":"Point","coordinates":[17.043334,52.411473]},"properties":{"lines":"166, 416","color":"#0059a9","mode":"bus","arr":["166","416"],"angle":74}},{"type":"Feature","geometry":{"type":"Point","coordinates":[17.044418,52.414459]},"properties":{"lines":"166, 416","color":"#0059a9","mode":"bus","arr":["166","416"],"angle":-43.9,"extra":1}},{"type":"Feature","geometry":{"type":"Point","coordinates":[17.045178,52.415201]},"properties":{"lines":"166, 416","color":"#0059a9","mode":"bus","arr":["166","416"],"angle":46.7}},{"type":"Feature","geometry":{"type":"Point","coordinates":[17.044372,52.406624]},"properties":{"lines":"166, 416, 490","color":"#0059a9","mode":"bus","arr":["166","416","490"],"angle":-54.9}},{"type":"Feature","geometry":{"type":"Point","coordinates":[17.032944,52.408574]},"properties":{"lines":"166, 401, 405, 406, 407, 416","color":"#0059a9","mode":"bus","arr":["166","401","405","406","407","416"],"angle":25.8}},{"type":"Feature","geometry":{"type":"Point","coordinates":[17.039541,52.406672]},"properties":{"lines":"166, 401, 405, 406, 407, 416","color":"#0059a9","mode":"bus","arr":["166","401","405","406","407","416"],"angle":25.9,"extra":1}},{"type":"Feature","geometry":{"type":"Point","coordinates":[17.025542,52.411473]},"properties":{"lines":"166, 401, 405, 406, 407, 416","color":"#0059a9","mode":"bus","arr":["166","401","405","406","407","416"],"angle":17.2,"extra":1}},{"type":"Feature","geometry":{"type":"Point","coordinates":[17.021334,52.411128]},"properties":{"lines":"166, 400, 401, 405, 406, 407, 416","color":"#0059a9","mode":"bus","arr":["166","400","401","405","406","407","416"],"angle":-14.2}},{"type":"Feature","geometry":{"type":"Point","coordinates":[17.012502,52.389815]},"properties":{"lines":"166, 222, 425","color":"#0059a9","mode":"bus","arr":["166","222","425"],"angle":-11.4}},{"type":"Feature","geometry":{"type":"Point","coordinates":[17.005459,52.382652]},"properties":{"lines":"166, 222, 425","color":"#0059a9","mode":"bus","arr":["166","222","425"],"angle":-55.6}},{"type":"Feature","geometry":{"type":"Point","coordinates":[16.9994,52.382501]},"properties":{"lines":"166, 222, 425","color":"#0059a9","mode":"bus","arr":["166","222","425"],"angle":73,"extra":1}},{"type":"Feature","geometry":{"type":"Point","coordinates":[17.00998,52.385307]},"properties":{"lines":"166, 222, 425","color":"#0059a9","mode":"bus","arr":["166","222","425"],"angle":86.6,"extra":1}},{"type":"Feature","geometry":{"type":"Point","coordinates":[16.994782,52.386224]},"properties":{"lines":"166, 181, 184, 218, 222, T1","color":"#0059a9","mode":"bus","arr":["166","181","184","218","222","T1"],"angle":-3.8}},{"type":"Feature","geometry":{"type":"Point","coordinates":[16.992278,52.389176]},"properties":{"lines":"166, 181, 184, 218, 222, T1","color":"#0059a9","mode":"bus","arr":["166","181","184","218","222","T1"],"angle":87.3,"extra":1}},{"type":"Feature","geometry":{"type":"Point","coordinates":[16.986916,52.391499]},"properties":{"lines":"166, 184, 212, 222","color":"#0059a9","mode":"bus","arr":["166","184","212","222"],"angle":10.7}},{"type":"Feature","geometry":{"type":"Point","coordinates":[16.981465,52.392125]},"properties":{"lines":"166, 184, 212, 222","color":"#0059a9","mode":"bus","arr":["166","184","212","222"],"angle":10.8,"extra":1}},{"type":"Feature","geometry":{"type":"Point","coordinates":[16.98013,52.390369]},"properties":{"lines":"166, 181, 212, 222","color":"#0059a9","mode":"bus","arr":["166","181","212","222"],"angle":-76.6}},{"type":"Feature","geometry":{"type":"Point","coordinates":[16.971858,52.384718]},"properties":{"lines":"166, T1","color":"#0059a9","mode":"bus","arr":["166","T1"],"angle":-37.7}},{"type":"Feature","geometry":{"type":"Point","coordinates":[17.049049,52.403759]},"properties":{"lines":"401, 405, 406, 407","color":"#0059a9","mode":"bus","arr":["401","405","406","407"],"angle":14.9}},{"type":"Feature","geometry":{"type":"Point","coordinates":[17.054471,52.403945]},"properties":{"lines":"401, 405, 406, 407","color":"#0059a9","mode":"bus","arr":["401","405","406","407"],"angle":-12.2,"extra":1}},{"type":"Feature","geometry":{"type":"Point","coordinates":[16.942888,52.48303]},"properties":{"lines":"167, 214, 348, 911","color":"#0059a9","mode":"bus","arr":["167","214","348","911"],"angle":72.5}},{"type":"Feature","geometry":{"type":"Point","coordinates":[16.947413,52.470952]},"properties":{"lines":"167, 214, 348, 911","color":"#0059a9","mode":"bus","arr":["167","214","348","911"],"angle":88.6,"extra":1}},{"type":"Feature","geometry":{"type":"Point","coordinates":[16.946303,52.475794]},"properties":{"lines":"167, 214, 348, 911","color":"#0059a9","mode":"bus","arr":["167","214","348","911"],"angle":-87.1,"extra":1}},{"type":"Feature","geometry":{"type":"Point","coordinates":[16.941546,52.490188]},"properties":{"lines":"167, 214, 348, 911","color":"#0059a9","mode":"bus","arr":["167","214","348","911"],"angle":79.5,"extra":1}},{"type":"Feature","geometry":{"type":"Point","coordinates":[16.944777,52.494594]},"properties":{"lines":"167, 214, 348, 911","color":"#0059a9","mode":"bus","arr":["167","214","348","911"],"angle":-60.8,"extra":1}},{"type":"Feature","geometry":{"type":"Point","coordinates":[16.945012,52.498268]},"properties":{"lines":"167, 214, 348, 911","color":"#0059a9","mode":"bus","arr":["167","214","348","911"],"angle":-67.4}},{"type":"Feature","geometry":{"type":"Point","coordinates":[16.947,52.434713]},"properties":{"lines":"167, 214, 911","color":"#0059a9","mode":"bus","arr":["167","214","911"],"angle":-82.2}},{"type":"Feature","geometry":{"type":"Point","coordinates":[16.947631,52.466009]},"properties":{"lines":"167, 214, 911","color":"#0059a9","mode":"bus","arr":["167","214","911"],"angle":84,"extra":1}},{"type":"Feature","geometry":{"type":"Point","coordinates":[16.947409,52.461143]},"properties":{"lines":"167, 214, 911","color":"#0059a9","mode":"bus","arr":["167","214","911"],"angle":-54.5,"extra":1}},{"type":"Feature","geometry":{"type":"Point","coordinates":[16.947292,52.439143]},"properties":{"lines":"167, 214, 911","color":"#0059a9","mode":"bus","arr":["167","214","911"],"angle":65.5,"extra":1}},{"type":"Feature","geometry":{"type":"Point","coordinates":[16.94667,52.42942]},"properties":{"lines":"167, 214, 911","color":"#0059a9","mode":"bus","arr":["167","214","911"],"angle":74.8,"extra":1}},{"type":"Feature","geometry":{"type":"Point","coordinates":[16.946223,52.447242]},"properties":{"lines":"167, 214, 224, 911","color":"#0059a9","mode":"bus","arr":["167","214","224","911"],"angle":27}},{"type":"Feature","geometry":{"type":"Point","coordinates":[16.945825,52.442927]},"properties":{"lines":"167, 169, 214, 218, 224, 911","color":"#0059a9","mode":"bus","arr":["167","169","214","218","224","911"],"angle":80.5}},{"type":"Feature","geometry":{"type":"Point","coordinates":[16.946989,52.421978]},"properties":{"lines":"167, 174, 190, 214, 224, 911","color":"#0059a9","mode":"bus","arr":["167","174","190","214","224","911"],"angle":-54.2}},{"type":"Feature","geometry":{"type":"Point","coordinates":[16.948576,52.42552]},"properties":{"lines":"167, 174, 190, 214, 224, 911","color":"#0059a9","mode":"bus","arr":["167","174","190","214","224","911"],"angle":72.2,"extra":1}},{"type":"Feature","geometry":{"type":"Point","coordinates":[16.940272,52.417667]},"properties":{"lines":"167, 174, 190, 214, 224, 911","color":"#0059a9","mode":"bus","arr":["167","174","190","214","224","911"],"angle":-41.4,"extra":1}},{"type":"Feature","geometry":{"type":"Point","coordinates":[16.937285,52.404306]},"properties":{"lines":"167, 174, 176, 190, 220, 221, 603, 911","color":"#0059a9","mode":"bus","arr":["167","174","176","190","220","221","603","911"],"angle":-76.9}},{"type":"Feature","geometry":{"type":"Point","coordinates":[16.937898,52.407407]},"properties":{"lines":"167, 174, 176, 190, 220, 221, 603, 911","color":"#0059a9","mode":"bus","arr":["167","174","176","190","220","221","603","911"],"angle":-83.6,"extra":1}},{"type":"Feature","geometry":{"type":"Point","coordinates":[16.939446,52.404967]},"properties":{"lines":"167, 174, 176, 190, 220, 221, 603, 911","color":"#0059a9","mode":"bus","arr":["167","174","176","190","220","221","603","911"],"angle":61.9}},{"type":"Feature","geometry":{"type":"Point","coordinates":[16.939722,52.401999]},"properties":{"lines":"167, 174, 176, 190, 220, 221, 603, 911","color":"#0059a9","mode":"bus","arr":["167","174","176","190","220","221","603","911"],"angle":-32.1,"extra":1}},{"type":"Feature","geometry":{"type":"Point","coordinates":[16.938443,52.410426]},"properties":{"lines":"167, 174, 176, 190, 220, 221, 603, 911","color":"#0059a9","mode":"bus","arr":["167","174","176","190","220","221","603","911"],"angle":-79.5,"extra":1}},{"type":"Feature","geometry":{"type":"Point","coordinates":[16.935418,52.399694]},"properties":{"lines":"167, 174, 176, 190, 603, 911","color":"#0059a9","mode":"bus","arr":["167","174","176","190","603","911"],"angle":-75.2}},{"type":"Feature","geometry":{"type":"Point","coordinates":[16.935872,52.400025]},"properties":{"lines":"167, 174, 176, 190, 603, 911","color":"#0059a9","mode":"bus","arr":["167","174","176","190","603","911"],"angle":-79.5}},{"type":"Feature","geometry":{"type":"Point","coordinates":[16.928141,52.400033]},"properties":{"lines":"212, 222","color":"#0059a9","mode":"bus","arr":["212","222"],"angle":10.5}},{"type":"Feature","geometry":{"type":"Point","coordinates":[16.92353,52.401079]},"properties":{"lines":"212, 222","color":"#0059a9","mode":"bus","arr":["212","222"],"angle":46.4,"extra":1}},{"type":"Feature","geometry":{"type":"Point","coordinates":[16.919149,52.402289]},"properties":{"lines":"212, 222","color":"#0059a9","mode":"bus","arr":["212","222"],"angle":17.8}},{"type":"Feature","geometry":{"type":"Point","coordinates":[16.920257,52.403782]},"properties":{"lines":"212, 222","color":"#0059a9","mode":"bus","arr":["212","222"],"angle":59.3}},{"type":"Feature","geometry":{"type":"Point","coordinates":[16.933543,52.394895]},"properties":{"lines":"176, 603","color":"#0059a9","mode":"bus","arr":["176","603"],"angle":-76.9}},{"type":"Feature","geometry":{"type":"Point","coordinates":[16.932472,52.391931]},"properties":{"lines":"176, 603","color":"#0059a9","mode":"bus","arr":["176","603"],"angle":-77.6,"extra":1}},{"type":"Feature","geometry":{"type":"Point","coordinates":[16.884362,52.454042]},"properties":{"lines":"168, 183, 216","color":"#0059a9","mode":"bus","arr":["168","183","216"],"angle":45.1}},{"type":"Feature","geometry":{"type":"Point","coordinates":[16.895804,52.448569]},"properties":{"lines":"168, 183, 216","color":"#0059a9","mode":"bus","arr":["168","183","216"],"angle":33.2,"extra":1}},{"type":"Feature","geometry":{"type":"Point","coordinates":[16.901881,52.444501]},"properties":{"lines":"168","color":"#0059a9","mode":"bus","arr":["168"],"angle":46.2}},{"type":"Feature","geometry":{"type":"Point","coordinates":[16.90824,52.440395]},"properties":{"lines":"168, 216","color":"#0059a9","mode":"bus","arr":["168","216"],"angle":53.1}},{"type":"Feature","geometry":{"type":"Point","coordinates":[16.911689,52.437259]},"properties":{"lines":"168, 178, 190, 193, 216, 322","color":"#0059a9","mode":"bus","arr":["168","178","190","193","216","322"],"angle":75.1}},{"type":"Feature","geometry":{"type":"Point","coordinates":[16.916686,52.435859]},"properties":{"lines":"168, 170, 178, 183, 190, 191, 321, 322","color":"#0059a9","mode":"bus","arr":["168","170","178","183","190","191","321","322"],"angle":-10}},{"type":"Feature","geometry":{"type":"Point","coordinates":[16.920083,52.431503]},"properties":{"lines":"168, 171, 190, 191, 215","color":"#0059a9","mode":"bus","arr":["168","171","190","191","215"],"angle":88.8}},{"type":"Feature","geometry":{"type":"Point","coordinates":[16.920134,52.428642]},"properties":{"lines":"168, 171, 190, 191, 215","color":"#0059a9","mode":"bus","arr":["168","171","190","191","215"],"angle":88,"extra":1}},{"type":"Feature","geometry":{"type":"Point","coordinates":[16.919233,52.422941]},"properties":{"lines":"168, 169, 171, 215, 218","color":"#0059a9","mode":"bus","arr":["168","169","171","215","218"],"angle":84.8}},{"type":"Feature","geometry":{"type":"Point","coordinates":[16.921434,52.420097]},"properties":{"lines":"168, 169, 171, 215, 218","color":"#0059a9","mode":"bus","arr":["168","169","171","215","218"],"angle":45.5,"extra":1}},{"type":"Feature","geometry":{"type":"Point","coordinates":[16.923354,52.420384]},"properties":{"lines":"168, 169, 171, 215, 218","color":"#0059a9","mode":"bus","arr":["168","169","171","215","218"],"angle":-77.3}},{"type":"Feature","geometry":{"type":"Point","coordinates":[16.919416,52.423522]},"properties":{"lines":"168, 169, 171, 215, 218","color":"#0059a9","mode":"bus","arr":["168","169","171","215","218"],"angle":87.9}},{"type":"Feature","geometry":{"type":"Point","coordinates":[16.920604,52.427086]},"properties":{"lines":"168, 169, 171, 215, 218","color":"#0059a9","mode":"bus","arr":["168","169","171","215","218"],"angle":-44,"extra":1}},{"type":"Feature","geometry":{"type":"Point","coordinates":[16.924325,52.418583]},"properties":{"lines":"168, 169, 171, 215","color":"#0059a9","mode":"bus","arr":["168","169","171","215"],"angle":39.8}},{"type":"Feature","geometry":{"type":"Point","coordinates":[16.925465,52.415255]},"properties":{"lines":"168, 169, 171, 215","color":"#0059a9","mode":"bus","arr":["168","169","171","215"],"angle":-16.8}},{"type":"Feature","geometry":{"type":"Point","coordinates":[16.928737,52.416393]},"properties":{"lines":"168, 169, 171, 215","color":"#0059a9","mode":"bus","arr":["168","169","171","215"],"angle":89.9}},{"type":"Feature","geometry":{"type":"Point","coordinates":[16.920305,52.428493]},"properties":{"lines":"168, 171, 215","color":"#0059a9","mode":"bus","arr":["168","171","215"],"angle":88.2}},{"type":"Feature","geometry":{"type":"Point","coordinates":[16.920888,52.434433]},"properties":{"lines":"168, 171, 215","color":"#0059a9","mode":"bus","arr":["168","171","215"],"angle":-79.9}},{"type":"Feature","geometry":{"type":"Point","coordinates":[16.91667,52.435974]},"properties":{"lines":"168, 170, 178, 183, 321, 322","color":"#0059a9","mode":"bus","arr":["168","170","178","183","321","322"],"angle":-10.3}},{"type":"Feature","geometry":{"type":"Point","coordinates":[16.934522,52.452135]},"properties":{"lines":"169","color":"#0059a9","mode":"bus","arr":["169"],"angle":37.1}},{"type":"Feature","geometry":{"type":"Point","coordinates":[16.878754,52.393031]},"properties":{"lines":"169","color":"#0059a9","mode":"bus","arr":["169"],"angle":-49.9}},{"type":"Feature","geometry":{"type":"Point","coordinates":[16.874904,52.390618]},"properties":{"lines":"169","color":"#0059a9","mode":"bus","arr":["169"],"angle":-46}},{"type":"Feature","geometry":{"type":"Point","coordinates":[16.943372,52.442366]},"properties":{"lines":"169, 218","color":"#0059a9","mode":"bus","arr":["169","218"],"angle":7.3}},{"type":"Feature","geometry":{"type":"Point","coordinates":[16.947806,52.441018]},"properties":{"lines":"169, 218","color":"#0059a9","mode":"bus","arr":["169","218"],"angle":-59.7}},{"type":"Feature","geometry":{"type":"Point","coordinates":[16.941008,52.442163]},"properties":{"lines":"169, 178, 185, 218","color":"#0059a9","mode":"bus","arr":["169","178","185","218"],"angle":-81.5}},{"type":"Feature","geometry":{"type":"Point","coordinates":[16.94066,52.438827]},"properties":{"lines":"169, 171, 178, 182, 185, 218","color":"#0059a9","mode":"bus","arr":["169","171","178","182","185","218"],"angle":-86.4}},{"type":"Feature","geometry":{"type":"Point","coordinates":[16.936742,52.432724]},"properties":{"lines":"169, 174, 182, 218","color":"#0059a9","mode":"bus","arr":["169","174","182","218"],"angle":-66.6}},{"type":"Feature","geometry":{"type":"Point","coordinates":[16.927899,52.429741]},"properties":{"lines":"169, 182, 190, 218","color":"#0059a9","mode":"bus","arr":["169","182","190","218"],"angle":-44.9}},{"type":"Feature","geometry":{"type":"Point","coordinates":[16.932136,52.43081]},"properties":{"lines":"169, 182, 190, 218","color":"#0059a9","mode":"bus","arr":["169","182","190","218"],"angle":-11.4,"extra":1}},{"type":"Feature","geometry":{"type":"Point","coordinates":[16.915843,52.401542]},"properties":{"lines":"171, 215","color":"#0059a9","mode":"bus","arr":["171","215"],"angle":-76.4}},{"type":"Feature","geometry":{"type":"Point","coordinates":[16.881836,52.395512]},"properties":{"lines":"169, 182","color":"#0059a9","mode":"bus","arr":["169","182"],"angle":-21.7}},{"type":"Feature","geometry":{"type":"Point","coordinates":[16.944325,52.442122]},"properties":{"lines":"169, 178, 218","color":"#0059a9","mode":"bus","arr":["169","178","218"],"angle":9.8}},{"type":"Feature","geometry":{"type":"Point","coordinates":[16.934553,52.435149]},"properties":{"lines":"171, 174, 178, 183, 321, 322","color":"#0059a9","mode":"bus","arr":["171","174","178","183","321","322"],"angle":5.2}},{"type":"Feature","geometry":{"type":"Point","coordinates":[16.93394,52.435389]},"properties":{"lines":"170, 171, 174, 178, 183, 321, 322","color":"#0059a9","mode":"bus","arr":["170","171","174","178","183","321","322"],"angle":5.3}},{"type":"Feature","geometry":{"type":"Point","coordinates":[16.925837,52.435603]},"properties":{"lines":"170, 171, 178, 183, 191, 215, 321, 322","color":"#0059a9","mode":"bus","arr":["170","171","178","183","191","215","321","322"],"angle":4.5}},{"type":"Feature","geometry":{"type":"Point","coordinates":[16.909375,52.435089]},"properties":{"lines":"170, 183, 193, 216, 321","color":"#0059a9","mode":"bus","arr":["170","183","193","216","321"],"angle":-11.6}},{"type":"Feature","geometry":{"type":"Point","coordinates":[16.905283,52.435051]},"properties":{"lines":"170, 183, 321","color":"#0059a9","mode":"bus","arr":["170","183","321"],"angle":13.1}},{"type":"Feature","geometry":{"type":"Point","coordinates":[16.901656,52.43602]},"properties":{"lines":"170, 183, 321","color":"#0059a9","mode":"bus","arr":["170","183","321"],"angle":24.9}},{"type":"Feature","geometry":{"type":"Point","coordinates":[16.906537,52.43482]},"properties":{"lines":"170, 183, 321","color":"#0059a9","mode":"bus","arr":["170","183","321"],"angle":6,"extra":1}},{"type":"Feature","geometry":{"type":"Point","coordinates":[16.89891,52.432355]},"properties":{"lines":"170","color":"#0059a9","mode":"bus","arr":["170"],"angle":-70.8}},{"type":"Feature","geometry":{"type":"Point","coordinates":[16.897091,52.429161]},"properties":{"lines":"170","color":"#0059a9","mode":"bus","arr":["170"],"angle":-70.8,"extra":1}},{"type":"Feature","geometry":{"type":"Point","coordinates":[16.916933,52.405743]},"properties":{"lines":"171, 212, 215, 222","color":"#0059a9","mode":"bus","arr":["171","212","215","222"],"angle":-37.9}},{"type":"Feature","geometry":{"type":"Point","coordinates":[16.912812,52.391364]},"properties":{"lines":"171","color":"#0059a9","mode":"bus","arr":["171"],"angle":-61}},{"type":"Feature","geometry":{"type":"Point","coordinates":[16.916848,52.394736]},"properties":{"lines":"171","color":"#0059a9","mode":"bus","arr":["171"],"angle":-51.5,"extra":1}},{"type":"Feature","geometry":{"type":"Point","coordinates":[16.913609,52.387951]},"properties":{"lines":"171","color":"#0059a9","mode":"bus","arr":["171"],"angle":-31.5,"extra":1}},{"type":"Feature","geometry":{"type":"Point","coordinates":[16.915247,52.388787]},"properties":{"lines":"171","color":"#0059a9","mode":"bus","arr":["171"],"angle":-63.8}},{"type":"Feature","geometry":{"type":"Point","coordinates":[16.917058,52.385667]},"properties":{"lines":"171","color":"#0059a9","mode":"bus","arr":["171"],"angle":78.7}},{"type":"Feature","geometry":{"type":"Point","coordinates":[16.916047,52.402975]},"properties":{"lines":"212, 215, 222","color":"#0059a9","mode":"bus","arr":["212","215","222"],"angle":-23.6}},{"type":"Feature","geometry":{"type":"Point","coordinates":[16.916811,52.399948]},"properties":{"lines":"171, 215, PKS","color":"#0059a9","mode":"bus","arr":["171","215","PKS"],"angle":26.1}},{"type":"Feature","geometry":{"type":"Point","coordinates":[16.91626,52.401437]},"properties":{"lines":"171, 215, PKS","color":"#0059a9","mode":"bus","arr":["171","215","PKS"],"angle":-74.4}},{"type":"Feature","geometry":{"type":"Point","coordinates":[16.918626,52.398255]},"properties":{"lines":"171, PKS","color":"#0059a9","mode":"bus","arr":["171","PKS"],"angle":83.4}},{"type":"Feature","geometry":{"type":"Point","coordinates":[16.913773,52.378646]},"properties":{"lines":"171, 176, 215","color":"#0059a9","mode":"bus","arr":["171","176","215"],"angle":-66}},{"type":"Feature","geometry":{"type":"Point","coordinates":[16.916152,52.381904]},"properties":{"lines":"171, 176, 215","color":"#0059a9","mode":"bus","arr":["171","176","215"],"angle":-66.1,"extra":1}},{"type":"Feature","geometry":{"type":"Point","coordinates":[16.918237,52.374199]},"properties":{"lines":"171, 176, 215, PKS","color":"#0059a9","mode":"bus","arr":["171","176","215","PKS"],"angle":-77.4}},{"type":"Feature","geometry":{"type":"Point","coordinates":[16.916377,52.370803]},"properties":{"lines":"171, 176, 215, 603, PKS","color":"#0059a9","mode":"bus","arr":["171","176","215","603","PKS"],"angle":-67.9}},{"type":"Feature","geometry":{"type":"Point","coordinates":[16.911069,52.369575]},"properties":{"lines":"171, 176, 215, 603, PKS","color":"#0059a9","mode":"bus","arr":["171","176","215","603","PKS"],"angle":-4.2}},{"type":"Feature","geometry":{"type":"Point","coordinates":[16.904458,52.3616]},"properties":{"lines":"171, 176, 215, 602, 603, 610, 651, PKS","color":"#0059a9","mode":"bus","arr":["171","176","215","602","603","610","651","PKS"],"angle":86.3}},{"type":"Feature","geometry":{"type":"Point","coordinates":[16.921246,52.397345]},"properties":{"lines":"215","color":"#0059a9","mode":"bus","arr":["215"],"angle":89}},{"type":"Feature","geometry":{"type":"Point","coordinates":[16.921024,52.442992]},"properties":{"lines":"215","color":"#0059a9","mode":"bus","arr":["215"],"angle":-3.1}},{"type":"Feature","geometry":{"type":"Point","coordinates":[17.005567,52.433134]},"properties":{"lines":"173","color":"#0059a9","mode":"bus","arr":["173"],"angle":-22.7}},{"type":"Feature","geometry":{"type":"Point","coordinates":[17.011631,52.434337]},"properties":{"lines":"173","color":"#0059a9","mode":"bus","arr":["173"],"angle":-4.7,"extra":1}},{"type":"Feature","geometry":{"type":"Point","coordinates":[16.993662,52.425193]},"properties":{"lines":"173, 412","color":"#0059a9","mode":"bus","arr":["173","412"],"angle":-26.8}},{"type":"Feature","geometry":{"type":"Point","coordinates":[16.980019,52.422719]},"properties":{"lines":"173, 412","color":"#0059a9","mode":"bus","arr":["173","412"],"angle":-11.4,"extra":1}},{"type":"Feature","geometry":{"type":"Point","coordinates":[16.987966,52.423718]},"properties":{"lines":"173, 412","color":"#0059a9","mode":"bus","arr":["173","412"],"angle":-11.7,"extra":1}},{"type":"Feature","geometry":{"type":"Point","coordinates":[17.002462,52.428025]},"properties":{"lines":"173, 412","color":"#0059a9","mode":"bus","arr":["173","412"],"angle":-23.3,"extra":1}},{"type":"Feature","geometry":{"type":"Point","coordinates":[17.009882,52.43002]},"properties":{"lines":"173, 412","color":"#0059a9","mode":"bus","arr":["173","412"],"angle":-10.6,"extra":1}},{"type":"Feature","geometry":{"type":"Point","coordinates":[16.975452,52.422254]},"properties":{"lines":"173, 185, 227, 312, 320, 323, 342, 412","color":"#0059a9","mode":"bus","arr":["173","185","227","312","320","323","342","412"],"angle":-17.8}},{"type":"Feature","geometry":{"type":"Point","coordinates":[16.968683,52.420214]},"properties":{"lines":"173, 185, 217, 227, 312, 320, 323, 342, 412","color":"#0059a9","mode":"bus","arr":["173","185","217","227","312","320","323","342","412"],"angle":-41.1}},{"type":"Feature","geometry":{"type":"Point","coordinates":[16.963961,52.419434]},"properties":{"lines":"173, 185, 217, 227, 312, 320, 323, 342, 412","color":"#0059a9","mode":"bus","arr":["173","185","217","227","312","320","323","342","412"],"angle":-4.6,"extra":1}},{"type":"Feature","geometry":{"type":"Point","coordinates":[16.959913,52.416452]},"properties":{"lines":"173, 185, 217, 227, 312, 320, 323, 342","color":"#0059a9","mode":"bus","arr":["173","185","217","227","312","320","323","342"],"angle":-59}},{"type":"Feature","geometry":{"type":"Point","coordinates":[17.014429,52.431248]},"properties":{"lines":"173, 400, 412","color":"#0059a9","mode":"bus","arr":["173","400","412"],"angle":-36.8}},{"type":"Feature","geometry":{"type":"Point","coordinates":[17.019653,52.432108]},"properties":{"lines":"173, 400, 412","color":"#0059a9","mode":"bus","arr":["173","400","412"],"angle":85.3}},{"type":"Feature","geometry":{"type":"Point","coordinates":[16.916514,52.462522]},"properties":{"lines":"174, 191, 198, 218, 348","color":"#0059a9","mode":"bus","arr":["174","191","198","218","348"],"angle":88.7}},{"type":"Feature","geometry":{"type":"Point","coordinates":[16.928158,52.459704]},"properties":{"lines":"174, 191, 198, 218, 348","color":"#0059a9","mode":"bus","arr":["174","191","198","218","348"],"angle":86.1}},{"type":"Feature","geometry":{"type":"Point","coordinates":[16.921795,52.459981]},"properties":{"lines":"174, 191, 198, 218, 348","color":"#0059a9","mode":"bus","arr":["174","191","198","218","348"],"angle":13.5,"extra":1}},{"type":"Feature","geometry":{"type":"Point","coordinates":[16.92756,52.455312]},"properties":{"lines":"174, 191, 218","color":"#0059a9","mode":"bus","arr":["174","191","218"],"angle":89}},{"type":"Feature","geometry":{"type":"Point","coordinates":[16.927514,52.452314]},"properties":{"lines":"174, 191, 218","color":"#0059a9","mode":"bus","arr":["174","191","218"],"angle":-88.3,"extra":1}},{"type":"Feature","geometry":{"type":"Point","coordinates":[16.927665,52.446946]},"properties":{"lines":"174, 185, 191","color":"#0059a9","mode":"bus","arr":["174","185","191"],"angle":81.3}},{"type":"Feature","geometry":{"type":"Point","coordinates":[16.928953,52.44343]},"properties":{"lines":"174, 185, 191","color":"#0059a9","mode":"bus","arr":["174","185","191"],"angle":71,"extra":1}},{"type":"Feature","geometry":{"type":"Point","coordinates":[16.930599,52.43556]},"properties":{"lines":"174, 191, 215","color":"#0059a9","mode":"bus","arr":["174","191","215"],"angle":-11.9}},{"type":"Feature","geometry":{"type":"Point","coordinates":[16.930624,52.438312]},"properties":{"lines":"174, 191, 215","color":"#0059a9","mode":"bus","arr":["174","191","215"],"angle":87.4,"extra":1}},{"type":"Feature","geometry":{"type":"Point","coordinates":[16.941979,52.429353]},"properties":{"lines":"174, 190","color":"#0059a9","mode":"bus","arr":["174","190"],"angle":23.8}},{"type":"Feature","geometry":{"type":"Point","coordinates":[16.950165,52.395613]},"properties":{"lines":"174, 190, 212, 222","color":"#0059a9","mode":"bus","arr":["174","190","212","222"],"angle":66.4}},{"type":"Feature","geometry":{"type":"Point","coordinates":[16.945791,52.389311]},"properties":{"lines":"174, 190, 217","color":"#0059a9","mode":"bus","arr":["174","190","217"],"angle":-73.9}},{"type":"Feature","geometry":{"type":"Point","coordinates":[16.946561,52.38926]},"properties":{"lines":"184, 221","color":"#0059a9","mode":"bus","arr":["184","221"],"angle":-75.1}},{"type":"Feature","geometry":{"type":"Point","coordinates":[16.949124,52.38136]},"properties":{"lines":"174, 184, 217, 218","color":"#0059a9","mode":"bus","arr":["174","184","217","218"],"angle":-11.1}},{"type":"Feature","geometry":{"type":"Point","coordinates":[16.942922,52.379799]},"properties":{"lines":"174, 184, 217, 218","color":"#0059a9","mode":"bus","arr":["174","184","217","218"],"angle":25.6}},{"type":"Feature","geometry":{"type":"Point","coordinates":[16.943714,52.382069]},"properties":{"lines":"174, 184, 190, 217, 218, 221","color":"#0059a9","mode":"bus","arr":["174","184","190","217","218","221"],"angle":-84.1}},{"type":"Feature","geometry":{"type":"Point","coordinates":[16.957667,52.371551]},"properties":{"lines":"174","color":"#0059a9","mode":"bus","arr":["174"],"angle":-34.9}},{"type":"Feature","geometry":{"type":"Point","coordinates":[16.961681,52.37326]},"properties":{"lines":"174","color":"#0059a9","mode":"bus","arr":["174"],"angle":-35,"extra":1}},{"type":"Feature","geometry":{"type":"Point","coordinates":[16.949509,52.371435]},"properties":{"lines":"174, 189","color":"#0059a9","mode":"bus","arr":["174","189"],"angle":-49.9}},{"type":"Feature","geometry":{"type":"Point","coordinates":[16.898844,52.368909]},"properties":{"lines":"175, 179, 213, 611, 614, 701","color":"#0059a9","mode":"bus","arr":["175","179","213","611","614","701"],"angle":-52.7}},{"type":"Feature","geometry":{"type":"Point","coordinates":[16.901293,52.370888]},"properties":{"lines":"175, 179, 611, 614, 701","color":"#0059a9","mode":"bus","arr":["175","179","611","614","701"],"angle":-31.5}},{"type":"Feature","geometry":{"type":"Point","coordinates":[16.885761,52.358347]},"properties":{"lines":"175, 213, 611, 614, 701","color":"#0059a9","mode":"bus","arr":["175","213","611","614","701"],"angle":-52.6}},{"type":"Feature","geometry":{"type":"Point","coordinates":[16.877406,52.3674]},"properties":{"lines":"175, 213","color":"#0059a9","mode":"bus","arr":["175","213"],"angle":76.2}},{"type":"Feature","geometry":{"type":"Point","coordinates":[16.881976,52.358499]},"properties":{"lines":"175, 213","color":"#0059a9","mode":"bus","arr":["175","213"],"angle":54.4,"extra":1}},{"type":"Feature","geometry":{"type":"Point","coordinates":[16.879163,52.363122]},"properties":{"lines":"175, 213","color":"#0059a9","mode":"bus","arr":["175","213"],"angle":75.3,"extra":1}},{"type":"Feature","geometry":{"type":"Point","coordinates":[16.876371,52.372747]},"properties":{"lines":"175, 213","color":"#0059a9","mode":"bus","arr":["175","213"],"angle":-71.1,"extra":1}},{"type":"Feature","geometry":{"type":"Point","coordinates":[16.879935,52.377169]},"properties":{"lines":"175, 213","color":"#0059a9","mode":"bus","arr":["175","213"],"angle":-50,"extra":1}},{"type":"Feature","geometry":{"type":"Point","coordinates":[16.879667,52.379222]},"properties":{"lines":"175, 213, 614, 701","color":"#0059a9","mode":"bus","arr":["175","213","614","701"],"angle":46.6}},{"type":"Feature","geometry":{"type":"Point","coordinates":[16.928503,52.391135]},"properties":{"lines":"176","color":"#0059a9","mode":"bus","arr":["176"],"angle":14.1}},{"type":"Feature","geometry":{"type":"Point","coordinates":[16.920442,52.383554]},"properties":{"lines":"176","color":"#0059a9","mode":"bus","arr":["176"],"angle":16.5}},{"type":"Feature","geometry":{"type":"Point","coordinates":[16.922656,52.384232]},"properties":{"lines":"176","color":"#0059a9","mode":"bus","arr":["176"],"angle":77.6}},{"type":"Feature","geometry":{"type":"Point","coordinates":[16.92349,52.387688]},"properties":{"lines":"176, PKS","color":"#0059a9","mode":"bus","arr":["176","PKS"],"angle":-79.5}},{"type":"Feature","geometry":{"type":"Point","coordinates":[16.922339,52.384356]},"properties":{"lines":"176, PKS","color":"#0059a9","mode":"bus","arr":["176","PKS"],"angle":-71.3,"extra":1}},{"type":"Feature","geometry":{"type":"Point","coordinates":[16.919938,52.383946]},"properties":{"lines":"176, 218, PKS","color":"#0059a9","mode":"bus","arr":["176","218","PKS"],"angle":4.3}},{"type":"Feature","geometry":{"type":"Point","coordinates":[16.815707,52.387929]},"properties":{"lines":"177, 727, 803","color":"#0059a9","mode":"bus","arr":["177","727","803"],"angle":33.4}},{"type":"Feature","geometry":{"type":"Point","coordinates":[16.805627,52.395109]},"properties":{"lines":"177, 727, 803","color":"#0059a9","mode":"bus","arr":["177","727","803"],"angle":52.9,"extra":1}},{"type":"Feature","geometry":{"type":"Point","coordinates":[16.810521,52.391164]},"properties":{"lines":"177, 727, 803","color":"#0059a9","mode":"bus","arr":["177","727","803"],"angle":52.8,"extra":1}},{"type":"Feature","geometry":{"type":"Point","coordinates":[16.82318,52.385339]},"properties":{"lines":"177, 727, 803","color":"#0059a9","mode":"bus","arr":["177","727","803"],"angle":1.7,"extra":1}},{"type":"Feature","geometry":{"type":"Point","coordinates":[16.830307,52.383683]},"properties":{"lines":"177, 727, 803","color":"#0059a9","mode":"bus","arr":["177","727","803"],"angle":40.6,"extra":1}},{"type":"Feature","geometry":{"type":"Point","coordinates":[16.813202,52.403322]},"properties":{"lines":"177, 729","color":"#0059a9","mode":"bus","arr":["177","729"],"angle":-45.4}},{"type":"Feature","geometry":{"type":"Point","coordinates":[16.819783,52.407444]},"properties":{"lines":"177, 729","color":"#0059a9","mode":"bus","arr":["177","729"],"angle":-46.3,"extra":1}},{"type":"Feature","geometry":{"type":"Point","coordinates":[16.808312,52.400451]},"properties":{"lines":"177, 729","color":"#0059a9","mode":"bus","arr":["177","729"],"angle":-41.6,"extra":1}},{"type":"Feature","geometry":{"type":"Point","coordinates":[16.848119,52.409848]},"properties":{"lines":"177, 222","color":"#0059a9","mode":"bus","arr":["177","222"],"angle":-49}},{"type":"Feature","geometry":{"type":"Point","coordinates":[16.802785,52.398015]},"properties":{"lines":"803","color":"#0059a9","mode":"bus","arr":["803"],"angle":51.7}},{"type":"Feature","geometry":{"type":"Point","coordinates":[16.798261,52.401405]},"properties":{"lines":"803","color":"#0059a9","mode":"bus","arr":["803"],"angle":53.8}},{"type":"Feature","geometry":{"type":"Point","coordinates":[16.775147,52.417194]},"properties":{"lines":"803","color":"#0059a9","mode":"bus","arr":["803"],"angle":66.1}},{"type":"Feature","geometry":{"type":"Point","coordinates":[16.784031,52.407765]},"properties":{"lines":"803","color":"#0059a9","mode":"bus","arr":["803"],"angle":61.6}},{"type":"Feature","geometry":{"type":"Point","coordinates":[16.789243,52.403247]},"properties":{"lines":"803","color":"#0059a9","mode":"bus","arr":["803"],"angle":72.6,"extra":1}},{"type":"Feature","geometry":{"type":"Point","coordinates":[16.778794,52.410504]},"properties":{"lines":"803","color":"#0059a9","mode":"bus","arr":["803"],"angle":41.6,"extra":1}},{"type":"Feature","geometry":{"type":"Point","coordinates":[16.881539,52.46002]},"properties":{"lines":"178, 183","color":"#0059a9","mode":"bus","arr":["178","183"],"angle":-50.5}},{"type":"Feature","geometry":{"type":"Point","coordinates":[16.904069,52.451682]},"properties":{"lines":"178","color":"#0059a9","mode":"bus","arr":["178"],"angle":53}},{"type":"Feature","geometry":{"type":"Point","coordinates":[16.897884,52.456472]},"properties":{"lines":"178","color":"#0059a9","mode":"bus","arr":["178"],"angle":56.8,"extra":1}},{"type":"Feature","geometry":{"type":"Point","coordinates":[16.907161,52.448432]},"properties":{"lines":"178","color":"#0059a9","mode":"bus","arr":["178"],"angle":68.7,"extra":1}},{"type":"Feature","geometry":{"type":"Point","coordinates":[16.911271,52.443104]},"properties":{"lines":"178","color":"#0059a9","mode":"bus","arr":["178"],"angle":6.8}},{"type":"Feature","geometry":{"type":"Point","coordinates":[16.912708,52.442424]},"properties":{"lines":"178, 190, 193","color":"#0059a9","mode":"bus","arr":["178","190","193"],"angle":-76.1}},{"type":"Feature","geometry":{"type":"Point","coordinates":[16.912275,52.440445]},"properties":{"lines":"178, 190, 193, 322","color":"#0059a9","mode":"bus","arr":["178","190","193","322"],"angle":-85.6}},{"type":"Feature","geometry":{"type":"Point","coordinates":[16.954798,52.435951]},"properties":{"lines":"178, 224","color":"#0059a9","mode":"bus","arr":["178","224"],"angle":60.2}},{"type":"Feature","geometry":{"type":"Point","coordinates":[16.951936,52.438758]},"properties":{"lines":"178, 224","color":"#0059a9","mode":"bus","arr":["178","224"],"angle":52,"extra":1}},{"type":"Feature","geometry":{"type":"Point","coordinates":[16.958419,52.433069]},"properties":{"lines":"178, 224","color":"#0059a9","mode":"bus","arr":["178","224"],"angle":50.4,"extra":1}},{"type":"Feature","geometry":{"type":"Point","coordinates":[16.956972,52.430386]},"properties":{"lines":"178, 183, 185, 224, 321, 322","color":"#0059a9","mode":"bus","arr":["178","183","185","224","321","322"],"angle":18.7}},{"type":"Feature","geometry":{"type":"Point","coordinates":[16.949877,52.429539]},"properties":{"lines":"224","color":"#0059a9","mode":"bus","arr":["224"],"angle":-52.7}},{"type":"Feature","geometry":{"type":"Point","coordinates":[16.948329,52.441386]},"properties":{"lines":"224","color":"#0059a9","mode":"bus","arr":["224"],"angle":89.2}},{"type":"Feature","geometry":{"type":"Point","coordinates":[16.947933,52.440757]},"properties":{"lines":"224","color":"#0059a9","mode":"bus","arr":["224"],"angle":9.8}},{"type":"Feature","geometry":{"type":"Point","coordinates":[16.96343,52.429142]},"properties":{"lines":"178, 183, 185, 321, 322","color":"#0059a9","mode":"bus","arr":["178","183","185","321","322"],"angle":50.6}},{"type":"Feature","geometry":{"type":"Point","coordinates":[16.963757,52.429088]},"properties":{"lines":"178, 183, 185, 321, 322","color":"#0059a9","mode":"bus","arr":["178","183","185","321","322"],"angle":50.6}},{"type":"Feature","geometry":{"type":"Point","coordinates":[16.96486,52.42333]},"properties":{"lines":"178, 183, 341","color":"#0059a9","mode":"bus","arr":["178","183","341"],"angle":-64.3}},{"type":"Feature","geometry":{"type":"Point","coordinates":[16.961652,52.420352]},"properties":{"lines":"178, 183, 341","color":"#0059a9","mode":"bus","arr":["178","183","341"],"angle":-52.8,"extra":1}},{"type":"Feature","geometry":{"type":"Point","coordinates":[16.966038,52.426443]},"properties":{"lines":"178, 183, 341","color":"#0059a9","mode":"bus","arr":["178","183","341"],"angle":-86.1,"extra":1}},{"type":"Feature","geometry":{"type":"Point","coordinates":[16.958495,52.417145]},"properties":{"lines":"178, 183, 341, 412","color":"#0059a9","mode":"bus","arr":["178","183","341","412"],"angle":-64.4}},{"type":"Feature","geometry":{"type":"Point","coordinates":[16.899388,52.382604]},"properties":{"lines":"179","color":"#0059a9","mode":"bus","arr":["179"],"angle":-59.9}},{"type":"Feature","geometry":{"type":"Point","coordinates":[16.894981,52.376522]},"properties":{"lines":"179","color":"#0059a9","mode":"bus","arr":["179"],"angle":-76.2,"extra":1}},{"type":"Feature","geometry":{"type":"Point","coordinates":[16.897689,52.387758]},"properties":{"lines":"179","color":"#0059a9","mode":"bus","arr":["179"],"angle":-57.5,"extra":1}},{"type":"Feature","geometry":{"type":"Point","coordinates":[16.838167,52.354849]},"properties":{"lines":"180, 704, 710","color":"#0059a9","mode":"bus","arr":["180","704","710"],"angle":10.2}},{"type":"Feature","geometry":{"type":"Point","coordinates":[16.835315,52.355701]},"properties":{"lines":"180, 704, 710","color":"#0059a9","mode":"bus","arr":["180","704","710"],"angle":11.4}},{"type":"Feature","geometry":{"type":"Point","coordinates":[16.851153,52.362609]},"properties":{"lines":"704, 710","color":"#0059a9","mode":"bus","arr":["704","710"],"angle":29.6}},{"type":"Feature","geometry":{"type":"Point","coordinates":[16.844264,52.359525]},"properties":{"lines":"704, 710","color":"#0059a9","mode":"bus","arr":["704","710"],"angle":-61.6}},{"type":"Feature","geometry":{"type":"Point","coordinates":[16.841773,52.356713]},"properties":{"lines":"704, 710","color":"#0059a9","mode":"bus","arr":["704","710"],"angle":-61.6,"extra":1}},{"type":"Feature","geometry":{"type":"Point","coordinates":[16.798699,52.347804]},"properties":{"lines":"704, 710","color":"#0059a9","mode":"bus","arr":["704","710"],"angle":0.5}},{"type":"Feature","geometry":{"type":"Point","coordinates":[16.842888,52.372871]},"properties":{"lines":"180","color":"#0059a9","mode":"bus","arr":["180"],"angle":-84.7}},{"type":"Feature","geometry":{"type":"Point","coordinates":[16.849368,52.367348]},"properties":{"lines":"180","color":"#0059a9","mode":"bus","arr":["180"],"angle":38.1}},{"type":"Feature","geometry":{"type":"Point","coordinates":[16.854087,52.365932]},"properties":{"lines":"180","color":"#0059a9","mode":"bus","arr":["180"],"angle":20.3,"extra":1}},{"type":"Feature","geometry":{"type":"Point","coordinates":[16.842274,52.377242]},"properties":{"lines":"180","color":"#0059a9","mode":"bus","arr":["180"],"angle":-15}},{"type":"Feature","geometry":{"type":"Point","coordinates":[16.837001,52.361959]},"properties":{"lines":"180, 710","color":"#0059a9","mode":"bus","arr":["180","710"],"angle":-62.2}},{"type":"Feature","geometry":{"type":"Point","coordinates":[16.833969,52.358458]},"properties":{"lines":"180, 710","color":"#0059a9","mode":"bus","arr":["180","710"],"angle":-62.1,"extra":1}},{"type":"Feature","geometry":{"type":"Point","coordinates":[16.841512,52.367217]},"properties":{"lines":"180, 710","color":"#0059a9","mode":"bus","arr":["180","710"],"angle":-62,"extra":1}},{"type":"Feature","geometry":{"type":"Point","coordinates":[16.842593,52.368448]},"properties":{"lines":"180, 717","color":"#0059a9","mode":"bus","arr":["180","717"],"angle":-61.8}},{"type":"Feature","geometry":{"type":"Point","coordinates":[16.843101,52.369784]},"properties":{"lines":"180, 717","color":"#0059a9","mode":"bus","arr":["180","717"],"angle":72.9}},{"type":"Feature","geometry":{"type":"Point","coordinates":[16.85852,52.366304]},"properties":{"lines":"180, 610, 616, 702","color":"#0059a9","mode":"bus","arr":["180","610","616","702"],"angle":-55.7}},{"type":"Feature","geometry":{"type":"Point","coordinates":[16.853502,52.364325]},"properties":{"lines":"180, 610, 616, 702","color":"#0059a9","mode":"bus","arr":["180","610","616","702"],"angle":-56.7,"extra":1}},{"type":"Feature","geometry":{"type":"Point","coordinates":[16.86342,52.371033]},"properties":{"lines":"180, 610, 616, 702","color":"#0059a9","mode":"bus","arr":["180","610","616","702"],"angle":-67.4,"extra":1}},{"type":"Feature","geometry":{"type":"Point","coordinates":[16.851376,52.362134]},"properties":{"lines":"180, 610, 616, 702, 704, 710","color":"#0059a9","mode":"bus","arr":["180","610","616","702","704","710"],"angle":46}},{"type":"Feature","geometry":{"type":"Point","coordinates":[16.854448,52.360996]},"properties":{"lines":"180, 610, 616, 702, 704","color":"#0059a9","mode":"bus","arr":["180","610","616","702","704"],"angle":33.1}},{"type":"Feature","geometry":{"type":"Point","coordinates":[16.859031,52.365979]},"properties":{"lines":"180, 610, 616, 702, 703, 704, 707","color":"#0059a9","mode":"bus","arr":["180","610","616","702","703","704","707"],"angle":-58.1}},{"type":"Feature","geometry":{"type":"Point","coordinates":[16.858223,52.362443]},"properties":{"lines":"180, 610, 616, 702, 703, 704, 707","color":"#0059a9","mode":"bus","arr":["180","610","616","702","703","704","707"],"angle":-56.5,"extra":1}},{"type":"Feature","geometry":{"type":"Point","coordinates":[16.86381,52.370414]},"properties":{"lines":"180, 610, 616, 702, 703, 704, 707","color":"#0059a9","mode":"bus","arr":["180","610","616","702","703","704","707"],"angle":-70.8,"extra":1}},{"type":"Feature","geometry":{"type":"Point","coordinates":[16.86548,52.372295]},"properties":{"lines":"180, 610, 616, 702, 703, 704, 707, 710","color":"#0059a9","mode":"bus","arr":["180","610","616","702","703","704","707","710"],"angle":-52.6}},{"type":"Feature","geometry":{"type":"Point","coordinates":[16.864579,52.372607]},"properties":{"lines":"180, 610, 616, 702, 703, 704, 707, 710","color":"#0059a9","mode":"bus","arr":["180","610","616","702","703","704","707","710"],"angle":-61.8}},{"type":"Feature","geometry":{"type":"Point","coordinates":[16.983397,52.373745]},"properties":{"lines":"181","color":"#0059a9","mode":"bus","arr":["181"],"angle":-31.2}},{"type":"Feature","geometry":{"type":"Point","coordinates":[16.994352,52.386009]},"properties":{"lines":"181","color":"#0059a9","mode":"bus","arr":["181"],"angle":-35.5}},{"type":"Feature","geometry":{"type":"Point","coordinates":[16.918593,52.427087]},"properties":{"lines":"182, 190, 191","color":"#0059a9","mode":"bus","arr":["182","190","191"],"angle":-1.3}},{"type":"Feature","geometry":{"type":"Point","coordinates":[16.915551,52.424339]},"properties":{"lines":"182, 191","color":"#0059a9","mode":"bus","arr":["182","191"],"angle":-34.3}},{"type":"Feature","geometry":{"type":"Point","coordinates":[16.881926,52.395504]},"properties":{"lines":"182","color":"#0059a9","mode":"bus","arr":["182"],"angle":-23.8}},{"type":"Feature","geometry":{"type":"Point","coordinates":[16.880178,52.415132]},"properties":{"lines":"182, 191, 193, 195, 729, 835, 837","color":"#0059a9","mode":"bus","arr":["182","191","193","195","729","835","837"],"angle":-56}},{"type":"Feature","geometry":{"type":"Point","coordinates":[16.877758,52.412969]},"properties":{"lines":"182, 191, 193, 729","color":"#0059a9","mode":"bus","arr":["182","191","193","729"],"angle":-54.7}},{"type":"Feature","geometry":{"type":"Point","coordinates":[16.891674,52.444588]},"properties":{"lines":"183, 216","color":"#0059a9","mode":"bus","arr":["183","216"],"angle":25.9}},{"type":"Feature","geometry":{"type":"Point","coordinates":[16.89395,52.438408]},"properties":{"lines":"183, 216","color":"#0059a9","mode":"bus","arr":["183","216"],"angle":-18.1}},{"type":"Feature","geometry":{"type":"Point","coordinates":[16.903101,52.439742]},"properties":{"lines":"183","color":"#0059a9","mode":"bus","arr":["183"],"angle":-71.3}},{"type":"Feature","geometry":{"type":"Point","coordinates":[16.949643,52.4314]},"properties":{"lines":"183, 185, 321, 322","color":"#0059a9","mode":"bus","arr":["183","185","321","322"],"angle":1.1}},{"type":"Feature","geometry":{"type":"Point","coordinates":[16.942293,52.433473]},"properties":{"lines":"183, 185, 321, 322","color":"#0059a9","mode":"bus","arr":["183","185","321","322"],"angle":34,"extra":1}},{"type":"Feature","geometry":{"type":"Point","coordinates":[16.957777,52.430382]},"properties":{"lines":"183, 185, 321, 322","color":"#0059a9","mode":"bus","arr":["183","185","321","322"],"angle":12,"extra":1}},{"type":"Feature","geometry":{"type":"Point","coordinates":[16.959981,52.409621]},"properties":{"lines":"184, 213, 223, 400, 401, 405, 406, 407","color":"#0059a9","mode":"bus","arr":["184","213","223","400","401","405","406","407"],"angle":22.9}},{"type":"Feature","geometry":{"type":"Point","coordinates":[16.934996,52.442822]},"properties":{"lines":"185","color":"#0059a9","mode":"bus","arr":["185"],"angle":6.7}},{"type":"Feature","geometry":{"type":"Point","coordinates":[16.971706,52.426926]},"properties":{"lines":"185, 321, 322, 341","color":"#0059a9","mode":"bus","arr":["185","321","322","341"],"angle":7.8}},{"type":"Feature","geometry":{"type":"Point","coordinates":[16.977297,52.424331]},"properties":{"lines":"185, 227, 312, 320, 323, 342","color":"#0059a9","mode":"bus","arr":["185","227","312","320","323","342"],"angle":-72.7}},{"type":"Feature","geometry":{"type":"Point","coordinates":[16.777489,52.475849]},"properties":{"lines":"186, 835, 837, 893","color":"#0059a9","mode":"bus","arr":["186","835","837","893"],"angle":-61.8}},{"type":"Feature","geometry":{"type":"Point","coordinates":[16.774574,52.473463]},"properties":{"lines":"186, 835, 837, 893","color":"#0059a9","mode":"bus","arr":["186","835","837","893"],"angle":10.4}},{"type":"Feature","geometry":{"type":"Point","coordinates":[16.791695,52.474356]},"properties":{"lines":"186, 833, 835, 837","color":"#0059a9","mode":"bus","arr":["186","833","835","837"],"angle":24.5}},{"type":"Feature","geometry":{"type":"Point","coordinates":[16.784411,52.477359]},"properties":{"lines":"186, 833, 835, 837","color":"#0059a9","mode":"bus","arr":["186","833","835","837"],"angle":30.1,"extra":1}},{"type":"Feature","geometry":{"type":"Point","coordinates":[16.797333,52.471489]},"properties":{"lines":"186, 833, 835, 837","color":"#0059a9","mode":"bus","arr":["186","833","835","837"],"angle":43.7,"extra":1}},{"type":"Feature","geometry":{"type":"Point","coordinates":[16.800368,52.455045]},"properties":{"lines":"186, 833","color":"#0059a9","mode":"bus","arr":["186","833"],"angle":74.5}},{"type":"Feature","geometry":{"type":"Point","coordinates":[16.800856,52.466724]},"properties":{"lines":"186, 833","color":"#0059a9","mode":"bus","arr":["186","833"],"angle":-82.8,"extra":1}},{"type":"Feature","geometry":{"type":"Point","coordinates":[16.799838,52.461817]},"properties":{"lines":"186, 833","color":"#0059a9","mode":"bus","arr":["186","833"],"angle":-82.9,"extra":1}},{"type":"Feature","geometry":{"type":"Point","coordinates":[16.802231,52.452223]},"properties":{"lines":"186, 833","color":"#0059a9","mode":"bus","arr":["186","833"],"angle":67.1,"extra":1}},{"type":"Feature","geometry":{"type":"Point","coordinates":[16.804634,52.447514]},"properties":{"lines":"186, 833","color":"#0059a9","mode":"bus","arr":["186","833"],"angle":75.6,"extra":1}},{"type":"Feature","geometry":{"type":"Point","coordinates":[16.807091,52.442839]},"properties":{"lines":"186, 833","color":"#0059a9","mode":"bus","arr":["186","833"],"angle":60.5,"extra":1}},{"type":"Feature","geometry":{"type":"Point","coordinates":[16.908857,52.480829]},"properties":{"lines":"188, 902","color":"#0059a9","mode":"bus","arr":["188","902"],"angle":-67.2}},{"type":"Feature","geometry":{"type":"Point","coordinates":[16.903757,52.473553]},"properties":{"lines":"188, 902","color":"#0059a9","mode":"bus","arr":["188","902"],"angle":-60.9,"extra":1}},{"type":"Feature","geometry":{"type":"Point","coordinates":[16.90697,52.478092]},"properties":{"lines":"188, 902","color":"#0059a9","mode":"bus","arr":["188","902"],"angle":-67.2,"extra":1}},{"type":"Feature","geometry":{"type":"Point","coordinates":[16.909326,52.487518]},"properties":{"lines":"188, 902","color":"#0059a9","mode":"bus","arr":["188","902"],"angle":71.8,"extra":1}},{"type":"Feature","geometry":{"type":"Point","coordinates":[16.905195,52.489292]},"properties":{"lines":"188, 902","color":"#0059a9","mode":"bus","arr":["188","902"],"angle":-31.6}},{"type":"Feature","geometry":{"type":"Point","coordinates":[16.893598,52.4872]},"properties":{"lines":"902","color":"#0059a9","mode":"bus","arr":["902"],"angle":-17}},{"type":"Feature","geometry":{"type":"Point","coordinates":[16.901048,52.488601]},"properties":{"lines":"902","color":"#0059a9","mode":"bus","arr":["902"],"angle":-20.4,"extra":1}},{"type":"Feature","geometry":{"type":"Point","coordinates":[16.887936,52.483777]},"properties":{"lines":"902","color":"#0059a9","mode":"bus","arr":["902"],"angle":-78.4,"extra":1}},{"type":"Feature","geometry":{"type":"Point","coordinates":[16.883838,52.480432]},"properties":{"lines":"902","color":"#0059a9","mode":"bus","arr":["902"],"angle":-31.9,"extra":1}},{"type":"Feature","geometry":{"type":"Point","coordinates":[16.87908,52.480679]},"properties":{"lines":"902","color":"#0059a9","mode":"bus","arr":["902"],"angle":84.8,"extra":1}},{"type":"Feature","geometry":{"type":"Point","coordinates":[16.879501,52.485609]},"properties":{"lines":"902","color":"#0059a9","mode":"bus","arr":["902"],"angle":87.1,"extra":1}},{"type":"Feature","geometry":{"type":"Point","coordinates":[16.879402,52.486828]},"properties":{"lines":"902","color":"#0059a9","mode":"bus","arr":["902"],"angle":-83.1}},{"type":"Feature","geometry":{"type":"Point","coordinates":[16.900612,52.468203]},"properties":{"lines":"188, 901, 902, 904, 905","color":"#0059a9","mode":"bus","arr":["188","901","902","904","905"],"angle":-76.3}},{"type":"Feature","geometry":{"type":"Point","coordinates":[16.950004,52.353923]},"properties":{"lines":"189","color":"#0059a9","mode":"bus","arr":["189"],"angle":20.8}},{"type":"Feature","geometry":{"type":"Point","coordinates":[16.954663,52.352835]},"properties":{"lines":"189","color":"#0059a9","mode":"bus","arr":["189"],"angle":21.2,"extra":1}},{"type":"Feature","geometry":{"type":"Point","coordinates":[16.939778,52.36162]},"properties":{"lines":"189, 194, 217","color":"#0059a9","mode":"bus","arr":["189","194","217"],"angle":71.1}},{"type":"Feature","geometry":{"type":"Point","coordinates":[16.941877,52.357908]},"properties":{"lines":"189, 194, 217","color":"#0059a9","mode":"bus","arr":["189","194","217"],"angle":71,"extra":1}},{"type":"Feature","geometry":{"type":"Point","coordinates":[16.931613,52.364171]},"properties":{"lines":"189, 194, 217","color":"#0059a9","mode":"bus","arr":["189","194","217"],"angle":16.5,"extra":1}},{"type":"Feature","geometry":{"type":"Point","coordinates":[16.942418,52.379505]},"properties":{"lines":"190, 221","color":"#0059a9","mode":"bus","arr":["190","221"],"angle":-88.2}},{"type":"Feature","geometry":{"type":"Point","coordinates":[16.9148,52.431239]},"properties":{"lines":"190, 191","color":"#0059a9","mode":"bus","arr":["190","191"],"angle":71.6}},{"type":"Feature","geometry":{"type":"Point","coordinates":[16.913222,52.434167]},"properties":{"lines":"190, 191","color":"#0059a9","mode":"bus","arr":["190","191"],"angle":71.4,"extra":1}},{"type":"Feature","geometry":{"type":"Point","coordinates":[16.909578,52.465999]},"properties":{"lines":"190, 193, 215, 832, 907","color":"#0059a9","mode":"bus","arr":["190","193","215","832","907"],"angle":-6.1}},{"type":"Feature","geometry":{"type":"Point","coordinates":[16.901706,52.418903]},"properties":{"lines":"191","color":"#0059a9","mode":"bus","arr":["191"],"angle":18.2}},{"type":"Feature","geometry":{"type":"Point","coordinates":[16.903943,52.431502]},"properties":{"lines":"193, 216","color":"#0059a9","mode":"bus","arr":["193","216"],"angle":-58.7}},{"type":"Feature","geometry":{"type":"Point","coordinates":[16.899615,52.42867]},"properties":{"lines":"193, 216","color":"#0059a9","mode":"bus","arr":["193","216"],"angle":-48,"extra":1}},{"type":"Feature","geometry":{"type":"Point","coordinates":[16.906401,52.434187]},"properties":{"lines":"193, 216","color":"#0059a9","mode":"bus","arr":["193","216"],"angle":-57.4,"extra":1}},{"type":"Feature","geometry":{"type":"Point","coordinates":[16.884468,52.413313]},"properties":{"lines":"195, 835, 837","color":"#0059a9","mode":"bus","arr":["195","835","837"],"angle":7.5}},{"type":"Feature","geometry":{"type":"Point","coordinates":[16.942276,52.466545]},"properties":{"lines":"198, 214, 348","color":"#0059a9","mode":"bus","arr":["198","214","348"],"angle":-76.4}},{"type":"Feature","geometry":{"type":"Point","coordinates":[16.939902,52.462646]},"properties":{"lines":"198, 348","color":"#0059a9","mode":"bus","arr":["198","348"],"angle":-40.6}},{"type":"Feature","geometry":{"type":"Point","coordinates":[16.934555,52.462996]},"properties":{"lines":"198, 348","color":"#0059a9","mode":"bus","arr":["198","348"],"angle":19.4,"extra":1}},{"type":"Feature","geometry":{"type":"Point","coordinates":[16.929511,52.461542]},"properties":{"lines":"198, 348","color":"#0059a9","mode":"bus","arr":["198","348"],"angle":-59.3}},{"type":"Feature","geometry":{"type":"Point","coordinates":[16.929898,52.464108]},"properties":{"lines":"198, 348","color":"#0059a9","mode":"bus","arr":["198","348"],"angle":-33.9}},{"type":"Feature","geometry":{"type":"Point","coordinates":[16.915906,52.410056]},"properties":{"lines":"212, 213, 214, 215, 222, 223, 224","color":"#0059a9","mode":"bus","arr":["212","213","214","215","222","223","224"],"angle":19.7}},{"type":"Feature","geometry":{"type":"Point","coordinates":[16.924334,52.400452]},"properties":{"lines":"212, 222, PKS","color":"#0059a9","mode":"bus","arr":["212","222","PKS"],"angle":32.3}},{"type":"Feature","geometry":{"type":"Point","coordinates":[16.940101,52.410666]},"properties":{"lines":"213, 223, T7","color":"#0059a9","mode":"bus","arr":["213","223","T7"],"angle":13.1}},{"type":"Feature","geometry":{"type":"Point","coordinates":[16.949219,52.410213]},"properties":{"lines":"213, 223, T7","color":"#0059a9","mode":"bus","arr":["213","223","T7"],"angle":-10.1}},{"type":"Feature","geometry":{"type":"Point","coordinates":[16.941316,52.410461]},"properties":{"lines":"213, 223, T7","color":"#0059a9","mode":"bus","arr":["213","223","T7"],"angle":44.4}},{"type":"Feature","geometry":{"type":"Point","coordinates":[16.954907,52.409081]},"properties":{"lines":"213, 217, 223, 227","color":"#0059a9","mode":"bus","arr":["213","217","223","227"],"angle":45.5}},{"type":"Feature","geometry":{"type":"Point","coordinates":[16.917296,52.412903]},"properties":{"lines":"213, 214, 215, 223, 224","color":"#0059a9","mode":"bus","arr":["213","214","215","223","224"],"angle":29.8}},{"type":"Feature","geometry":{"type":"Point","coordinates":[16.944509,52.467928]},"properties":{"lines":"214, 348","color":"#0059a9","mode":"bus","arr":["214","348"],"angle":-17.4}},{"type":"Feature","geometry":{"type":"Point","coordinates":[16.915808,52.384258]},"properties":{"lines":"215, 218","color":"#0059a9","mode":"bus","arr":["215","218"],"angle":16.1}},{"type":"Feature","geometry":{"type":"Point","coordinates":[16.903778,52.441771]},"properties":{"lines":"216","color":"#0059a9","mode":"bus","arr":["216"],"angle":-30.6}},{"type":"Feature","geometry":{"type":"Point","coordinates":[16.956442,52.37726]},"properties":{"lines":"217","color":"#0059a9","mode":"bus","arr":["217"],"angle":-47.5}},{"type":"Feature","geometry":{"type":"Point","coordinates":[16.97479,52.421834]},"properties":{"lines":"217","color":"#0059a9","mode":"bus","arr":["217"],"angle":-17.6}},{"type":"Feature","geometry":{"type":"Point","coordinates":[16.930975,52.366816]},"properties":{"lines":"217","color":"#0059a9","mode":"bus","arr":["217"],"angle":81.6}},{"type":"Feature","geometry":{"type":"Point","coordinates":[16.930822,52.367714]},"properties":{"lines":"217, 221","color":"#0059a9","mode":"bus","arr":["217","221"],"angle":-57.9}},{"type":"Feature","geometry":{"type":"Point","coordinates":[16.819679,52.431742]},"properties":{"lines":"219, 802, 803, 804, 811, 812, 813, 821, 822, 833","color":"#0059a9","mode":"bus","arr":["219","802","803","804","811","812","813","821","822","833"],"angle":0.2}},{"type":"Feature","geometry":{"type":"Point","coordinates":[16.827021,52.431476]},"properties":{"lines":"219, 802, 803, 804, 811, 812, 813, 821, 822, 833","color":"#0059a9","mode":"bus","arr":["219","802","803","804","811","812","813","821","822","833"],"angle":19.2,"extra":1}},{"type":"Feature","geometry":{"type":"Point","coordinates":[16.810847,52.431661]},"properties":{"lines":"219, 802, 803, 804, 811, 812, 813, 821, 822, 833","color":"#0059a9","mode":"bus","arr":["219","802","803","804","811","812","813","821","822","833"],"angle":-5.1,"extra":1}},{"type":"Feature","geometry":{"type":"Point","coordinates":[16.872635,52.419809]},"properties":{"lines":"219, 802, 803, 804, 811, 812, 813, 821, 822","color":"#0059a9","mode":"bus","arr":["219","802","803","804","811","812","813","821","822"],"angle":-71.2}},{"type":"Feature","geometry":{"type":"Point","coordinates":[16.808934,52.433686]},"properties":{"lines":"219, 833","color":"#0059a9","mode":"bus","arr":["219","833"],"angle":-82.7}},{"type":"Feature","geometry":{"type":"Point","coordinates":[16.808415,52.432066]},"properties":{"lines":"219, 822, 833","color":"#0059a9","mode":"bus","arr":["219","822","833"],"angle":-76.4}},{"type":"Feature","geometry":{"type":"Point","coordinates":[16.82408,52.377668]},"properties":{"lines":"224, 715, 716, 717","color":"#0059a9","mode":"bus","arr":["224","715","716","717"],"angle":4.9}},{"type":"Feature","geometry":{"type":"Point","coordinates":[16.827897,52.37946]},"properties":{"lines":"224, 715, 716, 717","color":"#0059a9","mode":"bus","arr":["224","715","716","717"],"angle":-48.6}},{"type":"Feature","geometry":{"type":"Point","coordinates":[16.83151,52.381971]},"properties":{"lines":"224, 715, 716, 717","color":"#0059a9","mode":"bus","arr":["224","715","716","717"],"angle":-49.2,"extra":1}},{"type":"Feature","geometry":{"type":"Point","coordinates":[16.84877,52.451862]},"properties":{"lines":"226","color":"#0059a9","mode":"bus","arr":["226"],"angle":69.6}},{"type":"Feature","geometry":{"type":"Point","coordinates":[16.979999,52.434011]},"properties":{"lines":"227, 312, 320, 321, 322, 323, 341, 342","color":"#0059a9","mode":"bus","arr":["227","312","320","321","322","323","341","342"],"angle":-82}},{"type":"Feature","geometry":{"type":"Point","coordinates":[16.978876,52.428917]},"properties":{"lines":"227, 312, 320, 321, 322, 323, 341, 342","color":"#0059a9","mode":"bus","arr":["227","312","320","321","322","323","341","342"],"angle":-81.4,"extra":1}},{"type":"Feature","geometry":{"type":"Point","coordinates":[16.982179,52.438426]},"properties":{"lines":"227, 312, 320, 321, 322, 323, 341, 342","color":"#0059a9","mode":"bus","arr":["227","312","320","321","322","323","341","342"],"angle":-81.3,"extra":1}},{"type":"Feature","geometry":{"type":"Point","coordinates":[16.98791,52.442321]},"properties":{"lines":"227, 320, 321, 322, 323, 341","color":"#0059a9","mode":"bus","arr":["227","320","321","322","323","341"],"angle":-47.1}},{"type":"Feature","geometry":{"type":"Point","coordinates":[16.991027,52.445581]},"properties":{"lines":"227, 322, 323, 341, 388, 396","color":"#0059a9","mode":"bus","arr":["227","322","323","341","388","396"],"angle":43.2}},{"type":"Feature","geometry":{"type":"Point","coordinates":[16.991816,52.450691]},"properties":{"lines":"227, 312, 322, 323, 388","color":"#0059a9","mode":"bus","arr":["227","312","322","323","388"],"angle":81.4}},{"type":"Feature","geometry":{"type":"Point","coordinates":[16.983409,52.444379]},"properties":{"lines":"312, 342","color":"#0059a9","mode":"bus","arr":["312","342"],"angle":-80.3}},{"type":"Feature","geometry":{"type":"Point","coordinates":[16.982892,52.537631]},"properties":{"lines":"312, 342","color":"#0059a9","mode":"bus","arr":["312","342"],"angle":-61.9}},{"type":"Feature","geometry":{"type":"Point","coordinates":[16.980249,52.534038]},"properties":{"lines":"312, 342","color":"#0059a9","mode":"bus","arr":["312","342"],"angle":-65.4,"extra":1}},{"type":"Feature","geometry":{"type":"Point","coordinates":[16.986933,52.543047]},"properties":{"lines":"312, 342","color":"#0059a9","mode":"bus","arr":["312","342"],"angle":-65.5,"extra":1}},{"type":"Feature","geometry":{"type":"Point","coordinates":[16.98731,52.447335]},"properties":{"lines":"312, 341","color":"#0059a9","mode":"bus","arr":["312","341"],"angle":10}},{"type":"Feature","geometry":{"type":"Point","coordinates":[16.993458,52.455411]},"properties":{"lines":"312, 322, 323, 388","color":"#0059a9","mode":"bus","arr":["312","322","323","388"],"angle":-78.2}},{"type":"Feature","geometry":{"type":"Point","coordinates":[16.989722,52.459977]},"properties":{"lines":"388","color":"#0059a9","mode":"bus","arr":["388"],"angle":20.5}},{"type":"Feature","geometry":{"type":"Point","coordinates":[16.984281,52.460963]},"properties":{"lines":"388","color":"#0059a9","mode":"bus","arr":["388"],"angle":9.5,"extra":1}},{"type":"Feature","geometry":{"type":"Point","coordinates":[17.079729,52.485726]},"properties":{"lines":"388","color":"#0059a9","mode":"bus","arr":["388"],"angle":39.2}},{"type":"Feature","geometry":{"type":"Point","coordinates":[17.090176,52.480673]},"properties":{"lines":"388","color":"#0059a9","mode":"bus","arr":["388"],"angle":38.5,"extra":1}},{"type":"Feature","geometry":{"type":"Point","coordinates":[17.083835,52.483759]},"properties":{"lines":"388","color":"#0059a9","mode":"bus","arr":["388"],"angle":38.5,"extra":1}},{"type":"Feature","geometry":{"type":"Point","coordinates":[17.071099,52.48989]},"properties":{"lines":"388","color":"#0059a9","mode":"bus","arr":["388"],"angle":37.8,"extra":1}},{"type":"Feature","geometry":{"type":"Point","coordinates":[17.018951,52.465758]},"properties":{"lines":"388","color":"#0059a9","mode":"bus","arr":["388"],"angle":29.4}},{"type":"Feature","geometry":{"type":"Point","coordinates":[16.980049,52.46846]},"properties":{"lines":"388","color":"#0059a9","mode":"bus","arr":["388"],"angle":81.9}},{"type":"Feature","geometry":{"type":"Point","coordinates":[16.99566,52.458263]},"properties":{"lines":"312, 322, 323","color":"#0059a9","mode":"bus","arr":["312","322","323"],"angle":-39.4}},{"type":"Feature","geometry":{"type":"Point","coordinates":[16.998127,52.461185]},"properties":{"lines":"312, 323","color":"#0059a9","mode":"bus","arr":["312","323"],"angle":-72.9}},{"type":"Feature","geometry":{"type":"Point","coordinates":[16.990306,52.4649]},"properties":{"lines":"312","color":"#0059a9","mode":"bus","arr":["312"],"angle":-3.5}},{"type":"Feature","geometry":{"type":"Point","coordinates":[16.985806,52.463837]},"properties":{"lines":"312","color":"#0059a9","mode":"bus","arr":["312"],"angle":-26.5,"extra":1}},{"type":"Feature","geometry":{"type":"Point","coordinates":[16.963598,52.546427]},"properties":{"lines":"312","color":"#0059a9","mode":"bus","arr":["312"],"angle":71.2}},{"type":"Feature","geometry":{"type":"Point","coordinates":[16.965085,52.543676]},"properties":{"lines":"312","color":"#0059a9","mode":"bus","arr":["312"],"angle":73.2,"extra":1}},{"type":"Feature","geometry":{"type":"Point","coordinates":[16.966479,52.543867]},"properties":{"lines":"312","color":"#0059a9","mode":"bus","arr":["312"],"angle":44.4}},{"type":"Feature","geometry":{"type":"Point","coordinates":[16.972152,52.543347]},"properties":{"lines":"312","color":"#0059a9","mode":"bus","arr":["312"],"angle":7.5,"extra":1}},{"type":"Feature","geometry":{"type":"Point","coordinates":[16.980473,52.466674]},"properties":{"lines":"312, 341, 342, 388, 396","color":"#0059a9","mode":"bus","arr":["312","341","342","388","396"],"angle":83.5}},{"type":"Feature","geometry":{"type":"Point","coordinates":[16.98173,52.46419]},"properties":{"lines":"312, 341, 342, 388","color":"#0059a9","mode":"bus","arr":["312","341","342","388"],"angle":71}},{"type":"Feature","geometry":{"type":"Point","coordinates":[16.9783,52.483729]},"properties":{"lines":"312, 341, 342, 394, 396","color":"#0059a9","mode":"bus","arr":["312","341","342","394","396"],"angle":86.3}},{"type":"Feature","geometry":{"type":"Point","coordinates":[16.979861,52.471428]},"properties":{"lines":"312, 341, 342, 394, 396","color":"#0059a9","mode":"bus","arr":["312","341","342","394","396"],"angle":85.6,"extra":1}},{"type":"Feature","geometry":{"type":"Point","coordinates":[16.979228,52.476359]},"properties":{"lines":"312, 341, 342, 394, 396","color":"#0059a9","mode":"bus","arr":["312","341","342","394","396"],"angle":85.1,"extra":1}},{"type":"Feature","geometry":{"type":"Point","coordinates":[16.977397,52.491155]},"properties":{"lines":"312, 341, 342, 394, 396","color":"#0059a9","mode":"bus","arr":["312","341","342","394","396"],"angle":85.9,"extra":1}},{"type":"Feature","geometry":{"type":"Point","coordinates":[16.976816,52.496055]},"properties":{"lines":"312, 341, 342, 394, 396","color":"#0059a9","mode":"bus","arr":["312","341","342","394","396"],"angle":85.8,"extra":1}},{"type":"Feature","geometry":{"type":"Point","coordinates":[16.975739,52.504944]},"properties":{"lines":"312, 341, 342, 396","color":"#0059a9","mode":"bus","arr":["312","341","342","396"],"angle":85.7}},{"type":"Feature","geometry":{"type":"Point","coordinates":[16.976228,52.500934]},"properties":{"lines":"312, 341, 342, 396","color":"#0059a9","mode":"bus","arr":["312","341","342","396"],"angle":85.8,"extra":1}},{"type":"Feature","geometry":{"type":"Point","coordinates":[16.976049,52.510771]},"properties":{"lines":"312, 341, 342, 396","color":"#0059a9","mode":"bus","arr":["312","341","342","396"],"angle":-87.4,"extra":1}},{"type":"Feature","geometry":{"type":"Point","coordinates":[16.974419,52.513827]},"properties":{"lines":"341, 392","color":"#0059a9","mode":"bus","arr":["341","392"],"angle":60.9}},{"type":"Feature","geometry":{"type":"Point","coordinates":[16.981233,52.510308]},"properties":{"lines":"312, 342, 392, 396","color":"#0059a9","mode":"bus","arr":["312","342","392","396"],"angle":13.8}},{"type":"Feature","geometry":{"type":"Point","coordinates":[16.986994,52.511772]},"properties":{"lines":"312, 342, 392, 396","color":"#0059a9","mode":"bus","arr":["312","342","392","396"],"angle":19.1}},{"type":"Feature","geometry":{"type":"Point","coordinates":[16.986571,52.513193]},"properties":{"lines":"312, 342, 396","color":"#0059a9","mode":"bus","arr":["312","342","396"],"angle":79.2}},{"type":"Feature","geometry":{"type":"Point","coordinates":[16.986169,52.514677]},"properties":{"lines":"312, 342, 396","color":"#0059a9","mode":"bus","arr":["312","342","396"],"angle":81.8}},{"type":"Feature","geometry":{"type":"Point","coordinates":[16.980018,52.517192]},"properties":{"lines":"312, 342, 392","color":"#0059a9","mode":"bus","arr":["312","342","392"],"angle":-10.9}},{"type":"Feature","geometry":{"type":"Point","coordinates":[16.976361,52.524178]},"properties":{"lines":"312, 341, 342","color":"#0059a9","mode":"bus","arr":["312","341","342"],"angle":-80.8}},{"type":"Feature","geometry":{"type":"Point","coordinates":[16.974973,52.518975]},"properties":{"lines":"312, 341, 342","color":"#0059a9","mode":"bus","arr":["312","341","342"],"angle":-80.4,"extra":1}},{"type":"Feature","geometry":{"type":"Point","coordinates":[16.977576,52.528739]},"properties":{"lines":"312, 341, 342","color":"#0059a9","mode":"bus","arr":["312","341","342"],"angle":-80.7,"extra":1}},{"type":"Feature","geometry":{"type":"Point","coordinates":[16.980028,52.542182]},"properties":{"lines":"312, 342, 397","color":"#0059a9","mode":"bus","arr":["312","342","397"],"angle":-16.4}},{"type":"Feature","geometry":{"type":"Point","coordinates":[16.975568,52.541378]},"properties":{"lines":"312, 342, 397","color":"#0059a9","mode":"bus","arr":["312","342","397"],"angle":-16.4,"extra":1}},{"type":"Feature","geometry":{"type":"Point","coordinates":[16.969132,52.541072]},"properties":{"lines":"312, 348, 397","color":"#0059a9","mode":"bus","arr":["312","348","397"],"angle":6.9}},{"type":"Feature","geometry":{"type":"Point","coordinates":[16.972544,52.542115]},"properties":{"lines":"312, 341, 342, 348","color":"#0059a9","mode":"bus","arr":["312","341","342","348"],"angle":-87}},{"type":"Feature","geometry":{"type":"Point","coordinates":[16.984536,52.454298]},"properties":{"lines":"341, 342","color":"#0059a9","mode":"bus","arr":["341","342"],"angle":89.1}},{"type":"Feature","geometry":{"type":"Point","coordinates":[16.984299,52.450025]},"properties":{"lines":"341, 342","color":"#0059a9","mode":"bus","arr":["341","342"],"angle":-85.6,"extra":1}},{"type":"Feature","geometry":{"type":"Point","coordinates":[16.983741,52.459888]},"properties":{"lines":"341, 342","color":"#0059a9","mode":"bus","arr":["341","342"],"angle":86.7,"extra":1}},{"type":"Feature","geometry":{"type":"Point","coordinates":[17.019187,52.463935]},"properties":{"lines":"320, 321, 323, 388, 396","color":"#0059a9","mode":"bus","arr":["320","321","323","388","396"],"angle":-70.3}},{"type":"Feature","geometry":{"type":"Point","coordinates":[17.008291,52.452129]},"properties":{"lines":"320, 321, 388, 396","color":"#0059a9","mode":"bus","arr":["320","321","388","396"],"angle":-47.5}},{"type":"Feature","geometry":{"type":"Point","coordinates":[17.018675,52.459504]},"properties":{"lines":"320, 321, 388, 396","color":"#0059a9","mode":"bus","arr":["320","321","388","396"],"angle":-84.5,"extra":1}},{"type":"Feature","geometry":{"type":"Point","coordinates":[17.01394,52.455603]},"properties":{"lines":"320, 321, 388, 396","color":"#0059a9","mode":"bus","arr":["320","321","388","396"],"angle":-47.7,"extra":1}},{"type":"Feature","geometry":{"type":"Point","coordinates":[17.001845,52.449079]},"properties":{"lines":"320, 321, 388, 396","color":"#0059a9","mode":"bus","arr":["320","321","388","396"],"angle":-35.5,"extra":1}},{"type":"Feature","geometry":{"type":"Point","coordinates":[16.994732,52.446743]},"properties":{"lines":"320, 321, 388, 396","color":"#0059a9","mode":"bus","arr":["320","321","388","396"],"angle":-37.3,"extra":1}},{"type":"Feature","geometry":{"type":"Point","coordinates":[17.002945,52.443395]},"properties":{"lines":"320","color":"#0059a9","mode":"bus","arr":["320"],"angle":75}},{"type":"Feature","geometry":{"type":"Point","coordinates":[17.001727,52.446179]},"properties":{"lines":"320","color":"#0059a9","mode":"bus","arr":["320"],"angle":75.3,"extra":1}},{"type":"Feature","geometry":{"type":"Point","coordinates":[16.996804,52.440798]},"properties":{"lines":"320","color":"#0059a9","mode":"bus","arr":["320"],"angle":56.6}},{"type":"Feature","geometry":{"type":"Point","coordinates":[17.053996,52.483367]},"properties":{"lines":"323, 388","color":"#0059a9","mode":"bus","arr":["323","388"],"angle":-34.7}},{"type":"Feature","geometry":{"type":"Point","coordinates":[17.023902,52.467353]},"properties":{"lines":"323, 388","color":"#0059a9","mode":"bus","arr":["323","388"],"angle":-64.2,"extra":1}},{"type":"Feature","geometry":{"type":"Point","coordinates":[17.027737,52.471686]},"properties":{"lines":"323, 388","color":"#0059a9","mode":"bus","arr":["323","388"],"angle":-50.6,"extra":1}},{"type":"Feature","geometry":{"type":"Point","coordinates":[17.032922,52.475489]},"properties":{"lines":"323, 388","color":"#0059a9","mode":"bus","arr":["323","388"],"angle":-48.3,"extra":1}},{"type":"Feature","geometry":{"type":"Point","coordinates":[17.040047,52.477565]},"properties":{"lines":"323, 388","color":"#0059a9","mode":"bus","arr":["323","388"],"angle":-33.7,"extra":1}},{"type":"Feature","geometry":{"type":"Point","coordinates":[17.046788,52.480319]},"properties":{"lines":"323, 388","color":"#0059a9","mode":"bus","arr":["323","388"],"angle":-34.4,"extra":1}},{"type":"Feature","geometry":{"type":"Point","coordinates":[17.05804,52.486965]},"properties":{"lines":"323, 388","color":"#0059a9","mode":"bus","arr":["323","388"],"angle":-55.2,"extra":1}},{"type":"Feature","geometry":{"type":"Point","coordinates":[17.062021,52.491135]},"properties":{"lines":"323, 388","color":"#0059a9","mode":"bus","arr":["323","388"],"angle":-40.6,"extra":1}},{"type":"Feature","geometry":{"type":"Point","coordinates":[17.067419,52.494048]},"properties":{"lines":"323, 388","color":"#0059a9","mode":"bus","arr":["323","388"],"angle":-77.8,"extra":1}},{"type":"Feature","geometry":{"type":"Point","coordinates":[17.069136,52.498741]},"properties":{"lines":"323, 388","color":"#0059a9","mode":"bus","arr":["323","388"],"angle":88.8,"extra":1}},{"type":"Feature","geometry":{"type":"Point","coordinates":[17.076629,52.498947]},"properties":{"lines":"323, 388","color":"#0059a9","mode":"bus","arr":["323","388"],"angle":4.2,"extra":1}},{"type":"Feature","geometry":{"type":"Point","coordinates":[17.094632,52.494502]},"properties":{"lines":"323, 388","color":"#0059a9","mode":"bus","arr":["323","388"],"angle":75.6}},{"type":"Feature","geometry":{"type":"Point","coordinates":[17.087333,52.497852]},"properties":{"lines":"323, 388","color":"#0059a9","mode":"bus","arr":["323","388"],"angle":14.2}},{"type":"Feature","geometry":{"type":"Point","coordinates":[16.912008,52.441596]},"properties":{"lines":"322","color":"#0059a9","mode":"bus","arr":["322"],"angle":-46.8}},{"type":"Feature","geometry":{"type":"Point","coordinates":[17.120931,52.507291]},"properties":{"lines":"323","color":"#0059a9","mode":"bus","arr":["323"],"angle":-73.1}},{"type":"Feature","geometry":{"type":"Point","coordinates":[17.132734,52.514346]},"properties":{"lines":"323","color":"#0059a9","mode":"bus","arr":["323"],"angle":-22.3,"extra":1}},{"type":"Feature","geometry":{"type":"Point","coordinates":[17.125562,52.51212]},"properties":{"lines":"323","color":"#0059a9","mode":"bus","arr":["323"],"angle":-45.3,"extra":1}},{"type":"Feature","geometry":{"type":"Point","coordinates":[17.117426,52.503812]},"properties":{"lines":"323","color":"#0059a9","mode":"bus","arr":["323"],"angle":-44.4,"extra":1}},{"type":"Feature","geometry":{"type":"Point","coordinates":[17.11162,52.500357]},"properties":{"lines":"323","color":"#0059a9","mode":"bus","arr":["323"],"angle":-44.1,"extra":1}},{"type":"Feature","geometry":{"type":"Point","coordinates":[17.106827,52.49763]},"properties":{"lines":"323","color":"#0059a9","mode":"bus","arr":["323"],"angle":49.7}},{"type":"Feature","geometry":{"type":"Point","coordinates":[17.009587,52.462662]},"properties":{"lines":"323","color":"#0059a9","mode":"bus","arr":["323"],"angle":14.6}},{"type":"Feature","geometry":{"type":"Point","coordinates":[17.015041,52.461799]},"properties":{"lines":"323","color":"#0059a9","mode":"bus","arr":["323"],"angle":14.5,"extra":1}},{"type":"Feature","geometry":{"type":"Point","coordinates":[17.100927,52.494566]},"properties":{"lines":"323, 493","color":"#0059a9","mode":"bus","arr":["323","493"],"angle":-52}},{"type":"Feature","geometry":{"type":"Point","coordinates":[17.104594,52.496321]},"properties":{"lines":"323, 493","color":"#0059a9","mode":"bus","arr":["323","493"],"angle":-32.5,"extra":1}},{"type":"Feature","geometry":{"type":"Point","coordinates":[17.093776,52.48978]},"properties":{"lines":"323, 388, 493","color":"#0059a9","mode":"bus","arr":["323","388","493"],"angle":-44.5}},{"type":"Feature","geometry":{"type":"Point","coordinates":[17.093972,52.482837]},"properties":{"lines":"323, 388, 493","color":"#0059a9","mode":"bus","arr":["323","388","493"],"angle":89.1}},{"type":"Feature","geometry":{"type":"Point","coordinates":[17.093848,52.479479]},"properties":{"lines":"323, 388, 493","color":"#0059a9","mode":"bus","arr":["323","388","493"],"angle":-74.5,"extra":1}},{"type":"Feature","geometry":{"type":"Point","coordinates":[17.079345,52.470804]},"properties":{"lines":"493","color":"#0059a9","mode":"bus","arr":["493"],"angle":-42.5}},{"type":"Feature","geometry":{"type":"Point","coordinates":[17.091918,52.476278]},"properties":{"lines":"493","color":"#0059a9","mode":"bus","arr":["493"],"angle":-35.7,"extra":1}},{"type":"Feature","geometry":{"type":"Point","coordinates":[17.0853,52.473416]},"properties":{"lines":"493","color":"#0059a9","mode":"bus","arr":["493"],"angle":-35.3,"extra":1}},{"type":"Feature","geometry":{"type":"Point","coordinates":[17.073704,52.466628]},"properties":{"lines":"493","color":"#0059a9","mode":"bus","arr":["493"],"angle":-53.5,"extra":1}},{"type":"Feature","geometry":{"type":"Point","coordinates":[17.069421,52.462544]},"properties":{"lines":"493","color":"#0059a9","mode":"bus","arr":["493"],"angle":-26.3,"extra":1}},{"type":"Feature","geometry":{"type":"Point","coordinates":[17.080984,52.456185]},"properties":{"lines":"493","color":"#0059a9","mode":"bus","arr":["493"],"angle":73.7}},{"type":"Feature","geometry":{"type":"Point","coordinates":[17.070215,52.460142]},"properties":{"lines":"493","color":"#0059a9","mode":"bus","arr":["493"],"angle":74.8,"extra":1}},{"type":"Feature","geometry":{"type":"Point","coordinates":[17.0765,52.457803]},"properties":{"lines":"493","color":"#0059a9","mode":"bus","arr":["493"],"angle":19.7,"extra":1}},{"type":"Feature","geometry":{"type":"Point","coordinates":[17.078476,52.450412]},"properties":{"lines":"493","color":"#0059a9","mode":"bus","arr":["493"],"angle":-70,"extra":1}},{"type":"Feature","geometry":{"type":"Point","coordinates":[16.982711,52.462461]},"properties":{"lines":"341, 342, 388","color":"#0059a9","mode":"bus","arr":["341","342","388"],"angle":70.9}},{"type":"Feature","geometry":{"type":"Point","coordinates":[16.975386,52.536152]},"properties":{"lines":"341","color":"#0059a9","mode":"bus","arr":["341"],"angle":69.1}},{"type":"Feature","geometry":{"type":"Point","coordinates":[16.980241,52.55985]},"properties":{"lines":"341, 342, 348","color":"#0059a9","mode":"bus","arr":["341","342","348"],"angle":-44.3}},{"type":"Feature","geometry":{"type":"Point","coordinates":[16.972853,52.545784]},"properties":{"lines":"341, 342, 348","color":"#0059a9","mode":"bus","arr":["341","342","348"],"angle":-86.9,"extra":1}},{"type":"Feature","geometry":{"type":"Point","coordinates":[16.973498,52.550709]},"properties":{"lines":"341, 342, 348","color":"#0059a9","mode":"bus","arr":["341","342","348"],"angle":-80.8,"extra":1}},{"type":"Feature","geometry":{"type":"Point","coordinates":[16.974663,52.555604]},"properties":{"lines":"341, 342, 348","color":"#0059a9","mode":"bus","arr":["341","342","348"],"angle":-81.2,"extra":1}},{"type":"Feature","geometry":{"type":"Point","coordinates":[16.985352,52.562853]},"properties":{"lines":"341, 342, 348","color":"#0059a9","mode":"bus","arr":["341","342","348"],"angle":-37.8,"extra":1}},{"type":"Feature","geometry":{"type":"Point","coordinates":[16.991404,52.565567]},"properties":{"lines":"341, 342, 348","color":"#0059a9","mode":"bus","arr":["341","342","348"],"angle":-21.7,"extra":1}},{"type":"Feature","geometry":{"type":"Point","coordinates":[16.997069,52.566918]},"properties":{"lines":"341, 342, 348","color":"#0059a9","mode":"bus","arr":["341","342","348"],"angle":21.6,"extra":1}},{"type":"Feature","geometry":{"type":"Point","coordinates":[17.003016,52.566406]},"properties":{"lines":"341, 342, 348","color":"#0059a9","mode":"bus","arr":["341","342","348"],"angle":-63.2}},{"type":"Feature","geometry":{"type":"Point","coordinates":[17.006684,52.569656]},"properties":{"lines":"341, 342, 348","color":"#0059a9","mode":"bus","arr":["341","342","348"],"angle":-62.3}},{"type":"Feature","geometry":{"type":"Point","coordinates":[17.008733,52.573059]},"properties":{"lines":"341, 342, 348","color":"#0059a9","mode":"bus","arr":["341","342","348"],"angle":-71.8,"extra":1}},{"type":"Feature","geometry":{"type":"Point","coordinates":[17.011692,52.572808]},"properties":{"lines":"341, 342, 348","color":"#0059a9","mode":"bus","arr":["341","342","348"],"angle":1.4}},{"type":"Feature","geometry":{"type":"Point","coordinates":[17.014821,52.581073]},"properties":{"lines":"341, 342, 348","color":"#0059a9","mode":"bus","arr":["341","342","348"],"angle":-63.2}},{"type":"Feature","geometry":{"type":"Point","coordinates":[17.015828,52.575482]},"properties":{"lines":"341, 342, 348","color":"#0059a9","mode":"bus","arr":["341","342","348"],"angle":-53,"extra":1}},{"type":"Feature","geometry":{"type":"Point","coordinates":[17.013576,52.586336]},"properties":{"lines":"341, 342, 348","color":"#0059a9","mode":"bus","arr":["341","342","348"],"angle":25.3,"extra":1}},{"type":"Feature","geometry":{"type":"Point","coordinates":[17.009519,52.587287]},"properties":{"lines":"341, 342, 348","color":"#0059a9","mode":"bus","arr":["341","342","348"],"angle":83.4}},{"type":"Feature","geometry":{"type":"Point","coordinates":[17.011241,52.57365]},"properties":{"lines":"341, 342, 348","color":"#0059a9","mode":"bus","arr":["341","342","348"],"angle":-7.2}},{"type":"Feature","geometry":{"type":"Point","coordinates":[16.954626,52.540551]},"properties":{"lines":"348, 397","color":"#0059a9","mode":"bus","arr":["348","397"],"angle":22.6}},{"type":"Feature","geometry":{"type":"Point","coordinates":[16.962132,52.541528]},"properties":{"lines":"348, 397","color":"#0059a9","mode":"bus","arr":["348","397"],"angle":-1.3,"extra":1}},{"type":"Feature","geometry":{"type":"Point","coordinates":[16.94946,52.544069]},"properties":{"lines":"348, 397","color":"#0059a9","mode":"bus","arr":["348","397"],"angle":-17.5,"extra":1}},{"type":"Feature","geometry":{"type":"Point","coordinates":[16.947145,52.544075]},"properties":{"lines":"348, 397, 911","color":"#0059a9","mode":"bus","arr":["348","397","911"],"angle":-86.7}},{"type":"Feature","geometry":{"type":"Point","coordinates":[16.947271,52.545362]},"properties":{"lines":"348","color":"#0059a9","mode":"bus","arr":["348"],"angle":68.5}},{"type":"Feature","geometry":{"type":"Point","coordinates":[16.93819,52.521181]},"properties":{"lines":"348, 911","color":"#0059a9","mode":"bus","arr":["348","911"],"angle":-64.5}},{"type":"Feature","geometry":{"type":"Point","coordinates":[16.944061,52.538007]},"properties":{"lines":"348, 911","color":"#0059a9","mode":"bus","arr":["348","911"],"angle":-81.3,"extra":1}},{"type":"Feature","geometry":{"type":"Point","coordinates":[16.946457,52.542528]},"properties":{"lines":"348, 911","color":"#0059a9","mode":"bus","arr":["348","911"],"angle":-37.1,"extra":1}},{"type":"Feature","geometry":{"type":"Point","coordinates":[16.943727,52.533072]},"properties":{"lines":"348, 911","color":"#0059a9","mode":"bus","arr":["348","911"],"angle":80.9,"extra":1}},{"type":"Feature","geometry":{"type":"Point","coordinates":[16.943178,52.528146]},"properties":{"lines":"348, 911","color":"#0059a9","mode":"bus","arr":["348","911"],"angle":-79.2,"extra":1}},{"type":"Feature","geometry":{"type":"Point","coordinates":[16.940216,52.523583]},"properties":{"lines":"348, 911","color":"#0059a9","mode":"bus","arr":["348","911"],"angle":-62.8,"extra":1}},{"type":"Feature","geometry":{"type":"Point","coordinates":[16.939628,52.514103]},"properties":{"lines":"348, 911","color":"#0059a9","mode":"bus","arr":["348","911"],"angle":82.2,"extra":1}},{"type":"Feature","geometry":{"type":"Point","coordinates":[16.939051,52.509302]},"properties":{"lines":"348, 911","color":"#0059a9","mode":"bus","arr":["348","911"],"angle":-67.5,"extra":1}},{"type":"Feature","geometry":{"type":"Point","coordinates":[16.938575,52.500535]},"properties":{"lines":"348, 911","color":"#0059a9","mode":"bus","arr":["348","911"],"angle":34.3}},{"type":"Feature","geometry":{"type":"Point","coordinates":[16.935116,52.504488]},"properties":{"lines":"348, 911","color":"#0059a9","mode":"bus","arr":["348","911"],"angle":-58.4,"extra":1}},{"type":"Feature","geometry":{"type":"Point","coordinates":[17.003131,52.470244]},"properties":{"lines":"388, 396","color":"#0059a9","mode":"bus","arr":["388","396"],"angle":-15.5}},{"type":"Feature","geometry":{"type":"Point","coordinates":[17.013357,52.466915]},"properties":{"lines":"388, 396","color":"#0059a9","mode":"bus","arr":["388","396"],"angle":24.4,"extra":1}},{"type":"Feature","geometry":{"type":"Point","coordinates":[16.99237,52.472001]},"properties":{"lines":"388, 396","color":"#0059a9","mode":"bus","arr":["388","396"],"angle":35,"extra":1}},{"type":"Feature","geometry":{"type":"Point","coordinates":[16.984279,52.467965]},"properties":{"lines":"388, 396","color":"#0059a9","mode":"bus","arr":["388","396"],"angle":-87.7}},{"type":"Feature","geometry":{"type":"Point","coordinates":[16.982505,52.46506]},"properties":{"lines":"388, 396","color":"#0059a9","mode":"bus","arr":["388","396"],"angle":-38.1,"extra":1}},{"type":"Feature","geometry":{"type":"Point","coordinates":[16.979866,52.469262]},"properties":{"lines":"394","color":"#0059a9","mode":"bus","arr":["394"],"angle":82.3}},{"type":"Feature","geometry":{"type":"Point","coordinates":[16.984582,52.495617]},"properties":{"lines":"394","color":"#0059a9","mode":"bus","arr":["394"],"angle":83.4}},{"type":"Feature","geometry":{"type":"Point","coordinates":[16.980413,52.497789]},"properties":{"lines":"394","color":"#0059a9","mode":"bus","arr":["394"],"angle":16,"extra":1}},{"type":"Feature","geometry":{"type":"Point","coordinates":[16.989182,52.490449]},"properties":{"lines":"394","color":"#0059a9","mode":"bus","arr":["394"],"angle":68.5,"extra":1}},{"type":"Feature","geometry":{"type":"Point","coordinates":[17.008356,52.520665]},"properties":{"lines":"392, 396","color":"#0059a9","mode":"bus","arr":["392","396"],"angle":-13.4}},{"type":"Feature","geometry":{"type":"Point","coordinates":[16.988841,52.51824]},"properties":{"lines":"392, 396","color":"#0059a9","mode":"bus","arr":["392","396"],"angle":-10.5,"extra":1}},{"type":"Feature","geometry":{"type":"Point","coordinates":[16.996804,52.519189]},"properties":{"lines":"392, 396","color":"#0059a9","mode":"bus","arr":["392","396"],"angle":-11.3,"extra":1}},{"type":"Feature","geometry":{"type":"Point","coordinates":[17.020394,52.522799]},"properties":{"lines":"392, 396","color":"#0059a9","mode":"bus","arr":["392","396"],"angle":-16.3,"extra":1}},{"type":"Feature","geometry":{"type":"Point","coordinates":[17.028192,52.524166]},"properties":{"lines":"392, 396","color":"#0059a9","mode":"bus","arr":["392","396"],"angle":-15.8,"extra":1}},{"type":"Feature","geometry":{"type":"Point","coordinates":[17.020365,52.466429]},"properties":{"lines":"396","color":"#0059a9","mode":"bus","arr":["396"],"angle":62.6}},{"type":"Feature","geometry":{"type":"Point","coordinates":[16.998641,52.470103]},"properties":{"lines":"396","color":"#0059a9","mode":"bus","arr":["396"],"angle":3.8}},{"type":"Feature","geometry":{"type":"Point","coordinates":[16.979151,52.538334]},"properties":{"lines":"397","color":"#0059a9","mode":"bus","arr":["397"],"angle":-25.1}},{"type":"Feature","geometry":{"type":"Point","coordinates":[17.003954,52.539519]},"properties":{"lines":"397","color":"#0059a9","mode":"bus","arr":["397"],"angle":20.7}},{"type":"Feature","geometry":{"type":"Point","coordinates":[16.990848,52.544416]},"properties":{"lines":"397","color":"#0059a9","mode":"bus","arr":["397"],"angle":-40.5,"extra":1}},{"type":"Feature","geometry":{"type":"Point","coordinates":[16.997779,52.54215]},"properties":{"lines":"397","color":"#0059a9","mode":"bus","arr":["397"],"angle":31.1,"extra":1}},{"type":"Feature","geometry":{"type":"Point","coordinates":[17.012005,52.537666]},"properties":{"lines":"397","color":"#0059a9","mode":"bus","arr":["397"],"angle":21,"extra":1}},{"type":"Feature","geometry":{"type":"Point","coordinates":[17.018562,52.534831]},"properties":{"lines":"397","color":"#0059a9","mode":"bus","arr":["397"],"angle":41.1,"extra":1}},{"type":"Feature","geometry":{"type":"Point","coordinates":[17.019853,52.410878]},"properties":{"lines":"400, 401, 405, 406, 407, 416","color":"#0059a9","mode":"bus","arr":["400","401","405","406","407","416"],"angle":-4.5}},{"type":"Feature","geometry":{"type":"Point","coordinates":[17.018235,52.42062]},"properties":{"lines":"400","color":"#0059a9","mode":"bus","arr":["400"],"angle":61.7}},{"type":"Feature","geometry":{"type":"Point","coordinates":[17.027326,52.411118]},"properties":{"lines":"400","color":"#0059a9","mode":"bus","arr":["400"],"angle":59.9,"extra":1}},{"type":"Feature","geometry":{"type":"Point","coordinates":[17.023013,52.415273]},"properties":{"lines":"400","color":"#0059a9","mode":"bus","arr":["400"],"angle":67.7,"extra":1}},{"type":"Feature","geometry":{"type":"Point","coordinates":[17.011916,52.427783]},"properties":{"lines":"400","color":"#0059a9","mode":"bus","arr":["400"],"angle":61.6,"extra":1}},{"type":"Feature","geometry":{"type":"Point","coordinates":[17.015758,52.423427]},"properties":{"lines":"400","color":"#0059a9","mode":"bus","arr":["400"],"angle":61.7,"extra":1}},{"type":"Feature","geometry":{"type":"Point","coordinates":[17.046538,52.440564]},"properties":{"lines":"400, 412","color":"#0059a9","mode":"bus","arr":["400","412"],"angle":-17.2}},{"type":"Feature","geometry":{"type":"Point","coordinates":[17.021888,52.433023]},"properties":{"lines":"400, 412","color":"#0059a9","mode":"bus","arr":["400","412"],"angle":-29,"extra":1}},{"type":"Feature","geometry":{"type":"Point","coordinates":[17.02888,52.435533]},"properties":{"lines":"400, 412","color":"#0059a9","mode":"bus","arr":["400","412"],"angle":-29.6,"extra":1}},{"type":"Feature","geometry":{"type":"Point","coordinates":[17.036162,52.437708]},"properties":{"lines":"400, 412","color":"#0059a9","mode":"bus","arr":["400","412"],"angle":-25,"extra":1}},{"type":"Feature","geometry":{"type":"Point","coordinates":[17.051333,52.440823]},"properties":{"lines":"400, 412","color":"#0059a9","mode":"bus","arr":["400","412"],"angle":0.6,"extra":1}},{"type":"Feature","geometry":{"type":"Point","coordinates":[17.059427,52.440948]},"properties":{"lines":"400, 412","color":"#0059a9","mode":"bus","arr":["400","412"],"angle":-13,"extra":1}},{"type":"Feature","geometry":{"type":"Point","coordinates":[17.066945,52.442795]},"properties":{"lines":"400, 412","color":"#0059a9","mode":"bus","arr":["400","412"],"angle":-24.3,"extra":1}},{"type":"Feature","geometry":{"type":"Point","coordinates":[17.073804,52.445428]},"properties":{"lines":"400, 412","color":"#0059a9","mode":"bus","arr":["400","412"],"angle":-35.2,"extra":1}},{"type":"Feature","geometry":{"type":"Point","coordinates":[17.075178,52.445956]},"properties":{"lines":"400, 412","color":"#0059a9","mode":"bus","arr":["400","412"],"angle":78.1}},{"type":"Feature","geometry":{"type":"Point","coordinates":[17.077454,52.444655]},"properties":{"lines":"400, 412","color":"#0059a9","mode":"bus","arr":["400","412"],"angle":72.7}},{"type":"Feature","geometry":{"type":"Point","coordinates":[17.076418,52.446054]},"properties":{"lines":"400, 412, 492, 493","color":"#0059a9","mode":"bus","arr":["400","412","492","493"],"angle":-80.8}},{"type":"Feature","geometry":{"type":"Point","coordinates":[17.07448,52.438342]},"properties":{"lines":"400, 412, 494","color":"#0059a9","mode":"bus","arr":["400","412","494"],"angle":-80.5}},{"type":"Feature","geometry":{"type":"Point","coordinates":[17.075588,52.442402]},"properties":{"lines":"400, 412, 494","color":"#0059a9","mode":"bus","arr":["400","412","494"],"angle":-80.5,"extra":1}},{"type":"Feature","geometry":{"type":"Point","coordinates":[17.072928,52.432644]},"properties":{"lines":"400, 412, 494","color":"#0059a9","mode":"bus","arr":["400","412","494"],"angle":-80.5,"extra":1}},{"type":"Feature","geometry":{"type":"Point","coordinates":[17.079333,52.426318]},"properties":{"lines":"400, 412, 494","color":"#0059a9","mode":"bus","arr":["400","412","494"],"angle":41.9}},{"type":"Feature","geometry":{"type":"Point","coordinates":[17.0759,52.428243]},"properties":{"lines":"400, 412, 494","color":"#0059a9","mode":"bus","arr":["400","412","494"],"angle":49.5,"extra":1}},{"type":"Feature","geometry":{"type":"Point","coordinates":[17.081882,52.421172]},"properties":{"lines":"400, 412, 494","color":"#0059a9","mode":"bus","arr":["400","412","494"],"angle":-17.7}},{"type":"Feature","geometry":{"type":"Point","coordinates":[17.078938,52.445176]},"properties":{"lines":"412, 494","color":"#0059a9","mode":"bus","arr":["412","494"],"angle":-22.6}},{"type":"Feature","geometry":{"type":"Point","coordinates":[17.072696,52.430701]},"properties":{"lines":"400, 412, 416, 494","color":"#0059a9","mode":"bus","arr":["400","412","416","494"],"angle":85.6}},{"type":"Feature","geometry":{"type":"Point","coordinates":[17.069818,52.431036]},"properties":{"lines":"416","color":"#0059a9","mode":"bus","arr":["416"],"angle":-54.9}},{"type":"Feature","geometry":{"type":"Point","coordinates":[17.063376,52.418469]},"properties":{"lines":"416","color":"#0059a9","mode":"bus","arr":["416"],"angle":-81.7}},{"type":"Feature","geometry":{"type":"Point","coordinates":[17.069163,52.429131]},"properties":{"lines":"416","color":"#0059a9","mode":"bus","arr":["416"],"angle":-29.9,"extra":1}},{"type":"Feature","geometry":{"type":"Point","coordinates":[17.063791,52.426379]},"properties":{"lines":"416","color":"#0059a9","mode":"bus","arr":["416"],"angle":65.9,"extra":1}},{"type":"Feature","geometry":{"type":"Point","coordinates":[17.064204,52.421747]},"properties":{"lines":"416","color":"#0059a9","mode":"bus","arr":["416"],"angle":-89,"extra":1}},{"type":"Feature","geometry":{"type":"Point","coordinates":[17.055378,52.414367]},"properties":{"lines":"416","color":"#0059a9","mode":"bus","arr":["416"],"angle":-29.8,"extra":1}},{"type":"Feature","geometry":{"type":"Point","coordinates":[17.048941,52.412408]},"properties":{"lines":"416","color":"#0059a9","mode":"bus","arr":["416"],"angle":58.7,"extra":1}},{"type":"Feature","geometry":{"type":"Point","coordinates":[17.082463,52.417861]},"properties":{"lines":"400, 401, 412, 491, 494, 499","color":"#0059a9","mode":"bus","arr":["400","401","412","491","494","499"],"angle":72.9}},{"type":"Feature","geometry":{"type":"Point","coordinates":[17.085468,52.414092]},"properties":{"lines":"400, 401, 412, 491, 494, 499","color":"#0059a9","mode":"bus","arr":["400","401","412","491","494","499"],"angle":-82}},{"type":"Feature","geometry":{"type":"Point","coordinates":[17.084827,52.411135]},"properties":{"lines":"400, 401, 412, 491, 494, 499","color":"#0059a9","mode":"bus","arr":["400","401","412","491","494","499"],"angle":-82.2}},{"type":"Feature","geometry":{"type":"Point","coordinates":[17.084342,52.408538]},"properties":{"lines":"400, 401, 405, 406, 484, 499","color":"#0059a9","mode":"bus","arr":["400","401","405","406","484","499"],"angle":87.6}},{"type":"Feature","geometry":{"type":"Point","coordinates":[17.083858,52.40602]},"properties":{"lines":"400, 405, 406, 484, 499","color":"#0059a9","mode":"bus","arr":["400","405","406","484","499"],"angle":-79.1}},{"type":"Feature","geometry":{"type":"Point","coordinates":[17.083161,52.403685]},"properties":{"lines":"400, 405, 406, 484, 494, 498, 499","color":"#0059a9","mode":"bus","arr":["400","405","406","484","494","498","499"],"angle":-79.8}},{"type":"Feature","geometry":{"type":"Point","coordinates":[17.080488,52.401781]},"properties":{"lines":"400, 405, 406, 407, 484, 494, 497, 499","color":"#0059a9","mode":"bus","arr":["400","405","406","407","484","494","497","499"],"angle":8.2}},{"type":"Feature","geometry":{"type":"Point","coordinates":[17.070598,52.402091]},"properties":{"lines":"400, 405, 406, 407, 484, 494, 497","color":"#0059a9","mode":"bus","arr":["400","405","406","407","484","494","497"],"angle":-9.8}},{"type":"Feature","geometry":{"type":"Point","coordinates":[17.069788,52.406773]},"properties":{"lines":"401","color":"#0059a9","mode":"bus","arr":["401"],"angle":-19.5}},{"type":"Feature","geometry":{"type":"Point","coordinates":[17.059703,52.404643]},"properties":{"lines":"401","color":"#0059a9","mode":"bus","arr":["401"],"angle":-12.9,"extra":1}},{"type":"Feature","geometry":{"type":"Point","coordinates":[17.075091,52.407711]},"properties":{"lines":"401","color":"#0059a9","mode":"bus","arr":["401"],"angle":0.9,"extra":1}},{"type":"Feature","geometry":{"type":"Point","coordinates":[17.083061,52.406799]},"properties":{"lines":"401","color":"#0059a9","mode":"bus","arr":["401"],"angle":12.1,"extra":1}},{"type":"Feature","geometry":{"type":"Point","coordinates":[17.066117,52.406058]},"properties":{"lines":"401, 490","color":"#0059a9","mode":"bus","arr":["401","490"],"angle":-19.6}},{"type":"Feature","geometry":{"type":"Point","coordinates":[17.072532,52.407446]},"properties":{"lines":"401, 490","color":"#0059a9","mode":"bus","arr":["401","490"],"angle":-19.5,"extra":1}},{"type":"Feature","geometry":{"type":"Point","coordinates":[17.057106,52.404418]},"properties":{"lines":"401, 490","color":"#0059a9","mode":"bus","arr":["401","490"],"angle":-10,"extra":1}},{"type":"Feature","geometry":{"type":"Point","coordinates":[17.049157,52.403818]},"properties":{"lines":"401, 405, 406, 407, 490","color":"#0059a9","mode":"bus","arr":["401","405","406","407","490"],"angle":14.2}},{"type":"Feature","geometry":{"type":"Point","coordinates":[17.044181,52.405253]},"properties":{"lines":"401, 405, 406, 407, 490","color":"#0059a9","mode":"bus","arr":["401","405","406","407","490"],"angle":28.9,"extra":1}},{"type":"Feature","geometry":{"type":"Point","coordinates":[17.055879,52.402549]},"properties":{"lines":"405, 406, 407","color":"#0059a9","mode":"bus","arr":["405","406","407"],"angle":77.1}},{"type":"Feature","geometry":{"type":"Point","coordinates":[17.060922,52.40094]},"properties":{"lines":"405, 406, 407, 425","color":"#0059a9","mode":"bus","arr":["405","406","407","425"],"angle":14.4}},{"type":"Feature","geometry":{"type":"Point","coordinates":[17.080247,52.409711]},"properties":{"lines":"405, 406, 412, 484, 485, 486, 491, 494","color":"#0059a9","mode":"bus","arr":["405","406","412","484","485","486","491","494"],"angle":11.5}},{"type":"Feature","geometry":{"type":"Point","coordinates":[17.075913,52.410849]},"properties":{"lines":"405, 406, 412, 484, 485, 486, 490, 491, 494, 498","color":"#0059a9","mode":"bus","arr":["405","406","412","484","485","486","490","491","494","498"],"angle":-37.3}},{"type":"Feature","geometry":{"type":"Point","coordinates":[17.074135,52.407382]},"properties":{"lines":"406, 412, 484, 485, 486, 490, 491, 494, 498","color":"#0059a9","mode":"bus","arr":["406","412","484","485","486","490","491","494","498"],"angle":-73.6}},{"type":"Feature","geometry":{"type":"Point","coordinates":[17.091091,52.405858]},"properties":{"lines":"406","color":"#0059a9","mode":"bus","arr":["406"],"angle":8.9}},{"type":"Feature","geometry":{"type":"Point","coordinates":[17.096148,52.405692]},"properties":{"lines":"406","color":"#0059a9","mode":"bus","arr":["406"],"angle":2.3,"extra":1}},{"type":"Feature","geometry":{"type":"Point","coordinates":[17.09745,52.405279]},"properties":{"lines":"406","color":"#0059a9","mode":"bus","arr":["406"],"angle":2.6}},{"type":"Feature","geometry":{"type":"Point","coordinates":[17.088279,52.405844]},"properties":{"lines":"406","color":"#0059a9","mode":"bus","arr":["406"],"angle":10.9}},{"type":"Feature","geometry":{"type":"Point","coordinates":[17.078295,52.40487]},"properties":{"lines":"406, 494, 498","color":"#0059a9","mode":"bus","arr":["406","494","498"],"angle":-5.5}},{"type":"Feature","geometry":{"type":"Point","coordinates":[17.096011,52.399993]},"properties":{"lines":"407, 497, 498","color":"#0059a9","mode":"bus","arr":["407","497","498"],"angle":13.6}},{"type":"Feature","geometry":{"type":"Point","coordinates":[17.086352,52.401433]},"properties":{"lines":"407, 497, 498","color":"#0059a9","mode":"bus","arr":["407","497","498"],"angle":9.1,"extra":1}},{"type":"Feature","geometry":{"type":"Point","coordinates":[17.102112,52.399074]},"properties":{"lines":"407, 497, 498","color":"#0059a9","mode":"bus","arr":["407","497","498"],"angle":13.7,"extra":1}},{"type":"Feature","geometry":{"type":"Point","coordinates":[17.108956,52.398633]},"properties":{"lines":"407","color":"#0059a9","mode":"bus","arr":["407"],"angle":24.9}},{"type":"Feature","geometry":{"type":"Point","coordinates":[16.961545,52.419528]},"properties":{"lines":"412","color":"#0059a9","mode":"bus","arr":["412"],"angle":34.1}},{"type":"Feature","geometry":{"type":"Point","coordinates":[17.073845,52.404558]},"properties":{"lines":"412, 484, 485, 486, 490, 491, 498","color":"#0059a9","mode":"bus","arr":["412","484","485","486","490","491","498"],"angle":4.6}},{"type":"Feature","geometry":{"type":"Point","coordinates":[17.060142,52.40966]},"properties":{"lines":"490","color":"#0059a9","mode":"bus","arr":["490"],"angle":1.3}},{"type":"Feature","geometry":{"type":"Point","coordinates":[17.071302,52.409725]},"properties":{"lines":"490","color":"#0059a9","mode":"bus","arr":["490"],"angle":-5.2,"extra":1}},{"type":"Feature","geometry":{"type":"Point","coordinates":[17.055467,52.40905]},"properties":{"lines":"490","color":"#0059a9","mode":"bus","arr":["490"],"angle":-19.8,"extra":1}},{"type":"Feature","geometry":{"type":"Point","coordinates":[17.047735,52.407825]},"properties":{"lines":"490","color":"#0059a9","mode":"bus","arr":["490"],"angle":8,"extra":1}},{"type":"Feature","geometry":{"type":"Point","coordinates":[17.076266,52.408194]},"properties":{"lines":"490","color":"#0059a9","mode":"bus","arr":["490"],"angle":16.9}},{"type":"Feature","geometry":{"type":"Point","coordinates":[17.063363,52.382465]},"properties":{"lines":"425, 484, 497, 499","color":"#0059a9","mode":"bus","arr":["425","484","497","499"],"angle":28.5}},{"type":"Feature","geometry":{"type":"Point","coordinates":[17.068666,52.385409]},"properties":{"lines":"425, 497, 499","color":"#0059a9","mode":"bus","arr":["425","497","499"],"angle":-89.9}},{"type":"Feature","geometry":{"type":"Point","coordinates":[17.068692,52.388652]},"properties":{"lines":"425, 497, 499","color":"#0059a9","mode":"bus","arr":["425","497","499"],"angle":-89.4,"extra":1}},{"type":"Feature","geometry":{"type":"Point","coordinates":[17.068827,52.392655]},"properties":{"lines":"425, 497, 499","color":"#0059a9","mode":"bus","arr":["425","497","499"],"angle":-88}},{"type":"Feature","geometry":{"type":"Point","coordinates":[17.057658,52.395002]},"properties":{"lines":"499","color":"#0059a9","mode":"bus","arr":["499"],"angle":49.8}},{"type":"Feature","geometry":{"type":"Point","coordinates":[17.065062,52.395635]},"properties":{"lines":"499","color":"#0059a9","mode":"bus","arr":["499"],"angle":1.3,"extra":1}},{"type":"Feature","geometry":{"type":"Point","coordinates":[17.061739,52.398158]},"properties":{"lines":"499","color":"#0059a9","mode":"bus","arr":["499"],"angle":-34.6,"extra":1}},{"type":"Feature","geometry":{"type":"Point","coordinates":[17.077581,52.397819]},"properties":{"lines":"499","color":"#0059a9","mode":"bus","arr":["499"],"angle":-84.8}},{"type":"Feature","geometry":{"type":"Point","coordinates":[17.078128,52.40061]},"properties":{"lines":"499","color":"#0059a9","mode":"bus","arr":["499"],"angle":-82.2}},{"type":"Feature","geometry":{"type":"Point","coordinates":[17.070236,52.396534]},"properties":{"lines":"425, 497","color":"#0059a9","mode":"bus","arr":["425","497"],"angle":-67.2}},{"type":"Feature","geometry":{"type":"Point","coordinates":[17.067341,52.398438]},"properties":{"lines":"425, 484, 494, 497, 499","color":"#0059a9","mode":"bus","arr":["425","484","494","497","499"],"angle":11.6}},{"type":"Feature","geometry":{"type":"Point","coordinates":[16.967109,52.388926]},"properties":{"lines":"425, 431, 432, 433, 501, 502, 503, 511, 512, 560, 561","color":"#0059a9","mode":"bus","arr":["425","431","432","433","501","502","503","511","512","560","561"],"angle":54}},{"type":"Feature","geometry":{"type":"Point","coordinates":[16.971675,52.385128]},"properties":{"lines":"425, 431, 432, 433, 501, 502, 503, 511, 512, 560, 561","color":"#0059a9","mode":"bus","arr":["425","431","432","433","501","502","503","511","512","560","561"],"angle":53.9,"extra":1}},{"type":"Feature","geometry":{"type":"Point","coordinates":[16.960967,52.392453]},"properties":{"lines":"425, 431, 432, 433, 501, 502, 503, 511, 512, 560, 561","color":"#0059a9","mode":"bus","arr":["425","431","432","433","501","502","503","511","512","560","561"],"angle":30.5,"extra":1}},{"type":"Feature","geometry":{"type":"Point","coordinates":[17.172293,52.333438]},"properties":{"lines":"431, 432, 488","color":"#0059a9","mode":"bus","arr":["431","432","488"],"angle":60.7}},{"type":"Feature","geometry":{"type":"Point","coordinates":[17.167512,52.335023]},"properties":{"lines":"431, 432, 488","color":"#0059a9","mode":"bus","arr":["431","432","488"],"angle":-60.2}},{"type":"Feature","geometry":{"type":"Point","coordinates":[17.147389,52.351127]},"properties":{"lines":"431","color":"#0059a9","mode":"bus","arr":["431"],"angle":45.6}},{"type":"Feature","geometry":{"type":"Point","coordinates":[17.135577,52.358329]},"properties":{"lines":"431","color":"#0059a9","mode":"bus","arr":["431"],"angle":44.8,"extra":1}},{"type":"Feature","geometry":{"type":"Point","coordinates":[17.14133,52.354841]},"properties":{"lines":"431","color":"#0059a9","mode":"bus","arr":["431"],"angle":44.9,"extra":1}},{"type":"Feature","geometry":{"type":"Point","coordinates":[17.152761,52.347819]},"properties":{"lines":"431","color":"#0059a9","mode":"bus","arr":["431"],"angle":45.1,"extra":1}},{"type":"Feature","geometry":{"type":"Point","coordinates":[17.15758,52.343853]},"properties":{"lines":"431","color":"#0059a9","mode":"bus","arr":["431"],"angle":53.3,"extra":1}},{"type":"Feature","geometry":{"type":"Point","coordinates":[17.16261,52.339747]},"properties":{"lines":"431","color":"#0059a9","mode":"bus","arr":["431"],"angle":53.3}},{"type":"Feature","geometry":{"type":"Point","coordinates":[17.121542,52.356955]},"properties":{"lines":"431, 433","color":"#0059a9","mode":"bus","arr":["431","433"],"angle":-24.2}},{"type":"Feature","geometry":{"type":"Point","coordinates":[17.12825,52.358794]},"properties":{"lines":"431, 433","color":"#0059a9","mode":"bus","arr":["431","433"],"angle":-24.1,"extra":1}},{"type":"Feature","geometry":{"type":"Point","coordinates":[17.113849,52.354307]},"properties":{"lines":"431, 433","color":"#0059a9","mode":"bus","arr":["431","433"],"angle":-35.4,"extra":1}},{"type":"Feature","geometry":{"type":"Point","coordinates":[17.106222,52.350998]},"properties":{"lines":"431, 432, 433","color":"#0059a9","mode":"bus","arr":["431","432","433"],"angle":-35.5}},{"type":"Feature","geometry":{"type":"Point","coordinates":[17.101765,52.349209]},"properties":{"lines":"431, 432, 433","color":"#0059a9","mode":"bus","arr":["431","432","433"],"angle":-25,"extra":1}},{"type":"Feature","geometry":{"type":"Point","coordinates":[17.088699,52.343882]},"properties":{"lines":"431, 432, 433","color":"#0059a9","mode":"bus","arr":["431","432","433"],"angle":-36.2}},{"type":"Feature","geometry":{"type":"Point","coordinates":[17.097037,52.347627]},"properties":{"lines":"431, 432, 433","color":"#0059a9","mode":"bus","arr":["431","432","433"],"angle":-36.4,"extra":1}},{"type":"Feature","geometry":{"type":"Point","coordinates":[17.083396,52.34245]},"properties":{"lines":"431, 432, 433","color":"#0059a9","mode":"bus","arr":["431","432","433"],"angle":-15.9,"extra":1}},{"type":"Feature","geometry":{"type":"Point","coordinates":[17.07606,52.342884]},"properties":{"lines":"431, 432, 433","color":"#0059a9","mode":"bus","arr":["431","432","433"],"angle":67.2,"extra":1}},{"type":"Feature","geometry":{"type":"Point","coordinates":[17.072278,52.344294]},"properties":{"lines":"431, 432, 433","color":"#0059a9","mode":"bus","arr":["431","432","433"],"angle":16.1}},{"type":"Feature","geometry":{"type":"Point","coordinates":[17.047178,52.349663]},"properties":{"lines":"431, 432, 433","color":"#0059a9","mode":"bus","arr":["431","432","433"],"angle":10.1}},{"type":"Feature","geometry":{"type":"Point","coordinates":[17.031764,52.353882]},"properties":{"lines":"431, 432, 433","color":"#0059a9","mode":"bus","arr":["431","432","433"],"angle":38.4,"extra":1}},{"type":"Feature","geometry":{"type":"Point","coordinates":[17.03827,52.350971]},"properties":{"lines":"431, 432, 433","color":"#0059a9","mode":"bus","arr":["431","432","433"],"angle":14.6,"extra":1}},{"type":"Feature","geometry":{"type":"Point","coordinates":[17.053938,52.348448]},"properties":{"lines":"431, 432, 433","color":"#0059a9","mode":"bus","arr":["431","432","433"],"angle":20.7,"extra":1}},{"type":"Feature","geometry":{"type":"Point","coordinates":[17.061248,52.346303]},"properties":{"lines":"431, 432, 433","color":"#0059a9","mode":"bus","arr":["431","432","433"],"angle":23.2,"extra":1}},{"type":"Feature","geometry":{"type":"Point","coordinates":[17.067564,52.344877]},"properties":{"lines":"431, 432, 433","color":"#0059a9","mode":"bus","arr":["431","432","433"],"angle":-33.9}},{"type":"Feature","geometry":{"type":"Point","coordinates":[17.160291,52.327314]},"properties":{"lines":"432, 488","color":"#0059a9","mode":"bus","arr":["432","488"],"angle":-60.1}},{"type":"Feature","geometry":{"type":"Point","coordinates":[17.151853,52.319727]},"properties":{"lines":"432, 488","color":"#0059a9","mode":"bus","arr":["432","488"],"angle":19.8,"extra":1}},{"type":"Feature","geometry":{"type":"Point","coordinates":[17.15572,52.323793]},"properties":{"lines":"432, 488","color":"#0059a9","mode":"bus","arr":["432","488"],"angle":-63,"extra":1}},{"type":"Feature","geometry":{"type":"Point","coordinates":[17.160411,52.332468]},"properties":{"lines":"432, 488","color":"#0059a9","mode":"bus","arr":["432","488"],"angle":72.7,"extra":1}},{"type":"Feature","geometry":{"type":"Point","coordinates":[17.162587,52.336902]},"properties":{"lines":"432, 488","color":"#0059a9","mode":"bus","arr":["432","488"],"angle":-46.1,"extra":1}},{"type":"Feature","geometry":{"type":"Point","coordinates":[17.111879,52.330452]},"properties":{"lines":"432","color":"#0059a9","mode":"bus","arr":["432"],"angle":18.3}},{"type":"Feature","geometry":{"type":"Point","coordinates":[17.145021,52.321332]},"properties":{"lines":"432","color":"#0059a9","mode":"bus","arr":["432"],"angle":22.2,"extra":1}},{"type":"Feature","geometry":{"type":"Point","coordinates":[17.137489,52.323171]},"properties":{"lines":"432","color":"#0059a9","mode":"bus","arr":["432"],"angle":21.8,"extra":1}},{"type":"Feature","geometry":{"type":"Point","coordinates":[17.129941,52.324986]},"properties":{"lines":"432","color":"#0059a9","mode":"bus","arr":["432"],"angle":21.4,"extra":1}},{"type":"Feature","geometry":{"type":"Point","coordinates":[17.122751,52.327216]},"properties":{"lines":"432","color":"#0059a9","mode":"bus","arr":["432"],"angle":33.7,"extra":1}},{"type":"Feature","geometry":{"type":"Point","coordinates":[17.109446,52.336567]},"properties":{"lines":"432","color":"#0059a9","mode":"bus","arr":["432"],"angle":-73.7,"extra":1}},{"type":"Feature","geometry":{"type":"Point","coordinates":[17.111716,52.341316]},"properties":{"lines":"432","color":"#0059a9","mode":"bus","arr":["432"],"angle":-73.9,"extra":1}},{"type":"Feature","geometry":{"type":"Point","coordinates":[17.113408,52.346085]},"properties":{"lines":"432","color":"#0059a9","mode":"bus","arr":["432"],"angle":76.4,"extra":1}},{"type":"Feature","geometry":{"type":"Point","coordinates":[17.112058,52.350906]},"properties":{"lines":"432","color":"#0059a9","mode":"bus","arr":["432"],"angle":87,"extra":1}},{"type":"Feature","geometry":{"type":"Point","coordinates":[17.06871,52.380856]},"properties":{"lines":"484","color":"#0059a9","mode":"bus","arr":["484"],"angle":11.5}},{"type":"Feature","geometry":{"type":"Point","coordinates":[17.074082,52.384765]},"properties":{"lines":"484, 494","color":"#0059a9","mode":"bus","arr":["484","494"],"angle":-80.2}},{"type":"Feature","geometry":{"type":"Point","coordinates":[17.072245,52.378043]},"properties":{"lines":"484, 494","color":"#0059a9","mode":"bus","arr":["484","494"],"angle":80.8,"extra":1}},{"type":"Feature","geometry":{"type":"Point","coordinates":[17.072321,52.37367]},"properties":{"lines":"484, 494","color":"#0059a9","mode":"bus","arr":["484","494"],"angle":75.8,"extra":1}},{"type":"Feature","geometry":{"type":"Point","coordinates":[17.074866,52.387675]},"properties":{"lines":"484, 494","color":"#0059a9","mode":"bus","arr":["484","494"],"angle":-80.7,"extra":1}},{"type":"Feature","geometry":{"type":"Point","coordinates":[17.076046,52.391866]},"properties":{"lines":"484, 494","color":"#0059a9","mode":"bus","arr":["484","494"],"angle":-80.3,"extra":1}},{"type":"Feature","geometry":{"type":"Point","coordinates":[17.074006,52.372186]},"properties":{"lines":"484, 494","color":"#0059a9","mode":"bus","arr":["484","494"],"angle":-48.9}},{"type":"Feature","geometry":{"type":"Point","coordinates":[17.074337,52.397118]},"properties":{"lines":"484, 494, 499","color":"#0059a9","mode":"bus","arr":["484","494","499"],"angle":23.8}},{"type":"Feature","geometry":{"type":"Point","coordinates":[17.233115,52.474377]},"properties":{"lines":"485","color":"#0059a9","mode":"bus","arr":["485"],"angle":-5.9}},{"type":"Feature","geometry":{"type":"Point","coordinates":[17.257819,52.476446]},"properties":{"lines":"485","color":"#0059a9","mode":"bus","arr":["485"],"angle":-10.5,"extra":1}},{"type":"Feature","geometry":{"type":"Point","coordinates":[17.265772,52.477418]},"properties":{"lines":"485","color":"#0059a9","mode":"bus","arr":["485"],"angle":-18.9,"extra":1}},{"type":"Feature","geometry":{"type":"Point","coordinates":[17.273449,52.479011]},"properties":{"lines":"485","color":"#0059a9","mode":"bus","arr":["485"],"angle":-17.1,"extra":1}},{"type":"Feature","geometry":{"type":"Point","coordinates":[17.249686,52.475544]},"properties":{"lines":"485","color":"#0059a9","mode":"bus","arr":["485"],"angle":-7.4,"extra":1}},{"type":"Feature","geometry":{"type":"Point","coordinates":[17.241648,52.474888]},"properties":{"lines":"485","color":"#0059a9","mode":"bus","arr":["485"],"angle":-4.2,"extra":1}},{"type":"Feature","geometry":{"type":"Point","coordinates":[17.225657,52.47389]},"properties":{"lines":"485","color":"#0059a9","mode":"bus","arr":["485"],"angle":-6.5,"extra":1}},{"type":"Feature","geometry":{"type":"Point","coordinates":[17.218022,52.472632]},"properties":{"lines":"485","color":"#0059a9","mode":"bus","arr":["485"],"angle":-19.2,"extra":1}},{"type":"Feature","geometry":{"type":"Point","coordinates":[17.191941,52.469488]},"properties":{"lines":"485","color":"#0059a9","mode":"bus","arr":["485"],"angle":-9.7}},{"type":"Feature","geometry":{"type":"Point","coordinates":[17.209438,52.471332]},"properties":{"lines":"485","color":"#0059a9","mode":"bus","arr":["485"],"angle":-9.9,"extra":1}},{"type":"Feature","geometry":{"type":"Point","coordinates":[17.201443,52.470487]},"properties":{"lines":"485","color":"#0059a9","mode":"bus","arr":["485"],"angle":-9.8,"extra":1}},{"type":"Feature","geometry":{"type":"Point","coordinates":[17.185405,52.469007]},"properties":{"lines":"485","color":"#0059a9","mode":"bus","arr":["485"],"angle":-5.1,"extra":1}},{"type":"Feature","geometry":{"type":"Point","coordinates":[17.177467,52.468731]},"properties":{"lines":"485","color":"#0059a9","mode":"bus","arr":["485"],"angle":-1.3,"extra":1}},{"type":"Feature","geometry":{"type":"Point","coordinates":[17.166187,52.457168]},"properties":{"lines":"485","color":"#0059a9","mode":"bus","arr":["485"],"angle":-74.9}},{"type":"Feature","geometry":{"type":"Point","coordinates":[17.169808,52.44383]},"properties":{"lines":"485","color":"#0059a9","mode":"bus","arr":["485"],"angle":64}},{"type":"Feature","geometry":{"type":"Point","coordinates":[17.157832,52.426206]},"properties":{"lines":"485","color":"#0059a9","mode":"bus","arr":["485"],"angle":-88.4,"extra":1}},{"type":"Feature","geometry":{"type":"Point","coordinates":[17.159193,52.431055]},"properties":{"lines":"485","color":"#0059a9","mode":"bus","arr":["485"],"angle":-67.6,"extra":1}},{"type":"Feature","geometry":{"type":"Point","coordinates":[17.163386,52.435286]},"properties":{"lines":"485","color":"#0059a9","mode":"bus","arr":["485"],"angle":-62.8,"extra":1}},{"type":"Feature","geometry":{"type":"Point","coordinates":[17.167079,52.43969]},"properties":{"lines":"485","color":"#0059a9","mode":"bus","arr":["485"],"angle":-63,"extra":1}},{"type":"Feature","geometry":{"type":"Point","coordinates":[17.164833,52.44777]},"properties":{"lines":"485","color":"#0059a9","mode":"bus","arr":["485"],"angle":16.6,"extra":1}},{"type":"Feature","geometry":{"type":"Point","coordinates":[17.160557,52.451641]},"properties":{"lines":"485","color":"#0059a9","mode":"bus","arr":["485"],"angle":-71.5,"extra":1}},{"type":"Feature","geometry":{"type":"Point","coordinates":[17.164131,52.456047]},"properties":{"lines":"485","color":"#0059a9","mode":"bus","arr":["485"],"angle":-33,"extra":1}},{"type":"Feature","geometry":{"type":"Point","coordinates":[17.16753,52.460172]},"properties":{"lines":"485","color":"#0059a9","mode":"bus","arr":["485"],"angle":-77.4,"extra":1}},{"type":"Feature","geometry":{"type":"Point","coordinates":[17.169702,52.465416]},"properties":{"lines":"485","color":"#0059a9","mode":"bus","arr":["485"],"angle":-82.8}},{"type":"Feature","geometry":{"type":"Point","coordinates":[17.170417,52.469013]},"properties":{"lines":"485","color":"#0059a9","mode":"bus","arr":["485"],"angle":-89.6,"extra":1}},{"type":"Feature","geometry":{"type":"Point","coordinates":[17.17194,52.469348]},"properties":{"lines":"485","color":"#0059a9","mode":"bus","arr":["485"],"angle":36.4}},{"type":"Feature","geometry":{"type":"Point","coordinates":[17.121078,52.4129]},"properties":{"lines":"485, 486","color":"#0059a9","mode":"bus","arr":["485","486"],"angle":-58.8}},{"type":"Feature","geometry":{"type":"Point","coordinates":[17.153627,52.423324]},"properties":{"lines":"485, 486","color":"#0059a9","mode":"bus","arr":["485","486"],"angle":-26.2,"extra":1}},{"type":"Feature","geometry":{"type":"Point","coordinates":[17.146327,52.421165]},"properties":{"lines":"485, 486","color":"#0059a9","mode":"bus","arr":["485","486"],"angle":-25.8,"extra":1}},{"type":"Feature","geometry":{"type":"Point","coordinates":[17.138743,52.419491]},"properties":{"lines":"485, 486","color":"#0059a9","mode":"bus","arr":["485","486"],"angle":-12.4,"extra":1}},{"type":"Feature","geometry":{"type":"Point","coordinates":[17.131085,52.418013]},"properties":{"lines":"485, 486","color":"#0059a9","mode":"bus","arr":["485","486"],"angle":-34,"extra":1}},{"type":"Feature","geometry":{"type":"Point","coordinates":[17.124352,52.415253]},"properties":{"lines":"485, 486","color":"#0059a9","mode":"bus","arr":["485","486"],"angle":-34.8,"extra":1}},{"type":"Feature","geometry":{"type":"Point","coordinates":[17.111493,52.412268]},"properties":{"lines":"485, 486","color":"#0059a9","mode":"bus","arr":["485","486"],"angle":-41.7,"extra":1}},{"type":"Feature","geometry":{"type":"Point","coordinates":[17.105468,52.408955]},"properties":{"lines":"485, 486","color":"#0059a9","mode":"bus","arr":["485","486"],"angle":-42.1,"extra":1}},{"type":"Feature","geometry":{"type":"Point","coordinates":[17.09886,52.407627]},"properties":{"lines":"485, 486","color":"#0059a9","mode":"bus","arr":["485","486"],"angle":19.7,"extra":1}},{"type":"Feature","geometry":{"type":"Point","coordinates":[17.091136,52.409129]},"properties":{"lines":"485, 486","color":"#0059a9","mode":"bus","arr":["485","486"],"angle":13.1,"extra":1}},{"type":"Feature","geometry":{"type":"Point","coordinates":[17.155453,52.411132]},"properties":{"lines":"486","color":"#0059a9","mode":"bus","arr":["486"],"angle":78.2}},{"type":"Feature","geometry":{"type":"Point","coordinates":[17.156089,52.421452]},"properties":{"lines":"486","color":"#0059a9","mode":"bus","arr":["486"],"angle":-65,"extra":1}},{"type":"Feature","geometry":{"type":"Point","coordinates":[17.15524,52.416558]},"properties":{"lines":"486","color":"#0059a9","mode":"bus","arr":["486"],"angle":-85.7,"extra":1}},{"type":"Feature","geometry":{"type":"Point","coordinates":[17.157064,52.406829]},"properties":{"lines":"486","color":"#0059a9","mode":"bus","arr":["486"],"angle":76.1,"extra":1}},{"type":"Feature","geometry":{"type":"Point","coordinates":[17.158974,52.402021]},"properties":{"lines":"486","color":"#0059a9","mode":"bus","arr":["486"],"angle":76.6,"extra":1}},{"type":"Feature","geometry":{"type":"Point","coordinates":[17.157615,52.390483]},"properties":{"lines":"486","color":"#0059a9","mode":"bus","arr":["486"],"angle":65}},{"type":"Feature","geometry":{"type":"Point","coordinates":[17.158583,52.39618]},"properties":{"lines":"486","color":"#0059a9","mode":"bus","arr":["486"],"angle":-71.7,"extra":1}},{"type":"Feature","geometry":{"type":"Point","coordinates":[17.160051,52.386811]},"properties":{"lines":"486","color":"#0059a9","mode":"bus","arr":["486"],"angle":69.3,"extra":1}},{"type":"Feature","geometry":{"type":"Point","coordinates":[17.162321,52.382253]},"properties":{"lines":"486","color":"#0059a9","mode":"bus","arr":["486"],"angle":-68.9}},{"type":"Feature","geometry":{"type":"Point","coordinates":[17.209724,52.299408]},"properties":{"lines":"488","color":"#0059a9","mode":"bus","arr":["488"],"angle":-17.5}},{"type":"Feature","geometry":{"type":"Point","coordinates":[17.220812,52.301537]},"properties":{"lines":"488","color":"#0059a9","mode":"bus","arr":["488"],"angle":-17.7,"extra":1}},{"type":"Feature","geometry":{"type":"Point","coordinates":[17.205334,52.298563]},"properties":{"lines":"488","color":"#0059a9","mode":"bus","arr":["488"],"angle":-17.5,"extra":1}},{"type":"Feature","geometry":{"type":"Point","coordinates":[17.197789,52.296818]},"properties":{"lines":"488","color":"#0059a9","mode":"bus","arr":["488"],"angle":-16.1,"extra":1}},{"type":"Feature","geometry":{"type":"Point","coordinates":[17.159726,52.294047]},"properties":{"lines":"488","color":"#0059a9","mode":"bus","arr":["488"],"angle":14.2}},{"type":"Feature","geometry":{"type":"Point","coordinates":[17.194373,52.294162]},"properties":{"lines":"488","color":"#0059a9","mode":"bus","arr":["488"],"angle":-81.1,"extra":1}},{"type":"Feature","geometry":{"type":"Point","coordinates":[17.193096,52.289297]},"properties":{"lines":"488","color":"#0059a9","mode":"bus","arr":["488"],"angle":-82.7,"extra":1}},{"type":"Feature","geometry":{"type":"Point","coordinates":[17.185747,52.289813]},"properties":{"lines":"488","color":"#0059a9","mode":"bus","arr":["488"],"angle":12.9,"extra":1}},{"type":"Feature","geometry":{"type":"Point","coordinates":[17.177844,52.290932]},"properties":{"lines":"488","color":"#0059a9","mode":"bus","arr":["488"],"angle":12.9,"extra":1}},{"type":"Feature","geometry":{"type":"Point","coordinates":[17.17015,52.292488]},"properties":{"lines":"488","color":"#0059a9","mode":"bus","arr":["488"],"angle":19.6,"extra":1}},{"type":"Feature","geometry":{"type":"Point","coordinates":[17.154816,52.295317]},"properties":{"lines":"488","color":"#0059a9","mode":"bus","arr":["488"],"angle":18.1,"extra":1}},{"type":"Feature","geometry":{"type":"Point","coordinates":[17.146826,52.295823]},"properties":{"lines":"488","color":"#0059a9","mode":"bus","arr":["488"],"angle":9.9,"extra":1}},{"type":"Feature","geometry":{"type":"Point","coordinates":[17.138879,52.29682]},"properties":{"lines":"488","color":"#0059a9","mode":"bus","arr":["488"],"angle":11.6,"extra":1}},{"type":"Feature","geometry":{"type":"Point","coordinates":[17.13093,52.297814]},"properties":{"lines":"488","color":"#0059a9","mode":"bus","arr":["488"],"angle":11.5,"extra":1}},{"type":"Feature","geometry":{"type":"Point","coordinates":[17.12336,52.29929]},"properties":{"lines":"488","color":"#0059a9","mode":"bus","arr":["488"],"angle":40.6,"extra":1}},{"type":"Feature","geometry":{"type":"Point","coordinates":[17.127551,52.303031]},"properties":{"lines":"488","color":"#0059a9","mode":"bus","arr":["488"],"angle":-42,"extra":1}},{"type":"Feature","geometry":{"type":"Point","coordinates":[17.151739,52.317183]},"properties":{"lines":"488","color":"#0059a9","mode":"bus","arr":["488"],"angle":-80.5,"extra":1}},{"type":"Feature","geometry":{"type":"Point","coordinates":[17.146591,52.313586]},"properties":{"lines":"488","color":"#0059a9","mode":"bus","arr":["488"],"angle":-37,"extra":1}},{"type":"Feature","geometry":{"type":"Point","coordinates":[17.140055,52.310659]},"properties":{"lines":"488","color":"#0059a9","mode":"bus","arr":["488"],"angle":-35.5,"extra":1}},{"type":"Feature","geometry":{"type":"Point","coordinates":[17.133383,52.30785]},"properties":{"lines":"488","color":"#0059a9","mode":"bus","arr":["488"],"angle":-28.5,"extra":1}},{"type":"Feature","geometry":{"type":"Point","coordinates":[17.09422,52.419793]},"properties":{"lines":"491","color":"#0059a9","mode":"bus","arr":["491"],"angle":-44.8}},{"type":"Feature","geometry":{"type":"Point","coordinates":[17.088762,52.416897]},"properties":{"lines":"491","color":"#0059a9","mode":"bus","arr":["491"],"angle":-38.2,"extra":1}},{"type":"Feature","geometry":{"type":"Point","coordinates":[17.100583,52.423658]},"properties":{"lines":"491","color":"#0059a9","mode":"bus","arr":["491"],"angle":-45,"extra":1}},{"type":"Feature","geometry":{"type":"Point","coordinates":[17.102364,52.424615]},"properties":{"lines":"491","color":"#0059a9","mode":"bus","arr":["491"],"angle":68}},{"type":"Feature","geometry":{"type":"Point","coordinates":[17.106343,52.426832]},"properties":{"lines":"491","color":"#0059a9","mode":"bus","arr":["491"],"angle":7.1,"extra":1}},{"type":"Feature","geometry":{"type":"Point","coordinates":[17.10172,52.45593]},"properties":{"lines":"492","color":"#0059a9","mode":"bus","arr":["492"],"angle":-38.4}},{"type":"Feature","geometry":{"type":"Point","coordinates":[17.080366,52.44757]},"properties":{"lines":"492","color":"#0059a9","mode":"bus","arr":["492"],"angle":-28.6,"extra":1}},{"type":"Feature","geometry":{"type":"Point","coordinates":[17.087727,52.449561]},"properties":{"lines":"492","color":"#0059a9","mode":"bus","arr":["492"],"angle":-21.9,"extra":1}},{"type":"Feature","geometry":{"type":"Point","coordinates":[17.094373,52.452363]},"properties":{"lines":"492","color":"#0059a9","mode":"bus","arr":["492"],"angle":-38.6,"extra":1}},{"type":"Feature","geometry":{"type":"Point","coordinates":[17.10707,52.458518]},"properties":{"lines":"492","color":"#0059a9","mode":"bus","arr":["492"],"angle":-38.4,"extra":1}},{"type":"Feature","geometry":{"type":"Point","coordinates":[17.113639,52.459861]},"properties":{"lines":"492","color":"#0059a9","mode":"bus","arr":["492"],"angle":44.8,"extra":1}},{"type":"Feature","geometry":{"type":"Point","coordinates":[17.119393,52.456373]},"properties":{"lines":"492","color":"#0059a9","mode":"bus","arr":["492"],"angle":44.8,"extra":1}},{"type":"Feature","geometry":{"type":"Point","coordinates":[17.082703,52.405427]},"properties":{"lines":"494, 498","color":"#0059a9","mode":"bus","arr":["494","498"],"angle":-16.5}},{"type":"Feature","geometry":{"type":"Point","coordinates":[17.074976,52.364971]},"properties":{"lines":"494","color":"#0059a9","mode":"bus","arr":["494"],"angle":82.7}},{"type":"Feature","geometry":{"type":"Point","coordinates":[17.073999,52.369678]},"properties":{"lines":"494","color":"#0059a9","mode":"bus","arr":["494"],"angle":82.7,"extra":1}},{"type":"Feature","geometry":{"type":"Point","coordinates":[17.073111,52.361357]},"properties":{"lines":"494","color":"#0059a9","mode":"bus","arr":["494"],"angle":10.6,"extra":1}},{"type":"Feature","geometry":{"type":"Point","coordinates":[17.069571,52.361716]},"properties":{"lines":"494","color":"#0059a9","mode":"bus","arr":["494"],"angle":6.4}},{"type":"Feature","geometry":{"type":"Point","coordinates":[17.116758,52.386451]},"properties":{"lines":"497, 498","color":"#0059a9","mode":"bus","arr":["497","498"],"angle":-52.3}},{"type":"Feature","geometry":{"type":"Point","coordinates":[17.112214,52.396224]},"properties":{"lines":"497, 498","color":"#0059a9","mode":"bus","arr":["497","498"],"angle":64.7,"extra":1}},{"type":"Feature","geometry":{"type":"Point","coordinates":[17.117193,52.392366]},"properties":{"lines":"497, 498","color":"#0059a9","mode":"bus","arr":["497","498"],"angle":54.5,"extra":1}},{"type":"Feature","geometry":{"type":"Point","coordinates":[17.111779,52.386811]},"properties":{"lines":"497, 498","color":"#0059a9","mode":"bus","arr":["497","498"],"angle":6.3,"extra":1}},{"type":"Feature","geometry":{"type":"Point","coordinates":[17.103705,52.387305]},"properties":{"lines":"497, 498","color":"#0059a9","mode":"bus","arr":["497","498"],"angle":6.2,"extra":1}},{"type":"Feature","geometry":{"type":"Point","coordinates":[17.095637,52.387828]},"properties":{"lines":"497, 498","color":"#0059a9","mode":"bus","arr":["497","498"],"angle":6.6,"extra":1}},{"type":"Feature","geometry":{"type":"Point","coordinates":[17.103276,52.379523]},"properties":{"lines":"497, 498","color":"#0059a9","mode":"bus","arr":["497","498"],"angle":52.5}},{"type":"Feature","geometry":{"type":"Point","coordinates":[17.095948,52.386257]},"properties":{"lines":"497, 498","color":"#0059a9","mode":"bus","arr":["497","498"],"angle":50.9,"extra":1}},{"type":"Feature","geometry":{"type":"Point","coordinates":[17.100642,52.381922]},"properties":{"lines":"497, 498","color":"#0059a9","mode":"bus","arr":["497","498"],"angle":57.2,"extra":1}},{"type":"Feature","geometry":{"type":"Point","coordinates":[17.089689,52.394254]},"properties":{"lines":"497, 498","color":"#0059a9","mode":"bus","arr":["497","498"],"angle":63,"extra":1}},{"type":"Feature","geometry":{"type":"Point","coordinates":[17.085938,52.398626]},"properties":{"lines":"497, 498","color":"#0059a9","mode":"bus","arr":["497","498"],"angle":57.5,"extra":1}},{"type":"Feature","geometry":{"type":"Point","coordinates":[17.092994,52.389995]},"properties":{"lines":"497, 498","color":"#0059a9","mode":"bus","arr":["497","498"],"angle":76.8}},{"type":"Feature","geometry":{"type":"Point","coordinates":[17.000092,52.343103]},"properties":{"lines":"501, 502, 503, 560","color":"#0059a9","mode":"bus","arr":["501","502","503","560"],"angle":78}},{"type":"Feature","geometry":{"type":"Point","coordinates":[16.991479,52.367788]},"properties":{"lines":"501, 502, 503, 560","color":"#0059a9","mode":"bus","arr":["501","502","503","560"],"angle":75.5,"extra":1}},{"type":"Feature","geometry":{"type":"Point","coordinates":[16.993175,52.362951]},"properties":{"lines":"501, 502, 503, 560","color":"#0059a9","mode":"bus","arr":["501","502","503","560"],"angle":78,"extra":1}},{"type":"Feature","geometry":{"type":"Point","coordinates":[16.994861,52.358113]},"properties":{"lines":"501, 502, 503, 560","color":"#0059a9","mode":"bus","arr":["501","502","503","560"],"angle":78.1,"extra":1}},{"type":"Feature","geometry":{"type":"Point","coordinates":[16.99655,52.353275]},"properties":{"lines":"501, 502, 503, 560","color":"#0059a9","mode":"bus","arr":["501","502","503","560"],"angle":78,"extra":1}},{"type":"Feature","geometry":{"type":"Point","coordinates":[16.998233,52.348437]},"properties":{"lines":"501, 502, 503, 560","color":"#0059a9","mode":"bus","arr":["501","502","503","560"],"angle":78,"extra":1}},{"type":"Feature","geometry":{"type":"Point","coordinates":[17.002899,52.339065]},"properties":{"lines":"501, 502, 503, 560","color":"#0059a9","mode":"bus","arr":["501","502","503","560"],"angle":50.2,"extra":1}},{"type":"Feature","geometry":{"type":"Point","coordinates":[17.009469,52.336217]},"properties":{"lines":"501, 502, 503, 560","color":"#0059a9","mode":"bus","arr":["501","502","503","560"],"angle":30,"extra":1}},{"type":"Feature","geometry":{"type":"Point","coordinates":[17.016451,52.33375]},"properties":{"lines":"501, 502, 503, 560","color":"#0059a9","mode":"bus","arr":["501","502","503","560"],"angle":29.7,"extra":1}},{"type":"Feature","geometry":{"type":"Point","coordinates":[17.022911,52.330803]},"properties":{"lines":"501, 502, 503, 560","color":"#0059a9","mode":"bus","arr":["501","502","503","560"],"angle":44.4,"extra":1}},{"type":"Feature","geometry":{"type":"Point","coordinates":[17.028621,52.327291]},"properties":{"lines":"501, 502, 503, 560","color":"#0059a9","mode":"bus","arr":["501","502","503","560"],"angle":49.6,"extra":1}},{"type":"Feature","geometry":{"type":"Point","coordinates":[17.029824,52.323393]},"properties":{"lines":"501, 502, 503, 512, 560","color":"#0059a9","mode":"bus","arr":["501","502","503","512","560"],"angle":-67.4}},{"type":"Feature","geometry":{"type":"Point","coordinates":[17.030072,52.321705]},"properties":{"lines":"501, 502, 503, 511, 512, 560","color":"#0059a9","mode":"bus","arr":["501","502","503","511","512","560"],"angle":-73.8}},{"type":"Feature","geometry":{"type":"Point","coordinates":[17.026516,52.320884]},"properties":{"lines":"501, 502, 503, 511, 560","color":"#0059a9","mode":"bus","arr":["501","502","503","511","560"],"angle":-61.5}},{"type":"Feature","geometry":{"type":"Point","coordinates":[17.034218,52.313675]},"properties":{"lines":"501, 502, 503, 511, 560","color":"#0059a9","mode":"bus","arr":["501","502","503","511","560"],"angle":43.6}},{"type":"Feature","geometry":{"type":"Point","coordinates":[17.028158,52.31719]},"properties":{"lines":"501, 502, 503, 511, 560","color":"#0059a9","mode":"bus","arr":["501","502","503","511","560"],"angle":43.7,"extra":1}},{"type":"Feature","geometry":{"type":"Point","coordinates":[17.040757,52.311332]},"properties":{"lines":"501, 502, 503, 511, 560","color":"#0059a9","mode":"bus","arr":["501","502","503","511","560"],"angle":4,"extra":1}},{"type":"Feature","geometry":{"type":"Point","coordinates":[17.04814,52.30333]},"properties":{"lines":"501, 511, 512, 560","color":"#0059a9","mode":"bus","arr":["501","511","512","560"],"angle":80.4}},{"type":"Feature","geometry":{"type":"Point","coordinates":[17.046835,52.30827]},"properties":{"lines":"501, 511, 512, 560","color":"#0059a9","mode":"bus","arr":["501","511","512","560"],"angle":84.2,"extra":1}},{"type":"Feature","geometry":{"type":"Point","coordinates":[17.049645,52.298542]},"properties":{"lines":"501, 511, 512, 560","color":"#0059a9","mode":"bus","arr":["501","511","512","560"],"angle":71.4,"extra":1}},{"type":"Feature","geometry":{"type":"Point","coordinates":[17.045813,52.310925]},"properties":{"lines":"501, 511, 560","color":"#0059a9","mode":"bus","arr":["501","511","560"],"angle":63.9}},{"type":"Feature","geometry":{"type":"Point","coordinates":[17.048861,52.300466]},"properties":{"lines":"511, 512, 599","color":"#0059a9","mode":"bus","arr":["511","512","599"],"angle":-25.2}},{"type":"Feature","geometry":{"type":"Point","coordinates":[17.048829,52.294062]},"properties":{"lines":"511, 512, 599","color":"#0059a9","mode":"bus","arr":["511","512","599"],"angle":-42.3}},{"type":"Feature","geometry":{"type":"Point","coordinates":[17.018036,52.281623]},"properties":{"lines":"511, 512, 599","color":"#0059a9","mode":"bus","arr":["511","512","599"],"angle":13.5}},{"type":"Feature","geometry":{"type":"Point","coordinates":[17.038303,52.280616]},"properties":{"lines":"511, 512, 599","color":"#0059a9","mode":"bus","arr":["511","512","599"],"angle":5,"extra":1}},{"type":"Feature","geometry":{"type":"Point","coordinates":[17.030237,52.280295]},"properties":{"lines":"511, 512, 599","color":"#0059a9","mode":"bus","arr":["511","512","599"],"angle":-4.2,"extra":1}},{"type":"Feature","geometry":{"type":"Point","coordinates":[17.006835,52.283989]},"properties":{"lines":"511, 512, 599","color":"#0059a9","mode":"bus","arr":["511","512","599"],"angle":13.8,"extra":1}},{"type":"Feature","geometry":{"type":"Point","coordinates":[16.998938,52.285118]},"properties":{"lines":"511, 512, 599","color":"#0059a9","mode":"bus","arr":["511","512","599"],"angle":8.7,"extra":1}},{"type":"Feature","geometry":{"type":"Point","coordinates":[17.044436,52.278566]},"properties":{"lines":"511, 512, 599","color":"#0059a9","mode":"bus","arr":["511","512","599"],"angle":45.8}},{"type":"Feature","geometry":{"type":"Point","coordinates":[17.006596,52.295686]},"properties":{"lines":"511, 512, 599","color":"#0059a9","mode":"bus","arr":["511","512","599"],"angle":-62.9}},{"type":"Feature","geometry":{"type":"Point","coordinates":[16.998481,52.287563]},"properties":{"lines":"511, 512, 599","color":"#0059a9","mode":"bus","arr":["511","512","599"],"angle":-46.5,"extra":1}},{"type":"Feature","geometry":{"type":"Point","coordinates":[17.00162,52.291912]},"properties":{"lines":"511, 512, 599","color":"#0059a9","mode":"bus","arr":["511","512","599"],"angle":-60.6,"extra":1}},{"type":"Feature","geometry":{"type":"Point","coordinates":[17.011577,52.299587]},"properties":{"lines":"511, 512, 599","color":"#0059a9","mode":"bus","arr":["511","512","599"],"angle":-37.3,"extra":1}},{"type":"Feature","geometry":{"type":"Point","coordinates":[17.012935,52.303005]},"properties":{"lines":"511, 512, 599","color":"#0059a9","mode":"bus","arr":["511","512","599"],"angle":51.3,"extra":1}},{"type":"Feature","geometry":{"type":"Point","coordinates":[17.063749,52.275971]},"properties":{"lines":"501, 560, 599","color":"#0059a9","mode":"bus","arr":["501","560","599"],"angle":73.8}},{"type":"Feature","geometry":{"type":"Point","coordinates":[17.053182,52.294164]},"properties":{"lines":"501, 560, 599","color":"#0059a9","mode":"bus","arr":["501","560","599"],"angle":66,"extra":1}},{"type":"Feature","geometry":{"type":"Point","coordinates":[17.056112,52.289552]},"properties":{"lines":"501, 560, 599","color":"#0059a9","mode":"bus","arr":["501","560","599"],"angle":69.3,"extra":1}},{"type":"Feature","geometry":{"type":"Point","coordinates":[17.058969,52.284923]},"properties":{"lines":"501, 560, 599","color":"#0059a9","mode":"bus","arr":["501","560","599"],"angle":69.4,"extra":1}},{"type":"Feature","geometry":{"type":"Point","coordinates":[17.061659,52.280257]},"properties":{"lines":"501, 560, 599","color":"#0059a9","mode":"bus","arr":["501","560","599"],"angle":72.1,"extra":1}},{"type":"Feature","geometry":{"type":"Point","coordinates":[17.066673,52.270859]},"properties":{"lines":"501, 560, 599","color":"#0059a9","mode":"bus","arr":["501","560","599"],"angle":65.4,"extra":1}},{"type":"Feature","geometry":{"type":"Point","coordinates":[17.07009,52.266388]},"properties":{"lines":"501, 560, 599","color":"#0059a9","mode":"bus","arr":["501","560","599"],"angle":57,"extra":1}},{"type":"Feature","geometry":{"type":"Point","coordinates":[17.073639,52.261954]},"properties":{"lines":"501, 560, 599","color":"#0059a9","mode":"bus","arr":["501","560","599"],"angle":64.4,"extra":1}},{"type":"Feature","geometry":{"type":"Point","coordinates":[17.078009,52.257829]},"properties":{"lines":"501, 560, 599","color":"#0059a9","mode":"bus","arr":["501","560","599"],"angle":42.1,"extra":1}},{"type":"Feature","geometry":{"type":"Point","coordinates":[17.078563,52.255893]},"properties":{"lines":"501, 502, 560, 561, 590, 591, 592, 599","color":"#0059a9","mode":"bus","arr":["501","502","560","561","590","591","592","599"],"angle":-67.4}},{"type":"Feature","geometry":{"type":"Point","coordinates":[17.07982,52.257539]},"properties":{"lines":"501, 502, 560, 561, 590, 591, 592, 599","color":"#0059a9","mode":"bus","arr":["501","502","560","561","590","591","592","599"],"angle":-62.4}},{"type":"Feature","geometry":{"type":"Point","coordinates":[17.079898,52.254228]},"properties":{"lines":"501, 502, 560, 561, 590, 591, 592, 599, 699","color":"#0059a9","mode":"bus","arr":["501","502","560","561","590","591","592","599","699"],"angle":8}},{"type":"Feature","geometry":{"type":"Point","coordinates":[17.084477,52.251045]},"properties":{"lines":"501, 502, 560, 561, 590, 591, 592, 598, 599, 699","color":"#0059a9","mode":"bus","arr":["501","502","560","561","590","591","592","598","599","699"],"angle":55.2}},{"type":"Feature","geometry":{"type":"Point","coordinates":[17.088025,52.248071]},"properties":{"lines":"501, 502, 560, 561, 580, 582, 590, 591, 598, 599, 699","color":"#0059a9","mode":"bus","arr":["501","502","560","561","580","582","590","591","598","599","699"],"angle":50.9}},{"type":"Feature","geometry":{"type":"Point","coordinates":[17.089349,52.247089]},"properties":{"lines":"501, 502, 560, 561, 580, 582, 590, 591, 598, 699","color":"#0059a9","mode":"bus","arr":["501","502","560","561","580","582","590","591","598","699"],"angle":50.6}},{"type":"Feature","geometry":{"type":"Point","coordinates":[17.090154,52.244106]},"properties":{"lines":"501, 560, 561, 580, 598","color":"#0059a9","mode":"bus","arr":["501","560","561","580","598"],"angle":-80.7}},{"type":"Feature","geometry":{"type":"Point","coordinates":[17.090721,52.239484]},"properties":{"lines":"501, 560, 561, 580, 598","color":"#0059a9","mode":"bus","arr":["501","560","561","580","598"],"angle":47.1,"extra":1}},{"type":"Feature","geometry":{"type":"Point","coordinates":[17.094131,52.235505]},"properties":{"lines":"501, 502, 560, 561, 580, 598","color":"#0059a9","mode":"bus","arr":["501","502","560","561","580","598"],"angle":65.2}},{"type":"Feature","geometry":{"type":"Point","coordinates":[17.095777,52.23098]},"properties":{"lines":"501, 502, 560, 580, 590, 598","color":"#0059a9","mode":"bus","arr":["501","502","560","580","590","598"],"angle":-42.7}},{"type":"Feature","geometry":{"type":"Point","coordinates":[17.091289,52.226059]},"properties":{"lines":"501, 502, 560, 590","color":"#0059a9","mode":"bus","arr":["501","502","560","590"],"angle":-64.9}},{"type":"Feature","geometry":{"type":"Point","coordinates":[17.087847,52.222958]},"properties":{"lines":"501, 502, 560, 590, 595, 598","color":"#0059a9","mode":"bus","arr":["501","502","560","590","595","598"],"angle":76.2}},{"type":"Feature","geometry":{"type":"Point","coordinates":[17.081259,52.220854]},"properties":{"lines":"501, 502, 590, 595, 598","color":"#0059a9","mode":"bus","arr":["501","502","590","595","598"],"angle":-34.8}},{"type":"Feature","geometry":{"type":"Point","coordinates":[17.086269,52.222452]},"properties":{"lines":"501, 502, 590, 595, 598","color":"#0059a9","mode":"bus","arr":["501","502","590","595","598"],"angle":-26.8,"extra":1}},{"type":"Feature","geometry":{"type":"Point","coordinates":[17.063708,52.276402]},"properties":{"lines":"501, 560, 561, 599","color":"#0059a9","mode":"bus","arr":["501","560","561","599"],"angle":73.8}},{"type":"Feature","geometry":{"type":"Point","coordinates":[17.076546,52.259239]},"properties":{"lines":"501, 560, 561, 599","color":"#0059a9","mode":"bus","arr":["501","560","561","599"],"angle":40.6,"extra":1}},{"type":"Feature","geometry":{"type":"Point","coordinates":[17.07259,52.263523]},"properties":{"lines":"501, 560, 561, 599","color":"#0059a9","mode":"bus","arr":["501","560","561","599"],"angle":64.5,"extra":1}},{"type":"Feature","geometry":{"type":"Point","coordinates":[17.069089,52.267984]},"properties":{"lines":"501, 560, 561, 599","color":"#0059a9","mode":"bus","arr":["501","560","561","599"],"angle":65,"extra":1}},{"type":"Feature","geometry":{"type":"Point","coordinates":[17.065723,52.272483]},"properties":{"lines":"501, 560, 561, 599","color":"#0059a9","mode":"bus","arr":["501","560","561","599"],"angle":69.5,"extra":1}},{"type":"Feature","geometry":{"type":"Point","coordinates":[17.060919,52.28193]},"properties":{"lines":"501, 560, 561, 599","color":"#0059a9","mode":"bus","arr":["501","560","561","599"],"angle":71.1,"extra":1}},{"type":"Feature","geometry":{"type":"Point","coordinates":[17.058115,52.286571]},"properties":{"lines":"501, 560, 561, 599","color":"#0059a9","mode":"bus","arr":["501","560","561","599"],"angle":69.4,"extra":1}},{"type":"Feature","geometry":{"type":"Point","coordinates":[17.055249,52.291199]},"properties":{"lines":"501, 560, 561, 599","color":"#0059a9","mode":"bus","arr":["501","560","561","599"],"angle":69.4,"extra":1}},{"type":"Feature","geometry":{"type":"Point","coordinates":[17.052102,52.295753]},"properties":{"lines":"501, 560, 561, 599","color":"#0059a9","mode":"bus","arr":["501","560","561","599"],"angle":63.6,"extra":1}},{"type":"Feature","geometry":{"type":"Point","coordinates":[17.048238,52.303545]},"properties":{"lines":"501, 511, 512, 560, 561","color":"#0059a9","mode":"bus","arr":["501","511","512","560","561"],"angle":79.9}},{"type":"Feature","geometry":{"type":"Point","coordinates":[17.049876,52.298431]},"properties":{"lines":"501, 511, 512, 560, 561","color":"#0059a9","mode":"bus","arr":["501","511","512","560","561"],"angle":70.3,"extra":1}},{"type":"Feature","geometry":{"type":"Point","coordinates":[17.046998,52.30815]},"properties":{"lines":"501, 511, 512, 560, 561","color":"#0059a9","mode":"bus","arr":["501","511","512","560","561"],"angle":89.1,"extra":1}},{"type":"Feature","geometry":{"type":"Point","coordinates":[17.039923,52.317637]},"properties":{"lines":"501, 502, 503, 512, 560, 561","color":"#0059a9","mode":"bus","arr":["501","502","503","512","560","561"],"angle":54.3}},{"type":"Feature","geometry":{"type":"Point","coordinates":[17.0449,52.313495]},"properties":{"lines":"501, 502, 503, 512, 560, 561","color":"#0059a9","mode":"bus","arr":["501","502","503","512","560","561"],"angle":54.4,"extra":1}},{"type":"Feature","geometry":{"type":"Point","coordinates":[17.035367,52.321496]},"properties":{"lines":"501, 502, 503, 512, 560, 561","color":"#0059a9","mode":"bus","arr":["501","502","503","512","560","561"],"angle":54.5,"extra":1}},{"type":"Feature","geometry":{"type":"Point","coordinates":[17.000347,52.342944]},"properties":{"lines":"501, 502, 503, 560, 561","color":"#0059a9","mode":"bus","arr":["501","502","503","560","561"],"angle":78.4}},{"type":"Feature","geometry":{"type":"Point","coordinates":[17.030501,52.325924]},"properties":{"lines":"501, 502, 503, 560, 561","color":"#0059a9","mode":"bus","arr":["501","502","503","560","561"],"angle":56,"extra":1}},{"type":"Feature","geometry":{"type":"Point","coordinates":[17.025127,52.329614]},"properties":{"lines":"501, 502, 503, 560, 561","color":"#0059a9","mode":"bus","arr":["501","502","503","560","561"],"angle":44.4,"extra":1}},{"type":"Feature","geometry":{"type":"Point","coordinates":[17.019137,52.332936]},"properties":{"lines":"501, 502, 503, 560, 561","color":"#0059a9","mode":"bus","arr":["501","502","503","560","561"],"angle":32.8,"extra":1}},{"type":"Feature","geometry":{"type":"Point","coordinates":[17.012127,52.335427]},"properties":{"lines":"501, 502, 503, 560, 561","color":"#0059a9","mode":"bus","arr":["501","502","503","560","561"],"angle":30,"extra":1}},{"type":"Feature","geometry":{"type":"Point","coordinates":[17.005168,52.33793]},"properties":{"lines":"501, 502, 503, 560, 561","color":"#0059a9","mode":"bus","arr":["501","502","503","560","561"],"angle":36.3,"extra":1}},{"type":"Feature","geometry":{"type":"Point","coordinates":[16.999027,52.346782]},"properties":{"lines":"501, 502, 503, 560, 561","color":"#0059a9","mode":"bus","arr":["501","502","503","560","561"],"angle":77.9,"extra":1}},{"type":"Feature","geometry":{"type":"Point","coordinates":[16.997336,52.35162]},"properties":{"lines":"501, 502, 503, 560, 561","color":"#0059a9","mode":"bus","arr":["501","502","503","560","561"],"angle":78.1,"extra":1}},{"type":"Feature","geometry":{"type":"Point","coordinates":[16.995653,52.356459]},"properties":{"lines":"501, 502, 503, 560, 561","color":"#0059a9","mode":"bus","arr":["501","502","503","560","561"],"angle":77.8,"extra":1}},{"type":"Feature","geometry":{"type":"Point","coordinates":[16.993967,52.361297]},"properties":{"lines":"501, 502, 503, 560, 561","color":"#0059a9","mode":"bus","arr":["501","502","503","560","561"],"angle":78.1,"extra":1}},{"type":"Feature","geometry":{"type":"Point","coordinates":[16.992278,52.366135]},"properties":{"lines":"501, 502, 503, 560, 561","color":"#0059a9","mode":"bus","arr":["501","502","503","560","561"],"angle":78,"extra":1}},{"type":"Feature","geometry":{"type":"Point","coordinates":[17.046274,52.311313]},"properties":{"lines":"502, 503","color":"#0059a9","mode":"bus","arr":["502","503"],"angle":6.4}},{"type":"Feature","geometry":{"type":"Point","coordinates":[17.056543,52.309267]},"properties":{"lines":"502, 503","color":"#0059a9","mode":"bus","arr":["502","503"],"angle":5.1}},{"type":"Feature","geometry":{"type":"Point","coordinates":[17.050836,52.310709]},"properties":{"lines":"502, 503","color":"#0059a9","mode":"bus","arr":["502","503"],"angle":23.8,"extra":1}},{"type":"Feature","geometry":{"type":"Point","coordinates":[17.066542,52.309801]},"properties":{"lines":"502, 503","color":"#0059a9","mode":"bus","arr":["502","503"],"angle":-6.2,"extra":1}},{"type":"Feature","geometry":{"type":"Point","coordinates":[17.066814,52.309817]},"properties":{"lines":"502, 503","color":"#0059a9","mode":"bus","arr":["502","503"],"angle":35.8}},{"type":"Feature","geometry":{"type":"Point","coordinates":[17.071477,52.308553]},"properties":{"lines":"502","color":"#0059a9","mode":"bus","arr":["502"],"angle":31.1}},{"type":"Feature","geometry":{"type":"Point","coordinates":[17.095893,52.240087]},"properties":{"lines":"502","color":"#0059a9","mode":"bus","arr":["502"],"angle":-84.6}},{"type":"Feature","geometry":{"type":"Point","coordinates":[17.081367,52.304671]},"properties":{"lines":"502, 592","color":"#0059a9","mode":"bus","arr":["502","592"],"angle":43.5}},{"type":"Feature","geometry":{"type":"Point","coordinates":[17.084681,52.302778]},"properties":{"lines":"502, 592","color":"#0059a9","mode":"bus","arr":["502","592"],"angle":42.8,"extra":1}},{"type":"Feature","geometry":{"type":"Point","coordinates":[17.095595,52.304992]},"properties":{"lines":"502, 503, 592","color":"#0059a9","mode":"bus","arr":["502","503","592"],"angle":45.9}},{"type":"Feature","geometry":{"type":"Point","coordinates":[17.089407,52.30349]},"properties":{"lines":"502, 503, 592","color":"#0059a9","mode":"bus","arr":["502","503","592"],"angle":-53,"extra":1}},{"type":"Feature","geometry":{"type":"Point","coordinates":[17.10082,52.301903]},"properties":{"lines":"502, 503, 592","color":"#0059a9","mode":"bus","arr":["502","503","592"],"angle":-70,"extra":1}},{"type":"Feature","geometry":{"type":"Point","coordinates":[17.109081,52.29229]},"properties":{"lines":"502, 503, 592","color":"#0059a9","mode":"bus","arr":["502","503","592"],"angle":37.6}},{"type":"Feature","geometry":{"type":"Point","coordinates":[17.098428,52.297705]},"properties":{"lines":"502, 503, 592","color":"#0059a9","mode":"bus","arr":["502","503","592"],"angle":88.2,"extra":1}},{"type":"Feature","geometry":{"type":"Point","coordinates":[17.103432,52.294522]},"properties":{"lines":"502, 503, 592","color":"#0059a9","mode":"bus","arr":["502","503","592"],"angle":33,"extra":1}},{"type":"Feature","geometry":{"type":"Point","coordinates":[17.113239,52.288182]},"properties":{"lines":"502, 503, 592","color":"#0059a9","mode":"bus","arr":["502","503","592"],"angle":-47.4,"extra":1}},{"type":"Feature","geometry":{"type":"Point","coordinates":[17.108109,52.284362]},"properties":{"lines":"502, 503, 592","color":"#0059a9","mode":"bus","arr":["502","503","592"],"angle":-55.2,"extra":1}},{"type":"Feature","geometry":{"type":"Point","coordinates":[17.10416,52.284924]},"properties":{"lines":"591, 592","color":"#0059a9","mode":"bus","arr":["591","592"],"angle":35.2}},{"type":"Feature","geometry":{"type":"Point","coordinates":[17.106253,52.284077]},"properties":{"lines":"503, 591, 592","color":"#0059a9","mode":"bus","arr":["503","591","592"],"angle":29.6}},{"type":"Feature","geometry":{"type":"Point","coordinates":[17.106033,52.282523]},"properties":{"lines":"502, 591, 592","color":"#0059a9","mode":"bus","arr":["502","591","592"],"angle":-55.8}},{"type":"Feature","geometry":{"type":"Point","coordinates":[17.100516,52.275433]},"properties":{"lines":"502, 590, 591, 592","color":"#0059a9","mode":"bus","arr":["502","590","591","592"],"angle":-66.1}},{"type":"Feature","geometry":{"type":"Point","coordinates":[17.103268,52.279217]},"properties":{"lines":"502, 590, 591, 592","color":"#0059a9","mode":"bus","arr":["502","590","591","592"],"angle":-65.9,"extra":1}},{"type":"Feature","geometry":{"type":"Point","coordinates":[17.097841,52.269985]},"properties":{"lines":"502, 590, 591, 592","color":"#0059a9","mode":"bus","arr":["502","590","591","592"],"angle":-84.5,"extra":1}},{"type":"Feature","geometry":{"type":"Point","coordinates":[17.098192,52.267216]},"properties":{"lines":"502, 590, 591, 592","color":"#0059a9","mode":"bus","arr":["502","590","591","592"],"angle":-89.3}},{"type":"Feature","geometry":{"type":"Point","coordinates":[17.094553,52.256612]},"properties":{"lines":"502, 590, 591, 592","color":"#0059a9","mode":"bus","arr":["502","590","591","592"],"angle":25.9}},{"type":"Feature","geometry":{"type":"Point","coordinates":[17.096909,52.262866]},"properties":{"lines":"502, 590, 591, 592","color":"#0059a9","mode":"bus","arr":["502","590","591","592"],"angle":-80.6,"extra":1}},{"type":"Feature","geometry":{"type":"Point","coordinates":[17.083092,52.257151]},"properties":{"lines":"502, 590, 591, 592","color":"#0059a9","mode":"bus","arr":["502","590","591","592"],"angle":19.3,"extra":1}},{"type":"Feature","geometry":{"type":"Point","coordinates":[17.102384,52.282205]},"properties":{"lines":"590","color":"#0059a9","mode":"bus","arr":["590"],"angle":29.4}},{"type":"Feature","geometry":{"type":"Point","coordinates":[17.102138,52.237044]},"properties":{"lines":"590","color":"#0059a9","mode":"bus","arr":["590"],"angle":66.2}},{"type":"Feature","geometry":{"type":"Point","coordinates":[17.098453,52.241256]},"properties":{"lines":"590","color":"#0059a9","mode":"bus","arr":["590"],"angle":60.7,"extra":1}},{"type":"Feature","geometry":{"type":"Point","coordinates":[17.104584,52.232153]},"properties":{"lines":"590","color":"#0059a9","mode":"bus","arr":["590"],"angle":72.9,"extra":1}},{"type":"Feature","geometry":{"type":"Point","coordinates":[17.091331,52.246748]},"properties":{"lines":"502, 582, 590, 591, 699","color":"#0059a9","mode":"bus","arr":["502","582","590","591","699"],"angle":18.5}},{"type":"Feature","geometry":{"type":"Point","coordinates":[17.094411,52.246179]},"properties":{"lines":"502, 582, 590","color":"#0059a9","mode":"bus","arr":["502","582","590"],"angle":9.1}},{"type":"Feature","geometry":{"type":"Point","coordinates":[17.096304,52.244712]},"properties":{"lines":"502, 590","color":"#0059a9","mode":"bus","arr":["502","590"],"angle":82.7}},{"type":"Feature","geometry":{"type":"Point","coordinates":[17.087868,52.249159]},"properties":{"lines":"502, 582, 590, 591, 592","color":"#0059a9","mode":"bus","arr":["502","582","590","591","592"],"angle":-53.7}},{"type":"Feature","geometry":{"type":"Point","coordinates":[17.088153,52.24996]},"properties":{"lines":"502, 582, 590, 591, 592, 699","color":"#0059a9","mode":"bus","arr":["502","582","590","591","592","699"],"angle":49.9}},{"type":"Feature","geometry":{"type":"Point","coordinates":[17.089081,52.25116]},"properties":{"lines":"502, 582, 590, 591, 592, 699","color":"#0059a9","mode":"bus","arr":["502","582","590","591","592","699"],"angle":-43.2}},{"type":"Feature","geometry":{"type":"Point","coordinates":[17.091513,52.25382]},"properties":{"lines":"502, 590, 591, 592, 699","color":"#0059a9","mode":"bus","arr":["502","590","591","592","699"],"angle":47}},{"type":"Feature","geometry":{"type":"Point","coordinates":[17.089566,52.25255]},"properties":{"lines":"502, 590, 591, 592, 699","color":"#0059a9","mode":"bus","arr":["502","590","591","592","699"],"angle":47.1}},{"type":"Feature","geometry":{"type":"Point","coordinates":[17.061952,52.305391]},"properties":{"lines":"503, 592","color":"#0059a9","mode":"bus","arr":["503","592"],"angle":-51.7}},{"type":"Feature","geometry":{"type":"Point","coordinates":[17.065042,52.307778]},"properties":{"lines":"503, 592","color":"#0059a9","mode":"bus","arr":["503","592"],"angle":-51.3,"extra":1}},{"type":"Feature","geometry":{"type":"Point","coordinates":[17.056314,52.300796]},"properties":{"lines":"503, 592","color":"#0059a9","mode":"bus","arr":["503","592"],"angle":69.4}},{"type":"Feature","geometry":{"type":"Point","coordinates":[17.056658,52.301086]},"properties":{"lines":"503","color":"#0059a9","mode":"bus","arr":["503"],"angle":13}},{"type":"Feature","geometry":{"type":"Point","coordinates":[17.080467,52.291661]},"properties":{"lines":"503","color":"#0059a9","mode":"bus","arr":["503"],"angle":25.4}},{"type":"Feature","geometry":{"type":"Point","coordinates":[17.089942,52.29983]},"properties":{"lines":"503","color":"#0059a9","mode":"bus","arr":["503"],"angle":43.6,"extra":1}},{"type":"Feature","geometry":{"type":"Point","coordinates":[17.096639,52.29708]},"properties":{"lines":"503","color":"#0059a9","mode":"bus","arr":["503"],"angle":31.2,"extra":1}},{"type":"Feature","geometry":{"type":"Point","coordinates":[17.093772,52.293925]},"properties":{"lines":"503","color":"#0059a9","mode":"bus","arr":["503"],"angle":-40.9,"extra":1}},{"type":"Feature","geometry":{"type":"Point","coordinates":[17.087463,52.290849]},"properties":{"lines":"503","color":"#0059a9","mode":"bus","arr":["503"],"angle":-32.9,"extra":1}},{"type":"Feature","geometry":{"type":"Point","coordinates":[17.074064,52.293979]},"properties":{"lines":"503","color":"#0059a9","mode":"bus","arr":["503"],"angle":-52.1,"extra":1}},{"type":"Feature","geometry":{"type":"Point","coordinates":[17.067773,52.296314]},"properties":{"lines":"503","color":"#0059a9","mode":"bus","arr":["503"],"angle":38.8,"extra":1}},{"type":"Feature","geometry":{"type":"Point","coordinates":[17.062309,52.296561]},"properties":{"lines":"503","color":"#0059a9","mode":"bus","arr":["503"],"angle":-32.8,"extra":1}},{"type":"Feature","geometry":{"type":"Point","coordinates":[17.055209,52.298837]},"properties":{"lines":"503","color":"#0059a9","mode":"bus","arr":["503"],"angle":56.4,"extra":1}},{"type":"Feature","geometry":{"type":"Point","coordinates":[17.056421,52.300955]},"properties":{"lines":"503","color":"#0059a9","mode":"bus","arr":["503"],"angle":-66.3}},{"type":"Feature","geometry":{"type":"Point","coordinates":[17.074186,52.310542]},"properties":{"lines":"592","color":"#0059a9","mode":"bus","arr":["592"],"angle":32.6}},{"type":"Feature","geometry":{"type":"Point","coordinates":[17.030226,52.331093]},"properties":{"lines":"511, 512","color":"#0059a9","mode":"bus","arr":["511","512"],"angle":26.7}},{"type":"Feature","geometry":{"type":"Point","coordinates":[17.012823,52.340102]},"properties":{"lines":"511, 512","color":"#0059a9","mode":"bus","arr":["511","512"],"angle":58.7,"extra":1}},{"type":"Feature","geometry":{"type":"Point","coordinates":[17.017016,52.335867]},"properties":{"lines":"511, 512","color":"#0059a9","mode":"bus","arr":["511","512"],"angle":58.9,"extra":1}},{"type":"Feature","geometry":{"type":"Point","coordinates":[17.02168,52.331861]},"properties":{"lines":"511, 512","color":"#0059a9","mode":"bus","arr":["511","512"],"angle":44.3,"extra":1}},{"type":"Feature","geometry":{"type":"Point","coordinates":[17.034812,52.329685]},"properties":{"lines":"511, 512","color":"#0059a9","mode":"bus","arr":["511","512"],"angle":26.8,"extra":1}},{"type":"Feature","geometry":{"type":"Point","coordinates":[17.041993,52.327395]},"properties":{"lines":"511, 512","color":"#0059a9","mode":"bus","arr":["511","512"],"angle":41.5,"extra":1}},{"type":"Feature","geometry":{"type":"Point","coordinates":[17.038609,52.324318]},"properties":{"lines":"511, 512","color":"#0059a9","mode":"bus","arr":["511","512"],"angle":-20.1,"extra":1}},{"type":"Feature","geometry":{"type":"Point","coordinates":[17.031042,52.322546]},"properties":{"lines":"511, 512","color":"#0059a9","mode":"bus","arr":["511","512"],"angle":-20.9,"extra":1}},{"type":"Feature","geometry":{"type":"Point","coordinates":[17.010212,52.304209]},"properties":{"lines":"511, 512","color":"#0059a9","mode":"bus","arr":["511","512"],"angle":10.1}},{"type":"Feature","geometry":{"type":"Point","coordinates":[17.038679,52.318529]},"properties":{"lines":"512","color":"#0059a9","mode":"bus","arr":["512"],"angle":54.4}},{"type":"Feature","geometry":{"type":"Point","coordinates":[17.033255,52.323232]},"properties":{"lines":"512","color":"#0059a9","mode":"bus","arr":["512"],"angle":56.4,"extra":1}},{"type":"Feature","geometry":{"type":"Point","coordinates":[17.042645,52.315165]},"properties":{"lines":"512","color":"#0059a9","mode":"bus","arr":["512"],"angle":54.3,"extra":1}},{"type":"Feature","geometry":{"type":"Point","coordinates":[17.045751,52.310905]},"properties":{"lines":"512","color":"#0059a9","mode":"bus","arr":["512"],"angle":64}},{"type":"Feature","geometry":{"type":"Point","coordinates":[17.034512,52.324826]},"properties":{"lines":"512","color":"#0059a9","mode":"bus","arr":["512"],"angle":14.5}},{"type":"Feature","geometry":{"type":"Point","coordinates":[17.02973,52.322216]},"properties":{"lines":"512","color":"#0059a9","mode":"bus","arr":["512"],"angle":-22.1}},{"type":"Feature","geometry":{"type":"Point","coordinates":[17.046268,52.311356]},"properties":{"lines":"511","color":"#0059a9","mode":"bus","arr":["511"],"angle":5.7}},{"type":"Feature","geometry":{"type":"Point","coordinates":[17.018988,52.332085]},"properties":{"lines":"511","color":"#0059a9","mode":"bus","arr":["511"],"angle":-49.5}},{"type":"Feature","geometry":{"type":"Point","coordinates":[17.022602,52.32096]},"properties":{"lines":"511","color":"#0059a9","mode":"bus","arr":["511"],"angle":61.1,"extra":1}},{"type":"Feature","geometry":{"type":"Point","coordinates":[17.019121,52.325426]},"properties":{"lines":"511","color":"#0059a9","mode":"bus","arr":["511"],"angle":62,"extra":1}},{"type":"Feature","geometry":{"type":"Point","coordinates":[17.015971,52.32977]},"properties":{"lines":"511","color":"#0059a9","mode":"bus","arr":["511"],"angle":-53.4,"extra":1}},{"type":"Feature","geometry":{"type":"Point","coordinates":[17.010228,52.335649]},"properties":{"lines":"511","color":"#0059a9","mode":"bus","arr":["511"],"angle":30,"extra":1}},{"type":"Feature","geometry":{"type":"Point","coordinates":[17.003449,52.338345]},"properties":{"lines":"511","color":"#0059a9","mode":"bus","arr":["511"],"angle":44,"extra":1}},{"type":"Feature","geometry":{"type":"Point","coordinates":[17.0469,52.285701]},"properties":{"lines":"511, 599","color":"#0059a9","mode":"bus","arr":["511","599"],"angle":82.2}},{"type":"Feature","geometry":{"type":"Point","coordinates":[17.044674,52.281931]},"properties":{"lines":"511, 599","color":"#0059a9","mode":"bus","arr":["511","599"],"angle":-48.8,"extra":1}},{"type":"Feature","geometry":{"type":"Point","coordinates":[17.044724,52.291335]},"properties":{"lines":"511, 599","color":"#0059a9","mode":"bus","arr":["511","599"],"angle":-82.9,"extra":1}},{"type":"Feature","geometry":{"type":"Point","coordinates":[16.994574,52.286209]},"properties":{"lines":"511, 512, 527, 599","color":"#0059a9","mode":"bus","arr":["511","512","527","599"],"angle":-78.3}},{"type":"Feature","geometry":{"type":"Point","coordinates":[16.951883,52.303305]},"properties":{"lines":"527","color":"#0059a9","mode":"bus","arr":["527"],"angle":46.3}},{"type":"Feature","geometry":{"type":"Point","coordinates":[16.990007,52.285902]},"properties":{"lines":"527","color":"#0059a9","mode":"bus","arr":["527"],"angle":10.1,"extra":1}},{"type":"Feature","geometry":{"type":"Point","coordinates":[16.982756,52.288046]},"properties":{"lines":"527","color":"#0059a9","mode":"bus","arr":["527"],"angle":27.4,"extra":1}},{"type":"Feature","geometry":{"type":"Point","coordinates":[16.975476,52.290221]},"properties":{"lines":"527","color":"#0059a9","mode":"bus","arr":["527"],"angle":29.6,"extra":1}},{"type":"Feature","geometry":{"type":"Point","coordinates":[16.968362,52.292594]},"properties":{"lines":"527","color":"#0059a9","mode":"bus","arr":["527"],"angle":32.9,"extra":1}},{"type":"Feature","geometry":{"type":"Point","coordinates":[16.962419,52.295913]},"properties":{"lines":"527","color":"#0059a9","mode":"bus","arr":["527"],"angle":48.8,"extra":1}},{"type":"Feature","geometry":{"type":"Point","coordinates":[16.957413,52.299802]},"properties":{"lines":"527","color":"#0059a9","mode":"bus","arr":["527"],"angle":48.3,"extra":1}},{"type":"Feature","geometry":{"type":"Point","coordinates":[16.94611,52.306899]},"properties":{"lines":"527","color":"#0059a9","mode":"bus","arr":["527"],"angle":45.4,"extra":1}},{"type":"Feature","geometry":{"type":"Point","coordinates":[16.940358,52.310387]},"properties":{"lines":"527","color":"#0059a9","mode":"bus","arr":["527"],"angle":44.5,"extra":1}},{"type":"Feature","geometry":{"type":"Point","coordinates":[16.935419,52.313977]},"properties":{"lines":"527","color":"#0059a9","mode":"bus","arr":["527"],"angle":41,"extra":1}},{"type":"Feature","geometry":{"type":"Point","coordinates":[16.930305,52.317782]},"properties":{"lines":"527","color":"#0059a9","mode":"bus","arr":["527"],"angle":45.9,"extra":1}},{"type":"Feature","geometry":{"type":"Point","coordinates":[16.923174,52.319937]},"properties":{"lines":"527","color":"#0059a9","mode":"bus","arr":["527"],"angle":-9.1,"extra":1}},{"type":"Feature","geometry":{"type":"Point","coordinates":[16.91594,52.31776]},"properties":{"lines":"527","color":"#0059a9","mode":"bus","arr":["527"],"angle":-29.2,"extra":1}},{"type":"Feature","geometry":{"type":"Point","coordinates":[16.908816,52.305913]},"properties":{"lines":"527","color":"#0059a9","mode":"bus","arr":["527"],"angle":-76.9,"extra":1}},{"type":"Feature","geometry":{"type":"Point","coordinates":[16.910651,52.310725]},"properties":{"lines":"527","color":"#0059a9","mode":"bus","arr":["527"],"angle":-79.4,"extra":1}},{"type":"Feature","geometry":{"type":"Point","coordinates":[16.912136,52.315587]},"properties":{"lines":"527","color":"#0059a9","mode":"bus","arr":["527"],"angle":-79.3,"extra":1}},{"type":"Feature","geometry":{"type":"Point","coordinates":[16.913643,52.320447]},"properties":{"lines":"527","color":"#0059a9","mode":"bus","arr":["527"],"angle":-80.4,"extra":1}},{"type":"Feature","geometry":{"type":"Point","coordinates":[16.911034,52.325044]},"properties":{"lines":"527","color":"#0059a9","mode":"bus","arr":["527"],"angle":72.8,"extra":1}},{"type":"Feature","geometry":{"type":"Point","coordinates":[16.910788,52.329928]},"properties":{"lines":"527","color":"#0059a9","mode":"bus","arr":["527"],"angle":-82,"extra":1}},{"type":"Feature","geometry":{"type":"Point","coordinates":[16.91218,52.334797]},"properties":{"lines":"527","color":"#0059a9","mode":"bus","arr":["527"],"angle":-76.5,"extra":1}},{"type":"Feature","geometry":{"type":"Point","coordinates":[16.91428,52.339493]},"properties":{"lines":"527","color":"#0059a9","mode":"bus","arr":["527"],"angle":-41.3,"extra":1}},{"type":"Feature","geometry":{"type":"Point","coordinates":[17.033145,52.299598]},"properties":{"lines":"512, 599","color":"#0059a9","mode":"bus","arr":["512","599"],"angle":23.1}},{"type":"Feature","geometry":{"type":"Point","coordinates":[17.042752,52.294121]},"properties":{"lines":"512, 599","color":"#0059a9","mode":"bus","arr":["512","599"],"angle":40.2,"extra":1}},{"type":"Feature","geometry":{"type":"Point","coordinates":[17.037142,52.29765]},"properties":{"lines":"512, 599","color":"#0059a9","mode":"bus","arr":["512","599"],"angle":39.6,"extra":1}},{"type":"Feature","geometry":{"type":"Point","coordinates":[17.024803,52.303425]},"properties":{"lines":"512, 599","color":"#0059a9","mode":"bus","arr":["512","599"],"angle":54.9,"extra":1}},{"type":"Feature","geometry":{"type":"Point","coordinates":[17.017818,52.308238]},"properties":{"lines":"512, 599","color":"#0059a9","mode":"bus","arr":["512","599"],"angle":44.5,"extra":1}},{"type":"Feature","geometry":{"type":"Point","coordinates":[17.013296,52.30611]},"properties":{"lines":"512, 599","color":"#0059a9","mode":"bus","arr":["512","599"],"angle":-60,"extra":1}},{"type":"Feature","geometry":{"type":"Point","coordinates":[16.907696,52.303543]},"properties":{"lines":"527, 698, 699","color":"#0059a9","mode":"bus","arr":["527","698","699"],"angle":48.5}},{"type":"Feature","geometry":{"type":"Point","coordinates":[16.909211,52.27527]},"properties":{"lines":"698, 699","color":"#0059a9","mode":"bus","arr":["698","699"],"angle":-80.5}},{"type":"Feature","geometry":{"type":"Point","coordinates":[16.907071,52.300678]},"properties":{"lines":"698, 699","color":"#0059a9","mode":"bus","arr":["698","699"],"angle":-83.3,"extra":1}},{"type":"Feature","geometry":{"type":"Point","coordinates":[16.908113,52.295796]},"properties":{"lines":"698, 699","color":"#0059a9","mode":"bus","arr":["698","699"],"angle":80.3,"extra":1}},{"type":"Feature","geometry":{"type":"Point","coordinates":[16.909483,52.29092]},"properties":{"lines":"698, 699","color":"#0059a9","mode":"bus","arr":["698","699"],"angle":80.3,"extra":1}},{"type":"Feature","geometry":{"type":"Point","coordinates":[16.909086,52.286036]},"properties":{"lines":"698, 699","color":"#0059a9","mode":"bus","arr":["698","699"],"angle":89.4,"extra":1}},{"type":"Feature","geometry":{"type":"Point","coordinates":[16.909168,52.28109]},"properties":{"lines":"698, 699","color":"#0059a9","mode":"bus","arr":["698","699"],"angle":89.4,"extra":1}},{"type":"Feature","geometry":{"type":"Point","coordinates":[16.907776,52.271296]},"properties":{"lines":"698, 699","color":"#0059a9","mode":"bus","arr":["698","699"],"angle":-77.6,"extra":1}},{"type":"Feature","geometry":{"type":"Point","coordinates":[16.906011,52.266468]},"properties":{"lines":"698, 699","color":"#0059a9","mode":"bus","arr":["698","699"],"angle":-77.7,"extra":1}},{"type":"Feature","geometry":{"type":"Point","coordinates":[16.905393,52.261554]},"properties":{"lines":"698, 699","color":"#0059a9","mode":"bus","arr":["698","699"],"angle":-82.6,"extra":1}},{"type":"Feature","geometry":{"type":"Point","coordinates":[16.903476,52.256749]},"properties":{"lines":"698, 699","color":"#0059a9","mode":"bus","arr":["698","699"],"angle":-75.1,"extra":1}},{"type":"Feature","geometry":{"type":"Point","coordinates":[16.904481,52.251935]},"properties":{"lines":"698, 699","color":"#0059a9","mode":"bus","arr":["698","699"],"angle":-71.6,"extra":1}},{"type":"Feature","geometry":{"type":"Point","coordinates":[16.969869,52.224527]},"properties":{"lines":"698, 699","color":"#0059a9","mode":"bus","arr":["698","699"],"angle":35.1}},{"type":"Feature","geometry":{"type":"Point","coordinates":[16.982814,52.21566]},"properties":{"lines":"698, 699","color":"#0059a9","mode":"bus","arr":["698","699"],"angle":38.2,"extra":1}},{"type":"Feature","geometry":{"type":"Point","coordinates":[16.97739,52.219117]},"properties":{"lines":"698, 699","color":"#0059a9","mode":"bus","arr":["698","699"],"angle":55.7,"extra":1}},{"type":"Feature","geometry":{"type":"Point","coordinates":[16.958194,52.226562]},"properties":{"lines":"698, 699","color":"#0059a9","mode":"bus","arr":["698","699"],"angle":5.5,"extra":1}},{"type":"Feature","geometry":{"type":"Point","coordinates":[16.950999,52.228762]},"properties":{"lines":"698, 699","color":"#0059a9","mode":"bus","arr":["698","699"],"angle":24.1,"extra":1}},{"type":"Feature","geometry":{"type":"Point","coordinates":[16.909027,52.243101]},"properties":{"lines":"698, 699","color":"#0059a9","mode":"bus","arr":["698","699"],"angle":45.5}},{"type":"Feature","geometry":{"type":"Point","coordinates":[16.943484,52.230786]},"properties":{"lines":"698, 699","color":"#0059a9","mode":"bus","arr":["698","699"],"angle":15.7,"extra":1}},{"type":"Feature","geometry":{"type":"Point","coordinates":[16.936263,52.232855]},"properties":{"lines":"698, 699","color":"#0059a9","mode":"bus","arr":["698","699"],"angle":48.2,"extra":1}},{"type":"Feature","geometry":{"type":"Point","coordinates":[16.930651,52.236375]},"properties":{"lines":"698, 699","color":"#0059a9","mode":"bus","arr":["698","699"],"angle":38.5,"extra":1}},{"type":"Feature","geometry":{"type":"Point","coordinates":[16.923269,52.23735]},"properties":{"lines":"698, 699","color":"#0059a9","mode":"bus","arr":["698","699"],"angle":2.2,"extra":1}},{"type":"Feature","geometry":{"type":"Point","coordinates":[16.916451,52.239852]},"properties":{"lines":"698, 699","color":"#0059a9","mode":"bus","arr":["698","699"],"angle":45.9,"extra":1}},{"type":"Feature","geometry":{"type":"Point","coordinates":[16.905048,52.246561]},"properties":{"lines":"698, 699","color":"#0059a9","mode":"bus","arr":["698","699"],"angle":52.8,"extra":1}},{"type":"Feature","geometry":{"type":"Point","coordinates":[16.898745,52.249584]},"properties":{"lines":"698, 699","color":"#0059a9","mode":"bus","arr":["698","699"],"angle":46.4,"extra":1}},{"type":"Feature","geometry":{"type":"Point","coordinates":[16.893137,52.253158]},"properties":{"lines":"698, 699","color":"#0059a9","mode":"bus","arr":["698","699"],"angle":40.8,"extra":1}},{"type":"Feature","geometry":{"type":"Point","coordinates":[16.886588,52.256035]},"properties":{"lines":"698, 699","color":"#0059a9","mode":"bus","arr":["698","699"],"angle":32.2,"extra":1}},{"type":"Feature","geometry":{"type":"Point","coordinates":[16.878686,52.256137]},"properties":{"lines":"698, 699","color":"#0059a9","mode":"bus","arr":["698","699"],"angle":-4.7,"extra":1}},{"type":"Feature","geometry":{"type":"Point","coordinates":[16.904582,52.260619]},"properties":{"lines":"698, 699","color":"#0059a9","mode":"bus","arr":["698","699"],"angle":-79}},{"type":"Feature","geometry":{"type":"Point","coordinates":[17.163703,52.153195]},"properties":{"lines":"560","color":"#0059a9","mode":"bus","arr":["560"],"angle":58.3}},{"type":"Feature","geometry":{"type":"Point","coordinates":[17.094613,52.226483]},"properties":{"lines":"560, 580","color":"#0059a9","mode":"bus","arr":["560","580"],"angle":70.4}},{"type":"Feature","geometry":{"type":"Point","coordinates":[17.10753,52.200258]},"properties":{"lines":"560, 580","color":"#0059a9","mode":"bus","arr":["560","580"],"angle":71.7}},{"type":"Feature","geometry":{"type":"Point","coordinates":[17.128528,52.183311]},"properties":{"lines":"560, 580","color":"#0059a9","mode":"bus","arr":["560","580"],"angle":2.8,"extra":1}},{"type":"Feature","geometry":{"type":"Point","coordinates":[17.12052,52.183695]},"properties":{"lines":"560, 580","color":"#0059a9","mode":"bus","arr":["560","580"],"angle":-1.2,"extra":1}},{"type":"Feature","geometry":{"type":"Point","coordinates":[17.115938,52.187557]},"properties":{"lines":"560, 580","color":"#0059a9","mode":"bus","arr":["560","580"],"angle":71.9,"extra":1}},{"type":"Feature","geometry":{"type":"Point","coordinates":[17.113122,52.192192]},"properties":{"lines":"560, 580","color":"#0059a9","mode":"bus","arr":["560","580"],"angle":67.1,"extra":1}},{"type":"Feature","geometry":{"type":"Point","coordinates":[17.109807,52.196705]},"properties":{"lines":"560, 580","color":"#0059a9","mode":"bus","arr":["560","580"],"angle":64.5,"extra":1}},{"type":"Feature","geometry":{"type":"Point","coordinates":[17.102533,52.205288]},"properties":{"lines":"560, 580","color":"#0059a9","mode":"bus","arr":["560","580"],"angle":63.3,"extra":1}},{"type":"Feature","geometry":{"type":"Point","coordinates":[17.101077,52.210143]},"properties":{"lines":"560, 580","color":"#0059a9","mode":"bus","arr":["560","580"],"angle":81.4,"extra":1}},{"type":"Feature","geometry":{"type":"Point","coordinates":[17.098777,52.214776]},"properties":{"lines":"560, 580","color":"#0059a9","mode":"bus","arr":["560","580"],"angle":86.1,"extra":1}},{"type":"Feature","geometry":{"type":"Point","coordinates":[17.098619,52.219682]},"properties":{"lines":"560, 580","color":"#0059a9","mode":"bus","arr":["560","580"],"angle":-86.9,"extra":1}},{"type":"Feature","geometry":{"type":"Point","coordinates":[17.095563,52.224215]},"properties":{"lines":"560, 580","color":"#0059a9","mode":"bus","arr":["560","580"],"angle":77,"extra":1}},{"type":"Feature","geometry":{"type":"Point","coordinates":[17.133126,52.183089]},"properties":{"lines":"560, 561, 580","color":"#0059a9","mode":"bus","arr":["560","561","580"],"angle":-45.4}},{"type":"Feature","geometry":{"type":"Point","coordinates":[17.133396,52.182677]},"properties":{"lines":"560, 561","color":"#0059a9","mode":"bus","arr":["560","561"],"angle":18.1}},{"type":"Feature","geometry":{"type":"Point","coordinates":[17.148794,52.166915]},"properties":{"lines":"560, 561","color":"#0059a9","mode":"bus","arr":["560","561"],"angle":39.9}},{"type":"Feature","geometry":{"type":"Point","coordinates":[17.164036,52.15348]},"properties":{"lines":"560, 561","color":"#0059a9","mode":"bus","arr":["560","561"],"angle":53.1,"extra":1}},{"type":"Feature","geometry":{"type":"Point","coordinates":[17.159406,52.157359]},"properties":{"lines":"560, 561","color":"#0059a9","mode":"bus","arr":["560","561"],"angle":56.6,"extra":1}},{"type":"Feature","geometry":{"type":"Point","coordinates":[17.155735,52.161728]},"properties":{"lines":"560, 561","color":"#0059a9","mode":"bus","arr":["560","561"],"angle":74.3,"extra":1}},{"type":"Feature","geometry":{"type":"Point","coordinates":[17.145369,52.169107]},"properties":{"lines":"560, 561","color":"#0059a9","mode":"bus","arr":["560","561"],"angle":59.6,"extra":1}},{"type":"Feature","geometry":{"type":"Point","coordinates":[17.14127,52.173376]},"properties":{"lines":"560, 561","color":"#0059a9","mode":"bus","arr":["560","561"],"angle":59.6,"extra":1}},{"type":"Feature","geometry":{"type":"Point","coordinates":[17.137776,52.177818]},"properties":{"lines":"560, 561","color":"#0059a9","mode":"bus","arr":["560","561"],"angle":71.7,"extra":1}},{"type":"Feature","geometry":{"type":"Point","coordinates":[17.134469,52.182276]},"properties":{"lines":"560, 561","color":"#0059a9","mode":"bus","arr":["560","561"],"angle":53.7,"extra":1}},{"type":"Feature","geometry":{"type":"Point","coordinates":[17.121501,52.208032]},"properties":{"lines":"561, 580","color":"#0059a9","mode":"bus","arr":["561","580"],"angle":64.9}},{"type":"Feature","geometry":{"type":"Point","coordinates":[17.133125,52.185924]},"properties":{"lines":"561, 580","color":"#0059a9","mode":"bus","arr":["561","580"],"angle":80.7,"extra":1}},{"type":"Feature","geometry":{"type":"Point","coordinates":[17.131406,52.190745]},"properties":{"lines":"561, 580","color":"#0059a9","mode":"bus","arr":["561","580"],"angle":72.3,"extra":1}},{"type":"Feature","geometry":{"type":"Point","coordinates":[17.129006,52.19547]},"properties":{"lines":"561, 580","color":"#0059a9","mode":"bus","arr":["561","580"],"angle":73.6,"extra":1}},{"type":"Feature","geometry":{"type":"Point","coordinates":[17.125835,52.199973]},"properties":{"lines":"561, 580","color":"#0059a9","mode":"bus","arr":["561","580"],"angle":60.4,"extra":1}},{"type":"Feature","geometry":{"type":"Point","coordinates":[17.124136,52.204641]},"properties":{"lines":"561, 580","color":"#0059a9","mode":"bus","arr":["561","580"],"angle":64.7,"extra":1}},{"type":"Feature","geometry":{"type":"Point","coordinates":[17.117231,52.213594]},"properties":{"lines":"561, 580","color":"#0059a9","mode":"bus","arr":["561","580"],"angle":64.9,"extra":1}},{"type":"Feature","geometry":{"type":"Point","coordinates":[17.113767,52.218066]},"properties":{"lines":"561, 580","color":"#0059a9","mode":"bus","arr":["561","580"],"angle":64.7,"extra":1}},{"type":"Feature","geometry":{"type":"Point","coordinates":[17.110295,52.222537]},"properties":{"lines":"561, 580","color":"#0059a9","mode":"bus","arr":["561","580"],"angle":64.3,"extra":1}},{"type":"Feature","geometry":{"type":"Point","coordinates":[17.106632,52.226948]},"properties":{"lines":"561, 580","color":"#0059a9","mode":"bus","arr":["561","580"],"angle":59,"extra":1}},{"type":"Feature","geometry":{"type":"Point","coordinates":[17.102345,52.231142]},"properties":{"lines":"561, 580","color":"#0059a9","mode":"bus","arr":["561","580"],"angle":49.9,"extra":1}},{"type":"Feature","geometry":{"type":"Point","coordinates":[17.098933,52.232918]},"properties":{"lines":"561, 580, 590","color":"#0059a9","mode":"bus","arr":["561","580","590"],"angle":49.9}},{"type":"Feature","geometry":{"type":"Point","coordinates":[17.094423,52.228957]},"properties":{"lines":"580","color":"#0059a9","mode":"bus","arr":["580"],"angle":-82.1}},{"type":"Feature","geometry":{"type":"Point","coordinates":[17.269166,52.227798]},"properties":{"lines":"582","color":"#0059a9","mode":"bus","arr":["582"],"angle":28.8}},{"type":"Feature","geometry":{"type":"Point","coordinates":[17.276236,52.225371]},"properties":{"lines":"582","color":"#0059a9","mode":"bus","arr":["582"],"angle":36.7}},{"type":"Feature","geometry":{"type":"Point","coordinates":[17.280945,52.223234]},"properties":{"lines":"582","color":"#0059a9","mode":"bus","arr":["582"],"angle":37.3,"extra":1}},{"type":"Feature","geometry":{"type":"Point","coordinates":[17.280108,52.219646]},"properties":{"lines":"582","color":"#0059a9","mode":"bus","arr":["582"],"angle":-73.9}},{"type":"Feature","geometry":{"type":"Point","coordinates":[17.277879,52.214911]},"properties":{"lines":"582","color":"#0059a9","mode":"bus","arr":["582"],"angle":-74}},{"type":"Feature","geometry":{"type":"Point","coordinates":[17.275366,52.211882]},"properties":{"lines":"582","color":"#0059a9","mode":"bus","arr":["582"],"angle":-56.9}},{"type":"Feature","geometry":{"type":"Point","coordinates":[17.230852,52.212396]},"properties":{"lines":"582","color":"#0059a9","mode":"bus","arr":["582"],"angle":21}},{"type":"Feature","geometry":{"type":"Point","coordinates":[17.271802,52.212596]},"properties":{"lines":"582","color":"#0059a9","mode":"bus","arr":["582"],"angle":-12.5,"extra":1}},{"type":"Feature","geometry":{"type":"Point","coordinates":[17.263904,52.211554]},"properties":{"lines":"582","color":"#0059a9","mode":"bus","arr":["582"],"angle":-12.3,"extra":1}},{"type":"Feature","geometry":{"type":"Point","coordinates":[17.255942,52.210774]},"properties":{"lines":"582","color":"#0059a9","mode":"bus","arr":["582"],"angle":5.7,"extra":1}},{"type":"Feature","geometry":{"type":"Point","coordinates":[17.247864,52.211238]},"properties":{"lines":"582","color":"#0059a9","mode":"bus","arr":["582"],"angle":5.5,"extra":1}},{"type":"Feature","geometry":{"type":"Point","coordinates":[17.239786,52.211704]},"properties":{"lines":"582","color":"#0059a9","mode":"bus","arr":["582"],"angle":5.4,"extra":1}},{"type":"Feature","geometry":{"type":"Point","coordinates":[17.224439,52.214321]},"properties":{"lines":"582","color":"#0059a9","mode":"bus","arr":["582"],"angle":37.7,"extra":1}},{"type":"Feature","geometry":{"type":"Point","coordinates":[17.218259,52.217525]},"properties":{"lines":"582","color":"#0059a9","mode":"bus","arr":["582"],"angle":40.8,"extra":1}},{"type":"Feature","geometry":{"type":"Point","coordinates":[17.212744,52.22115]},"properties":{"lines":"582","color":"#0059a9","mode":"bus","arr":["582"],"angle":47.7,"extra":1}},{"type":"Feature","geometry":{"type":"Point","coordinates":[17.207266,52.224798]},"properties":{"lines":"582","color":"#0059a9","mode":"bus","arr":["582"],"angle":47.6,"extra":1}},{"type":"Feature","geometry":{"type":"Point","coordinates":[17.201792,52.22845]},"properties":{"lines":"582","color":"#0059a9","mode":"bus","arr":["582"],"angle":47.3,"extra":1}},{"type":"Feature","geometry":{"type":"Point","coordinates":[17.102039,52.246584]},"properties":{"lines":"582","color":"#0059a9","mode":"bus","arr":["582"],"angle":1.4}},{"type":"Feature","geometry":{"type":"Point","coordinates":[17.107966,52.246825]},"properties":{"lines":"582","color":"#0059a9","mode":"bus","arr":["582"],"angle":-10.5,"extra":1}},{"type":"Feature","geometry":{"type":"Point","coordinates":[17.136754,52.245121]},"properties":{"lines":"582","color":"#0059a9","mode":"bus","arr":["582"],"angle":-47.5}},{"type":"Feature","geometry":{"type":"Point","coordinates":[17.156113,52.235988]},"properties":{"lines":"582","color":"#0059a9","mode":"bus","arr":["582"],"angle":-59.7}},{"type":"Feature","geometry":{"type":"Point","coordinates":[17.166438,52.23647]},"properties":{"lines":"582","color":"#0059a9","mode":"bus","arr":["582"],"angle":19.3}},{"type":"Feature","geometry":{"type":"Point","coordinates":[17.195789,52.230417]},"properties":{"lines":"582","color":"#0059a9","mode":"bus","arr":["582"],"angle":6.7,"extra":1}},{"type":"Feature","geometry":{"type":"Point","coordinates":[17.188052,52.231868]},"properties":{"lines":"582","color":"#0059a9","mode":"bus","arr":["582"],"angle":19.2,"extra":1}},{"type":"Feature","geometry":{"type":"Point","coordinates":[17.180393,52.233501]},"properties":{"lines":"582","color":"#0059a9","mode":"bus","arr":["582"],"angle":19.7,"extra":1}},{"type":"Feature","geometry":{"type":"Point","coordinates":[17.172731,52.235128]},"properties":{"lines":"582","color":"#0059a9","mode":"bus","arr":["582"],"angle":19.3,"extra":1}},{"type":"Feature","geometry":{"type":"Point","coordinates":[17.15741,52.23839]},"properties":{"lines":"582","color":"#0059a9","mode":"bus","arr":["582"],"angle":19.1,"extra":1}},{"type":"Feature","geometry":{"type":"Point","coordinates":[17.149748,52.240018]},"properties":{"lines":"582","color":"#0059a9","mode":"bus","arr":["582"],"angle":19.3,"extra":1}},{"type":"Feature","geometry":{"type":"Point","coordinates":[17.142088,52.24165]},"properties":{"lines":"582","color":"#0059a9","mode":"bus","arr":["582"],"angle":19.1,"extra":1}},{"type":"Feature","geometry":{"type":"Point","coordinates":[17.134286,52.243002]},"properties":{"lines":"582","color":"#0059a9","mode":"bus","arr":["582"],"angle":15.2,"extra":1}},{"type":"Feature","geometry":{"type":"Point","coordinates":[17.126531,52.244279]},"properties":{"lines":"582","color":"#0059a9","mode":"bus","arr":["582"],"angle":15.1,"extra":1}},{"type":"Feature","geometry":{"type":"Point","coordinates":[17.115503,52.246098]},"properties":{"lines":"582","color":"#0059a9","mode":"bus","arr":["582"],"angle":16.4,"extra":1}},{"type":"Feature","geometry":{"type":"Point","coordinates":[17.110526,52.248796]},"properties":{"lines":"582","color":"#0059a9","mode":"bus","arr":["582"],"angle":-45,"extra":1}},{"type":"Feature","geometry":{"type":"Point","coordinates":[17.16986,52.269109]},"properties":{"lines":"591","color":"#0059a9","mode":"bus","arr":["591"],"angle":-54}},{"type":"Feature","geometry":{"type":"Point","coordinates":[17.159416,52.263853]},"properties":{"lines":"591","color":"#0059a9","mode":"bus","arr":["591"],"angle":21.2}},{"type":"Feature","geometry":{"type":"Point","coordinates":[17.172177,52.267226]},"properties":{"lines":"591","color":"#0059a9","mode":"bus","arr":["591"],"angle":52.1,"extra":1}},{"type":"Feature","geometry":{"type":"Point","coordinates":[17.169483,52.263794]},"properties":{"lines":"591","color":"#0059a9","mode":"bus","arr":["591"],"angle":-45.8,"extra":1}},{"type":"Feature","geometry":{"type":"Point","coordinates":[17.148492,52.267083]},"properties":{"lines":"591","color":"#0059a9","mode":"bus","arr":["591"],"angle":61.1,"extra":1}},{"type":"Feature","geometry":{"type":"Point","coordinates":[17.144435,52.271366]},"properties":{"lines":"591","color":"#0059a9","mode":"bus","arr":["591"],"angle":55.4,"extra":1}},{"type":"Feature","geometry":{"type":"Point","coordinates":[17.13228,52.278305]},"properties":{"lines":"591","color":"#0059a9","mode":"bus","arr":["591"],"angle":43.5}},{"type":"Feature","geometry":{"type":"Point","coordinates":[17.138894,52.274423]},"properties":{"lines":"591","color":"#0059a9","mode":"bus","arr":["591"],"angle":43.9,"extra":1}},{"type":"Feature","geometry":{"type":"Point","coordinates":[17.127162,52.281258]},"properties":{"lines":"591","color":"#0059a9","mode":"bus","arr":["591"],"angle":43.3,"extra":1}},{"type":"Feature","geometry":{"type":"Point","coordinates":[17.11535,52.28343]},"properties":{"lines":"591","color":"#0059a9","mode":"bus","arr":["591"],"angle":2.8}},{"type":"Feature","geometry":{"type":"Point","coordinates":[17.090563,52.248036]},"properties":{"lines":"591, 699","color":"#0059a9","mode":"bus","arr":["591","699"],"angle":45.7}},{"type":"Feature","geometry":{"type":"Point","coordinates":[17.036254,52.214809]},"properties":{"lines":"595, 598","color":"#0059a9","mode":"bus","arr":["595","598"],"angle":-34.3}},{"type":"Feature","geometry":{"type":"Point","coordinates":[17.045998,52.220038]},"properties":{"lines":"595, 598","color":"#0059a9","mode":"bus","arr":["595","598"],"angle":-50.4,"extra":1}},{"type":"Feature","geometry":{"type":"Point","coordinates":[17.040645,52.216417]},"properties":{"lines":"595, 598","color":"#0059a9","mode":"bus","arr":["595","598"],"angle":-19.3,"extra":1}},{"type":"Feature","geometry":{"type":"Point","coordinates":[17.027111,52.210992]},"properties":{"lines":"595, 598","color":"#0059a9","mode":"bus","arr":["595","598"],"angle":-34.8,"extra":1}},{"type":"Feature","geometry":{"type":"Point","coordinates":[17.039587,52.198702]},"properties":{"lines":"595, 598","color":"#0059a9","mode":"bus","arr":["595","598"],"angle":56.3}},{"type":"Feature","geometry":{"type":"Point","coordinates":[17.021939,52.208856]},"properties":{"lines":"595, 598","color":"#0059a9","mode":"bus","arr":["595","598"],"angle":43.9,"extra":1}},{"type":"Feature","geometry":{"type":"Point","coordinates":[17.026402,52.204794]},"properties":{"lines":"595, 598","color":"#0059a9","mode":"bus","arr":["595","598"],"angle":46.9,"extra":1}},{"type":"Feature","geometry":{"type":"Point","coordinates":[17.032059,52.202456]},"properties":{"lines":"595, 598","color":"#0059a9","mode":"bus","arr":["595","598"],"angle":35.1,"extra":1}},{"type":"Feature","geometry":{"type":"Point","coordinates":[17.042804,52.195645]},"properties":{"lines":"595, 598","color":"#0059a9","mode":"bus","arr":["595","598"],"angle":69.4,"extra":1}},{"type":"Feature","geometry":{"type":"Point","coordinates":[17.047231,52.191577]},"properties":{"lines":"595, 598","color":"#0059a9","mode":"bus","arr":["595","598"],"angle":51.1,"extra":1}},{"type":"Feature","geometry":{"type":"Point","coordinates":[17.050821,52.187232]},"properties":{"lines":"595, 598","color":"#0059a9","mode":"bus","arr":["595","598"],"angle":60.6,"extra":1}},{"type":"Feature","geometry":{"type":"Point","coordinates":[17.052866,52.182921]},"properties":{"lines":"595, 598","color":"#0059a9","mode":"bus","arr":["595","598"],"angle":-9.5,"extra":1}},{"type":"Feature","geometry":{"type":"Point","coordinates":[17.074766,52.218224]},"properties":{"lines":"595, 598","color":"#0059a9","mode":"bus","arr":["595","598"],"angle":0.8}},{"type":"Feature","geometry":{"type":"Point","coordinates":[17.066148,52.22503]},"properties":{"lines":"598","color":"#0059a9","mode":"bus","arr":["598"],"angle":-22.8}},{"type":"Feature","geometry":{"type":"Point","coordinates":[17.052439,52.222424]},"properties":{"lines":"598","color":"#0059a9","mode":"bus","arr":["598"],"angle":5.6,"extra":1}},{"type":"Feature","geometry":{"type":"Point","coordinates":[17.060197,52.223506]},"properties":{"lines":"598","color":"#0059a9","mode":"bus","arr":["598"],"angle":-22.8,"extra":1}},{"type":"Feature","geometry":{"type":"Point","coordinates":[17.072893,52.223709]},"properties":{"lines":"598","color":"#0059a9","mode":"bus","arr":["598"],"angle":72.2,"extra":1}},{"type":"Feature","geometry":{"type":"Point","coordinates":[17.073588,52.218826]},"properties":{"lines":"598","color":"#0059a9","mode":"bus","arr":["598"],"angle":-82.2,"extra":1}},{"type":"Feature","geometry":{"type":"Point","coordinates":[17.080179,52.228052]},"properties":{"lines":"598","color":"#0059a9","mode":"bus","arr":["598"],"angle":-14.3}},{"type":"Feature","geometry":{"type":"Point","coordinates":[17.089893,52.22958]},"properties":{"lines":"598","color":"#0059a9","mode":"bus","arr":["598"],"angle":-14.1,"extra":1}},{"type":"Feature","geometry":{"type":"Point","coordinates":[17.064151,52.200581]},"properties":{"lines":"595","color":"#0059a9","mode":"bus","arr":["595"],"angle":-72.3}},{"type":"Feature","geometry":{"type":"Point","coordinates":[17.055456,52.185265]},"properties":{"lines":"595","color":"#0059a9","mode":"bus","arr":["595"],"angle":-67.4,"extra":1}},{"type":"Feature","geometry":{"type":"Point","coordinates":[17.058486,52.189852]},"properties":{"lines":"595","color":"#0059a9","mode":"bus","arr":["595"],"angle":-71.9,"extra":1}},{"type":"Feature","geometry":{"type":"Point","coordinates":[17.060977,52.194559]},"properties":{"lines":"595","color":"#0059a9","mode":"bus","arr":["595"],"angle":-71.9,"extra":1}},{"type":"Feature","geometry":{"type":"Point","coordinates":[17.065949,52.203976]},"properties":{"lines":"595","color":"#0059a9","mode":"bus","arr":["595"],"angle":-72,"extra":1}},{"type":"Feature","geometry":{"type":"Point","coordinates":[17.068478,52.208676]},"properties":{"lines":"595","color":"#0059a9","mode":"bus","arr":["595"],"angle":-71.7,"extra":1}},{"type":"Feature","geometry":{"type":"Point","coordinates":[17.071011,52.213375]},"properties":{"lines":"595","color":"#0059a9","mode":"bus","arr":["595"],"angle":-71.9,"extra":1}},{"type":"Feature","geometry":{"type":"Point","coordinates":[17.073383,52.218102]},"properties":{"lines":"595","color":"#0059a9","mode":"bus","arr":["595"],"angle":-78.8,"extra":1}},{"type":"Feature","geometry":{"type":"Point","coordinates":[16.903857,52.356635]},"properties":{"lines":"602, 603, 610, 651, PKS","color":"#0059a9","mode":"bus","arr":["602","603","610","651","PKS"],"angle":-54}},{"type":"Feature","geometry":{"type":"Point","coordinates":[16.901856,52.353525]},"properties":{"lines":"602, 603, 610, 651, PKS","color":"#0059a9","mode":"bus","arr":["602","603","610","651","PKS"],"angle":-72.6,"extra":1}},{"type":"Feature","geometry":{"type":"Point","coordinates":[16.89713,52.348844]},"properties":{"lines":"602, 603, 651, PKS","color":"#0059a9","mode":"bus","arr":["602","603","651","PKS"],"angle":-58.1}},{"type":"Feature","geometry":{"type":"Point","coordinates":[16.88919,52.332545]},"properties":{"lines":"602, 603, 651, 690, PKS","color":"#0059a9","mode":"bus","arr":["602","603","651","690","PKS"],"angle":-77.7}},{"type":"Feature","geometry":{"type":"Point","coordinates":[16.893129,52.341997]},"properties":{"lines":"602, 603, 651, 690, PKS","color":"#0059a9","mode":"bus","arr":["602","603","651","690","PKS"],"angle":-75.4,"extra":1}},{"type":"Feature","geometry":{"type":"Point","coordinates":[16.890978,52.337228]},"properties":{"lines":"602, 603, 651, 690, PKS","color":"#0059a9","mode":"bus","arr":["602","603","651","690","PKS"],"angle":-73.3,"extra":1}},{"type":"Feature","geometry":{"type":"Point","coordinates":[16.887889,52.327531]},"properties":{"lines":"602, 603, 651, 690, PKS","color":"#0059a9","mode":"bus","arr":["602","603","651","690","PKS"],"angle":-83.6,"extra":1}},{"type":"Feature","geometry":{"type":"Point","coordinates":[16.886756,52.322641]},"properties":{"lines":"602, 603, 651, 690, PKS","color":"#0059a9","mode":"bus","arr":["602","603","651","690","PKS"],"angle":-71.5,"extra":1}},{"type":"Feature","geometry":{"type":"Point","coordinates":[16.882762,52.316191]},"properties":{"lines":"602, 603, 651, 690, PKS","color":"#0059a9","mode":"bus","arr":["602","603","651","690","PKS"],"angle":-73}},{"type":"Feature","geometry":{"type":"Point","coordinates":[16.882331,52.315384]},"properties":{"lines":"602, 603, 651, 690, PKS","color":"#0059a9","mode":"bus","arr":["602","603","651","690","PKS"],"angle":-41.8}},{"type":"Feature","geometry":{"type":"Point","coordinates":[16.882737,52.321211]},"properties":{"lines":"614","color":"#0059a9","mode":"bus","arr":["614"],"angle":-19.9}},{"type":"Feature","geometry":{"type":"Point","coordinates":[16.88693,52.343492]},"properties":{"lines":"614","color":"#0059a9","mode":"bus","arr":["614"],"angle":-18.6}},{"type":"Feature","geometry":{"type":"Point","coordinates":[16.883778,52.318562]},"properties":{"lines":"602, 603, 614, 651, 690, PKS","color":"#0059a9","mode":"bus","arr":["602","603","614","651","690","PKS"],"angle":-77.2}},{"type":"Feature","geometry":{"type":"Point","coordinates":[16.882355,52.315505]},"properties":{"lines":"602, 603, 651, 690, 789, PKS","color":"#0059a9","mode":"bus","arr":["602","603","651","690","789","PKS"],"angle":-47.7}},{"type":"Feature","geometry":{"type":"Point","coordinates":[16.877837,52.317238]},"properties":{"lines":"789","color":"#0059a9","mode":"bus","arr":["789"],"angle":49.1}},{"type":"Feature","geometry":{"type":"Point","coordinates":[16.80578,52.33098]},"properties":{"lines":"789","color":"#0059a9","mode":"bus","arr":["789"],"angle":-24.2}},{"type":"Feature","geometry":{"type":"Point","coordinates":[16.775778,52.346233]},"properties":{"lines":"789","color":"#0059a9","mode":"bus","arr":["789"],"angle":80}},{"type":"Feature","geometry":{"type":"Point","coordinates":[16.804761,52.325387]},"properties":{"lines":"789","color":"#0059a9","mode":"bus","arr":["789"],"angle":81.1}},{"type":"Feature","geometry":{"type":"Point","coordinates":[16.805562,52.322202]},"properties":{"lines":"789","color":"#0059a9","mode":"bus","arr":["789"],"angle":82.4,"extra":1}},{"type":"Feature","geometry":{"type":"Point","coordinates":[16.820084,52.333901]},"properties":{"lines":"789","color":"#0059a9","mode":"bus","arr":["789"],"angle":-32.7}},{"type":"Feature","geometry":{"type":"Point","coordinates":[16.825613,52.33559]},"properties":{"lines":"789","color":"#0059a9","mode":"bus","arr":["789"],"angle":-31.1}},{"type":"Feature","geometry":{"type":"Point","coordinates":[16.862969,52.324851]},"properties":{"lines":"789","color":"#0059a9","mode":"bus","arr":["789"],"angle":51.7}},{"type":"Feature","geometry":{"type":"Point","coordinates":[16.855596,52.322016]},"properties":{"lines":"789","color":"#0059a9","mode":"bus","arr":["789"],"angle":-38.3,"extra":1}},{"type":"Feature","geometry":{"type":"Point","coordinates":[16.867019,52.321674]},"properties":{"lines":"789","color":"#0059a9","mode":"bus","arr":["789"],"angle":52.1,"extra":1}},{"type":"Feature","geometry":{"type":"Point","coordinates":[16.864269,52.314157]},"properties":{"lines":"789","color":"#0059a9","mode":"bus","arr":["789"],"angle":-25.9}},{"type":"Feature","geometry":{"type":"Point","coordinates":[16.876809,52.314564]},"properties":{"lines":"789","color":"#0059a9","mode":"bus","arr":["789"],"angle":3.8,"extra":1}},{"type":"Feature","geometry":{"type":"Point","coordinates":[16.868714,52.314891]},"properties":{"lines":"789","color":"#0059a9","mode":"bus","arr":["789"],"angle":3.3,"extra":1}},{"type":"Feature","geometry":{"type":"Point","coordinates":[16.870036,52.308971]},"properties":{"lines":"789","color":"#0059a9","mode":"bus","arr":["789"],"angle":21.7,"extra":1}},{"type":"Feature","geometry":{"type":"Point","coordinates":[16.872155,52.306861]},"properties":{"lines":"789","color":"#0059a9","mode":"bus","arr":["789"],"angle":8.1}},{"type":"Feature","geometry":{"type":"Point","coordinates":[16.863339,52.303714]},"properties":{"lines":"789","color":"#0059a9","mode":"bus","arr":["789"],"angle":38.7}},{"type":"Feature","geometry":{"type":"Point","coordinates":[16.867399,52.305944]},"properties":{"lines":"789","color":"#0059a9","mode":"bus","arr":["789"],"angle":-31.7,"extra":1}},{"type":"Feature","geometry":{"type":"Point","coordinates":[16.874095,52.307162]},"properties":{"lines":"651, 789, PKS","color":"#0059a9","mode":"bus","arr":["651","789","PKS"],"angle":-50.5}},{"type":"Feature","geometry":{"type":"Point","coordinates":[16.882303,52.316226]},"properties":{"lines":"602, 603, 614, 690, 789","color":"#0059a9","mode":"bus","arr":["602","603","614","690","789"],"angle":-79.5}},{"type":"Feature","geometry":{"type":"Point","coordinates":[16.927675,52.380011]},"properties":{"lines":"603","color":"#0059a9","mode":"bus","arr":["603"],"angle":-76.2}},{"type":"Feature","geometry":{"type":"Point","coordinates":[16.931004,52.38822]},"properties":{"lines":"603","color":"#0059a9","mode":"bus","arr":["603"],"angle":-76.1,"extra":1}},{"type":"Feature","geometry":{"type":"Point","coordinates":[16.92906,52.383418]},"properties":{"lines":"603","color":"#0059a9","mode":"bus","arr":["603"],"angle":-76.2,"extra":1}},{"type":"Feature","geometry":{"type":"Point","coordinates":[16.92389,52.37436]},"properties":{"lines":"603","color":"#0059a9","mode":"bus","arr":["603"],"angle":-31.3,"extra":1}},{"type":"Feature","geometry":{"type":"Point","coordinates":[16.895915,52.354143]},"properties":{"lines":"610","color":"#0059a9","mode":"bus","arr":["610"],"angle":2.1}},{"type":"Feature","geometry":{"type":"Point","coordinates":[16.901439,52.352883]},"properties":{"lines":"610","color":"#0059a9","mode":"bus","arr":["610"],"angle":35.6,"extra":1}},{"type":"Feature","geometry":{"type":"Point","coordinates":[16.885932,52.35353]},"properties":{"lines":"610","color":"#0059a9","mode":"bus","arr":["610"],"angle":-54.7,"extra":1}},{"type":"Feature","geometry":{"type":"Point","coordinates":[16.88298,52.351751]},"properties":{"lines":"610","color":"#0059a9","mode":"bus","arr":["610"],"angle":-49.3}},{"type":"Feature","geometry":{"type":"Point","coordinates":[16.886619,52.340228]},"properties":{"lines":"610","color":"#0059a9","mode":"bus","arr":["610"],"angle":6.7}},{"type":"Feature","geometry":{"type":"Point","coordinates":[16.891761,52.342224]},"properties":{"lines":"610","color":"#0059a9","mode":"bus","arr":["610"],"angle":-80.4,"extra":1}},{"type":"Feature","geometry":{"type":"Point","coordinates":[16.878673,52.339908]},"properties":{"lines":"610","color":"#0059a9","mode":"bus","arr":["610"],"angle":-15.3,"extra":1}},{"type":"Feature","geometry":{"type":"Point","coordinates":[16.860916,52.342482]},"properties":{"lines":"610","color":"#0059a9","mode":"bus","arr":["610"],"angle":-3.5}},{"type":"Feature","geometry":{"type":"Point","coordinates":[16.871337,52.342899]},"properties":{"lines":"610","color":"#0059a9","mode":"bus","arr":["610"],"angle":-3.8,"extra":1}},{"type":"Feature","geometry":{"type":"Point","coordinates":[16.855145,52.342242]},"properties":{"lines":"610","color":"#0059a9","mode":"bus","arr":["610"],"angle":-3.5,"extra":1}},{"type":"Feature","geometry":{"type":"Point","coordinates":[16.848952,52.344185]},"properties":{"lines":"610","color":"#0059a9","mode":"bus","arr":["610"],"angle":77.2,"extra":1}},{"type":"Feature","geometry":{"type":"Point","coordinates":[16.881535,52.350284]},"properties":{"lines":"610, 611, 614, 701","color":"#0059a9","mode":"bus","arr":["610","611","614","701"],"angle":-74.2}},{"type":"Feature","geometry":{"type":"Point","coordinates":[16.885441,52.348715]},"properties":{"lines":"610, 614","color":"#0059a9","mode":"bus","arr":["610","614"],"angle":-7.2}},{"type":"Feature","geometry":{"type":"Point","coordinates":[16.891261,52.346821]},"properties":{"lines":"610, 614, 690","color":"#0059a9","mode":"bus","arr":["610","614","690"],"angle":71.3}},{"type":"Feature","geometry":{"type":"Point","coordinates":[16.874503,52.341375]},"properties":{"lines":"610, 614, 701","color":"#0059a9","mode":"bus","arr":["610","614","701"],"angle":-88.4}},{"type":"Feature","geometry":{"type":"Point","coordinates":[16.851263,52.344672]},"properties":{"lines":"610, 702","color":"#0059a9","mode":"bus","arr":["610","702"],"angle":-4.6}},{"type":"Feature","geometry":{"type":"Point","coordinates":[16.859768,52.348718]},"properties":{"lines":"610, 611, 616, 690, 702","color":"#0059a9","mode":"bus","arr":["610","611","616","690","702"],"angle":-44.8}},{"type":"Feature","geometry":{"type":"Point","coordinates":[16.86294,52.350657]},"properties":{"lines":"610, 611, 616, 690, 702","color":"#0059a9","mode":"bus","arr":["610","611","616","690","702"],"angle":-45,"extra":1}},{"type":"Feature","geometry":{"type":"Point","coordinates":[16.859458,52.355624]},"properties":{"lines":"610, 616, 702","color":"#0059a9","mode":"bus","arr":["610","616","702"],"angle":37.2}},{"type":"Feature","geometry":{"type":"Point","coordinates":[16.85454,52.359669]},"properties":{"lines":"610, 616, 702, 703, 707","color":"#0059a9","mode":"bus","arr":["610","616","702","703","707"],"angle":-33.1}},{"type":"Feature","geometry":{"type":"Point","coordinates":[16.883569,52.354452]},"properties":{"lines":"611, 614, 701","color":"#0059a9","mode":"bus","arr":["611","614","701"],"angle":-73.8}},{"type":"Feature","geometry":{"type":"Point","coordinates":[16.882543,52.352291]},"properties":{"lines":"611, 614, 701","color":"#0059a9","mode":"bus","arr":["611","614","701"],"angle":21.8}},{"type":"Feature","geometry":{"type":"Point","coordinates":[16.879996,52.3472]},"properties":{"lines":"611, 701","color":"#0059a9","mode":"bus","arr":["611","701"],"angle":-56.2}},{"type":"Feature","geometry":{"type":"Point","coordinates":[16.872186,52.349026]},"properties":{"lines":"611, 690","color":"#0059a9","mode":"bus","arr":["611","690"],"angle":41.2}},{"type":"Feature","geometry":{"type":"Point","coordinates":[16.86534,52.352074]},"properties":{"lines":"611, 690","color":"#0059a9","mode":"bus","arr":["611","690"],"angle":-45}},{"type":"Feature","geometry":{"type":"Point","coordinates":[16.855594,52.345242]},"properties":{"lines":"611, 690","color":"#0059a9","mode":"bus","arr":["611","690"],"angle":89.1}},{"type":"Feature","geometry":{"type":"Point","coordinates":[16.888726,52.377173]},"properties":{"lines":"614, 701","color":"#0059a9","mode":"bus","arr":["614","701"],"angle":22.9}},{"type":"Feature","geometry":{"type":"Point","coordinates":[16.892552,52.375786]},"properties":{"lines":"614, 701","color":"#0059a9","mode":"bus","arr":["614","701"],"angle":60.7,"extra":1}},{"type":"Feature","geometry":{"type":"Point","coordinates":[16.887977,52.3459]},"properties":{"lines":"614, 690","color":"#0059a9","mode":"bus","arr":["614","690"],"angle":71.4}},{"type":"Feature","geometry":{"type":"Point","coordinates":[16.882365,52.344104]},"properties":{"lines":"614, 690","color":"#0059a9","mode":"bus","arr":["614","690"],"angle":76.7}},{"type":"Feature","geometry":{"type":"Point","coordinates":[16.878983,52.343077]},"properties":{"lines":"614, 690","color":"#0059a9","mode":"bus","arr":["614","690"],"angle":-0.9}},{"type":"Feature","geometry":{"type":"Point","coordinates":[16.873663,52.321681]},"properties":{"lines":"614, 690","color":"#0059a9","mode":"bus","arr":["614","690"],"angle":-5.7}},{"type":"Feature","geometry":{"type":"Point","coordinates":[16.875217,52.335463]},"properties":{"lines":"614, 690, 701","color":"#0059a9","mode":"bus","arr":["614","690","701"],"angle":81.7}},{"type":"Feature","geometry":{"type":"Point","coordinates":[16.876565,52.332257]},"properties":{"lines":"614, 690, 701","color":"#0059a9","mode":"bus","arr":["614","690","701"],"angle":75,"extra":1}},{"type":"Feature","geometry":{"type":"Point","coordinates":[16.878434,52.326769]},"properties":{"lines":"614, 690, 701","color":"#0059a9","mode":"bus","arr":["614","690","701"],"angle":67.9}},{"type":"Feature","geometry":{"type":"Point","coordinates":[16.87752,52.319932]},"properties":{"lines":"614, 690, 701","color":"#0059a9","mode":"bus","arr":["614","690","701"],"angle":-25.1}},{"type":"Feature","geometry":{"type":"Point","coordinates":[16.878697,52.310618]},"properties":{"lines":"651, PKS","color":"#0059a9","mode":"bus","arr":["651","PKS"],"angle":-71.2}},{"type":"Feature","geometry":{"type":"Point","coordinates":[16.87561,52.307933]},"properties":{"lines":"651, PKS","color":"#0059a9","mode":"bus","arr":["651","PKS"],"angle":-33.5,"extra":1}},{"type":"Feature","geometry":{"type":"Point","coordinates":[16.871254,52.304684]},"properties":{"lines":"651, PKS","color":"#0059a9","mode":"bus","arr":["651","PKS"],"angle":-40.3,"extra":1}},{"type":"Feature","geometry":{"type":"Point","coordinates":[16.865173,52.294644]},"properties":{"lines":"651","color":"#0059a9","mode":"bus","arr":["651"],"angle":2.3}},{"type":"Feature","geometry":{"type":"Point","coordinates":[16.868378,52.299364]},"properties":{"lines":"651","color":"#0059a9","mode":"bus","arr":["651"],"angle":64.9,"extra":1}},{"type":"Feature","geometry":{"type":"Point","coordinates":[16.870249,52.294721]},"properties":{"lines":"651","color":"#0059a9","mode":"bus","arr":["651"],"angle":-62.7,"extra":1}},{"type":"Feature","geometry":{"type":"Point","coordinates":[16.858814,52.289654]},"properties":{"lines":"651","color":"#0059a9","mode":"bus","arr":["651"],"angle":-61.3,"extra":1}},{"type":"Feature","geometry":{"type":"Point","coordinates":[16.853606,52.283823]},"properties":{"lines":"651","color":"#0059a9","mode":"bus","arr":["651"],"angle":-61.8,"extra":1}},{"type":"Feature","geometry":{"type":"Point","coordinates":[16.854014,52.278217]},"properties":{"lines":"651, 699","color":"#0059a9","mode":"bus","arr":["651","699"],"angle":73.3}},{"type":"Feature","geometry":{"type":"Point","coordinates":[16.866943,52.271835]},"properties":{"lines":"651, 699","color":"#0059a9","mode":"bus","arr":["651","699"],"angle":-8.7}},{"type":"Feature","geometry":{"type":"Point","coordinates":[16.857416,52.274558]},"properties":{"lines":"651, 699","color":"#0059a9","mode":"bus","arr":["651","699"],"angle":4.1,"extra":1}},{"type":"Feature","geometry":{"type":"Point","coordinates":[16.862173,52.272094]},"properties":{"lines":"651, 699","color":"#0059a9","mode":"bus","arr":["651","699"],"angle":17.7,"extra":1}},{"type":"Feature","geometry":{"type":"Point","coordinates":[16.872554,52.267601]},"properties":{"lines":"651, 699","color":"#0059a9","mode":"bus","arr":["651","699"],"angle":73.7,"extra":1}},{"type":"Feature","geometry":{"type":"Point","coordinates":[16.872991,52.263645]},"properties":{"lines":"651, 699","color":"#0059a9","mode":"bus","arr":["651","699"],"angle":86.7}},{"type":"Feature","geometry":{"type":"Point","coordinates":[16.869199,52.266506]},"properties":{"lines":"651, 699","color":"#0059a9","mode":"bus","arr":["651","699"],"angle":26.5,"extra":1}},{"type":"Feature","geometry":{"type":"Point","coordinates":[16.871712,52.25941]},"properties":{"lines":"651, 699","color":"#0059a9","mode":"bus","arr":["651","699"],"angle":84.4,"extra":1}},{"type":"Feature","geometry":{"type":"Point","coordinates":[16.862554,52.254457]},"properties":{"lines":"651, 698","color":"#0059a9","mode":"bus","arr":["651","698"],"angle":-20.7}},{"type":"Feature","geometry":{"type":"Point","coordinates":[16.868369,52.255617]},"properties":{"lines":"651, 698","color":"#0059a9","mode":"bus","arr":["651","698"],"angle":-5.8,"extra":1}},{"type":"Feature","geometry":{"type":"Point","coordinates":[16.853097,52.252314]},"properties":{"lines":"651, 698","color":"#0059a9","mode":"bus","arr":["651","698"],"angle":-25,"extra":1}},{"type":"Feature","geometry":{"type":"Point","coordinates":[16.851349,52.250884]},"properties":{"lines":"651, 698, 699","color":"#0059a9","mode":"bus","arr":["651","698","699"],"angle":-67.3}},{"type":"Feature","geometry":{"type":"Point","coordinates":[16.847807,52.247969]},"properties":{"lines":"651, 698, 699, PKS","color":"#0059a9","mode":"bus","arr":["651","698","699","PKS"],"angle":-57.4}},{"type":"Feature","geometry":{"type":"Point","coordinates":[16.847501,52.243512]},"properties":{"lines":"651, 692, 698, 699, PKS","color":"#0059a9","mode":"bus","arr":["651","692","698","699","PKS"],"angle":81.8}},{"type":"Feature","geometry":{"type":"Point","coordinates":[16.848996,52.242793]},"properties":{"lines":"651, 691, 692, 694, 698, 699, PKS","color":"#0059a9","mode":"bus","arr":["651","691","692","694","698","699","PKS"],"angle":-49.5}},{"type":"Feature","geometry":{"type":"Point","coordinates":[16.85081,52.242644]},"properties":{"lines":"651, 691, 692, 693, 694, 698, 699, PKS","color":"#0059a9","mode":"bus","arr":["651","691","692","693","694","698","699","PKS"],"angle":72}},{"type":"Feature","geometry":{"type":"Point","coordinates":[16.860891,52.339995]},"properties":{"lines":"690","color":"#0059a9","mode":"bus","arr":["690"],"angle":3.5}},{"type":"Feature","geometry":{"type":"Point","coordinates":[16.870378,52.339516]},"properties":{"lines":"690","color":"#0059a9","mode":"bus","arr":["690"],"angle":0.1,"extra":1}},{"type":"Feature","geometry":{"type":"Point","coordinates":[16.854995,52.341092]},"properties":{"lines":"690","color":"#0059a9","mode":"bus","arr":["690"],"angle":22.4,"extra":1}},{"type":"Feature","geometry":{"type":"Point","coordinates":[16.850277,52.349136]},"properties":{"lines":"690","color":"#0059a9","mode":"bus","arr":["690"],"angle":30.8}},{"type":"Feature","geometry":{"type":"Point","coordinates":[16.84832,52.351594]},"properties":{"lines":"690","color":"#0059a9","mode":"bus","arr":["690"],"angle":80.7,"extra":1}},{"type":"Feature","geometry":{"type":"Point","coordinates":[16.896113,52.34865]},"properties":{"lines":"690","color":"#0059a9","mode":"bus","arr":["690"],"angle":28}},{"type":"Feature","geometry":{"type":"Point","coordinates":[16.901492,52.3472]},"properties":{"lines":"690","color":"#0059a9","mode":"bus","arr":["690"],"angle":56.3,"extra":1}},{"type":"Feature","geometry":{"type":"Point","coordinates":[16.899314,52.344488]},"properties":{"lines":"690","color":"#0059a9","mode":"bus","arr":["690"],"angle":-25.8}},{"type":"Feature","geometry":{"type":"Point","coordinates":[16.846528,52.352493]},"properties":{"lines":"690, 703","color":"#0059a9","mode":"bus","arr":["690","703"],"angle":-42.9}},{"type":"Feature","geometry":{"type":"Point","coordinates":[16.843533,52.352463]},"properties":{"lines":"690, 703","color":"#0059a9","mode":"bus","arr":["690","703"],"angle":49.9}},{"type":"Feature","geometry":{"type":"Point","coordinates":[16.838263,52.353311]},"properties":{"lines":"690, 703","color":"#0059a9","mode":"bus","arr":["690","703"],"angle":-80.8}},{"type":"Feature","geometry":{"type":"Point","coordinates":[16.876915,52.344426]},"properties":{"lines":"690, 701","color":"#0059a9","mode":"bus","arr":["690","701"],"angle":-55.6}},{"type":"Feature","geometry":{"type":"Point","coordinates":[16.775813,52.212512]},"properties":{"lines":"691","color":"#0059a9","mode":"bus","arr":["691"],"angle":-0.9}},{"type":"Feature","geometry":{"type":"Point","coordinates":[16.759815,52.212365]},"properties":{"lines":"691","color":"#0059a9","mode":"bus","arr":["691"],"angle":-0.9,"extra":1}},{"type":"Feature","geometry":{"type":"Point","coordinates":[16.767929,52.212437]},"properties":{"lines":"691","color":"#0059a9","mode":"bus","arr":["691"],"angle":-0.7,"extra":1}},{"type":"Feature","geometry":{"type":"Point","coordinates":[16.784155,52.212583]},"properties":{"lines":"691","color":"#0059a9","mode":"bus","arr":["691"],"angle":-1.2,"extra":1}},{"type":"Feature","geometry":{"type":"Point","coordinates":[16.783089,52.208573]},"properties":{"lines":"691","color":"#0059a9","mode":"bus","arr":["691"],"angle":47.7,"extra":1}},{"type":"Feature","geometry":{"type":"Point","coordinates":[16.791331,52.208241]},"properties":{"lines":"691","color":"#0059a9","mode":"bus","arr":["691"],"angle":-69.3}},{"type":"Feature","geometry":{"type":"Point","coordinates":[16.80935,52.211596]},"properties":{"lines":"691","color":"#0059a9","mode":"bus","arr":["691"],"angle":-31.1}},{"type":"Feature","geometry":{"type":"Point","coordinates":[16.797272,52.211045]},"properties":{"lines":"691","color":"#0059a9","mode":"bus","arr":["691"],"angle":22.3,"extra":1}},{"type":"Feature","geometry":{"type":"Point","coordinates":[16.80514,52.210441]},"properties":{"lines":"691","color":"#0059a9","mode":"bus","arr":["691"],"angle":-3.3,"extra":1}},{"type":"Feature","geometry":{"type":"Point","coordinates":[16.819666,52.211657]},"properties":{"lines":"691","color":"#0059a9","mode":"bus","arr":["691"],"angle":26.6,"extra":1}},{"type":"Feature","geometry":{"type":"Point","coordinates":[16.827985,52.224757]},"properties":{"lines":"691","color":"#0059a9","mode":"bus","arr":["691"],"angle":48}},{"type":"Feature","geometry":{"type":"Point","coordinates":[16.835295,52.232487]},"properties":{"lines":"691","color":"#0059a9","mode":"bus","arr":["691"],"angle":20.9,"extra":1}},{"type":"Feature","geometry":{"type":"Point","coordinates":[16.828812,52.232368]},"properties":{"lines":"691","color":"#0059a9","mode":"bus","arr":["691"],"angle":-64.5,"extra":1}},{"type":"Feature","geometry":{"type":"Point","coordinates":[16.825517,52.22785]},"properties":{"lines":"691","color":"#0059a9","mode":"bus","arr":["691"],"angle":-66.8,"extra":1}},{"type":"Feature","geometry":{"type":"Point","coordinates":[16.831279,52.220547]},"properties":{"lines":"691","color":"#0059a9","mode":"bus","arr":["691"],"angle":-69.2,"extra":1}},{"type":"Feature","geometry":{"type":"Point","coordinates":[16.828343,52.215936]},"properties":{"lines":"691","color":"#0059a9","mode":"bus","arr":["691"],"angle":-68.7,"extra":1}},{"type":"Feature","geometry":{"type":"Point","coordinates":[16.824355,52.211733]},"properties":{"lines":"691","color":"#0059a9","mode":"bus","arr":["691"],"angle":-25.5,"extra":1}},{"type":"Feature","geometry":{"type":"Point","coordinates":[16.846892,52.238914]},"properties":{"lines":"691","color":"#0059a9","mode":"bus","arr":["691"],"angle":-14.6}},{"type":"Feature","geometry":{"type":"Point","coordinates":[16.843475,52.236749]},"properties":{"lines":"691, 694","color":"#0059a9","mode":"bus","arr":["691","694"],"angle":-62.4}},{"type":"Feature","geometry":{"type":"Point","coordinates":[16.840947,52.233772]},"properties":{"lines":"691, 694","color":"#0059a9","mode":"bus","arr":["691","694"],"angle":-62.4,"extra":1}},{"type":"Feature","geometry":{"type":"Point","coordinates":[16.850567,52.239863]},"properties":{"lines":"691, 692, 694, 698, 699, PKS","color":"#0059a9","mode":"bus","arr":["691","692","694","698","699","PKS"],"angle":-60.4}},{"type":"Feature","geometry":{"type":"Point","coordinates":[16.757884,52.228871]},"properties":{"lines":"692","color":"#0059a9","mode":"bus","arr":["692"],"angle":-84.6}},{"type":"Feature","geometry":{"type":"Point","coordinates":[16.766197,52.227428]},"properties":{"lines":"692","color":"#0059a9","mode":"bus","arr":["692"],"angle":2.1}},{"type":"Feature","geometry":{"type":"Point","coordinates":[16.761287,52.229064]},"properties":{"lines":"692","color":"#0059a9","mode":"bus","arr":["692"],"angle":40.2,"extra":1}},{"type":"Feature","geometry":{"type":"Point","coordinates":[16.803112,52.230795]},"properties":{"lines":"692","color":"#0059a9","mode":"bus","arr":["692"],"angle":-25}},{"type":"Feature","geometry":{"type":"Point","coordinates":[16.776919,52.228021]},"properties":{"lines":"692","color":"#0059a9","mode":"bus","arr":["692"],"angle":-4.9,"extra":1}},{"type":"Feature","geometry":{"type":"Point","coordinates":[16.784996,52.22849]},"properties":{"lines":"692","color":"#0059a9","mode":"bus","arr":["692"],"angle":-5.6,"extra":1}},{"type":"Feature","geometry":{"type":"Point","coordinates":[16.793062,52.229007]},"properties":{"lines":"692","color":"#0059a9","mode":"bus","arr":["692"],"angle":-13.3,"extra":1}},{"type":"Feature","geometry":{"type":"Point","coordinates":[16.808508,52.231977]},"properties":{"lines":"692","color":"#0059a9","mode":"bus","arr":["692"],"angle":-16.6,"extra":1}},{"type":"Feature","geometry":{"type":"Point","coordinates":[16.815909,52.233985]},"properties":{"lines":"692","color":"#0059a9","mode":"bus","arr":["692"],"angle":-21.5,"extra":1}},{"type":"Feature","geometry":{"type":"Point","coordinates":[16.823374,52.235921]},"properties":{"lines":"692","color":"#0059a9","mode":"bus","arr":["692"],"angle":-23.9,"extra":1}},{"type":"Feature","geometry":{"type":"Point","coordinates":[16.828321,52.239536]},"properties":{"lines":"692","color":"#0059a9","mode":"bus","arr":["692"],"angle":-67.7,"extra":1}},{"type":"Feature","geometry":{"type":"Point","coordinates":[16.83739,52.243644]},"properties":{"lines":"692","color":"#0059a9","mode":"bus","arr":["692"],"angle":-31.4}},{"type":"Feature","geometry":{"type":"Point","coordinates":[16.842851,52.245467]},"properties":{"lines":"692","color":"#0059a9","mode":"bus","arr":["692"],"angle":-11.6,"extra":1}},{"type":"Feature","geometry":{"type":"Point","coordinates":[16.829049,52.240347]},"properties":{"lines":"692","color":"#0059a9","mode":"bus","arr":["692"],"angle":-51.8,"extra":1}},{"type":"Feature","geometry":{"type":"Point","coordinates":[16.828824,52.240156]},"properties":{"lines":"692","color":"#0059a9","mode":"bus","arr":["692"],"angle":84.6}},{"type":"Feature","geometry":{"type":"Point","coordinates":[16.848279,52.240544]},"properties":{"lines":"692, 698, 699","color":"#0059a9","mode":"bus","arr":["692","698","699"],"angle":80.3}},{"type":"Feature","geometry":{"type":"Point","coordinates":[16.896117,52.216672]},"properties":{"lines":"693","color":"#0059a9","mode":"bus","arr":["693"],"angle":-40.4}},{"type":"Feature","geometry":{"type":"Point","coordinates":[16.901427,52.218429]},"properties":{"lines":"693","color":"#0059a9","mode":"bus","arr":["693"],"angle":-18.6,"extra":1}},{"type":"Feature","geometry":{"type":"Point","coordinates":[16.892563,52.211432]},"properties":{"lines":"693","color":"#0059a9","mode":"bus","arr":["693"],"angle":48.7,"extra":1}},{"type":"Feature","geometry":{"type":"Point","coordinates":[16.881229,52.237038]},"properties":{"lines":"693","color":"#0059a9","mode":"bus","arr":["693"],"angle":-65.8}},{"type":"Feature","geometry":{"type":"Point","coordinates":[16.856588,52.242682]},"properties":{"lines":"693","color":"#0059a9","mode":"bus","arr":["693"],"angle":54.2}},{"type":"Feature","geometry":{"type":"Point","coordinates":[16.899378,52.225451]},"properties":{"lines":"693","color":"#0059a9","mode":"bus","arr":["693"],"angle":61.4}},{"type":"Feature","geometry":{"type":"Point","coordinates":[16.854461,52.243129]},"properties":{"lines":"693","color":"#0059a9","mode":"bus","arr":["693"],"angle":28.1,"extra":1}},{"type":"Feature","geometry":{"type":"Point","coordinates":[16.861497,52.240747]},"properties":{"lines":"693","color":"#0059a9","mode":"bus","arr":["693"],"angle":15.1,"extra":1}},{"type":"Feature","geometry":{"type":"Point","coordinates":[16.869298,52.23939]},"properties":{"lines":"693","color":"#0059a9","mode":"bus","arr":["693"],"angle":19.5,"extra":1}},{"type":"Feature","geometry":{"type":"Point","coordinates":[16.876948,52.23774]},"properties":{"lines":"693","color":"#0059a9","mode":"bus","arr":["693"],"angle":19.4,"extra":1}},{"type":"Feature","geometry":{"type":"Point","coordinates":[16.881466,52.234505]},"properties":{"lines":"693","color":"#0059a9","mode":"bus","arr":["693"],"angle":86.1,"extra":1}},{"type":"Feature","geometry":{"type":"Point","coordinates":[16.88599,52.2308]},"properties":{"lines":"693","color":"#0059a9","mode":"bus","arr":["693"],"angle":32.1,"extra":1}},{"type":"Feature","geometry":{"type":"Point","coordinates":[16.893512,52.229117]},"properties":{"lines":"693","color":"#0059a9","mode":"bus","arr":["693"],"angle":12.3,"extra":1}},{"type":"Feature","geometry":{"type":"Point","coordinates":[16.903127,52.22162]},"properties":{"lines":"693","color":"#0059a9","mode":"bus","arr":["693"],"angle":61.6,"extra":1}},{"type":"Feature","geometry":{"type":"Point","coordinates":[16.906964,52.217273]},"properties":{"lines":"693","color":"#0059a9","mode":"bus","arr":["693"],"angle":42.8,"extra":1}},{"type":"Feature","geometry":{"type":"Point","coordinates":[16.91416,52.215017]},"properties":{"lines":"693","color":"#0059a9","mode":"bus","arr":["693"],"angle":24.4,"extra":1}},{"type":"Feature","geometry":{"type":"Point","coordinates":[16.921569,52.213]},"properties":{"lines":"693","color":"#0059a9","mode":"bus","arr":["693"],"angle":23.8,"extra":1}},{"type":"Feature","geometry":{"type":"Point","coordinates":[16.929072,52.211416]},"properties":{"lines":"693","color":"#0059a9","mode":"bus","arr":["693"],"angle":7.4,"extra":1}},{"type":"Feature","geometry":{"type":"Point","coordinates":[16.937132,52.210881]},"properties":{"lines":"693","color":"#0059a9","mode":"bus","arr":["693"],"angle":3.9,"extra":1}},{"type":"Feature","geometry":{"type":"Point","coordinates":[16.944858,52.209421]},"properties":{"lines":"693","color":"#0059a9","mode":"bus","arr":["693"],"angle":20.8,"extra":1}},{"type":"Feature","geometry":{"type":"Point","coordinates":[16.95027,52.20842]},"properties":{"lines":"693","color":"#0059a9","mode":"bus","arr":["693"],"angle":-33.3}},{"type":"Feature","geometry":{"type":"Point","coordinates":[16.850312,52.233487]},"properties":{"lines":"694, PKS","color":"#0059a9","mode":"bus","arr":["694","PKS"],"angle":80.7}},{"type":"Feature","geometry":{"type":"Point","coordinates":[16.851422,52.230241]},"properties":{"lines":"694, PKS","color":"#0059a9","mode":"bus","arr":["694","PKS"],"angle":76.5,"extra":1}},{"type":"Feature","geometry":{"type":"Point","coordinates":[16.839883,52.225965]},"properties":{"lines":"694","color":"#0059a9","mode":"bus","arr":["694"],"angle":-67.5}},{"type":"Feature","geometry":{"type":"Point","coordinates":[16.837157,52.229399]},"properties":{"lines":"694","color":"#0059a9","mode":"bus","arr":["694"],"angle":-61.1,"extra":1}},{"type":"Feature","geometry":{"type":"Point","coordinates":[16.842503,52.22868]},"properties":{"lines":"694","color":"#0059a9","mode":"bus","arr":["694"],"angle":-34.5,"extra":1}},{"type":"Feature","geometry":{"type":"Point","coordinates":[16.849474,52.231206]},"properties":{"lines":"694","color":"#0059a9","mode":"bus","arr":["694"],"angle":-30.8,"extra":1}},{"type":"Feature","geometry":{"type":"Point","coordinates":[16.979753,52.230332]},"properties":{"lines":"699","color":"#0059a9","mode":"bus","arr":["699"],"angle":-12.6}},{"type":"Feature","geometry":{"type":"Point","coordinates":[16.952098,52.229526]},"properties":{"lines":"699","color":"#0059a9","mode":"bus","arr":["699"],"angle":7.8,"extra":1}},{"type":"Feature","geometry":{"type":"Point","coordinates":[16.960068,52.229807]},"properties":{"lines":"699","color":"#0059a9","mode":"bus","arr":["699"],"angle":-14.8,"extra":1}},{"type":"Feature","geometry":{"type":"Point","coordinates":[16.967933,52.231018]},"properties":{"lines":"699","color":"#0059a9","mode":"bus","arr":["699"],"angle":-7.5,"extra":1}},{"type":"Feature","geometry":{"type":"Point","coordinates":[16.991201,52.233267]},"properties":{"lines":"699","color":"#0059a9","mode":"bus","arr":["699"],"angle":-22.9,"extra":1}},{"type":"Feature","geometry":{"type":"Point","coordinates":[16.998658,52.235176]},"properties":{"lines":"699","color":"#0059a9","mode":"bus","arr":["699"],"angle":-34.9,"extra":1}},{"type":"Feature","geometry":{"type":"Point","coordinates":[17.005264,52.238048]},"properties":{"lines":"699","color":"#0059a9","mode":"bus","arr":["699"],"angle":-35.3,"extra":1}},{"type":"Feature","geometry":{"type":"Point","coordinates":[17.088612,52.248557]},"properties":{"lines":"699","color":"#0059a9","mode":"bus","arr":["699"],"angle":-44.2}},{"type":"Feature","geometry":{"type":"Point","coordinates":[17.067178,52.249935]},"properties":{"lines":"699","color":"#0059a9","mode":"bus","arr":["699"],"angle":-33.6}},{"type":"Feature","geometry":{"type":"Point","coordinates":[17.075168,52.252844]},"properties":{"lines":"699","color":"#0059a9","mode":"bus","arr":["699"],"angle":-49.6,"extra":1}},{"type":"Feature","geometry":{"type":"Point","coordinates":[17.061066,52.248304]},"properties":{"lines":"699","color":"#0059a9","mode":"bus","arr":["699"],"angle":-2,"extra":1}},{"type":"Feature","geometry":{"type":"Point","coordinates":[17.043717,52.24704]},"properties":{"lines":"699","color":"#0059a9","mode":"bus","arr":["699"],"angle":-18.7}},{"type":"Feature","geometry":{"type":"Point","coordinates":[17.049984,52.247855]},"properties":{"lines":"699","color":"#0059a9","mode":"bus","arr":["699"],"angle":3.8,"extra":1}},{"type":"Feature","geometry":{"type":"Point","coordinates":[17.035185,52.244306]},"properties":{"lines":"699","color":"#0059a9","mode":"bus","arr":["699"],"angle":-16.5,"extra":1}},{"type":"Feature","geometry":{"type":"Point","coordinates":[17.025158,52.242984]},"properties":{"lines":"699","color":"#0059a9","mode":"bus","arr":["699"],"angle":-12.1}},{"type":"Feature","geometry":{"type":"Point","coordinates":[17.037791,52.241371]},"properties":{"lines":"699","color":"#0059a9","mode":"bus","arr":["699"],"angle":13.4,"extra":1}},{"type":"Feature","geometry":{"type":"Point","coordinates":[17.032397,52.243927]},"properties":{"lines":"699","color":"#0059a9","mode":"bus","arr":["699"],"angle":-12.6,"extra":1}},{"type":"Feature","geometry":{"type":"Point","coordinates":[17.016537,52.241832]},"properties":{"lines":"699","color":"#0059a9","mode":"bus","arr":["699"],"angle":-18.2,"extra":1}},{"type":"Feature","geometry":{"type":"Point","coordinates":[17.009247,52.239663]},"properties":{"lines":"699","color":"#0059a9","mode":"bus","arr":["699"],"angle":-26.3,"extra":1}},{"type":"Feature","geometry":{"type":"Point","coordinates":[16.849571,52.280582]},"properties":{"lines":"699","color":"#0059a9","mode":"bus","arr":["699"],"angle":-15.5}},{"type":"Feature","geometry":{"type":"Point","coordinates":[16.851461,52.252001]},"properties":{"lines":"699","color":"#0059a9","mode":"bus","arr":["699"],"angle":-23.4}},{"type":"Feature","geometry":{"type":"Point","coordinates":[16.845318,52.266168]},"properties":{"lines":"699, PKS","color":"#0059a9","mode":"bus","arr":["699","PKS"],"angle":85.2}},{"type":"Feature","geometry":{"type":"Point","coordinates":[16.846763,52.278137]},"properties":{"lines":"699, PKS","color":"#0059a9","mode":"bus","arr":["699","PKS"],"angle":-67.7,"extra":1}},{"type":"Feature","geometry":{"type":"Point","coordinates":[16.844109,52.273502]},"properties":{"lines":"699, PKS","color":"#0059a9","mode":"bus","arr":["699","PKS"],"angle":85.4,"extra":1}},{"type":"Feature","geometry":{"type":"Point","coordinates":[16.847613,52.258871]},"properties":{"lines":"699, PKS","color":"#0059a9","mode":"bus","arr":["699","PKS"],"angle":68.8,"extra":1}},{"type":"Feature","geometry":{"type":"Point","coordinates":[16.850208,52.254188]},"properties":{"lines":"699, PKS","color":"#0059a9","mode":"bus","arr":["699","PKS"],"angle":78.4,"extra":1}},{"type":"Feature","geometry":{"type":"Point","coordinates":[16.879616,52.321237]},"properties":{"lines":"701","color":"#0059a9","mode":"bus","arr":["701"],"angle":-81.3}},{"type":"Feature","geometry":{"type":"Point","coordinates":[16.861872,52.315122]},"properties":{"lines":"701","color":"#0059a9","mode":"bus","arr":["701"],"angle":-2.1}},{"type":"Feature","geometry":{"type":"Point","coordinates":[16.868719,52.316648]},"properties":{"lines":"701","color":"#0059a9","mode":"bus","arr":["701"],"angle":-44.2,"extra":1}},{"type":"Feature","geometry":{"type":"Point","coordinates":[16.855778,52.318496]},"properties":{"lines":"701","color":"#0059a9","mode":"bus","arr":["701"],"angle":51.2,"extra":1}},{"type":"Feature","geometry":{"type":"Point","coordinates":[16.802855,52.330057]},"properties":{"lines":"701","color":"#0059a9","mode":"bus","arr":["701"],"angle":86.9}},{"type":"Feature","geometry":{"type":"Point","coordinates":[16.872841,52.318889]},"properties":{"lines":"701, 789","color":"#0059a9","mode":"bus","arr":["701","789"],"angle":-22.5}},{"type":"Feature","geometry":{"type":"Point","coordinates":[16.840364,52.327922]},"properties":{"lines":"701, 789","color":"#0059a9","mode":"bus","arr":["701","789"],"angle":33.9}},{"type":"Feature","geometry":{"type":"Point","coordinates":[16.85044,52.321641]},"properties":{"lines":"701, 789","color":"#0059a9","mode":"bus","arr":["701","789"],"angle":40,"extra":1}},{"type":"Feature","geometry":{"type":"Point","coordinates":[16.84572,52.325337]},"properties":{"lines":"701, 789","color":"#0059a9","mode":"bus","arr":["701","789"],"angle":72.4,"extra":1}},{"type":"Feature","geometry":{"type":"Point","coordinates":[16.833641,52.331672]},"properties":{"lines":"701, 789","color":"#0059a9","mode":"bus","arr":["701","789"],"angle":44,"extra":1}},{"type":"Feature","geometry":{"type":"Point","coordinates":[16.828217,52.335347]},"properties":{"lines":"701, 789","color":"#0059a9","mode":"bus","arr":["701","789"],"angle":48.7,"extra":1}},{"type":"Feature","geometry":{"type":"Point","coordinates":[16.802756,52.329617]},"properties":{"lines":"701, 789","color":"#0059a9","mode":"bus","arr":["701","789"],"angle":9.2}},{"type":"Feature","geometry":{"type":"Point","coordinates":[16.81976,52.336627]},"properties":{"lines":"701, 702","color":"#0059a9","mode":"bus","arr":["701","702"],"angle":9.2}},{"type":"Feature","geometry":{"type":"Point","coordinates":[16.825724,52.336086]},"properties":{"lines":"701, 702","color":"#0059a9","mode":"bus","arr":["701","702"],"angle":15.9,"extra":1}},{"type":"Feature","geometry":{"type":"Point","coordinates":[16.81178,52.337242]},"properties":{"lines":"701, 702, 703, 707","color":"#0059a9","mode":"bus","arr":["701","702","703","707"],"angle":-40.3}},{"type":"Feature","geometry":{"type":"Point","coordinates":[16.804298,52.333041]},"properties":{"lines":"701, 703, 707, 789","color":"#0059a9","mode":"bus","arr":["701","703","707","789"],"angle":-65.6}},{"type":"Feature","geometry":{"type":"Point","coordinates":[16.822708,52.328682]},"properties":{"lines":"702","color":"#0059a9","mode":"bus","arr":["702"],"angle":32.6}},{"type":"Feature","geometry":{"type":"Point","coordinates":[16.837563,52.340285]},"properties":{"lines":"702","color":"#0059a9","mode":"bus","arr":["702"],"angle":-32.5}},{"type":"Feature","geometry":{"type":"Point","coordinates":[16.84542,52.34328]},"properties":{"lines":"702","color":"#0059a9","mode":"bus","arr":["702"],"angle":-31.7,"extra":1}},{"type":"Feature","geometry":{"type":"Point","coordinates":[16.831674,52.338022]},"properties":{"lines":"702","color":"#0059a9","mode":"bus","arr":["702"],"angle":-32,"extra":1}},{"type":"Feature","geometry":{"type":"Point","coordinates":[16.812124,52.332798]},"properties":{"lines":"702, 789","color":"#0059a9","mode":"bus","arr":["702","789"],"angle":32.5}},{"type":"Feature","geometry":{"type":"Point","coordinates":[16.808755,52.335123]},"properties":{"lines":"702, 715","color":"#0059a9","mode":"bus","arr":["702","715"],"angle":80.5}},{"type":"Feature","geometry":{"type":"Point","coordinates":[16.859251,52.366752]},"properties":{"lines":"703, 704, 707, 710","color":"#0059a9","mode":"bus","arr":["703","704","707","710"],"angle":-55.7}},{"type":"Feature","geometry":{"type":"Point","coordinates":[16.862604,52.36983]},"properties":{"lines":"703, 704, 707, 710","color":"#0059a9","mode":"bus","arr":["703","704","707","710"],"angle":-59.6,"extra":1}},{"type":"Feature","geometry":{"type":"Point","coordinates":[16.834517,52.34912]},"properties":{"lines":"703, 707","color":"#0059a9","mode":"bus","arr":["703","707"],"angle":-40.2}},{"type":"Feature","geometry":{"type":"Point","coordinates":[16.850232,52.359581]},"properties":{"lines":"703, 707","color":"#0059a9","mode":"bus","arr":["703","707"],"angle":-61.8,"extra":1}},{"type":"Feature","geometry":{"type":"Point","coordinates":[16.846216,52.355292]},"properties":{"lines":"703, 707","color":"#0059a9","mode":"bus","arr":["703","707"],"angle":-50.1,"extra":1}},{"type":"Feature","geometry":{"type":"Point","coordinates":[16.840517,52.352221]},"properties":{"lines":"703, 707","color":"#0059a9","mode":"bus","arr":["703","707"],"angle":-40.3,"extra":1}},{"type":"Feature","geometry":{"type":"Point","coordinates":[16.828102,52.34585]},"properties":{"lines":"703, 707","color":"#0059a9","mode":"bus","arr":["703","707"],"angle":-40.3,"extra":1}},{"type":"Feature","geometry":{"type":"Point","coordinates":[16.835497,52.349472]},"properties":{"lines":"703, 707","color":"#0059a9","mode":"bus","arr":["703","707"],"angle":-40.2}},{"type":"Feature","geometry":{"type":"Point","coordinates":[16.818364,52.340637]},"properties":{"lines":"703, 707","color":"#0059a9","mode":"bus","arr":["703","707"],"angle":-40.3,"extra":1}},{"type":"Feature","geometry":{"type":"Point","coordinates":[16.82455,52.343832]},"properties":{"lines":"703, 707","color":"#0059a9","mode":"bus","arr":["703","707"],"angle":-40.5,"extra":1}},{"type":"Feature","geometry":{"type":"Point","coordinates":[16.830744,52.347025]},"properties":{"lines":"703, 707","color":"#0059a9","mode":"bus","arr":["703","707"],"angle":-40.2,"extra":1}},{"type":"Feature","geometry":{"type":"Point","coordinates":[16.843134,52.353413]},"properties":{"lines":"703, 707","color":"#0059a9","mode":"bus","arr":["703","707"],"angle":-40.5,"extra":1}},{"type":"Feature","geometry":{"type":"Point","coordinates":[16.848693,52.354585]},"properties":{"lines":"703, 707","color":"#0059a9","mode":"bus","arr":["703","707"],"angle":-57.3,"extra":1}},{"type":"Feature","geometry":{"type":"Point","coordinates":[16.853081,52.358745]},"properties":{"lines":"703, 707","color":"#0059a9","mode":"bus","arr":["703","707"],"angle":-57.3,"extra":1}},{"type":"Feature","geometry":{"type":"Point","coordinates":[16.797595,52.323984]},"properties":{"lines":"703, 707","color":"#0059a9","mode":"bus","arr":["703","707"],"angle":-65.7}},{"type":"Feature","geometry":{"type":"Point","coordinates":[16.800201,52.327507]},"properties":{"lines":"703, 707","color":"#0059a9","mode":"bus","arr":["703","707"],"angle":-65.7,"extra":1}},{"type":"Feature","geometry":{"type":"Point","coordinates":[16.793608,52.318476]},"properties":{"lines":"703, 707","color":"#0059a9","mode":"bus","arr":["703","707"],"angle":-65.8,"extra":1}},{"type":"Feature","geometry":{"type":"Point","coordinates":[16.766636,52.31109]},"properties":{"lines":"703, 707","color":"#0059a9","mode":"bus","arr":["703","707"],"angle":-57.9}},{"type":"Feature","geometry":{"type":"Point","coordinates":[16.770344,52.300069]},"properties":{"lines":"703, 707","color":"#0059a9","mode":"bus","arr":["703","707"],"angle":14.2,"extra":1}},{"type":"Feature","geometry":{"type":"Point","coordinates":[16.763929,52.302678]},"properties":{"lines":"703, 707","color":"#0059a9","mode":"bus","arr":["703","707"],"angle":59.2,"extra":1}},{"type":"Feature","geometry":{"type":"Point","coordinates":[16.762694,52.306857]},"properties":{"lines":"703, 707","color":"#0059a9","mode":"bus","arr":["703","707"],"angle":-51.1,"extra":1}},{"type":"Feature","geometry":{"type":"Point","coordinates":[16.770832,52.315333]},"properties":{"lines":"703, 707","color":"#0059a9","mode":"bus","arr":["703","707"],"angle":-63.5,"extra":1}},{"type":"Feature","geometry":{"type":"Point","coordinates":[16.774265,52.319814]},"properties":{"lines":"703, 707","color":"#0059a9","mode":"bus","arr":["703","707"],"angle":-65.9,"extra":1}},{"type":"Feature","geometry":{"type":"Point","coordinates":[16.77901,52.323739]},"properties":{"lines":"703, 707","color":"#0059a9","mode":"bus","arr":["703","707"],"angle":-44.5,"extra":1}},{"type":"Feature","geometry":{"type":"Point","coordinates":[16.842774,52.354502]},"properties":{"lines":"703","color":"#0059a9","mode":"bus","arr":["703"],"angle":25.9}},{"type":"Feature","geometry":{"type":"Point","coordinates":[16.784923,52.308038]},"properties":{"lines":"703","color":"#0059a9","mode":"bus","arr":["703"],"angle":-57.5}},{"type":"Feature","geometry":{"type":"Point","coordinates":[16.791661,52.315967]},"properties":{"lines":"703","color":"#0059a9","mode":"bus","arr":["703"],"angle":-61.7,"extra":1}},{"type":"Feature","geometry":{"type":"Point","coordinates":[16.788304,52.311464]},"properties":{"lines":"703","color":"#0059a9","mode":"bus","arr":["703"],"angle":-65.3,"extra":1}},{"type":"Feature","geometry":{"type":"Point","coordinates":[16.77973,52.303071]},"properties":{"lines":"703","color":"#0059a9","mode":"bus","arr":["703"],"angle":-57.5,"extra":1}},{"type":"Feature","geometry":{"type":"Point","coordinates":[16.774668,52.299263]},"properties":{"lines":"703","color":"#0059a9","mode":"bus","arr":["703"],"angle":-37.5,"extra":1}},{"type":"Feature","geometry":{"type":"Point","coordinates":[16.758033,52.330696]},"properties":{"lines":"703","color":"#0059a9","mode":"bus","arr":["703"],"angle":20}},{"type":"Feature","geometry":{"type":"Point","coordinates":[16.777813,52.326226]},"properties":{"lines":"703","color":"#0059a9","mode":"bus","arr":["703"],"angle":20.4,"extra":1}},{"type":"Feature","geometry":{"type":"Point","coordinates":[16.770208,52.32795]},"properties":{"lines":"703","color":"#0059a9","mode":"bus","arr":["703"],"angle":20.5,"extra":1}},{"type":"Feature","geometry":{"type":"Point","coordinates":[16.762606,52.32968]},"properties":{"lines":"703","color":"#0059a9","mode":"bus","arr":["703"],"angle":20.2,"extra":1}},{"type":"Feature","geometry":{"type":"Point","coordinates":[16.747189,52.331862]},"properties":{"lines":"703","color":"#0059a9","mode":"bus","arr":["703"],"angle":-33,"extra":1}},{"type":"Feature","geometry":{"type":"Point","coordinates":[16.741259,52.333616]},"properties":{"lines":"703","color":"#0059a9","mode":"bus","arr":["703"],"angle":4.6,"extra":1}},{"type":"Feature","geometry":{"type":"Point","coordinates":[16.723759,52.334738]},"properties":{"lines":"703","color":"#0059a9","mode":"bus","arr":["703"],"angle":15.6}},{"type":"Feature","geometry":{"type":"Point","coordinates":[16.786557,52.321057]},"properties":{"lines":"707","color":"#0059a9","mode":"bus","arr":["707"],"angle":64.3}},{"type":"Feature","geometry":{"type":"Point","coordinates":[16.784559,52.323584]},"properties":{"lines":"707","color":"#0059a9","mode":"bus","arr":["707"],"angle":64.1,"extra":1}},{"type":"Feature","geometry":{"type":"Point","coordinates":[16.844044,52.354042]},"properties":{"lines":"707","color":"#0059a9","mode":"bus","arr":["707"],"angle":-40.3}},{"type":"Feature","geometry":{"type":"Point","coordinates":[16.768253,52.297415]},"properties":{"lines":"707","color":"#0059a9","mode":"bus","arr":["707"],"angle":-14.6}},{"type":"Feature","geometry":{"type":"Point","coordinates":[16.767689,52.297046]},"properties":{"lines":"707","color":"#0059a9","mode":"bus","arr":["707"],"angle":42.5}},{"type":"Feature","geometry":{"type":"Point","coordinates":[16.717235,52.33479]},"properties":{"lines":"703, 791","color":"#0059a9","mode":"bus","arr":["703","791"],"angle":81.9}},{"type":"Feature","geometry":{"type":"Point","coordinates":[16.829751,52.353564]},"properties":{"lines":"704","color":"#0059a9","mode":"bus","arr":["704"],"angle":-56.3}},{"type":"Feature","geometry":{"type":"Point","coordinates":[16.819797,52.348325]},"properties":{"lines":"704","color":"#0059a9","mode":"bus","arr":["704"],"angle":-40.4}},{"type":"Feature","geometry":{"type":"Point","coordinates":[16.824278,52.351255]},"properties":{"lines":"704","color":"#0059a9","mode":"bus","arr":["704"],"angle":-3.2,"extra":1}},{"type":"Feature","geometry":{"type":"Point","coordinates":[16.784612,52.347811]},"properties":{"lines":"704","color":"#0059a9","mode":"bus","arr":["704"],"angle":-0.1}},{"type":"Feature","geometry":{"type":"Point","coordinates":[16.789949,52.347814]},"properties":{"lines":"704","color":"#0059a9","mode":"bus","arr":["704"],"angle":0.4,"extra":1}},{"type":"Feature","geometry":{"type":"Point","coordinates":[16.794456,52.341247]},"properties":{"lines":"704","color":"#0059a9","mode":"bus","arr":["704"],"angle":21.7}},{"type":"Feature","geometry":{"type":"Point","coordinates":[16.811125,52.347011]},"properties":{"lines":"704","color":"#0059a9","mode":"bus","arr":["704"],"angle":-64.3}},{"type":"Feature","geometry":{"type":"Point","coordinates":[16.772156,52.348813]},"properties":{"lines":"704, 789","color":"#0059a9","mode":"bus","arr":["704","789"],"angle":-22}},{"type":"Feature","geometry":{"type":"Point","coordinates":[16.769789,52.346361]},"properties":{"lines":"704, 716, 789","color":"#0059a9","mode":"bus","arr":["704","716","789"],"angle":5.3}},{"type":"Feature","geometry":{"type":"Point","coordinates":[16.768724,52.346353]},"properties":{"lines":"704, 716, 789","color":"#0059a9","mode":"bus","arr":["704","716","789"],"angle":13.2}},{"type":"Feature","geometry":{"type":"Point","coordinates":[16.775735,52.344606]},"properties":{"lines":"704, 716, 789","color":"#0059a9","mode":"bus","arr":["704","716","789"],"angle":-0.8}},{"type":"Feature","geometry":{"type":"Point","coordinates":[16.786142,52.342398]},"properties":{"lines":"704, 716, 789","color":"#0059a9","mode":"bus","arr":["704","716","789"],"angle":21.5}},{"type":"Feature","geometry":{"type":"Point","coordinates":[16.792811,52.340799]},"properties":{"lines":"704, 716, 789","color":"#0059a9","mode":"bus","arr":["704","716","789"],"angle":22,"extra":1}},{"type":"Feature","geometry":{"type":"Point","coordinates":[16.778013,52.344758]},"properties":{"lines":"704, 716, 789","color":"#0059a9","mode":"bus","arr":["704","716","789"],"angle":9.2,"extra":1}},{"type":"Feature","geometry":{"type":"Point","coordinates":[16.7719,52.345022]},"properties":{"lines":"704, 716","color":"#0059a9","mode":"bus","arr":["704","716"],"angle":-1.6}},{"type":"Feature","geometry":{"type":"Point","coordinates":[16.798424,52.339415]},"properties":{"lines":"716, 789","color":"#0059a9","mode":"bus","arr":["716","789"],"angle":22}},{"type":"Feature","geometry":{"type":"Point","coordinates":[16.83585,52.366918]},"properties":{"lines":"710, 717","color":"#0059a9","mode":"bus","arr":["710","717"],"angle":-11.9}},{"type":"Feature","geometry":{"type":"Point","coordinates":[16.830007,52.366119]},"properties":{"lines":"710, 717","color":"#0059a9","mode":"bus","arr":["710","717"],"angle":-13.2,"extra":1}},{"type":"Feature","geometry":{"type":"Point","coordinates":[16.827519,52.365771]},"properties":{"lines":"710, 715, 717","color":"#0059a9","mode":"bus","arr":["710","715","717"],"angle":-12.7}},{"type":"Feature","geometry":{"type":"Point","coordinates":[16.82177,52.368905]},"properties":{"lines":"710, 715","color":"#0059a9","mode":"bus","arr":["710","715"],"angle":50.7}},{"type":"Feature","geometry":{"type":"Point","coordinates":[16.818322,52.371452]},"properties":{"lines":"710, 715","color":"#0059a9","mode":"bus","arr":["710","715"],"angle":50.3,"extra":1}},{"type":"Feature","geometry":{"type":"Point","coordinates":[16.806253,52.364153]},"properties":{"lines":"710, 715, 716, 717","color":"#0059a9","mode":"bus","arr":["710","715","716","717"],"angle":-49.8}},{"type":"Feature","geometry":{"type":"Point","coordinates":[16.813096,52.368979]},"properties":{"lines":"710, 716, 717","color":"#0059a9","mode":"bus","arr":["710","716","717"],"angle":-49.3}},{"type":"Feature","geometry":{"type":"Point","coordinates":[16.806177,52.354701]},"properties":{"lines":"710, 715, 716","color":"#0059a9","mode":"bus","arr":["710","715","716"],"angle":-77}},{"type":"Feature","geometry":{"type":"Point","coordinates":[16.807884,52.359201]},"properties":{"lines":"710, 715, 716","color":"#0059a9","mode":"bus","arr":["710","715","716"],"angle":-77.6,"extra":1}},{"type":"Feature","geometry":{"type":"Point","coordinates":[16.804243,52.349561]},"properties":{"lines":"710, 715, 716","color":"#0059a9","mode":"bus","arr":["710","715","716"],"angle":-77.2,"extra":1}},{"type":"Feature","geometry":{"type":"Point","coordinates":[16.859582,52.366712]},"properties":{"lines":"710","color":"#0059a9","mode":"bus","arr":["710"],"angle":-55.5}},{"type":"Feature","geometry":{"type":"Point","coordinates":[16.855644,52.3639]},"properties":{"lines":"710","color":"#0059a9","mode":"bus","arr":["710"],"angle":-42.7,"extra":1}},{"type":"Feature","geometry":{"type":"Point","coordinates":[16.865022,52.371914]},"properties":{"lines":"710","color":"#0059a9","mode":"bus","arr":["710"],"angle":-53.3,"extra":1}},{"type":"Feature","geometry":{"type":"Point","coordinates":[16.832851,52.372052]},"properties":{"lines":"715","color":"#0059a9","mode":"bus","arr":["715"],"angle":-46.8}},{"type":"Feature","geometry":{"type":"Point","coordinates":[16.827964,52.375679]},"properties":{"lines":"715","color":"#0059a9","mode":"bus","arr":["715"],"angle":28.1,"extra":1}},{"type":"Feature","geometry":{"type":"Point","coordinates":[16.830316,52.369062]},"properties":{"lines":"715","color":"#0059a9","mode":"bus","arr":["715"],"angle":-39.5,"extra":1}},{"type":"Feature","geometry":{"type":"Point","coordinates":[16.807412,52.372383]},"properties":{"lines":"715","color":"#0059a9","mode":"bus","arr":["715"],"angle":-31.3}},{"type":"Feature","geometry":{"type":"Point","coordinates":[16.813512,52.37307]},"properties":{"lines":"715","color":"#0059a9","mode":"bus","arr":["715"],"angle":40.6,"extra":1}},{"type":"Feature","geometry":{"type":"Point","coordinates":[16.806303,52.36895]},"properties":{"lines":"715","color":"#0059a9","mode":"bus","arr":["715"],"angle":50.6}},{"type":"Feature","geometry":{"type":"Point","coordinates":[16.801881,52.343248]},"properties":{"lines":"715, 716","color":"#0059a9","mode":"bus","arr":["715","716"],"angle":-77.1}},{"type":"Feature","geometry":{"type":"Point","coordinates":[16.800775,52.340303]},"properties":{"lines":"715, 716","color":"#0059a9","mode":"bus","arr":["715","716"],"angle":-77.1,"extra":1}},{"type":"Feature","geometry":{"type":"Point","coordinates":[16.802779,52.337255]},"properties":{"lines":"715, 789","color":"#0059a9","mode":"bus","arr":["715","789"],"angle":-43.8}},{"type":"Feature","geometry":{"type":"Point","coordinates":[16.807654,52.333327]},"properties":{"lines":"715, 789","color":"#0059a9","mode":"bus","arr":["715","789"],"angle":-70.5}},{"type":"Feature","geometry":{"type":"Point","coordinates":[16.820974,52.374556]},"properties":{"lines":"716, 717","color":"#0059a9","mode":"bus","arr":["716","717"],"angle":-49.3}},{"type":"Feature","geometry":{"type":"Point","coordinates":[16.816383,52.364227]},"properties":{"lines":"717","color":"#0059a9","mode":"bus","arr":["717"],"angle":-12.5}},{"type":"Feature","geometry":{"type":"Point","coordinates":[16.811881,52.363092]},"properties":{"lines":"717","color":"#0059a9","mode":"bus","arr":["717"],"angle":-37.3,"extra":1}},{"type":"Feature","geometry":{"type":"Point","coordinates":[16.842233,52.370149]},"properties":{"lines":"717","color":"#0059a9","mode":"bus","arr":["717"],"angle":63.7}},{"type":"Feature","geometry":{"type":"Point","coordinates":[16.742313,52.37473]},"properties":{"lines":"727, 795, 796, 799","color":"#0059a9","mode":"bus","arr":["727","795","796","799"],"angle":17.5}},{"type":"Feature","geometry":{"type":"Point","coordinates":[16.744139,52.37875]},"properties":{"lines":"727, 729, 796, 797","color":"#0059a9","mode":"bus","arr":["727","729","796","797"],"angle":-59.7}},{"type":"Feature","geometry":{"type":"Point","coordinates":[16.74422,52.381982]},"properties":{"lines":"727, 729, 796, 797","color":"#0059a9","mode":"bus","arr":["727","729","796","797"],"angle":80.2,"extra":1}},{"type":"Feature","geometry":{"type":"Point","coordinates":[16.745801,52.386772]},"properties":{"lines":"727, 729, 796, 797","color":"#0059a9","mode":"bus","arr":["727","729","796","797"],"angle":84.2}},{"type":"Feature","geometry":{"type":"Point","coordinates":[16.750569,52.39272]},"properties":{"lines":"727, 797","color":"#0059a9","mode":"bus","arr":["727","797"],"angle":-59.4}},{"type":"Feature","geometry":{"type":"Point","coordinates":[16.753255,52.395477]},"properties":{"lines":"727, 797","color":"#0059a9","mode":"bus","arr":["727","797"],"angle":-59.1,"extra":1}},{"type":"Feature","geometry":{"type":"Point","coordinates":[16.766355,52.394174]},"properties":{"lines":"727, 729, 797","color":"#0059a9","mode":"bus","arr":["727","729","797"],"angle":27.2}},{"type":"Feature","geometry":{"type":"Point","coordinates":[16.758927,52.396489]},"properties":{"lines":"727, 729, 797","color":"#0059a9","mode":"bus","arr":["727","729","797"],"angle":27.1,"extra":1}},{"type":"Feature","geometry":{"type":"Point","coordinates":[16.773366,52.391974]},"properties":{"lines":"727, 729, 797","color":"#0059a9","mode":"bus","arr":["727","729","797"],"angle":27,"extra":1}},{"type":"Feature","geometry":{"type":"Point","coordinates":[16.777412,52.390723]},"properties":{"lines":"727, 729, 797","color":"#0059a9","mode":"bus","arr":["727","729","797"],"angle":-35.3}},{"type":"Feature","geometry":{"type":"Point","coordinates":[16.785899,52.387934]},"properties":{"lines":"727, 729, 797","color":"#0059a9","mode":"bus","arr":["727","729","797"],"angle":-18.7}},{"type":"Feature","geometry":{"type":"Point","coordinates":[16.788906,52.389948]},"properties":{"lines":"727, 729, 797","color":"#0059a9","mode":"bus","arr":["727","729","797"],"angle":-51.4,"extra":1}},{"type":"Feature","geometry":{"type":"Point","coordinates":[16.797594,52.394668]},"properties":{"lines":"727, 729, 797, 798","color":"#0059a9","mode":"bus","arr":["727","729","797","798"],"angle":-41.7}},{"type":"Feature","geometry":{"type":"Point","coordinates":[16.802023,52.397009]},"properties":{"lines":"727, 729, 797, 798","color":"#0059a9","mode":"bus","arr":["727","729","797","798"],"angle":-34.8,"extra":1}},{"type":"Feature","geometry":{"type":"Point","coordinates":[16.802776,52.397226]},"properties":{"lines":"727, 729","color":"#0059a9","mode":"bus","arr":["727","729"],"angle":18.9}},{"type":"Feature","geometry":{"type":"Point","coordinates":[16.75051,52.399076]},"properties":{"lines":"729","color":"#0059a9","mode":"bus","arr":["729"],"angle":26.8}},{"type":"Feature","geometry":{"type":"Point","coordinates":[16.73927,52.37626]},"properties":{"lines":"727, 799","color":"#0059a9","mode":"bus","arr":["727","799"],"angle":86.6}},{"type":"Feature","geometry":{"type":"Point","coordinates":[16.738924,52.376724]},"properties":{"lines":"727, 799","color":"#0059a9","mode":"bus","arr":["727","799"],"angle":-37.5}},{"type":"Feature","geometry":{"type":"Point","coordinates":[16.676115,52.35671]},"properties":{"lines":"729, 790, 791, 792, 797","color":"#0059a9","mode":"bus","arr":["729","790","791","792","797"],"angle":50.1}},{"type":"Feature","geometry":{"type":"Point","coordinates":[16.678198,52.35463]},"properties":{"lines":"729, 790, 791, 792, 797","color":"#0059a9","mode":"bus","arr":["729","790","791","792","797"],"angle":-52.1}},{"type":"Feature","geometry":{"type":"Point","coordinates":[16.678735,52.35895]},"properties":{"lines":"729, 791, 797","color":"#0059a9","mode":"bus","arr":["729","791","797"],"angle":-15.2}},{"type":"Feature","geometry":{"type":"Point","coordinates":[16.710668,52.359393]},"properties":{"lines":"729, 797","color":"#0059a9","mode":"bus","arr":["729","797"],"angle":70.6}},{"type":"Feature","geometry":{"type":"Point","coordinates":[16.684458,52.359236]},"properties":{"lines":"729, 797","color":"#0059a9","mode":"bus","arr":["729","797"],"angle":-4.3,"extra":1}},{"type":"Feature","geometry":{"type":"Point","coordinates":[16.692551,52.359593]},"properties":{"lines":"729, 797","color":"#0059a9","mode":"bus","arr":["729","797"],"angle":-4.3,"extra":1}},{"type":"Feature","geometry":{"type":"Point","coordinates":[16.700643,52.359957]},"properties":{"lines":"729, 797","color":"#0059a9","mode":"bus","arr":["729","797"],"angle":-4.2,"extra":1}},{"type":"Feature","geometry":{"type":"Point","coordinates":[16.715919,52.358519]},"properties":{"lines":"729, 797","color":"#0059a9","mode":"bus","arr":["729","797"],"angle":-5.3,"extra":1}},{"type":"Feature","geometry":{"type":"Point","coordinates":[16.722594,52.361303]},"properties":{"lines":"729, 797","color":"#0059a9","mode":"bus","arr":["729","797"],"angle":-35.3,"extra":1}},{"type":"Feature","geometry":{"type":"Point","coordinates":[16.729152,52.364215]},"properties":{"lines":"729, 797","color":"#0059a9","mode":"bus","arr":["729","797"],"angle":-36.3,"extra":1}},{"type":"Feature","geometry":{"type":"Point","coordinates":[16.735704,52.367133]},"properties":{"lines":"729, 797","color":"#0059a9","mode":"bus","arr":["729","797"],"angle":-29.7,"extra":1}},{"type":"Feature","geometry":{"type":"Point","coordinates":[16.737166,52.371443]},"properties":{"lines":"729, 795, 797","color":"#0059a9","mode":"bus","arr":["729","795","797"],"angle":-59.9}},{"type":"Feature","geometry":{"type":"Point","coordinates":[16.735849,52.368642]},"properties":{"lines":"729, 795, 797","color":"#0059a9","mode":"bus","arr":["729","795","797"],"angle":77.3,"extra":1}},{"type":"Feature","geometry":{"type":"Point","coordinates":[16.723832,52.394434]},"properties":{"lines":"729, 796","color":"#0059a9","mode":"bus","arr":["729","796"],"angle":28.4}},{"type":"Feature","geometry":{"type":"Point","coordinates":[16.742691,52.3897]},"properties":{"lines":"729, 796","color":"#0059a9","mode":"bus","arr":["729","796"],"angle":35.5,"extra":1}},{"type":"Feature","geometry":{"type":"Point","coordinates":[16.734705,52.390285]},"properties":{"lines":"729, 796","color":"#0059a9","mode":"bus","arr":["729","796"],"angle":21.9,"extra":1}},{"type":"Feature","geometry":{"type":"Point","coordinates":[16.727362,52.392328]},"properties":{"lines":"729, 796","color":"#0059a9","mode":"bus","arr":["729","796"],"angle":39.7,"extra":1}},{"type":"Feature","geometry":{"type":"Point","coordinates":[16.715568,52.399014]},"properties":{"lines":"729, 796","color":"#0059a9","mode":"bus","arr":["729","796"],"angle":44.8,"extra":1}},{"type":"Feature","geometry":{"type":"Point","coordinates":[16.716068,52.403034]},"properties":{"lines":"729, 796","color":"#0059a9","mode":"bus","arr":["729","796"],"angle":-57.1,"extra":1}},{"type":"Feature","geometry":{"type":"Point","coordinates":[16.726724,52.407684]},"properties":{"lines":"729, 796","color":"#0059a9","mode":"bus","arr":["729","796"],"angle":-15.4}},{"type":"Feature","geometry":{"type":"Point","coordinates":[16.739853,52.403739]},"properties":{"lines":"729, 796","color":"#0059a9","mode":"bus","arr":["729","796"],"angle":53}},{"type":"Feature","geometry":{"type":"Point","coordinates":[16.745904,52.364221]},"properties":{"lines":"795","color":"#0059a9","mode":"bus","arr":["795"],"angle":48.2}},{"type":"Feature","geometry":{"type":"Point","coordinates":[16.739401,52.366327]},"properties":{"lines":"795","color":"#0059a9","mode":"bus","arr":["795"],"angle":42.5,"extra":1}},{"type":"Feature","geometry":{"type":"Point","coordinates":[16.7518,52.360251]},"properties":{"lines":"795","color":"#0059a9","mode":"bus","arr":["795"],"angle":46.9,"extra":1}},{"type":"Feature","geometry":{"type":"Point","coordinates":[16.753054,52.358165]},"properties":{"lines":"795","color":"#0059a9","mode":"bus","arr":["795"],"angle":-65.7}},{"type":"Feature","geometry":{"type":"Point","coordinates":[16.642992,52.463386]},"properties":{"lines":"790, 882","color":"#0059a9","mode":"bus","arr":["790","882"],"angle":1.7}},{"type":"Feature","geometry":{"type":"Point","coordinates":[16.649868,52.463121]},"properties":{"lines":"790","color":"#0059a9","mode":"bus","arr":["790"],"angle":4.3}},{"type":"Feature","geometry":{"type":"Point","coordinates":[16.651226,52.461355]},"properties":{"lines":"790","color":"#0059a9","mode":"bus","arr":["790"],"angle":-30.6}},{"type":"Feature","geometry":{"type":"Point","coordinates":[16.644848,52.452223]},"properties":{"lines":"790","color":"#0059a9","mode":"bus","arr":["790"],"angle":31.3}},{"type":"Feature","geometry":{"type":"Point","coordinates":[16.646376,52.446882]},"properties":{"lines":"790","color":"#0059a9","mode":"bus","arr":["790"],"angle":-64.2}},{"type":"Feature","geometry":{"type":"Point","coordinates":[16.648817,52.44983]},"properties":{"lines":"790","color":"#0059a9","mode":"bus","arr":["790"],"angle":-61,"extra":1}},{"type":"Feature","geometry":{"type":"Point","coordinates":[16.654591,52.426015]},"properties":{"lines":"790","color":"#0059a9","mode":"bus","arr":["790"],"angle":-89.7}},{"type":"Feature","geometry":{"type":"Point","coordinates":[16.662612,52.41392]},"properties":{"lines":"790","color":"#0059a9","mode":"bus","arr":["790"],"angle":86.5}},{"type":"Feature","geometry":{"type":"Point","coordinates":[16.658382,52.423186]},"properties":{"lines":"790","color":"#0059a9","mode":"bus","arr":["790"],"angle":45.9,"extra":1}},{"type":"Feature","geometry":{"type":"Point","coordinates":[16.661134,52.418634]},"properties":{"lines":"790","color":"#0059a9","mode":"bus","arr":["790"],"angle":75,"extra":1}},{"type":"Feature","geometry":{"type":"Point","coordinates":[16.663852,52.408954]},"properties":{"lines":"790","color":"#0059a9","mode":"bus","arr":["790"],"angle":67.6,"extra":1}},{"type":"Feature","geometry":{"type":"Point","coordinates":[16.666679,52.40432]},"properties":{"lines":"790","color":"#0059a9","mode":"bus","arr":["790"],"angle":68.4,"extra":1}},{"type":"Feature","geometry":{"type":"Point","coordinates":[16.676774,52.405455]},"properties":{"lines":"790","color":"#0059a9","mode":"bus","arr":["790"],"angle":-19.6}},{"type":"Feature","geometry":{"type":"Point","coordinates":[16.644755,52.398165]},"properties":{"lines":"790","color":"#0059a9","mode":"bus","arr":["790"],"angle":-14.9}},{"type":"Feature","geometry":{"type":"Point","coordinates":[16.660828,52.401039]},"properties":{"lines":"790","color":"#0059a9","mode":"bus","arr":["790"],"angle":-16.5,"extra":1}},{"type":"Feature","geometry":{"type":"Point","coordinates":[16.649761,52.399054]},"properties":{"lines":"790","color":"#0059a9","mode":"bus","arr":["790"],"angle":-16.5,"extra":1}},{"type":"Feature","geometry":{"type":"Point","coordinates":[16.649102,52.460017]},"properties":{"lines":"790, 811, 812, 821","color":"#0059a9","mode":"bus","arr":["790","811","812","821"],"angle":-33.2}},{"type":"Feature","geometry":{"type":"Point","coordinates":[16.641043,52.455503]},"properties":{"lines":"790, 812, 821","color":"#0059a9","mode":"bus","arr":["790","812","821"],"angle":-69}},{"type":"Feature","geometry":{"type":"Point","coordinates":[16.644511,52.438406]},"properties":{"lines":"790, 821","color":"#0059a9","mode":"bus","arr":["790","821"],"angle":87}},{"type":"Feature","geometry":{"type":"Point","coordinates":[16.644761,52.435485]},"properties":{"lines":"790, 821","color":"#0059a9","mode":"bus","arr":["790","821"],"angle":87,"extra":1}},{"type":"Feature","geometry":{"type":"Point","coordinates":[16.645218,52.43088]},"properties":{"lines":"790, 821","color":"#0059a9","mode":"bus","arr":["790","821"],"angle":86.3}},{"type":"Feature","geometry":{"type":"Point","coordinates":[16.645605,52.428324]},"properties":{"lines":"790, 811, 821","color":"#0059a9","mode":"bus","arr":["790","811","821"],"angle":76.1}},{"type":"Feature","geometry":{"type":"Point","coordinates":[16.650126,52.426803]},"properties":{"lines":"790, 811","color":"#0059a9","mode":"bus","arr":["790","811"],"angle":-6.1}},{"type":"Feature","geometry":{"type":"Point","coordinates":[16.654342,52.427626]},"properties":{"lines":"790, 811","color":"#0059a9","mode":"bus","arr":["790","811"],"angle":-80.4}},{"type":"Feature","geometry":{"type":"Point","coordinates":[16.672193,52.403064]},"properties":{"lines":"790, 804","color":"#0059a9","mode":"bus","arr":["790","804"],"angle":-16.3}},{"type":"Feature","geometry":{"type":"Point","coordinates":[16.666867,52.402107]},"properties":{"lines":"790, 804","color":"#0059a9","mode":"bus","arr":["790","804"],"angle":-16.5,"extra":1}},{"type":"Feature","geometry":{"type":"Point","coordinates":[16.698457,52.406164]},"properties":{"lines":"804","color":"#0059a9","mode":"bus","arr":["804"],"angle":-5.2}},{"type":"Feature","geometry":{"type":"Point","coordinates":[16.682628,52.404421]},"properties":{"lines":"804","color":"#0059a9","mode":"bus","arr":["804"],"angle":-10.7,"extra":1}},{"type":"Feature","geometry":{"type":"Point","coordinates":[16.690604,52.405331]},"properties":{"lines":"804","color":"#0059a9","mode":"bus","arr":["804"],"angle":-10.3,"extra":1}},{"type":"Feature","geometry":{"type":"Point","coordinates":[16.706688,52.405891]},"properties":{"lines":"804","color":"#0059a9","mode":"bus","arr":["804"],"angle":5.2,"extra":1}},{"type":"Feature","geometry":{"type":"Point","coordinates":[16.71477,52.405448]},"properties":{"lines":"804","color":"#0059a9","mode":"bus","arr":["804"],"angle":5.2,"extra":1}},{"type":"Feature","geometry":{"type":"Point","coordinates":[16.718312,52.415381]},"properties":{"lines":"804","color":"#0059a9","mode":"bus","arr":["804"],"angle":88}},{"type":"Feature","geometry":{"type":"Point","coordinates":[16.717938,52.421884]},"properties":{"lines":"804","color":"#0059a9","mode":"bus","arr":["804"],"angle":88.2,"extra":1}},{"type":"Feature","geometry":{"type":"Point","coordinates":[16.718478,52.411997]},"properties":{"lines":"804","color":"#0059a9","mode":"bus","arr":["804"],"angle":89,"extra":1}},{"type":"Feature","geometry":{"type":"Point","coordinates":[16.718675,52.407053]},"properties":{"lines":"804","color":"#0059a9","mode":"bus","arr":["804"],"angle":88.7,"extra":1}},{"type":"Feature","geometry":{"type":"Point","coordinates":[16.63792,52.396897]},"properties":{"lines":"790, 792","color":"#0059a9","mode":"bus","arr":["790","792"],"angle":68.5}},{"type":"Feature","geometry":{"type":"Point","coordinates":[16.654735,52.376573]},"properties":{"lines":"790, 792","color":"#0059a9","mode":"bus","arr":["790","792"],"angle":50.1}},{"type":"Feature","geometry":{"type":"Point","coordinates":[16.638202,52.394008]},"properties":{"lines":"790, 792","color":"#0059a9","mode":"bus","arr":["790","792"],"angle":81.2,"extra":1}},{"type":"Feature","geometry":{"type":"Point","coordinates":[16.640852,52.389433]},"properties":{"lines":"790, 792","color":"#0059a9","mode":"bus","arr":["790","792"],"angle":63.5,"extra":1}},{"type":"Feature","geometry":{"type":"Point","coordinates":[16.645038,52.385199]},"properties":{"lines":"790, 792","color":"#0059a9","mode":"bus","arr":["790","792"],"angle":59.3,"extra":1}},{"type":"Feature","geometry":{"type":"Point","coordinates":[16.649188,52.380949]},"properties":{"lines":"790, 792","color":"#0059a9","mode":"bus","arr":["790","792"],"angle":59.3,"extra":1}},{"type":"Feature","geometry":{"type":"Point","coordinates":[16.659424,52.373303]},"properties":{"lines":"790, 792","color":"#0059a9","mode":"bus","arr":["790","792"],"angle":53.2,"extra":1}},{"type":"Feature","geometry":{"type":"Point","coordinates":[16.664409,52.369402]},"properties":{"lines":"790, 792","color":"#0059a9","mode":"bus","arr":["790","792"],"angle":51.3,"extra":1}},{"type":"Feature","geometry":{"type":"Point","coordinates":[16.669501,52.36555]},"properties":{"lines":"790, 792","color":"#0059a9","mode":"bus","arr":["790","792"],"angle":51.2,"extra":1}},{"type":"Feature","geometry":{"type":"Point","coordinates":[16.674542,52.361679]},"properties":{"lines":"790, 792","color":"#0059a9","mode":"bus","arr":["790","792"],"angle":66.6,"extra":1}},{"type":"Feature","geometry":{"type":"Point","coordinates":[16.659077,52.463957]},"properties":{"lines":"811, 812, 821","color":"#0059a9","mode":"bus","arr":["811","812","821"],"angle":-24.6}},{"type":"Feature","geometry":{"type":"Point","coordinates":[16.661575,52.320845]},"properties":{"lines":"791","color":"#0059a9","mode":"bus","arr":["791"],"angle":1.8}},{"type":"Feature","geometry":{"type":"Point","coordinates":[16.644493,52.321184]},"properties":{"lines":"791","color":"#0059a9","mode":"bus","arr":["791"],"angle":3.4,"extra":1}},{"type":"Feature","geometry":{"type":"Point","coordinates":[16.652603,52.321024]},"properties":{"lines":"791","color":"#0059a9","mode":"bus","arr":["791"],"angle":2.1,"extra":1}},{"type":"Feature","geometry":{"type":"Point","coordinates":[16.668822,52.320693]},"properties":{"lines":"791","color":"#0059a9","mode":"bus","arr":["791"],"angle":2,"extra":1}},{"type":"Feature","geometry":{"type":"Point","coordinates":[16.676246,52.31936]},"properties":{"lines":"791","color":"#0059a9","mode":"bus","arr":["791"],"angle":-2.5,"extra":1}},{"type":"Feature","geometry":{"type":"Point","coordinates":[16.664529,52.329723]},"properties":{"lines":"791","color":"#0059a9","mode":"bus","arr":["791"],"angle":23.7}},{"type":"Feature","geometry":{"type":"Point","coordinates":[16.649757,52.331123]},"properties":{"lines":"791","color":"#0059a9","mode":"bus","arr":["791"],"angle":-6.1,"extra":1}},{"type":"Feature","geometry":{"type":"Point","coordinates":[16.657275,52.332013]},"properties":{"lines":"791","color":"#0059a9","mode":"bus","arr":["791"],"angle":38.5,"extra":1}},{"type":"Feature","geometry":{"type":"Point","coordinates":[16.671935,52.327856]},"properties":{"lines":"791","color":"#0059a9","mode":"bus","arr":["791"],"angle":23,"extra":1}},{"type":"Feature","geometry":{"type":"Point","coordinates":[16.675957,52.324018]},"properties":{"lines":"791","color":"#0059a9","mode":"bus","arr":["791"],"angle":61,"extra":1}},{"type":"Feature","geometry":{"type":"Point","coordinates":[16.693985,52.328926]},"properties":{"lines":"791","color":"#0059a9","mode":"bus","arr":["791"],"angle":-38.5}},{"type":"Feature","geometry":{"type":"Point","coordinates":[16.681948,52.323085]},"properties":{"lines":"791","color":"#0059a9","mode":"bus","arr":["791"],"angle":-38.5,"extra":1}},{"type":"Feature","geometry":{"type":"Point","coordinates":[16.688295,52.326167]},"properties":{"lines":"791","color":"#0059a9","mode":"bus","arr":["791"],"angle":-38.4,"extra":1}},{"type":"Feature","geometry":{"type":"Point","coordinates":[16.700993,52.332327]},"properties":{"lines":"791","color":"#0059a9","mode":"bus","arr":["791"],"angle":-38.3,"extra":1}},{"type":"Feature","geometry":{"type":"Point","coordinates":[16.708473,52.334192]},"properties":{"lines":"791","color":"#0059a9","mode":"bus","arr":["791"],"angle":-21.4,"extra":1}},{"type":"Feature","geometry":{"type":"Point","coordinates":[16.695719,52.34273]},"properties":{"lines":"791","color":"#0059a9","mode":"bus","arr":["791"],"angle":46.6}},{"type":"Feature","geometry":{"type":"Point","coordinates":[16.713686,52.33524]},"properties":{"lines":"791","color":"#0059a9","mode":"bus","arr":["791"],"angle":-0.9,"extra":1}},{"type":"Feature","geometry":{"type":"Point","coordinates":[16.706628,52.336472]},"properties":{"lines":"791","color":"#0059a9","mode":"bus","arr":["791"],"angle":35,"extra":1}},{"type":"Feature","geometry":{"type":"Point","coordinates":[16.700476,52.339661]},"properties":{"lines":"791","color":"#0059a9","mode":"bus","arr":["791"],"angle":46.6,"extra":1}},{"type":"Feature","geometry":{"type":"Point","coordinates":[16.68967,52.347037]},"properties":{"lines":"791","color":"#0059a9","mode":"bus","arr":["791"],"angle":49.8,"extra":1}},{"type":"Feature","geometry":{"type":"Point","coordinates":[16.684774,52.349693]},"properties":{"lines":"791","color":"#0059a9","mode":"bus","arr":["791"],"angle":84.4,"extra":1}},{"type":"Feature","geometry":{"type":"Point","coordinates":[16.680295,52.353712]},"properties":{"lines":"791","color":"#0059a9","mode":"bus","arr":["791"],"angle":49.1,"extra":1}},{"type":"Feature","geometry":{"type":"Point","coordinates":[16.680646,52.357834]},"properties":{"lines":"791","color":"#0059a9","mode":"bus","arr":["791"],"angle":-58.5}},{"type":"Feature","geometry":{"type":"Point","coordinates":[16.680149,52.355795]},"properties":{"lines":"792","color":"#0059a9","mode":"bus","arr":["792"],"angle":-44.4}},{"type":"Feature","geometry":{"type":"Point","coordinates":[16.645281,52.373068]},"properties":{"lines":"792","color":"#0059a9","mode":"bus","arr":["792"],"angle":-4.5}},{"type":"Feature","geometry":{"type":"Point","coordinates":[16.654802,52.37355]},"properties":{"lines":"792","color":"#0059a9","mode":"bus","arr":["792"],"angle":-4.8,"extra":1}},{"type":"Feature","geometry":{"type":"Point","coordinates":[16.63863,52.372727]},"properties":{"lines":"792","color":"#0059a9","mode":"bus","arr":["792"],"angle":-4.7,"extra":1}},{"type":"Feature","geometry":{"type":"Point","coordinates":[16.630232,52.37345]},"properties":{"lines":"792","color":"#0059a9","mode":"bus","arr":["792"],"angle":54.4}},{"type":"Feature","geometry":{"type":"Point","coordinates":[16.682624,52.357104]},"properties":{"lines":"791, 792","color":"#0059a9","mode":"bus","arr":["791","792"],"angle":-40.5}},{"type":"Feature","geometry":{"type":"Point","coordinates":[16.786376,52.395806]},"properties":{"lines":"798","color":"#0059a9","mode":"bus","arr":["798"],"angle":54.2}},{"type":"Feature","geometry":{"type":"Point","coordinates":[16.789121,52.393548]},"properties":{"lines":"798","color":"#0059a9","mode":"bus","arr":["798"],"angle":52.7,"extra":1}},{"type":"Feature","geometry":{"type":"Point","coordinates":[16.790889,52.393778]},"properties":{"lines":"798","color":"#0059a9","mode":"bus","arr":["798"],"angle":43.2}},{"type":"Feature","geometry":{"type":"Point","coordinates":[16.726039,52.372912]},"properties":{"lines":"799","color":"#0059a9","mode":"bus","arr":["799"],"angle":38.3}},{"type":"Feature","geometry":{"type":"Point","coordinates":[16.714769,52.374509]},"properties":{"lines":"799","color":"#0059a9","mode":"bus","arr":["799"],"angle":11.4,"extra":1}},{"type":"Feature","geometry":{"type":"Point","coordinates":[16.736816,52.374873]},"properties":{"lines":"799","color":"#0059a9","mode":"bus","arr":["799"],"angle":-44.7,"extra":1}},{"type":"Feature","geometry":{"type":"Point","coordinates":[16.81964,52.432088]},"properties":{"lines":"802, 803, 804, 811, 812, 813, 821, 822, 833","color":"#0059a9","mode":"bus","arr":["802","803","804","811","812","813","821","822","833"],"angle":0.5}},{"type":"Feature","geometry":{"type":"Point","coordinates":[16.826743,52.432065]},"properties":{"lines":"802, 803, 804, 811, 812, 813, 821, 822, 833","color":"#0059a9","mode":"bus","arr":["802","803","804","811","812","813","821","822","833"],"angle":-0.2,"extra":1}},{"type":"Feature","geometry":{"type":"Point","coordinates":[16.810517,52.432149]},"properties":{"lines":"802, 803, 804, 811, 812, 813, 821, 822, 833","color":"#0059a9","mode":"bus","arr":["802","803","804","811","812","813","821","822","833"],"angle":6.8,"extra":1}},{"type":"Feature","geometry":{"type":"Point","coordinates":[16.798445,52.433727]},"properties":{"lines":"802, 803, 804, 811, 812, 813, 821","color":"#0059a9","mode":"bus","arr":["802","803","804","811","812","813","821"],"angle":15.1}},{"type":"Feature","geometry":{"type":"Point","coordinates":[16.804505,52.432731]},"properties":{"lines":"802, 803, 804, 811, 812, 813, 821","color":"#0059a9","mode":"bus","arr":["802","803","804","811","812","813","821"],"angle":11.3,"extra":1}},{"type":"Feature","geometry":{"type":"Point","coordinates":[16.788834,52.435303]},"properties":{"lines":"802, 803, 804, 811, 812, 813, 821","color":"#0059a9","mode":"bus","arr":["802","803","804","811","812","813","821"],"angle":13.9,"extra":1}},{"type":"Feature","geometry":{"type":"Point","coordinates":[16.795124,52.434141]},"properties":{"lines":"802, 803, 804, 811, 812, 813, 821","color":"#0059a9","mode":"bus","arr":["802","803","804","811","812","813","821"],"angle":15}},{"type":"Feature","geometry":{"type":"Point","coordinates":[16.785721,52.435473]},"properties":{"lines":"802, 803, 804, 811, 812, 813, 821","color":"#0059a9","mode":"bus","arr":["802","803","804","811","812","813","821"],"angle":3.2,"extra":1}},{"type":"Feature","geometry":{"type":"Point","coordinates":[16.801456,52.433104]},"properties":{"lines":"802, 803, 804, 811, 812, 813, 821","color":"#0059a9","mode":"bus","arr":["802","803","804","811","812","813","821"],"angle":15.2,"extra":1}},{"type":"Feature","geometry":{"type":"Point","coordinates":[16.784953,52.435612]},"properties":{"lines":"802, 803, 804, 811, 812, 813","color":"#0059a9","mode":"bus","arr":["802","803","804","811","812","813"],"angle":2.6}},{"type":"Feature","geometry":{"type":"Point","coordinates":[16.783032,52.436869]},"properties":{"lines":"802, 803, 804","color":"#0059a9","mode":"bus","arr":["802","803","804"],"angle":2.1}},{"type":"Feature","geometry":{"type":"Point","coordinates":[16.785327,52.417056]},"properties":{"lines":"802, 803, 804","color":"#0059a9","mode":"bus","arr":["802","803","804"],"angle":17.6}},{"type":"Feature","geometry":{"type":"Point","coordinates":[16.78806,52.42022]},"properties":{"lines":"802, 803, 804","color":"#0059a9","mode":"bus","arr":["802","803","804"],"angle":72.3,"extra":1}},{"type":"Feature","geometry":{"type":"Point","coordinates":[16.779118,52.418329]},"properties":{"lines":"802, 803, 804","color":"#0059a9","mode":"bus","arr":["802","803","804"],"angle":37.9,"extra":1}},{"type":"Feature","geometry":{"type":"Point","coordinates":[16.785382,52.434676]},"properties":{"lines":"802, 803, 804, 821, 822","color":"#0059a9","mode":"bus","arr":["802","803","804","821","822"],"angle":-82.8}},{"type":"Feature","geometry":{"type":"Point","coordinates":[16.784341,52.428032]},"properties":{"lines":"802, 803, 804, 822","color":"#0059a9","mode":"bus","arr":["802","803","804","822"],"angle":74}},{"type":"Feature","geometry":{"type":"Point","coordinates":[16.78291,52.431099]},"properties":{"lines":"802, 803, 804, 822","color":"#0059a9","mode":"bus","arr":["802","803","804","822"],"angle":74.1,"extra":1}},{"type":"Feature","geometry":{"type":"Point","coordinates":[16.745277,52.421833]},"properties":{"lines":"802, 804","color":"#0059a9","mode":"bus","arr":["802","804"],"angle":-2}},{"type":"Feature","geometry":{"type":"Point","coordinates":[16.76887,52.420449]},"properties":{"lines":"802, 804","color":"#0059a9","mode":"bus","arr":["802","804"],"angle":10,"extra":1}},{"type":"Feature","geometry":{"type":"Point","coordinates":[16.760786,52.420831]},"properties":{"lines":"802, 804","color":"#0059a9","mode":"bus","arr":["802","804"],"angle":3.5,"extra":1}},{"type":"Feature","geometry":{"type":"Point","coordinates":[16.752812,52.42154]},"properties":{"lines":"802, 804","color":"#0059a9","mode":"bus","arr":["802","804"],"angle":18.9,"extra":1}},{"type":"Feature","geometry":{"type":"Point","coordinates":[16.73671,52.422227]},"properties":{"lines":"802, 804","color":"#0059a9","mode":"bus","arr":["802","804"],"angle":10.3,"extra":1}},{"type":"Feature","geometry":{"type":"Point","coordinates":[16.728729,52.42312]},"properties":{"lines":"802, 804","color":"#0059a9","mode":"bus","arr":["802","804"],"angle":10.5,"extra":1}},{"type":"Feature","geometry":{"type":"Point","coordinates":[16.72075,52.424018]},"properties":{"lines":"802, 804","color":"#0059a9","mode":"bus","arr":["802","804"],"angle":10.4,"extra":1}},{"type":"Feature","geometry":{"type":"Point","coordinates":[16.711989,52.427777]},"properties":{"lines":"802","color":"#0059a9","mode":"bus","arr":["802"],"angle":43.6}},{"type":"Feature","geometry":{"type":"Point","coordinates":[16.703698,52.432546]},"properties":{"lines":"802","color":"#0059a9","mode":"bus","arr":["802"],"angle":43}},{"type":"Feature","geometry":{"type":"Point","coordinates":[16.712373,52.440217]},"properties":{"lines":"802","color":"#0059a9","mode":"bus","arr":["802"],"angle":-40.2}},{"type":"Feature","geometry":{"type":"Point","coordinates":[16.704187,52.435528]},"properties":{"lines":"802","color":"#0059a9","mode":"bus","arr":["802"],"angle":-43.1,"extra":1}},{"type":"Feature","geometry":{"type":"Point","coordinates":[16.71626,52.44204]},"properties":{"lines":"802","color":"#0059a9","mode":"bus","arr":["802"],"angle":-49.5,"extra":1}},{"type":"Feature","geometry":{"type":"Point","coordinates":[16.721533,52.445799]},"properties":{"lines":"802","color":"#0059a9","mode":"bus","arr":["802"],"angle":-49.3,"extra":1}},{"type":"Feature","geometry":{"type":"Point","coordinates":[16.723207,52.44765]},"properties":{"lines":"802","color":"#0059a9","mode":"bus","arr":["802"],"angle":-67.7}},{"type":"Feature","geometry":{"type":"Point","coordinates":[16.69662,52.433244]},"properties":{"lines":"802","color":"#0059a9","mode":"bus","arr":["802"],"angle":-76}},{"type":"Feature","geometry":{"type":"Point","coordinates":[16.691261,52.457448]},"properties":{"lines":"802, 811, 812, 813","color":"#0059a9","mode":"bus","arr":["802","811","812","813"],"angle":29.2}},{"type":"Feature","geometry":{"type":"Point","coordinates":[16.721673,52.449324]},"properties":{"lines":"802, 811, 812, 813","color":"#0059a9","mode":"bus","arr":["802","811","812","813"],"angle":20.4,"extra":1}},{"type":"Feature","geometry":{"type":"Point","coordinates":[16.714192,52.451235]},"properties":{"lines":"802, 811, 812, 813","color":"#0059a9","mode":"bus","arr":["802","811","812","813"],"angle":24,"extra":1}},{"type":"Feature","geometry":{"type":"Point","coordinates":[16.706778,52.453245]},"properties":{"lines":"802, 811, 812, 813","color":"#0059a9","mode":"bus","arr":["802","811","812","813"],"angle":23.8,"extra":1}},{"type":"Feature","geometry":{"type":"Point","coordinates":[16.700647,52.454916]},"properties":{"lines":"802, 811, 812, 813","color":"#0059a9","mode":"bus","arr":["802","811","812","813"],"angle":15.5,"extra":1}},{"type":"Feature","geometry":{"type":"Point","coordinates":[16.6858,52.45886]},"properties":{"lines":"802, 811, 812, 813","color":"#0059a9","mode":"bus","arr":["802","811","812","813"],"angle":22.7,"extra":1}},{"type":"Feature","geometry":{"type":"Point","coordinates":[16.678357,52.460817]},"properties":{"lines":"802, 811, 812, 813","color":"#0059a9","mode":"bus","arr":["802","811","812","813"],"angle":21.6,"extra":1}},{"type":"Feature","geometry":{"type":"Point","coordinates":[16.674143,52.461945]},"properties":{"lines":"802, 811, 812, 813","color":"#0059a9","mode":"bus","arr":["802","811","812","813"],"angle":24.9,"extra":1}},{"type":"Feature","geometry":{"type":"Point","coordinates":[16.666621,52.463744]},"properties":{"lines":"802, 811, 812, 813","color":"#0059a9","mode":"bus","arr":["802","811","812","813"],"angle":29,"extra":1}},{"type":"Feature","geometry":{"type":"Point","coordinates":[16.689407,52.457794]},"properties":{"lines":"802, 811, 812, 813","color":"#0059a9","mode":"bus","arr":["802","811","812","813"],"angle":24}},{"type":"Feature","geometry":{"type":"Point","coordinates":[16.678628,52.458277]},"properties":{"lines":"802, 811, 812, 813","color":"#0059a9","mode":"bus","arr":["802","811","812","813"],"angle":85.6,"extra":1}},{"type":"Feature","geometry":{"type":"Point","coordinates":[16.697726,52.45554]},"properties":{"lines":"802, 811, 812, 813","color":"#0059a9","mode":"bus","arr":["802","811","812","813"],"angle":24,"extra":1}},{"type":"Feature","geometry":{"type":"Point","coordinates":[16.70514,52.45353]},"properties":{"lines":"802, 811, 812, 813","color":"#0059a9","mode":"bus","arr":["802","811","812","813"],"angle":24,"extra":1}},{"type":"Feature","geometry":{"type":"Point","coordinates":[16.664815,52.464211]},"properties":{"lines":"802, 811, 812, 813, 821, 882","color":"#0059a9","mode":"bus","arr":["802","811","812","813","821","882"],"angle":11.3}},{"type":"Feature","geometry":{"type":"Point","coordinates":[16.78135,52.434432]},"properties":{"lines":"802, 803, 804, 821","color":"#0059a9","mode":"bus","arr":["802","803","804","821"],"angle":74.1}},{"type":"Feature","geometry":{"type":"Point","coordinates":[16.739332,52.443178]},"properties":{"lines":"811, 812, 813","color":"#0059a9","mode":"bus","arr":["811","812","813"],"angle":34.3}},{"type":"Feature","geometry":{"type":"Point","coordinates":[16.777307,52.435853]},"properties":{"lines":"811, 812, 813","color":"#0059a9","mode":"bus","arr":["811","812","813"],"angle":5.9,"extra":1}},{"type":"Feature","geometry":{"type":"Point","coordinates":[16.769322,52.436721]},"properties":{"lines":"811, 812, 813","color":"#0059a9","mode":"bus","arr":["811","812","813"],"angle":11.6,"extra":1}},{"type":"Feature","geometry":{"type":"Point","coordinates":[16.751025,52.441194]},"properties":{"lines":"811, 812, 813","color":"#0059a9","mode":"bus","arr":["811","812","813"],"angle":6.7,"extra":1}},{"type":"Feature","geometry":{"type":"Point","coordinates":[16.729341,52.447207]},"properties":{"lines":"811, 812, 813","color":"#0059a9","mode":"bus","arr":["811","812","813"],"angle":29,"extra":1}},{"type":"Feature","geometry":{"type":"Point","coordinates":[16.744227,52.441606]},"properties":{"lines":"811, 812, 813","color":"#0059a9","mode":"bus","arr":["811","812","813"],"angle":14.9,"extra":1}},{"type":"Feature","geometry":{"type":"Point","coordinates":[16.757894,52.439475]},"properties":{"lines":"811, 812, 813","color":"#0059a9","mode":"bus","arr":["811","812","813"],"angle":32.8,"extra":1}},{"type":"Feature","geometry":{"type":"Point","coordinates":[16.764923,52.437035]},"properties":{"lines":"811, 812, 813","color":"#0059a9","mode":"bus","arr":["811","812","813"],"angle":18.5,"extra":1}},{"type":"Feature","geometry":{"type":"Point","coordinates":[16.759789,52.438855]},"properties":{"lines":"811, 812","color":"#0059a9","mode":"bus","arr":["811","812"],"angle":33.1}},{"type":"Feature","geometry":{"type":"Point","coordinates":[16.619882,52.440516]},"properties":{"lines":"811, 812","color":"#0059a9","mode":"bus","arr":["811","812"],"angle":86.2}},{"type":"Feature","geometry":{"type":"Point","coordinates":[16.663385,52.464373]},"properties":{"lines":"811, 812, 813, 821, 882","color":"#0059a9","mode":"bus","arr":["811","812","813","821","882"],"angle":10.2}},{"type":"Feature","geometry":{"type":"Point","coordinates":[16.640542,52.460291]},"properties":{"lines":"811","color":"#0059a9","mode":"bus","arr":["811"],"angle":81.8}},{"type":"Feature","geometry":{"type":"Point","coordinates":[16.619826,52.45782]},"properties":{"lines":"811","color":"#0059a9","mode":"bus","arr":["811"],"angle":-87.8}},{"type":"Feature","geometry":{"type":"Point","coordinates":[16.619808,52.444007]},"properties":{"lines":"811","color":"#0059a9","mode":"bus","arr":["811"],"angle":-89.9,"extra":1}},{"type":"Feature","geometry":{"type":"Point","coordinates":[16.619817,52.448953]},"properties":{"lines":"811","color":"#0059a9","mode":"bus","arr":["811"],"angle":-89.9,"extra":1}},{"type":"Feature","geometry":{"type":"Point","coordinates":[16.61984,52.453899]},"properties":{"lines":"811","color":"#0059a9","mode":"bus","arr":["811"],"angle":-89.9,"extra":1}},{"type":"Feature","geometry":{"type":"Point","coordinates":[16.624168,52.462428]},"properties":{"lines":"811","color":"#0059a9","mode":"bus","arr":["811"],"angle":-56.3,"extra":1}},{"type":"Feature","geometry":{"type":"Point","coordinates":[16.632117,52.462189]},"properties":{"lines":"811","color":"#0059a9","mode":"bus","arr":["811"],"angle":6,"extra":1}},{"type":"Feature","geometry":{"type":"Point","coordinates":[16.639741,52.463421]},"properties":{"lines":"811","color":"#0059a9","mode":"bus","arr":["811"],"angle":-0.7,"extra":1}},{"type":"Feature","geometry":{"type":"Point","coordinates":[16.622277,52.43703]},"properties":{"lines":"811","color":"#0059a9","mode":"bus","arr":["811"],"angle":38.1,"extra":1}},{"type":"Feature","geometry":{"type":"Point","coordinates":[16.630069,52.435766]},"properties":{"lines":"811","color":"#0059a9","mode":"bus","arr":["811"],"angle":11.9,"extra":1}},{"type":"Feature","geometry":{"type":"Point","coordinates":[16.637773,52.434362]},"properties":{"lines":"811","color":"#0059a9","mode":"bus","arr":["811"],"angle":37.3,"extra":1}},{"type":"Feature","geometry":{"type":"Point","coordinates":[16.643418,52.430814]},"properties":{"lines":"811","color":"#0059a9","mode":"bus","arr":["811"],"angle":46.8,"extra":1}},{"type":"Feature","geometry":{"type":"Point","coordinates":[16.641336,52.463415]},"properties":{"lines":"882","color":"#0059a9","mode":"bus","arr":["882"],"angle":4.9}},{"type":"Feature","geometry":{"type":"Point","coordinates":[16.733477,52.496034]},"properties":{"lines":"882","color":"#0059a9","mode":"bus","arr":["882"],"angle":-80}},{"type":"Feature","geometry":{"type":"Point","coordinates":[16.736666,52.505609]},"properties":{"lines":"882","color":"#0059a9","mode":"bus","arr":["882"],"angle":-63.9,"extra":1}},{"type":"Feature","geometry":{"type":"Point","coordinates":[16.734851,52.500809]},"properties":{"lines":"882","color":"#0059a9","mode":"bus","arr":["882"],"angle":-80.1,"extra":1}},{"type":"Feature","geometry":{"type":"Point","coordinates":[16.732051,52.491066]},"properties":{"lines":"882","color":"#0059a9","mode":"bus","arr":["882"],"angle":-80.2,"extra":1}},{"type":"Feature","geometry":{"type":"Point","coordinates":[16.728965,52.48669]},"properties":{"lines":"882","color":"#0059a9","mode":"bus","arr":["882"],"angle":-39.8,"extra":1}},{"type":"Feature","geometry":{"type":"Point","coordinates":[16.663349,52.468784]},"properties":{"lines":"882","color":"#0059a9","mode":"bus","arr":["882"],"angle":-83.9,"extra":1}},{"type":"Feature","geometry":{"type":"Point","coordinates":[16.664574,52.475223]},"properties":{"lines":"882","color":"#0059a9","mode":"bus","arr":["882"],"angle":-83.9,"extra":1}},{"type":"Feature","geometry":{"type":"Point","coordinates":[16.659679,52.477056]},"properties":{"lines":"882","color":"#0059a9","mode":"bus","arr":["882"],"angle":-36.9,"extra":1}},{"type":"Feature","geometry":{"type":"Point","coordinates":[16.653183,52.474096]},"properties":{"lines":"882","color":"#0059a9","mode":"bus","arr":["882"],"angle":-38.1,"extra":1}},{"type":"Feature","geometry":{"type":"Point","coordinates":[16.64285,52.46801]},"properties":{"lines":"882","color":"#0059a9","mode":"bus","arr":["882"],"angle":-66.4}},{"type":"Feature","geometry":{"type":"Point","coordinates":[16.626735,52.441016]},"properties":{"lines":"812","color":"#0059a9","mode":"bus","arr":["812"],"angle":-20.8}},{"type":"Feature","geometry":{"type":"Point","coordinates":[16.632139,52.442289]},"properties":{"lines":"812","color":"#0059a9","mode":"bus","arr":["812"],"angle":-27,"extra":1}},{"type":"Feature","geometry":{"type":"Point","coordinates":[16.604105,52.441053]},"properties":{"lines":"812","color":"#0059a9","mode":"bus","arr":["812"],"angle":-18.2}},{"type":"Feature","geometry":{"type":"Point","coordinates":[16.613078,52.440126]},"properties":{"lines":"812","color":"#0059a9","mode":"bus","arr":["812"],"angle":3.6,"extra":1}},{"type":"Feature","geometry":{"type":"Point","coordinates":[16.597618,52.439718]},"properties":{"lines":"812","color":"#0059a9","mode":"bus","arr":["812"],"angle":-18.6,"extra":1}},{"type":"Feature","geometry":{"type":"Point","coordinates":[16.561542,52.420167]},"properties":{"lines":"812","color":"#0059a9","mode":"bus","arr":["812"],"angle":17.6}},{"type":"Feature","geometry":{"type":"Point","coordinates":[16.591131,52.435751]},"properties":{"lines":"812","color":"#0059a9","mode":"bus","arr":["812"],"angle":-49.6,"extra":1}},{"type":"Feature","geometry":{"type":"Point","coordinates":[16.585883,52.431979]},"properties":{"lines":"812","color":"#0059a9","mode":"bus","arr":["812"],"angle":-49.8,"extra":1}},{"type":"Feature","geometry":{"type":"Point","coordinates":[16.580644,52.428201]},"properties":{"lines":"812","color":"#0059a9","mode":"bus","arr":["812"],"angle":-50,"extra":1}},{"type":"Feature","geometry":{"type":"Point","coordinates":[16.575428,52.424413]},"properties":{"lines":"812","color":"#0059a9","mode":"bus","arr":["812"],"angle":-49.8,"extra":1}},{"type":"Feature","geometry":{"type":"Point","coordinates":[16.570567,52.420565]},"properties":{"lines":"812","color":"#0059a9","mode":"bus","arr":["812"],"angle":-17.6,"extra":1}},{"type":"Feature","geometry":{"type":"Point","coordinates":[16.554895,52.421455]},"properties":{"lines":"812","color":"#0059a9","mode":"bus","arr":["812"],"angle":17.6,"extra":1}},{"type":"Feature","geometry":{"type":"Point","coordinates":[16.547164,52.422957]},"properties":{"lines":"812","color":"#0059a9","mode":"bus","arr":["812"],"angle":22,"extra":1}},{"type":"Feature","geometry":{"type":"Point","coordinates":[16.542299,52.426858]},"properties":{"lines":"812","color":"#0059a9","mode":"bus","arr":["812"],"angle":52.3,"extra":1}},{"type":"Feature","geometry":{"type":"Point","coordinates":[16.539133,52.431278]},"properties":{"lines":"812","color":"#0059a9","mode":"bus","arr":["812"],"angle":21.6,"extra":1}},{"type":"Feature","geometry":{"type":"Point","coordinates":[16.531474,52.432912]},"properties":{"lines":"812","color":"#0059a9","mode":"bus","arr":["812"],"angle":19.2,"extra":1}},{"type":"Feature","geometry":{"type":"Point","coordinates":[16.7531,52.440197]},"properties":{"lines":"812","color":"#0059a9","mode":"bus","arr":["812"],"angle":-78.2}},{"type":"Feature","geometry":{"type":"Point","coordinates":[16.754701,52.440453]},"properties":{"lines":"812","color":"#0059a9","mode":"bus","arr":["812"],"angle":-68.4}},{"type":"Feature","geometry":{"type":"Point","coordinates":[16.760699,52.442666]},"properties":{"lines":"812","color":"#0059a9","mode":"bus","arr":["812"],"angle":18}},{"type":"Feature","geometry":{"type":"Point","coordinates":[16.753189,52.440158]},"properties":{"lines":"812","color":"#0059a9","mode":"bus","arr":["812"],"angle":-82.4}},{"type":"Feature","geometry":{"type":"Point","coordinates":[16.526001,52.433309]},"properties":{"lines":"812","color":"#0059a9","mode":"bus","arr":["812"],"angle":55.6}},{"type":"Feature","geometry":{"type":"Point","coordinates":[16.753339,52.440813]},"properties":{"lines":"811, 813","color":"#0059a9","mode":"bus","arr":["811","813"],"angle":15.3}},{"type":"Feature","geometry":{"type":"Point","coordinates":[16.636455,52.4482]},"properties":{"lines":"812, 821","color":"#0059a9","mode":"bus","arr":["812","821"],"angle":-69.2}},{"type":"Feature","geometry":{"type":"Point","coordinates":[16.638629,52.45168]},"properties":{"lines":"812, 821","color":"#0059a9","mode":"bus","arr":["812","821"],"angle":-68.9,"extra":1}},{"type":"Feature","geometry":{"type":"Point","coordinates":[16.632666,52.442495]},"properties":{"lines":"812, 821","color":"#0059a9","mode":"bus","arr":["812","821"],"angle":-51.5,"extra":1}},{"type":"Feature","geometry":{"type":"Point","coordinates":[16.759112,52.439353]},"properties":{"lines":"812, 813","color":"#0059a9","mode":"bus","arr":["812","813"],"angle":33.9}},{"type":"Feature","geometry":{"type":"Point","coordinates":[16.763645,52.438147]},"properties":{"lines":"813","color":"#0059a9","mode":"bus","arr":["813"],"angle":74.8}},{"type":"Feature","geometry":{"type":"Point","coordinates":[16.756729,52.440598]},"properties":{"lines":"813","color":"#0059a9","mode":"bus","arr":["813"],"angle":-65.6}},{"type":"Feature","geometry":{"type":"Point","coordinates":[16.619295,52.493331]},"properties":{"lines":"813","color":"#0059a9","mode":"bus","arr":["813"],"angle":43}},{"type":"Feature","geometry":{"type":"Point","coordinates":[16.6592,52.467322]},"properties":{"lines":"813","color":"#0059a9","mode":"bus","arr":["813"],"angle":15.9,"extra":1}},{"type":"Feature","geometry":{"type":"Point","coordinates":[16.651765,52.469112]},"properties":{"lines":"813","color":"#0059a9","mode":"bus","arr":["813"],"angle":47.4,"extra":1}},{"type":"Feature","geometry":{"type":"Point","coordinates":[16.645036,52.473635]},"properties":{"lines":"813","color":"#0059a9","mode":"bus","arr":["813"],"angle":48.9,"extra":1}},{"type":"Feature","geometry":{"type":"Point","coordinates":[16.639721,52.477372]},"properties":{"lines":"813","color":"#0059a9","mode":"bus","arr":["813"],"angle":49.1,"extra":1}},{"type":"Feature","geometry":{"type":"Point","coordinates":[16.633729,52.479684]},"properties":{"lines":"813","color":"#0059a9","mode":"bus","arr":["813"],"angle":81.6,"extra":1}},{"type":"Feature","geometry":{"type":"Point","coordinates":[16.631338,52.484275]},"properties":{"lines":"813","color":"#0059a9","mode":"bus","arr":["813"],"angle":47.5,"extra":1}},{"type":"Feature","geometry":{"type":"Point","coordinates":[16.625975,52.487984]},"properties":{"lines":"813","color":"#0059a9","mode":"bus","arr":["813"],"angle":53.3,"extra":1}},{"type":"Feature","geometry":{"type":"Point","coordinates":[16.616026,52.49519]},"properties":{"lines":"813","color":"#0059a9","mode":"bus","arr":["813"],"angle":43,"extra":1}},{"type":"Feature","geometry":{"type":"Point","coordinates":[16.610081,52.498556]},"properties":{"lines":"813","color":"#0059a9","mode":"bus","arr":["813"],"angle":42.9,"extra":1}},{"type":"Feature","geometry":{"type":"Point","coordinates":[16.604149,52.501931]},"properties":{"lines":"813","color":"#0059a9","mode":"bus","arr":["813"],"angle":43,"extra":1}},{"type":"Feature","geometry":{"type":"Point","coordinates":[16.598202,52.505296]},"properties":{"lines":"813","color":"#0059a9","mode":"bus","arr":["813"],"angle":43.1,"extra":1}},{"type":"Feature","geometry":{"type":"Point","coordinates":[16.59225,52.508657]},"properties":{"lines":"813","color":"#0059a9","mode":"bus","arr":["813"],"angle":42.2,"extra":1}},{"type":"Feature","geometry":{"type":"Point","coordinates":[16.585211,52.511062]},"properties":{"lines":"813","color":"#0059a9","mode":"bus","arr":["813"],"angle":38.8,"extra":1}},{"type":"Feature","geometry":{"type":"Point","coordinates":[16.583627,52.512911]},"properties":{"lines":"813","color":"#0059a9","mode":"bus","arr":["813"],"angle":74.7}},{"type":"Feature","geometry":{"type":"Point","coordinates":[16.66296,52.464853]},"properties":{"lines":"813, 882","color":"#0059a9","mode":"bus","arr":["813","882"],"angle":-80.6}},{"type":"Feature","geometry":{"type":"Point","coordinates":[16.663173,52.465685]},"properties":{"lines":"813, 882","color":"#0059a9","mode":"bus","arr":["813","882"],"angle":-83.7}},{"type":"Feature","geometry":{"type":"Point","coordinates":[16.757328,52.467097]},"properties":{"lines":"821","color":"#0059a9","mode":"bus","arr":["821"],"angle":49.7}},{"type":"Feature","geometry":{"type":"Point","coordinates":[16.785819,52.443772]},"properties":{"lines":"821","color":"#0059a9","mode":"bus","arr":["821"],"angle":-88.1,"extra":1}},{"type":"Feature","geometry":{"type":"Point","coordinates":[16.763974,52.458696]},"properties":{"lines":"821","color":"#0059a9","mode":"bus","arr":["821"],"angle":60.5,"extra":1}},{"type":"Feature","geometry":{"type":"Point","coordinates":[16.760484,52.463143]},"properties":{"lines":"821","color":"#0059a9","mode":"bus","arr":["821"],"angle":70.3,"extra":1}},{"type":"Feature","geometry":{"type":"Point","coordinates":[16.751109,52.471009]},"properties":{"lines":"821","color":"#0059a9","mode":"bus","arr":["821"],"angle":44.9,"extra":1}},{"type":"Feature","geometry":{"type":"Point","coordinates":[16.745355,52.474496]},"properties":{"lines":"821","color":"#0059a9","mode":"bus","arr":["821"],"angle":44.9,"extra":1}},{"type":"Feature","geometry":{"type":"Point","coordinates":[16.727453,52.484816]},"properties":{"lines":"821","color":"#0059a9","mode":"bus","arr":["821"],"angle":31.1}},{"type":"Feature","geometry":{"type":"Point","coordinates":[16.638792,52.442618]},"properties":{"lines":"821","color":"#0059a9","mode":"bus","arr":["821"],"angle":-3.9}},{"type":"Feature","geometry":{"type":"Point","coordinates":[16.644723,52.442862]},"properties":{"lines":"821","color":"#0059a9","mode":"bus","arr":["821"],"angle":-1.4,"extra":1}},{"type":"Feature","geometry":{"type":"Point","coordinates":[16.642791,52.42299]},"properties":{"lines":"821","color":"#0059a9","mode":"bus","arr":["821"],"angle":-61.3}},{"type":"Feature","geometry":{"type":"Point","coordinates":[16.638524,52.412577]},"properties":{"lines":"821","color":"#0059a9","mode":"bus","arr":["821"],"angle":-52.4}},{"type":"Feature","geometry":{"type":"Point","coordinates":[16.640653,52.415841]},"properties":{"lines":"821","color":"#0059a9","mode":"bus","arr":["821"],"angle":-81.4,"extra":1}},{"type":"Feature","geometry":{"type":"Point","coordinates":[16.632274,52.407295]},"properties":{"lines":"821","color":"#0059a9","mode":"bus","arr":["821"],"angle":36.9}},{"type":"Feature","geometry":{"type":"Point","coordinates":[16.775984,52.451707]},"properties":{"lines":"821, 822","color":"#0059a9","mode":"bus","arr":["821","822"],"angle":32.3}},{"type":"Feature","geometry":{"type":"Point","coordinates":[16.783486,52.448952]},"properties":{"lines":"821, 822","color":"#0059a9","mode":"bus","arr":["821","822"],"angle":46.3,"extra":1}},{"type":"Feature","geometry":{"type":"Point","coordinates":[16.769749,52.454159]},"properties":{"lines":"821, 822","color":"#0059a9","mode":"bus","arr":["821","822"],"angle":42.8,"extra":1}},{"type":"Feature","geometry":{"type":"Point","coordinates":[16.733476,52.481821]},"properties":{"lines":"821, 893","color":"#0059a9","mode":"bus","arr":["821","893"],"angle":45.6}},{"type":"Feature","geometry":{"type":"Point","coordinates":[16.737598,52.479277]},"properties":{"lines":"821, 893","color":"#0059a9","mode":"bus","arr":["821","893"],"angle":37.4,"extra":1}},{"type":"Feature","geometry":{"type":"Point","coordinates":[16.704053,52.47613]},"properties":{"lines":"821, 882","color":"#0059a9","mode":"bus","arr":["821","882"],"angle":-44.7}},{"type":"Feature","geometry":{"type":"Point","coordinates":[16.722932,52.486104]},"properties":{"lines":"821, 882","color":"#0059a9","mode":"bus","arr":["821","882"],"angle":-44.3,"extra":1}},{"type":"Feature","geometry":{"type":"Point","coordinates":[16.716839,52.482852]},"properties":{"lines":"821, 882","color":"#0059a9","mode":"bus","arr":["821","882"],"angle":-37.6,"extra":1}},{"type":"Feature","geometry":{"type":"Point","coordinates":[16.710443,52.479809]},"properties":{"lines":"821, 882","color":"#0059a9","mode":"bus","arr":["821","882"],"angle":-37.9,"extra":1}},{"type":"Feature","geometry":{"type":"Point","coordinates":[16.69876,52.472952]},"properties":{"lines":"821, 882","color":"#0059a9","mode":"bus","arr":["821","882"],"angle":-43.3,"extra":1}},{"type":"Feature","geometry":{"type":"Point","coordinates":[16.691139,52.47167]},"properties":{"lines":"821, 882","color":"#0059a9","mode":"bus","arr":["821","882"],"angle":-23.7,"extra":1}},{"type":"Feature","geometry":{"type":"Point","coordinates":[16.684261,52.469061]},"properties":{"lines":"821, 882","color":"#0059a9","mode":"bus","arr":["821","882"],"angle":-34.6,"extra":1}},{"type":"Feature","geometry":{"type":"Point","coordinates":[16.671653,52.46668]},"properties":{"lines":"821, 882","color":"#0059a9","mode":"bus","arr":["821","882"],"angle":-27.1}},{"type":"Feature","geometry":{"type":"Point","coordinates":[16.66803,52.465035]},"properties":{"lines":"821, 882","color":"#0059a9","mode":"bus","arr":["821","882"],"angle":-31.6,"extra":1}},{"type":"Feature","geometry":{"type":"Point","coordinates":[16.791488,52.42679]},"properties":{"lines":"822","color":"#0059a9","mode":"bus","arr":["822"],"angle":-16.1}},{"type":"Feature","geometry":{"type":"Point","coordinates":[16.797145,52.427778]},"properties":{"lines":"822","color":"#0059a9","mode":"bus","arr":["822"],"angle":-11.2,"extra":1}},{"type":"Feature","geometry":{"type":"Point","coordinates":[16.790556,52.44088]},"properties":{"lines":"822","color":"#0059a9","mode":"bus","arr":["822"],"angle":-23}},{"type":"Feature","geometry":{"type":"Point","coordinates":[16.789809,52.445047]},"properties":{"lines":"822","color":"#0059a9","mode":"bus","arr":["822"],"angle":43.1}},{"type":"Feature","geometry":{"type":"Point","coordinates":[16.779918,52.457928]},"properties":{"lines":"822","color":"#0059a9","mode":"bus","arr":["822"],"angle":62.9}},{"type":"Feature","geometry":{"type":"Point","coordinates":[16.781161,52.452341]},"properties":{"lines":"822","color":"#0059a9","mode":"bus","arr":["822"],"angle":-84.2,"extra":1}},{"type":"Feature","geometry":{"type":"Point","coordinates":[16.774578,52.457895]},"properties":{"lines":"822","color":"#0059a9","mode":"bus","arr":["822"],"angle":-15.6,"extra":1}},{"type":"Feature","geometry":{"type":"Point","coordinates":[16.766676,52.456773]},"properties":{"lines":"822","color":"#0059a9","mode":"bus","arr":["822"],"angle":-16.9,"extra":1}},{"type":"Feature","geometry":{"type":"Point","coordinates":[16.798309,52.42756]},"properties":{"lines":"822","color":"#0059a9","mode":"bus","arr":["822"],"angle":-80.7}},{"type":"Feature","geometry":{"type":"Point","coordinates":[16.790801,52.423264]},"properties":{"lines":"822","color":"#0059a9","mode":"bus","arr":["822"],"angle":-16,"extra":1}},{"type":"Feature","geometry":{"type":"Point","coordinates":[16.798602,52.424625]},"properties":{"lines":"822","color":"#0059a9","mode":"bus","arr":["822"],"angle":-48.9,"extra":1}},{"type":"Feature","geometry":{"type":"Point","coordinates":[16.806321,52.428921]},"properties":{"lines":"822","color":"#0059a9","mode":"bus","arr":["822"],"angle":5.3,"extra":1}},{"type":"Feature","geometry":{"type":"Point","coordinates":[16.88529,52.467584]},"properties":{"lines":"832, 907","color":"#0059a9","mode":"bus","arr":["832","907"],"angle":53.9}},{"type":"Feature","geometry":{"type":"Point","coordinates":[16.889715,52.463757]},"properties":{"lines":"832, 907","color":"#0059a9","mode":"bus","arr":["832","907"],"angle":54.9,"extra":1}},{"type":"Feature","geometry":{"type":"Point","coordinates":[16.879571,52.471454]},"properties":{"lines":"832, 907","color":"#0059a9","mode":"bus","arr":["832","907"],"angle":47.3,"extra":1}},{"type":"Feature","geometry":{"type":"Point","coordinates":[16.86038,52.482592]},"properties":{"lines":"832, 904, 905, 907","color":"#0059a9","mode":"bus","arr":["832","904","905","907"],"angle":42.6}},{"type":"Feature","geometry":{"type":"Point","coordinates":[16.874656,52.474694]},"properties":{"lines":"832, 904, 905, 907","color":"#0059a9","mode":"bus","arr":["832","904","905","907"],"angle":47.2,"extra":1}},{"type":"Feature","geometry":{"type":"Point","coordinates":[16.869088,52.478275]},"properties":{"lines":"832, 904, 905, 907","color":"#0059a9","mode":"bus","arr":["832","904","905","907"],"angle":41.8,"extra":1}},{"type":"Feature","geometry":{"type":"Point","coordinates":[16.856571,52.484555]},"properties":{"lines":"832, 904, 905, 907","color":"#0059a9","mode":"bus","arr":["832","904","905","907"],"angle":44.7,"extra":1}},{"type":"Feature","geometry":{"type":"Point","coordinates":[16.851154,52.488231]},"properties":{"lines":"832, 904, 905, 907","color":"#0059a9","mode":"bus","arr":["832","904","905","907"],"angle":48,"extra":1}},{"type":"Feature","geometry":{"type":"Point","coordinates":[16.846077,52.492079]},"properties":{"lines":"832, 904, 905, 907","color":"#0059a9","mode":"bus","arr":["832","904","905","907"],"angle":57.6,"extra":1}},{"type":"Feature","geometry":{"type":"Point","coordinates":[16.838646,52.498762]},"properties":{"lines":"832, 905, 907","color":"#0059a9","mode":"bus","arr":["832","905","907"],"angle":61.5}},{"type":"Feature","geometry":{"type":"Point","coordinates":[16.842556,52.495221]},"properties":{"lines":"832, 905, 907","color":"#0059a9","mode":"bus","arr":["832","905","907"],"angle":55.7,"extra":1}},{"type":"Feature","geometry":{"type":"Point","coordinates":[16.836204,52.504167]},"properties":{"lines":"832, 905, 907","color":"#0059a9","mode":"bus","arr":["832","905","907"],"angle":76.9,"extra":1}},{"type":"Feature","geometry":{"type":"Point","coordinates":[16.804856,52.520397]},"properties":{"lines":"832","color":"#0059a9","mode":"bus","arr":["832"],"angle":34.6}},{"type":"Feature","geometry":{"type":"Point","coordinates":[16.834896,52.507671]},"properties":{"lines":"832","color":"#0059a9","mode":"bus","arr":["832"],"angle":77.2,"extra":1}},{"type":"Feature","geometry":{"type":"Point","coordinates":[16.833164,52.512501]},"properties":{"lines":"832","color":"#0059a9","mode":"bus","arr":["832"],"angle":40.7,"extra":1}},{"type":"Feature","geometry":{"type":"Point","coordinates":[16.825115,52.512615]},"properties":{"lines":"832","color":"#0059a9","mode":"bus","arr":["832"],"angle":2.1,"extra":1}},{"type":"Feature","geometry":{"type":"Point","coordinates":[16.817989,52.514795]},"properties":{"lines":"832","color":"#0059a9","mode":"bus","arr":["832"],"angle":31.8,"extra":1}},{"type":"Feature","geometry":{"type":"Point","coordinates":[16.81134,52.51763]},"properties":{"lines":"832","color":"#0059a9","mode":"bus","arr":["832"],"angle":35.1,"extra":1}},{"type":"Feature","geometry":{"type":"Point","coordinates":[16.797509,52.522539]},"properties":{"lines":"832","color":"#0059a9","mode":"bus","arr":["832"],"angle":10.6,"extra":1}},{"type":"Feature","geometry":{"type":"Point","coordinates":[16.789998,52.522488]},"properties":{"lines":"832","color":"#0059a9","mode":"bus","arr":["832"],"angle":-29.4,"extra":1}},{"type":"Feature","geometry":{"type":"Point","coordinates":[16.782437,52.521427]},"properties":{"lines":"832","color":"#0059a9","mode":"bus","arr":["832"],"angle":-45.2,"extra":1}},{"type":"Feature","geometry":{"type":"Point","coordinates":[16.776819,52.517858]},"properties":{"lines":"832","color":"#0059a9","mode":"bus","arr":["832"],"angle":-44.3,"extra":1}},{"type":"Feature","geometry":{"type":"Point","coordinates":[16.769662,52.515672]},"properties":{"lines":"832","color":"#0059a9","mode":"bus","arr":["832"],"angle":-19.2,"extra":1}},{"type":"Feature","geometry":{"type":"Point","coordinates":[16.761554,52.514104]},"properties":{"lines":"832","color":"#0059a9","mode":"bus","arr":["832"],"angle":-15.7,"extra":1}},{"type":"Feature","geometry":{"type":"Point","coordinates":[16.753734,52.512784]},"properties":{"lines":"832","color":"#0059a9","mode":"bus","arr":["832"],"angle":-15.3,"extra":1}},{"type":"Feature","geometry":{"type":"Point","coordinates":[16.708989,52.518258]},"properties":{"lines":"832","color":"#0059a9","mode":"bus","arr":["832"],"angle":2}},{"type":"Feature","geometry":{"type":"Point","coordinates":[16.736676,52.512441]},"properties":{"lines":"832","color":"#0059a9","mode":"bus","arr":["832"],"angle":10.7,"extra":1}},{"type":"Feature","geometry":{"type":"Point","coordinates":[16.727728,52.513477]},"properties":{"lines":"832","color":"#0059a9","mode":"bus","arr":["832"],"angle":10.9,"extra":1}},{"type":"Feature","geometry":{"type":"Point","coordinates":[16.720032,52.51486]},"properties":{"lines":"832","color":"#0059a9","mode":"bus","arr":["832"],"angle":31.7,"extra":1}},{"type":"Feature","geometry":{"type":"Point","coordinates":[16.700121,52.514681]},"properties":{"lines":"832","color":"#0059a9","mode":"bus","arr":["832"],"angle":-17,"extra":1}},{"type":"Feature","geometry":{"type":"Point","coordinates":[16.69457,52.516555]},"properties":{"lines":"832","color":"#0059a9","mode":"bus","arr":["832"],"angle":55.8,"extra":1}},{"type":"Feature","geometry":{"type":"Point","coordinates":[16.674231,52.519681]},"properties":{"lines":"832","color":"#0059a9","mode":"bus","arr":["832"],"angle":20.8}},{"type":"Feature","geometry":{"type":"Point","coordinates":[16.659699,52.520554]},"properties":{"lines":"832","color":"#0059a9","mode":"bus","arr":["832"],"angle":-1.2,"extra":1}},{"type":"Feature","geometry":{"type":"Point","coordinates":[16.667692,52.521134]},"properties":{"lines":"832","color":"#0059a9","mode":"bus","arr":["832"],"angle":9.9,"extra":1}},{"type":"Feature","geometry":{"type":"Point","coordinates":[16.683034,52.518113]},"properties":{"lines":"832","color":"#0059a9","mode":"bus","arr":["832"],"angle":-0.9,"extra":1}},{"type":"Feature","geometry":{"type":"Point","coordinates":[16.690965,52.518761]},"properties":{"lines":"832","color":"#0059a9","mode":"bus","arr":["832"],"angle":-21.6,"extra":1}},{"type":"Feature","geometry":{"type":"Point","coordinates":[16.752612,52.511888]},"properties":{"lines":"832, 833, 835, 882, 893","color":"#0059a9","mode":"bus","arr":["832","833","835","882","893"],"angle":25.4}},{"type":"Feature","geometry":{"type":"Point","coordinates":[16.74699,52.512308]},"properties":{"lines":"832, 833, 835, 882, 893","color":"#0059a9","mode":"bus","arr":["832","833","835","882","893"],"angle":1.9}},{"type":"Feature","geometry":{"type":"Point","coordinates":[16.754455,52.511056]},"properties":{"lines":"832, 833, 835, 882, 893","color":"#0059a9","mode":"bus","arr":["832","833","835","882","893"],"angle":-18.7}},{"type":"Feature","geometry":{"type":"Point","coordinates":[16.755902,52.493831]},"properties":{"lines":"833","color":"#0059a9","mode":"bus","arr":["833"],"angle":74.7}},{"type":"Feature","geometry":{"type":"Point","coordinates":[16.74535,52.502612]},"properties":{"lines":"833","color":"#0059a9","mode":"bus","arr":["833"],"angle":51.7}},{"type":"Feature","geometry":{"type":"Point","coordinates":[16.741066,52.505888]},"properties":{"lines":"833","color":"#0059a9","mode":"bus","arr":["833"],"angle":52.3,"extra":1}},{"type":"Feature","geometry":{"type":"Point","coordinates":[16.751175,52.498162]},"properties":{"lines":"833","color":"#0059a9","mode":"bus","arr":["833"],"angle":51.4,"extra":1}},{"type":"Feature","geometry":{"type":"Point","coordinates":[16.753898,52.496398]},"properties":{"lines":"833, 893","color":"#0059a9","mode":"bus","arr":["833","893"],"angle":57.2}},{"type":"Feature","geometry":{"type":"Point","coordinates":[16.740226,52.510032]},"properties":{"lines":"833, 882","color":"#0059a9","mode":"bus","arr":["833","882"],"angle":-64}},{"type":"Feature","geometry":{"type":"Point","coordinates":[16.757179,52.506043]},"properties":{"lines":"833, 835, 893","color":"#0059a9","mode":"bus","arr":["833","835","893"],"angle":32.9}},{"type":"Feature","geometry":{"type":"Point","coordinates":[16.75545,52.508862]},"properties":{"lines":"833, 835, 893","color":"#0059a9","mode":"bus","arr":["833","835","893"],"angle":-89.1,"extra":1}},{"type":"Feature","geometry":{"type":"Point","coordinates":[16.779122,52.47838]},"properties":{"lines":"833, 835, 893","color":"#0059a9","mode":"bus","arr":["833","835","893"],"angle":44.6}},{"type":"Feature","geometry":{"type":"Point","coordinates":[16.774016,52.490568]},"properties":{"lines":"833, 835, 893","color":"#0059a9","mode":"bus","arr":["833","835","893"],"angle":64.7}},{"type":"Feature","geometry":{"type":"Point","coordinates":[16.780783,52.480911]},"properties":{"lines":"833, 835, 893","color":"#0059a9","mode":"bus","arr":["833","835","893"],"angle":-82.1,"extra":1}},{"type":"Feature","geometry":{"type":"Point","coordinates":[16.778332,52.485512]},"properties":{"lines":"833, 835, 893","color":"#0059a9","mode":"bus","arr":["833","835","893"],"angle":55.6,"extra":1}},{"type":"Feature","geometry":{"type":"Point","coordinates":[16.7711,52.494362]},"properties":{"lines":"833, 835, 893","color":"#0059a9","mode":"bus","arr":["833","835","893"],"angle":64.9,"extra":1}},{"type":"Feature","geometry":{"type":"Point","coordinates":[16.767797,52.498878]},"properties":{"lines":"833, 835, 893","color":"#0059a9","mode":"bus","arr":["833","835","893"],"angle":68.4,"extra":1}},{"type":"Feature","geometry":{"type":"Point","coordinates":[16.74161,52.512384]},"properties":{"lines":"833, 835, 893","color":"#0059a9","mode":"bus","arr":["833","835","893"],"angle":-9.5}},{"type":"Feature","geometry":{"type":"Point","coordinates":[16.74232,52.513032]},"properties":{"lines":"835, 893","color":"#0059a9","mode":"bus","arr":["835","893"],"angle":81.7}},{"type":"Feature","geometry":{"type":"Point","coordinates":[16.750903,52.525828]},"properties":{"lines":"893","color":"#0059a9","mode":"bus","arr":["893"],"angle":-66.7}},{"type":"Feature","geometry":{"type":"Point","coordinates":[16.743905,52.5158]},"properties":{"lines":"893","color":"#0059a9","mode":"bus","arr":["893"],"angle":-66.8,"extra":1}},{"type":"Feature","geometry":{"type":"Point","coordinates":[16.747082,52.52035]},"properties":{"lines":"893","color":"#0059a9","mode":"bus","arr":["893"],"angle":-67.3,"extra":1}},{"type":"Feature","geometry":{"type":"Point","coordinates":[16.753446,52.52945]},"properties":{"lines":"893","color":"#0059a9","mode":"bus","arr":["893"],"angle":-66.9,"extra":1}},{"type":"Feature","geometry":{"type":"Point","coordinates":[16.756635,52.533998]},"properties":{"lines":"893","color":"#0059a9","mode":"bus","arr":["893"],"angle":-66.9,"extra":1}},{"type":"Feature","geometry":{"type":"Point","coordinates":[16.756534,52.543294]},"properties":{"lines":"893","color":"#0059a9","mode":"bus","arr":["893"],"angle":66.9}},{"type":"Feature","geometry":{"type":"Point","coordinates":[16.758579,52.54037]},"properties":{"lines":"893","color":"#0059a9","mode":"bus","arr":["893"],"angle":66.9,"extra":1}},{"type":"Feature","geometry":{"type":"Point","coordinates":[16.759052,52.499009]},"properties":{"lines":"893","color":"#0059a9","mode":"bus","arr":["893"],"angle":-41.3}},{"type":"Feature","geometry":{"type":"Point","coordinates":[16.755696,52.497221]},"properties":{"lines":"893","color":"#0059a9","mode":"bus","arr":["893"],"angle":-29.6,"extra":1}},{"type":"Feature","geometry":{"type":"Point","coordinates":[16.746074,52.486757]},"properties":{"lines":"893","color":"#0059a9","mode":"bus","arr":["893"],"angle":-80.8}},{"type":"Feature","geometry":{"type":"Point","coordinates":[16.75449,52.496267]},"properties":{"lines":"893","color":"#0059a9","mode":"bus","arr":["893"],"angle":-43,"extra":1}},{"type":"Feature","geometry":{"type":"Point","coordinates":[16.748813,52.49276]},"properties":{"lines":"893","color":"#0059a9","mode":"bus","arr":["893"],"angle":-56.2,"extra":1}},{"type":"Feature","geometry":{"type":"Point","coordinates":[16.744724,52.483261]},"properties":{"lines":"893","color":"#0059a9","mode":"bus","arr":["893"],"angle":-74.8,"extra":1}},{"type":"Feature","geometry":{"type":"Point","coordinates":[16.741631,52.478793]},"properties":{"lines":"893","color":"#0059a9","mode":"bus","arr":["893"],"angle":-15.4,"extra":1}},{"type":"Feature","geometry":{"type":"Point","coordinates":[16.724577,52.477829]},"properties":{"lines":"893","color":"#0059a9","mode":"bus","arr":["893"],"angle":-78}},{"type":"Feature","geometry":{"type":"Point","coordinates":[16.726968,52.48206]},"properties":{"lines":"893","color":"#0059a9","mode":"bus","arr":["893"],"angle":-59.9,"extra":1}},{"type":"Feature","geometry":{"type":"Point","coordinates":[16.722633,52.472633]},"properties":{"lines":"893","color":"#0059a9","mode":"bus","arr":["893"],"angle":84.1,"extra":1}},{"type":"Feature","geometry":{"type":"Point","coordinates":[16.751759,52.54725]},"properties":{"lines":"893","color":"#0059a9","mode":"bus","arr":["893"],"angle":59.9}},{"type":"Feature","geometry":{"type":"Point","coordinates":[16.736704,52.518741]},"properties":{"lines":"835","color":"#0059a9","mode":"bus","arr":["835"],"angle":58.4}},{"type":"Feature","geometry":{"type":"Point","coordinates":[16.740077,52.515333]},"properties":{"lines":"835","color":"#0059a9","mode":"bus","arr":["835"],"angle":59.2,"extra":1}},{"type":"Feature","geometry":{"type":"Point","coordinates":[16.731681,52.523798]},"properties":{"lines":"835","color":"#0059a9","mode":"bus","arr":["835"],"angle":59,"extra":1}},{"type":"Feature","geometry":{"type":"Point","coordinates":[16.730609,52.524348]},"properties":{"lines":"835","color":"#0059a9","mode":"bus","arr":["835"],"angle":88.1}},{"type":"Feature","geometry":{"type":"Point","coordinates":[16.797794,52.485796]},"properties":{"lines":"837","color":"#0059a9","mode":"bus","arr":["837"],"angle":-48.8}},{"type":"Feature","geometry":{"type":"Point","coordinates":[16.787409,52.479057]},"properties":{"lines":"837","color":"#0059a9","mode":"bus","arr":["837"],"angle":-57.4,"extra":1}},{"type":"Feature","geometry":{"type":"Point","coordinates":[16.792455,52.482891]},"properties":{"lines":"837","color":"#0059a9","mode":"bus","arr":["837"],"angle":-44.1,"extra":1}},{"type":"Feature","geometry":{"type":"Point","coordinates":[16.797427,52.490922]},"properties":{"lines":"837","color":"#0059a9","mode":"bus","arr":["837"],"angle":74.9,"extra":1}},{"type":"Feature","geometry":{"type":"Point","coordinates":[16.796756,52.495086]},"properties":{"lines":"837","color":"#0059a9","mode":"bus","arr":["837"],"angle":-1,"extra":1}},{"type":"Feature","geometry":{"type":"Point","coordinates":[16.889137,52.47486]},"properties":{"lines":"901, 904, 905","color":"#0059a9","mode":"bus","arr":["901","904","905"],"angle":4.1}},{"type":"Feature","geometry":{"type":"Point","coordinates":[16.898734,52.472987]},"properties":{"lines":"901, 904, 905","color":"#0059a9","mode":"bus","arr":["901","904","905"],"angle":38.4,"extra":1}},{"type":"Feature","geometry":{"type":"Point","coordinates":[16.883405,52.475114]},"properties":{"lines":"901, 904, 905","color":"#0059a9","mode":"bus","arr":["901","904","905"],"angle":4.2,"extra":1}},{"type":"Feature","geometry":{"type":"Point","coordinates":[16.877863,52.473245]},"properties":{"lines":"901, 904, 905","color":"#0059a9","mode":"bus","arr":["901","904","905"],"angle":-54.2,"extra":1}},{"type":"Feature","geometry":{"type":"Point","coordinates":[16.875448,52.471055]},"properties":{"lines":"901","color":"#0059a9","mode":"bus","arr":["901"],"angle":-63.6}},{"type":"Feature","geometry":{"type":"Point","coordinates":[16.862131,52.475021]},"properties":{"lines":"901","color":"#0059a9","mode":"bus","arr":["901"],"angle":60.4}},{"type":"Feature","geometry":{"type":"Point","coordinates":[16.865659,52.472493]},"properties":{"lines":"901","color":"#0059a9","mode":"bus","arr":["901"],"angle":42.1,"extra":1}},{"type":"Feature","geometry":{"type":"Point","coordinates":[16.848328,52.482939]},"properties":{"lines":"901","color":"#0059a9","mode":"bus","arr":["901"],"angle":35}},{"type":"Feature","geometry":{"type":"Point","coordinates":[16.857352,52.480228]},"properties":{"lines":"901","color":"#0059a9","mode":"bus","arr":["901"],"angle":39,"extra":1}},{"type":"Feature","geometry":{"type":"Point","coordinates":[16.845304,52.486054]},"properties":{"lines":"901","color":"#0059a9","mode":"bus","arr":["901"],"angle":-19,"extra":1}},{"type":"Feature","geometry":{"type":"Point","coordinates":[16.852229,52.485694]},"properties":{"lines":"901","color":"#0059a9","mode":"bus","arr":["901"],"angle":-21.1}},{"type":"Feature","geometry":{"type":"Point","coordinates":[16.855619,52.486672]},"properties":{"lines":"901, 904","color":"#0059a9","mode":"bus","arr":["901","904"],"angle":-34.8}},{"type":"Feature","geometry":{"type":"Point","coordinates":[16.856114,52.488148]},"properties":{"lines":"901, 904","color":"#0059a9","mode":"bus","arr":["901","904"],"angle":48.6}},{"type":"Feature","geometry":{"type":"Point","coordinates":[16.854153,52.488969]},"properties":{"lines":"901, 904","color":"#0059a9","mode":"bus","arr":["901","904"],"angle":-84.4}},{"type":"Feature","geometry":{"type":"Point","coordinates":[16.836804,52.489984]},"properties":{"lines":"904, 905","color":"#0059a9","mode":"bus","arr":["904","905"],"angle":-32.8}},{"type":"Feature","geometry":{"type":"Point","coordinates":[16.841472,52.491819]},"properties":{"lines":"904, 905","color":"#0059a9","mode":"bus","arr":["904","905"],"angle":-33,"extra":1}},{"type":"Feature","geometry":{"type":"Point","coordinates":[16.836601,52.495777]},"properties":{"lines":"905","color":"#0059a9","mode":"bus","arr":["905"],"angle":69.1}},{"type":"Feature","geometry":{"type":"Point","coordinates":[16.836047,52.508289]},"properties":{"lines":"905, 907","color":"#0059a9","mode":"bus","arr":["905","907"],"angle":-44.4}},{"type":"Feature","geometry":{"type":"Point","coordinates":[16.837065,52.513017]},"properties":{"lines":"905, 907","color":"#0059a9","mode":"bus","arr":["905","907"],"angle":46.5}},{"type":"Feature","geometry":{"type":"Point","coordinates":[16.832552,52.520271]},"properties":{"lines":"905, 907","color":"#0059a9","mode":"bus","arr":["905","907"],"angle":81.3}},{"type":"Feature","geometry":{"type":"Point","coordinates":[16.832196,52.515045]},"properties":{"lines":"905, 907","color":"#0059a9","mode":"bus","arr":["905","907"],"angle":77.2,"extra":1}},{"type":"Feature","geometry":{"type":"Point","coordinates":[16.832882,52.524841]},"properties":{"lines":"905, 907","color":"#0059a9","mode":"bus","arr":["905","907"],"angle":-80.6,"extra":1}},{"type":"Feature","geometry":{"type":"Point","coordinates":[16.83019,52.520491]},"properties":{"lines":"905, 907","color":"#0059a9","mode":"bus","arr":["905","907"],"angle":52.3}},{"type":"Feature","geometry":{"type":"Point","coordinates":[16.832969,52.525934]},"properties":{"lines":"905, 907","color":"#0059a9","mode":"bus","arr":["905","907"],"angle":-80.9,"extra":1}},{"type":"Feature","geometry":{"type":"Point","coordinates":[16.831917,52.517177]},"properties":{"lines":"905, 907","color":"#0059a9","mode":"bus","arr":["905","907"],"angle":-81.8,"extra":1}},{"type":"Feature","geometry":{"type":"Point","coordinates":[16.797866,52.554102]},"properties":{"lines":"905, 907","color":"#0059a9","mode":"bus","arr":["905","907"],"angle":89.4}},{"type":"Feature","geometry":{"type":"Point","coordinates":[16.831915,52.534846]},"properties":{"lines":"905, 907","color":"#0059a9","mode":"bus","arr":["905","907"],"angle":-14.3,"extra":1}},{"type":"Feature","geometry":{"type":"Point","coordinates":[16.823858,52.535154]},"properties":{"lines":"905, 907","color":"#0059a9","mode":"bus","arr":["905","907"],"angle":-2.2,"extra":1}},{"type":"Feature","geometry":{"type":"Point","coordinates":[16.816003,52.535692]},"properties":{"lines":"905, 907","color":"#0059a9","mode":"bus","arr":["905","907"],"angle":27.6,"extra":1}},{"type":"Feature","geometry":{"type":"Point","coordinates":[16.808836,52.538012]},"properties":{"lines":"905, 907","color":"#0059a9","mode":"bus","arr":["905","907"],"angle":28.1,"extra":1}},{"type":"Feature","geometry":{"type":"Point","coordinates":[16.804794,52.541904]},"properties":{"lines":"905, 907","color":"#0059a9","mode":"bus","arr":["905","907"],"angle":62.9,"extra":1}},{"type":"Feature","geometry":{"type":"Point","coordinates":[16.800463,52.546053]},"properties":{"lines":"905, 907","color":"#0059a9","mode":"bus","arr":["905","907"],"angle":48.6,"extra":1}},{"type":"Feature","geometry":{"type":"Point","coordinates":[16.797951,52.550432]},"properties":{"lines":"905, 907","color":"#0059a9","mode":"bus","arr":["905","907"],"angle":89,"extra":1}},{"type":"Feature","geometry":{"type":"Point","coordinates":[16.797791,52.560322]},"properties":{"lines":"905, 907","color":"#0059a9","mode":"bus","arr":["905","907"],"angle":-85.3,"extra":1}},{"type":"Feature","geometry":{"type":"Point","coordinates":[16.804551,52.559824]},"properties":{"lines":"905, 907","color":"#0059a9","mode":"bus","arr":["905","907"],"angle":-8.1,"extra":1}},{"type":"Feature","geometry":{"type":"Point","coordinates":[16.812571,52.560577]},"properties":{"lines":"905, 907","color":"#0059a9","mode":"bus","arr":["905","907"],"angle":-8.6,"extra":1}},{"type":"Feature","geometry":{"type":"Point","coordinates":[16.820648,52.560345]},"properties":{"lines":"905, 907","color":"#0059a9","mode":"bus","arr":["905","907"],"angle":4.5,"extra":1}},{"type":"Feature","geometry":{"type":"Point","coordinates":[16.828728,52.559905]},"properties":{"lines":"905, 907","color":"#0059a9","mode":"bus","arr":["905","907"],"angle":-0.8,"extra":1}},{"type":"Feature","geometry":{"type":"Point","coordinates":[16.836757,52.559848]},"properties":{"lines":"905, 907","color":"#0059a9","mode":"bus","arr":["905","907"],"angle":24.6,"extra":1}},{"type":"Feature","geometry":{"type":"Point","coordinates":[16.849653,52.556377]},"properties":{"lines":"905, 907","color":"#0059a9","mode":"bus","arr":["905","907"],"angle":23.9}},{"type":"Feature","geometry":{"type":"Point","coordinates":[16.84516,52.55746]},"properties":{"lines":"905, 907","color":"#0059a9","mode":"bus","arr":["905","907"],"angle":19.5,"extra":1}},{"type":"Feature","geometry":{"type":"Point","coordinates":[16.866946,52.210191]},"properties":{"lines":"PKS","color":"#0059a9","mode":"bus","arr":["PKS"],"angle":63.5}},{"type":"Feature","geometry":{"type":"Point","coordinates":[16.854163,52.225624]},"properties":{"lines":"PKS","color":"#0059a9","mode":"bus","arr":["PKS"],"angle":63.1,"extra":1}},{"type":"Feature","geometry":{"type":"Point","coordinates":[16.857816,52.221207]},"properties":{"lines":"PKS","color":"#0059a9","mode":"bus","arr":["PKS"],"angle":63.4,"extra":1}},{"type":"Feature","geometry":{"type":"Point","coordinates":[16.861475,52.216792]},"properties":{"lines":"PKS","color":"#0059a9","mode":"bus","arr":["PKS"],"angle":63.1,"extra":1}},{"type":"Feature","geometry":{"type":"Point","coordinates":[16.872462,52.203551]},"properties":{"lines":"PKS","color":"#0059a9","mode":"bus","arr":["PKS"],"angle":63.1,"extra":1}},{"type":"Feature","geometry":{"type":"Point","coordinates":[16.87616,52.199149]},"properties":{"lines":"PKS","color":"#0059a9","mode":"bus","arr":["PKS"],"angle":61.8,"extra":1}},{"type":"Feature","geometry":{"type":"Point","coordinates":[16.879816,52.194765]},"properties":{"lines":"PKS","color":"#0059a9","mode":"bus","arr":["PKS"],"angle":75.6,"extra":1}},{"type":"Feature","geometry":{"type":"Point","coordinates":[16.850566,52.251027]},"properties":{"lines":"PKS","color":"#0059a9","mode":"bus","arr":["PKS"],"angle":-79.7}},{"type":"Feature","geometry":{"type":"Point","coordinates":[16.855086,52.291581]},"properties":{"lines":"PKS","color":"#0059a9","mode":"bus","arr":["PKS"],"angle":-58.8}},{"type":"Feature","geometry":{"type":"Point","coordinates":[16.848739,52.28288]},"properties":{"lines":"PKS","color":"#0059a9","mode":"bus","arr":["PKS"],"angle":-84.3,"extra":1}},{"type":"Feature","geometry":{"type":"Point","coordinates":[16.850782,52.287525]},"properties":{"lines":"PKS","color":"#0059a9","mode":"bus","arr":["PKS"],"angle":-48,"extra":1}},{"type":"Feature","geometry":{"type":"Point","coordinates":[16.859559,52.29583]},"properties":{"lines":"PKS","color":"#0059a9","mode":"bus","arr":["PKS"],"angle":-62.9,"extra":1}},{"type":"Feature","geometry":{"type":"Point","coordinates":[16.864154,52.299882]},"properties":{"lines":"PKS","color":"#0059a9","mode":"bus","arr":["PKS"],"angle":-46.4,"extra":1}},{"type":"Feature","geometry":{"type":"Point","coordinates":[16.920052,52.379117]},"properties":{"lines":"PKS","color":"#0059a9","mode":"bus","arr":["PKS"],"angle":-74.1}},{"type":"Feature","geometry":{"type":"Point","coordinates":[16.919333,52.394561]},"properties":{"lines":"PKS","color":"#0059a9","mode":"bus","arr":["PKS"],"angle":83.3}},{"type":"Feature","geometry":{"type":"Point","coordinates":[16.914566,52.401274]},"properties":{"lines":"PKS","color":"#0059a9","mode":"bus","arr":["PKS"],"angle":-71.9}},{"type":"Feature","geometry":{"type":"Point","coordinates":[16.919241,52.402028]},"properties":{"lines":"PKS","color":"#0059a9","mode":"bus","arr":["PKS"],"angle":20.1}},{"type":"Feature","geometry":{"type":"Point","coordinates":[16.926214,52.395807]},"properties":{"lines":"PKS","color":"#0059a9","mode":"bus","arr":["PKS"],"angle":-80.6}},{"type":"Feature","geometry":{"type":"Point","coordinates":[16.925319,52.392738]},"properties":{"lines":"PKS","color":"#0059a9","mode":"bus","arr":["PKS"],"angle":-83.2,"extra":1}},{"type":"Feature","geometry":{"type":"Point","coordinates":[16.983605,52.387042]},"properties":{"lines":"T1","color":"#0059a9","mode":"bus","arr":["T1"],"angle":27.2}},{"type":"Feature","geometry":{"type":"Point","coordinates":[17.076385,52.445126]},"properties":{"lines":"400, 412","color":"#0059a9","mode":"bus","arr":["400","412"],"angle":80}},{"type":"Feature","geometry":{"type":"Point","coordinates":[17.275076,52.212182]},"properties":{"lines":"582","color":"#0059a9","mode":"bus","arr":["582"],"angle":-34.5}},{"type":"Feature","geometry":{"type":"Point","coordinates":[16.885091,52.320548]},"properties":{"lines":"602, 603, 651, 690, PKS","color":"#0059a9","mode":"bus","arr":["602","603","651","690","PKS"],"angle":6.1}},{"type":"Feature","geometry":{"type":"Point","coordinates":[16.885171,52.320662]},"properties":{"lines":"602, 603, 651, 690, PKS","color":"#0059a9","mode":"bus","arr":["602","603","651","690","PKS"],"angle":-8.1}},{"type":"Feature","geometry":{"type":"Point","coordinates":[16.849355,52.388348]},"properties":{"lines":"1, 13, 15","color":"#d6212b","mode":"tram","arr":["1","13","15","122","177","214","224","715","716","717","727","803"],"busLines":"122, 177, 214, 224, 715, 716, 717, 727, 803","angle":-68}},{"type":"Feature","geometry":{"type":"Point","coordinates":[16.837869,52.38462]},"properties":{"lines":"1, 13, 15","color":"#d6212b","mode":"tram","arr":["1","13","15","122","177","214","224","715","716","717","727","803"],"busLines":"122, 177, 214, 224, 715, 716, 717, 727, 803","angle":-32.1,"extra":1}},{"type":"Feature","geometry":{"type":"Point","coordinates":[16.845034,52.386871]},"properties":{"lines":"1, 13, 15","color":"#d6212b","mode":"tram","arr":["1","13","15","122","177","214","224","715","716","717","727","803"],"busLines":"122, 177, 214, 224, 715, 716, 717, 727, 803","angle":-26.1,"extra":1}},{"type":"Feature","geometry":{"type":"Point","coordinates":[16.84845,52.388318]},"properties":{"lines":"6","color":"#d6212b","mode":"tram","arr":["6","214","224"],"busLines":"214, 224","angle":-14.3}},{"type":"Feature","geometry":{"type":"Point","coordinates":[16.848836,52.388356]},"properties":{"lines":"6","color":"#d6212b","mode":"tram","arr":["6","214","224"],"busLines":"214, 224","angle":8.4}},{"type":"Feature","geometry":{"type":"Point","coordinates":[16.867555,52.396819]},"properties":{"lines":"1, 6, 13, 15","color":"#d6212b","mode":"tram","arr":["1","6","13","15","122","193","214","224"],"busLines":"122, 193, 214, 224","angle":-23.2}},{"type":"Feature","geometry":{"type":"Point","coordinates":[16.852633,52.389536]},"properties":{"lines":"1, 6, 13, 15","color":"#d6212b","mode":"tram","arr":["1","6","13","15","122","193","214","224"],"busLines":"122, 193, 214, 224","angle":-34.6,"extra":1}},{"type":"Feature","geometry":{"type":"Point","coordinates":[16.858765,52.392764]},"properties":{"lines":"1, 6, 13, 15","color":"#d6212b","mode":"tram","arr":["1","6","13","15","122","193","214","224"],"busLines":"122, 193, 214, 224","angle":-45.4,"extra":1}},{"type":"Feature","geometry":{"type":"Point","coordinates":[16.872031,52.397982]},"properties":{"lines":"1, 6, 13, 15","color":"#d6212b","mode":"tram","arr":["1","6","13","15","122","193","214","224"],"busLines":"122, 193, 214, 224","angle":-22.2,"extra":1}},{"type":"Feature","geometry":{"type":"Point","coordinates":[16.879539,52.399857]},"properties":{"lines":"1, 6, 13, 15","color":"#d6212b","mode":"tram","arr":["1","6","13","15","122","193","214","224"],"busLines":"122, 193, 214, 224","angle":-22.9,"extra":1}},{"type":"Feature","geometry":{"type":"Point","coordinates":[16.88692,52.40191]},"properties":{"lines":"1, 6, 13, 15","color":"#d6212b","mode":"tram","arr":["1","6","13","15","122","193","214","224"],"busLines":"122, 193, 214, 224","angle":-26.9,"extra":1}},{"type":"Feature","geometry":{"type":"Point","coordinates":[16.9001,52.40549]},"properties":{"lines":"6, 13, 15","color":"#d6212b","mode":"tram","arr":["6","13","15"],"angle":-29.3}},{"type":"Feature","geometry":{"type":"Point","coordinates":[16.892915,52.403455]},"properties":{"lines":"6, 13, 15","color":"#d6212b","mode":"tram","arr":["6","13","15"],"angle":-23.6,"extra":1}},{"type":"Feature","geometry":{"type":"Point","coordinates":[16.908071,52.406736]},"properties":{"lines":"6, 13, 15","color":"#d6212b","mode":"tram","arr":["6","13","15"],"angle":-3.7,"extra":1}},{"type":"Feature","geometry":{"type":"Point","coordinates":[16.888516,52.409182]},"properties":{"lines":"7","color":"#d6212b","mode":"tram","arr":["7","105","145","169","195","835","837"],"busLines":"105, 145, 169, 195, 835, 837","angle":-83}},{"type":"Feature","geometry":{"type":"Point","coordinates":[16.890161,52.413154]},"properties":{"lines":"7","color":"#d6212b","mode":"tram","arr":["7","105","145","169","195","835","837"],"busLines":"105, 145, 169, 195, 835, 837","angle":-69.7,"extra":1}},{"type":"Feature","geometry":{"type":"Point","coordinates":[16.888918,52.403419]},"properties":{"lines":"7","color":"#d6212b","mode":"tram","arr":["7","105","145","169","195","835","837"],"busLines":"105, 145, 169, 195, 835, 837","angle":82.2,"extra":1}},{"type":"Feature","geometry":{"type":"Point","coordinates":[16.887242,52.395024]},"properties":{"lines":"1, 7","color":"#d6212b","mode":"tram","arr":["1","7","145","164","179","214","224"],"busLines":"145, 164, 179, 214, 224","angle":-71.2}},{"type":"Feature","geometry":{"type":"Point","coordinates":[16.889371,52.400168]},"properties":{"lines":"1, 7","color":"#d6212b","mode":"tram","arr":["1","7","145","164","179","214","224"],"busLines":"145, 164, 179, 214, 224","angle":-88.5,"extra":1}},{"type":"Feature","geometry":{"type":"Point","coordinates":[16.889713,52.391708]},"properties":{"lines":"1, 7","color":"#d6212b","mode":"tram","arr":["1","7","145","164","179","214","224"],"busLines":"145, 164, 179, 214, 224","angle":31,"extra":1}},{"type":"Feature","geometry":{"type":"Point","coordinates":[16.903897,52.386768]},"properties":{"lines":"1, 7, 10, 11, 12","color":"#d6212b","mode":"tram","arr":["1","7","10","11","12","179","218"],"busLines":"179, 218","angle":26.6}},{"type":"Feature","geometry":{"type":"Point","coordinates":[16.897697,52.388911]},"properties":{"lines":"1, 7, 10, 11, 12","color":"#d6212b","mode":"tram","arr":["1","7","10","11","12","179","218"],"busLines":"179, 218","angle":29.7,"extra":1}},{"type":"Feature","geometry":{"type":"Point","coordinates":[16.912751,52.385793]},"properties":{"lines":"1, 7, 10, 11, 12","color":"#d6212b","mode":"tram","arr":["1","7","10","11","12","179","218"],"busLines":"179, 218","angle":26.1,"extra":1}},{"type":"Feature","geometry":{"type":"Point","coordinates":[16.928623,52.382818]},"properties":{"lines":"1, 11, 12","color":"#d6212b","mode":"tram","arr":["1","11","12","176","215","218","PKS"],"busLines":"176, 215, 218, PKS","angle":10.3}},{"type":"Feature","geometry":{"type":"Point","coordinates":[16.918082,52.384043]},"properties":{"lines":"1, 11, 12","color":"#d6212b","mode":"tram","arr":["1","11","12","176","215","218","PKS"],"busLines":"176, 215, 218, PKS","angle":12.3,"extra":1}},{"type":"Feature","geometry":{"type":"Point","coordinates":[16.934009,52.382153]},"properties":{"lines":"1, 11, 12","color":"#d6212b","mode":"tram","arr":["1","11","12","176","215","218","PKS"],"busLines":"176, 215, 218, PKS","angle":13.9,"extra":1}},{"type":"Feature","geometry":{"type":"Point","coordinates":[16.941693,52.38062]},"properties":{"lines":"1, 11, 12","color":"#d6212b","mode":"tram","arr":["1","11","12","176","215","218","PKS"],"busLines":"176, 215, 218, PKS","angle":25.3,"extra":1}},{"type":"Feature","geometry":{"type":"Point","coordinates":[16.943163,52.380184]},"properties":{"lines":"1, 11","color":"#d6212b","mode":"tram","arr":["1","11"],"angle":26.4}},{"type":"Feature","geometry":{"type":"Point","coordinates":[16.949645,52.378065]},"properties":{"lines":"1, 11, 13, 16","color":"#d6212b","mode":"tram","arr":["1","11","13","16"],"angle":30}},{"type":"Feature","geometry":{"type":"Point","coordinates":[16.954375,52.376652]},"properties":{"lines":"1, 11, 13, 16","color":"#d6212b","mode":"tram","arr":["1","11","13","16"],"angle":25,"extra":1}},{"type":"Feature","geometry":{"type":"Point","coordinates":[16.978687,52.389145]},"properties":{"lines":"1, 3, 13, 16, 18, 201","color":"#d6212b","mode":"tram","arr":["1","3","13","16","18","201"],"angle":78.8}},{"type":"Feature","geometry":{"type":"Point","coordinates":[16.958543,52.378394]},"properties":{"lines":"1, 3, 13, 16, 18, 201","color":"#d6212b","mode":"tram","arr":["1","3","13","16","18","201"],"angle":-31.2,"extra":1}},{"type":"Feature","geometry":{"type":"Point","coordinates":[16.965748,52.380546]},"properties":{"lines":"1, 3, 13, 16, 18, 201","color":"#d6212b","mode":"tram","arr":["1","3","13","16","18","201"],"angle":-42.6,"extra":1}},{"type":"Feature","geometry":{"type":"Point","coordinates":[16.97076,52.38441]},"properties":{"lines":"1, 3, 13, 16, 18, 201","color":"#d6212b","mode":"tram","arr":["1","3","13","16","18","201"],"angle":-38.8,"extra":1}},{"type":"Feature","geometry":{"type":"Point","coordinates":[16.975714,52.391316]},"properties":{"lines":"1, 3, 13, 16, 18, 201","color":"#d6212b","mode":"tram","arr":["1","3","13","16","18","201"],"angle":38.9,"extra":1}},{"type":"Feature","geometry":{"type":"Point","coordinates":[16.968448,52.393419]},"properties":{"lines":"1, 3, 13, 16, 18, 201","color":"#d6212b","mode":"tram","arr":["1","3","13","16","18","201"],"angle":38.6,"extra":1}},{"type":"Feature","geometry":{"type":"Point","coordinates":[16.962503,52.396773]},"properties":{"lines":"1, 3, 13, 16, 18, 201","color":"#d6212b","mode":"tram","arr":["1","3","13","16","18","201"],"angle":38.7,"extra":1}},{"type":"Feature","geometry":{"type":"Point","coordinates":[16.955078,52.398709]},"properties":{"lines":"1, 3, 13, 16, 18, 201","color":"#d6212b","mode":"tram","arr":["1","3","13","16","18","201"],"angle":19.7,"extra":1}},{"type":"Feature","geometry":{"type":"Point","coordinates":[16.953054,52.374325]},"properties":{"lines":"3, 11, 18, 201","color":"#d6212b","mode":"tram","arr":["3","11","18","201","217"],"busLines":"217","angle":-52.3}},{"type":"Feature","geometry":{"type":"Point","coordinates":[16.95049,52.372574]},"properties":{"lines":"3, 11, 18, 201","color":"#d6212b","mode":"tram","arr":["3","11","18","201"],"angle":-14.2}},{"type":"Feature","geometry":{"type":"Point","coordinates":[16.941665,52.402783]},"properties":{"lines":"3, 5, 8, 13, 16, 201","color":"#d6212b","mode":"tram","arr":["3","5","8","13","16","201","220","221"],"busLines":"220, 221","angle":14.6}},{"type":"Feature","geometry":{"type":"Point","coordinates":[16.948944,52.400565]},"properties":{"lines":"3, 5, 8, 13, 16, 201","color":"#d6212b","mode":"tram","arr":["3","5","8","13","16","201","220","221"],"busLines":"220, 221","angle":30.5,"extra":1}},{"type":"Feature","geometry":{"type":"Point","coordinates":[16.934733,52.404693]},"properties":{"lines":"3, 5, 8, 13, 16, 201","color":"#d6212b","mode":"tram","arr":["3","5","8","13","16","201","220","221"],"busLines":"220, 221","angle":30.9,"extra":1}},{"type":"Feature","geometry":{"type":"Point","coordinates":[16.953935,52.404748]},"properties":{"lines":"1, 5, 6, 7, 8","color":"#d6212b","mode":"tram","arr":["1","5","6","7","8","157","184","217","220","221","227"],"busLines":"157, 184, 217, 220, 221, 227","angle":82.2}},{"type":"Feature","geometry":{"type":"Point","coordinates":[16.95498,52.407841]},"properties":{"lines":"1, 5, 6, 7, 8","color":"#d6212b","mode":"tram","arr":["1","5","6","7","8","157","184","217","220","221","227"],"busLines":"157, 184, 217, 220, 221, 227","angle":-65.9,"extra":1}},{"type":"Feature","geometry":{"type":"Point","coordinates":[16.979279,52.4093]},"properties":{"lines":"6, 7, 8","color":"#d6212b","mode":"tram","arr":["6","7","8","184","213","223","400","401","405","406","407"],"busLines":"184, 213, 223, 400, 401, 405, 406, 407","angle":2.9}},{"type":"Feature","geometry":{"type":"Point","coordinates":[16.960221,52.409446]},"properties":{"lines":"6, 7, 8","color":"#d6212b","mode":"tram","arr":["6","7","8","184","213","223","400","401","405","406","407"],"busLines":"184, 213, 223, 400, 401, 405, 406, 407","angle":24.9,"extra":1}},{"type":"Feature","geometry":{"type":"Point","coordinates":[16.968145,52.40893]},"properties":{"lines":"6, 7, 8","color":"#d6212b","mode":"tram","arr":["6","7","8","184","213","223","400","401","405","406","407"],"busLines":"184, 213, 223, 400, 401, 405, 406, 407","angle":-3.4,"extra":1}},{"type":"Feature","geometry":{"type":"Point","coordinates":[16.984331,52.409513]},"properties":{"lines":"6, 7, 8","color":"#d6212b","mode":"tram","arr":["6","7","8","184","213","223","400","401","405","406","407"],"busLines":"184, 213, 223, 400, 401, 405, 406, 407","angle":-3.4,"extra":1}},{"type":"Feature","geometry":{"type":"Point","coordinates":[16.992432,52.409768]},"properties":{"lines":"6, 7, 8","color":"#d6212b","mode":"tram","arr":["6","7","8","184","213","223","400","401","405","406","407"],"busLines":"184, 213, 223, 400, 401, 405, 406, 407","angle":-3.6,"extra":1}},{"type":"Feature","geometry":{"type":"Point","coordinates":[17.000533,52.410058]},"properties":{"lines":"6, 7, 8","color":"#d6212b","mode":"tram","arr":["6","7","8","184","213","223","400","401","405","406","407"],"busLines":"184, 213, 223, 400, 401, 405, 406, 407","angle":-3.4,"extra":1}},{"type":"Feature","geometry":{"type":"Point","coordinates":[16.957789,52.413669]},"properties":{"lines":"1, 5","color":"#d6212b","mode":"tram","arr":["1","5","173","178","183","185","217","227","312","320","323","341","342","412"],"busLines":"173, 178, 183, 185, 217, 227, 312, 320, 323, 341, 342, 412","angle":-18.7}},{"type":"Feature","geometry":{"type":"Point","coordinates":[16.957418,52.410772]},"properties":{"lines":"1, 5","color":"#d6212b","mode":"tram","arr":["1","5","173","178","183","185","217","227","312","320","323","341","342","412"],"busLines":"173, 178, 183, 185, 217, 227, 312, 320, 323, 341, 342, 412","angle":-61.5,"extra":1}},{"type":"Feature","geometry":{"type":"Point","coordinates":[16.945846,52.396872]},"properties":{"lines":"6, 7, 18","color":"#d6212b","mode":"tram","arr":["6","7","18","152","154","162","166","167","174","181","184","190","196","212","217","220","221","222","227","425","431","432","433","501","502","503","511","512","560","911"],"busLines":"152, 154, 162, 166, 167, 174, 181, 184, 190, 196, 212, 217 +15","angle":21.1}},{"type":"Feature","geometry":{"type":"Point","coordinates":[16.951104,52.396971]},"properties":{"lines":"6, 7, 18","color":"#d6212b","mode":"tram","arr":["6","7","18","152","154","162","166","167","174","181","184","190","196","212","217","220","221","222","227","425","431","432","433","501","502","503","511","512","560","911"],"busLines":"152, 154, 162, 166, 167, 174, 181, 184, 190, 196, 212, 217 +15","angle":-70.8,"extra":1}},{"type":"Feature","geometry":{"type":"Point","coordinates":[16.937129,52.398891]},"properties":{"lines":"6, 7, 18","color":"#d6212b","mode":"tram","arr":["6","7","18","152","154","162","166","167","174","181","184","190","196","212","217","220","221","222","227","425","431","432","433","501","502","503","511","512","560","911"],"busLines":"152, 154, 162, 166, 167, 174, 181, 184, 190, 196, 212, 217 +15","angle":15.8,"extra":1}},{"type":"Feature","geometry":{"type":"Point","coordinates":[16.900231,52.395538]},"properties":{"lines":"5, 10, 11, 12, 14, 17","color":"#d6212b","mode":"tram","arr":["5","10","11","12","14","17","145","213","214","218","223","224"],"busLines":"145, 213, 214, 218, 223, 224","angle":-56.2}},{"type":"Feature","geometry":{"type":"Point","coordinates":[16.896494,52.392158]},"properties":{"lines":"5, 10, 11, 12, 14, 17","color":"#d6212b","mode":"tram","arr":["5","10","11","12","14","17","145","213","214","218","223","224"],"busLines":"145, 213, 214, 218, 223, 224","angle":-55.9,"extra":1}},{"type":"Feature","geometry":{"type":"Point","coordinates":[16.906029,52.400126]},"properties":{"lines":"5, 10, 11, 12, 14, 17","color":"#d6212b","mode":"tram","arr":["5","10","11","12","14","17","145","213","214","218","223","224"],"busLines":"145, 213, 214, 218, 223, 224","angle":-43.4,"extra":1}},{"type":"Feature","geometry":{"type":"Point","coordinates":[16.888449,52.385041]},"properties":{"lines":"5, 14, 17","color":"#d6212b","mode":"tram","arr":["5","14","17","149","175","180","213","223","610","614","616","701","702","703","704","707","710"],"busLines":"149, 175, 180, 213, 223, 610, 614, 616, 701, 702, 703, 704, 707, 710","angle":-52}},{"type":"Feature","geometry":{"type":"Point","coordinates":[16.891918,52.388038]},"properties":{"lines":"5, 14, 17","color":"#d6212b","mode":"tram","arr":["5","14","17","149","175","180","213","223","610","614","616","701","702","703","704","707","710"],"busLines":"149, 175, 180, 213, 223, 610, 614, 616, 701, 702, 703, 704, 707, 710","angle":-55.8,"extra":1}},{"type":"Feature","geometry":{"type":"Point","coordinates":[16.888539,52.385066]},"properties":{"lines":"5, 14, 17","color":"#d6212b","mode":"tram","arr":["5","14","17","149","175","180","213","223","610","614","616","701","702","703","704","707","710"],"busLines":"149, 175, 180, 213, 223, 610, 614, 616, 701, 702, 703, 704, 707, 710","angle":-52.1}},{"type":"Feature","geometry":{"type":"Point","coordinates":[16.884266,52.382695]},"properties":{"lines":"5, 14, 17","color":"#d6212b","mode":"tram","arr":["5","14","17","149","175","180","213","223","610","614","616","701","702","703","704","707","710"],"busLines":"149, 175, 180, 213, 223, 610, 614, 616, 701, 702, 703, 704, 707, 710","angle":-37.2,"extra":1}},{"type":"Feature","geometry":{"type":"Point","coordinates":[16.908484,52.378539]},"properties":{"lines":"2, 9, 10","color":"#d6212b","mode":"tram","arr":["2","9","10"],"angle":-59.7}},{"type":"Feature","geometry":{"type":"Point","coordinates":[16.912528,52.382903]},"properties":{"lines":"2, 9, 10","color":"#d6212b","mode":"tram","arr":["2","9","10"],"angle":-61.1,"extra":1}},{"type":"Feature","geometry":{"type":"Point","coordinates":[16.90462,52.374272]},"properties":{"lines":"2, 9, 10","color":"#d6212b","mode":"tram","arr":["2","9","10"],"angle":-60,"extra":1}},{"type":"Feature","geometry":{"type":"Point","coordinates":[16.922636,52.39435]},"properties":{"lines":"2, 7, 9","color":"#d6212b","mode":"tram","arr":["2","7","9","171","212","215","222","PKS"],"busLines":"171, 212, 215, 222, PKS","angle":-56.7}},{"type":"Feature","geometry":{"type":"Point","coordinates":[16.930939,52.399608]},"properties":{"lines":"2, 7, 9","color":"#d6212b","mode":"tram","arr":["2","7","9","171","212","215","222","PKS"],"busLines":"171, 212, 215, 222, PKS","angle":10.5,"extra":1}},{"type":"Feature","geometry":{"type":"Point","coordinates":[16.925065,52.397582]},"properties":{"lines":"2, 7, 9","color":"#d6212b","mode":"tram","arr":["2","7","9","171","212","215","222","PKS"],"busLines":"171, 212, 215, 222, PKS","angle":-71.6,"extra":1}},{"type":"Feature","geometry":{"type":"Point","coordinates":[16.918259,52.389148]},"properties":{"lines":"2, 7, 9","color":"#d6212b","mode":"tram","arr":["2","7","9","171","212","215","222","PKS"],"busLines":"171, 212, 215, 222, PKS","angle":-59.8,"extra":1}},{"type":"Feature","geometry":{"type":"Point","coordinates":[16.933849,52.40277]},"properties":{"lines":"2, 6, 9, 18","color":"#d6212b","mode":"tram","arr":["2","6","9","18"],"angle":71.8}},{"type":"Feature","geometry":{"type":"Point","coordinates":[16.931249,52.405787]},"properties":{"lines":"2, 6, 9, 18","color":"#d6212b","mode":"tram","arr":["2","6","9","18"],"angle":89.2,"extra":1}},{"type":"Feature","geometry":{"type":"Point","coordinates":[16.933775,52.402828]},"properties":{"lines":"2, 6, 9, 18","color":"#d6212b","mode":"tram","arr":["2","6","9","18"],"angle":71.4}},{"type":"Feature","geometry":{"type":"Point","coordinates":[16.931208,52.405771]},"properties":{"lines":"2, 6, 9, 18","color":"#d6212b","mode":"tram","arr":["2","6","9","18"],"angle":75.1,"extra":1}},{"type":"Feature","geometry":{"type":"Point","coordinates":[16.927663,52.407824]},"properties":{"lines":"2, 3, 5, 6, 8, 9, 13, 16, 18, 201","color":"#d6212b","mode":"tram","arr":["2","3","5","6","8","9","13","16","18","201"],"angle":6.2}},{"type":"Feature","geometry":{"type":"Point","coordinates":[16.926762,52.406136]},"properties":{"lines":"2, 3, 5, 6, 8, 9, 13, 16, 18, 201","color":"#d6212b","mode":"tram","arr":["2","3","5","6","8","9","13","16","18","201"],"angle":14}},{"type":"Feature","geometry":{"type":"Point","coordinates":[16.917916,52.409598]},"properties":{"lines":"2, 3, 4, 8, 9, 16","color":"#d6212b","mode":"tram","arr":["2","3","4","8","9","16"],"angle":19.9}},{"type":"Feature","geometry":{"type":"Point","coordinates":[16.929891,52.410073]},"properties":{"lines":"4, 17","color":"#d6212b","mode":"tram","arr":["4","17"],"angle":20.1}},{"type":"Feature","geometry":{"type":"Point","coordinates":[16.902344,52.412996]},"properties":{"lines":"2, 8, 18","color":"#d6212b","mode":"tram","arr":["2","8","18","164","216","219","226"],"busLines":"164, 216, 219, 226","angle":19.8}},{"type":"Feature","geometry":{"type":"Point","coordinates":[16.909667,52.411401]},"properties":{"lines":"2, 8, 18","color":"#d6212b","mode":"tram","arr":["2","8","18","164","216","219","226"],"busLines":"164, 216, 219, 226","angle":19.7,"extra":1}},{"type":"Feature","geometry":{"type":"Point","coordinates":[16.894402,52.414757]},"properties":{"lines":"2, 8, 18","color":"#d6212b","mode":"tram","arr":["2","8","18","164","216","219","226"],"busLines":"164, 216, 219, 226","angle":19.6,"extra":1}},{"type":"Feature","geometry":{"type":"Point","coordinates":[16.890964,52.41554]},"properties":{"lines":"2, 7, 8, 18","color":"#d6212b","mode":"tram","arr":["2","7","8","18","182","191","193","195","219","835","837"],"busLines":"182, 191, 193, 195, 219, 835, 837","angle":24.9}},{"type":"Feature","geometry":{"type":"Point","coordinates":[16.886404,52.416513]},"properties":{"lines":"2, 7, 8, 18","color":"#d6212b","mode":"tram","arr":["2","7","8","18","182","191","193","195","219","835","837"],"busLines":"182, 191, 193, 195, 219, 835, 837","angle":19.9,"extra":1}},{"type":"Feature","geometry":{"type":"Point","coordinates":[16.921239,52.407669]},"properties":{"lines":"2, 5, 6, 8, 9, 13, 16, 17, 18, 201","color":"#d6212b","mode":"tram","arr":["2","5","6","8","9","13","16","17","18","201"],"angle":-78.9}},{"type":"Feature","geometry":{"type":"Point","coordinates":[16.915309,52.413493]},"properties":{"lines":"3, 4, 9, 10, 11","color":"#d6212b","mode":"tram","arr":["3","4","9","10","11","213","214","215","218","223","224"],"busLines":"213, 214, 215, 218, 223, 224","angle":-46.4}},{"type":"Feature","geometry":{"type":"Point","coordinates":[16.914074,52.41168]},"properties":{"lines":"15, 16","color":"#d6212b","mode":"tram","arr":["15","16","213","214","215","218","223","224"],"busLines":"213, 214, 215, 218, 223, 224","angle":-58.9}},{"type":"Feature","geometry":{"type":"Point","coordinates":[16.924476,52.42293]},"properties":{"lines":"3, 4, 10","color":"#d6212b","mode":"tram","arr":["3","4","10"],"angle":-59.3}},{"type":"Feature","geometry":{"type":"Point","coordinates":[16.920998,52.417697]},"properties":{"lines":"3, 4, 10","color":"#d6212b","mode":"tram","arr":["3","4","10"],"angle":-58.9,"extra":1}},{"type":"Feature","geometry":{"type":"Point","coordinates":[16.929334,52.425724]},"properties":{"lines":"3, 4, 10","color":"#d6212b","mode":"tram","arr":["3","4","10"],"angle":-26.8,"extra":1}},{"type":"Feature","geometry":{"type":"Point","coordinates":[16.947179,52.437236]},"properties":{"lines":"3, 10","color":"#d6212b","mode":"tram","arr":["3","10"],"angle":-82}},{"type":"Feature","geometry":{"type":"Point","coordinates":[16.939876,52.426238]},"properties":{"lines":"3, 10","color":"#d6212b","mode":"tram","arr":["3","10"],"angle":13.9,"extra":1}},{"type":"Feature","geometry":{"type":"Point","coordinates":[16.946,52.426521]},"properties":{"lines":"3, 10","color":"#d6212b","mode":"tram","arr":["3","10"],"angle":-57.9,"extra":1}},{"type":"Feature","geometry":{"type":"Point","coordinates":[16.945768,52.431178]},"properties":{"lines":"3, 10","color":"#d6212b","mode":"tram","arr":["3","10"],"angle":-86.9,"extra":1}},{"type":"Feature","geometry":{"type":"Point","coordinates":[16.946164,52.440891]},"properties":{"lines":"3, 10","color":"#d6212b","mode":"tram","arr":["3","10"],"angle":80.1,"extra":1}},{"type":"Feature","geometry":{"type":"Point","coordinates":[16.945191,52.445789]},"properties":{"lines":"3, 10","color":"#d6212b","mode":"tram","arr":["3","10"],"angle":89.8,"extra":1}},{"type":"Feature","geometry":{"type":"Point","coordinates":[16.944943,52.450732]},"properties":{"lines":"3, 10","color":"#d6212b","mode":"tram","arr":["3","10"],"angle":87.2,"extra":1}},{"type":"Feature","geometry":{"type":"Point","coordinates":[16.937039,52.432908]},"properties":{"lines":"4","color":"#d6212b","mode":"tram","arr":["4"],"angle":-66.6}},{"type":"Feature","geometry":{"type":"Point","coordinates":[16.936037,52.428656]},"properties":{"lines":"4","color":"#d6212b","mode":"tram","arr":["4"],"angle":-86,"extra":1}},{"type":"Feature","geometry":{"type":"Point","coordinates":[16.931954,52.434724]},"properties":{"lines":"4","color":"#d6212b","mode":"tram","arr":["4"],"angle":-12.4,"extra":1}},{"type":"Feature","geometry":{"type":"Point","coordinates":[16.912777,52.408912]},"properties":{"lines":"10, 11, 15, 18","color":"#d6212b","mode":"tram","arr":["10","11","15","18","212","213","214","215","216","218","222","223","224","226"],"busLines":"212, 213, 214, 215, 216, 218, 222, 223, 224, 226","angle":-75.9}},{"type":"Feature","geometry":{"type":"Point","coordinates":[16.912988,52.409274]},"properties":{"lines":"3, 10, 11","color":"#d6212b","mode":"tram","arr":["3","10","11","212","213","214","215","216","218","222","223","224","226"],"busLines":"212, 213, 214, 215, 216, 218, 222, 223, 224, 226","angle":-75.7}},{"type":"Feature","geometry":{"type":"Point","coordinates":[16.915045,52.407526]},"properties":{"lines":"3, 13, 201","color":"#d6212b","mode":"tram","arr":["3","13","201","163","168","169","215"],"busLines":"163, 168, 169, 215","angle":4.3}},{"type":"Feature","geometry":{"type":"Point","coordinates":[16.91925,52.407247]},"properties":{"lines":"3, 5, 6, 13, 17, 18, 201","color":"#d6212b","mode":"tram","arr":["3","5","6","13","17","18","201"],"angle":8.6}},{"type":"Feature","geometry":{"type":"Point","coordinates":[16.916513,52.403486]},"properties":{"lines":"5, 6, 17, 18","color":"#d6212b","mode":"tram","arr":["5","6","17","18","171","212","215","222"],"busLines":"171, 212, 215, 222","angle":86.5}},{"type":"Feature","geometry":{"type":"Point","coordinates":[16.909473,52.402078]},"properties":{"lines":"5, 10, 11, 17, 201","color":"#d6212b","mode":"tram","arr":["5","10","11","17","201","145","213","214","218","223","224"],"busLines":"145, 213, 214, 218, 223, 224","angle":-44.2}},{"type":"Feature","geometry":{"type":"Point","coordinates":[16.907309,52.400864]},"properties":{"lines":"5, 10, 11, 17","color":"#d6212b","mode":"tram","arr":["5","10","11","17","145","213","214","218","223","224"],"busLines":"145, 213, 214, 218, 223, 224","angle":-43.6}},{"type":"Feature","geometry":{"type":"Point","coordinates":[16.919777,52.407158]},"properties":{"lines":"5, 6, 13, 201","color":"#d6212b","mode":"tram","arr":["5","6","13","201"],"angle":9}},{"type":"Feature","geometry":{"type":"Point","coordinates":[16.9455,52.396919]},"properties":{"lines":"6, 7","color":"#d6212b","mode":"tram","arr":["6","7","152","154","162","166","167","174","181","184","190","196","212","217","220","221","222","227","425","431","432","433","501","502","503","511","512","560","911"],"busLines":"152, 154, 162, 166, 167, 174, 181, 184, 190, 196, 212, 217 +15","angle":21.3}},{"type":"Feature","geometry":{"type":"Point","coordinates":[16.951101,52.396859]},"properties":{"lines":"6, 7","color":"#d6212b","mode":"tram","arr":["6","7","152","154","162","166","167","174","181","184","190","196","212","217","220","221","222","227","425","431","432","433","501","502","503","511","512","560","911"],"busLines":"152, 154, 162, 166, 167, 174, 181, 184, 190, 196, 212, 217 +15","angle":-70.7,"extra":1}},{"type":"Feature","geometry":{"type":"Point","coordinates":[16.937019,52.398879]},"properties":{"lines":"6, 7","color":"#d6212b","mode":"tram","arr":["6","7","152","154","162","166","167","174","181","184","190","196","212","217","220","221","222","227","425","431","432","433","501","502","503","511","512","560","911"],"busLines":"152, 154, 162, 166, 167, 174, 181, 184, 190, 196, 212, 217 +15","angle":15.1,"extra":1}},{"type":"Feature","geometry":{"type":"Point","coordinates":[16.911499,52.40503]},"properties":{"lines":"6, 10, 11, 18, 201","color":"#d6212b","mode":"tram","arr":["6","10","11","18","201","213","214","218","223","224"],"busLines":"213, 214, 218, 223, 224","angle":-78.1}},{"type":"Feature","geometry":{"type":"Point","coordinates":[16.912272,52.406937]},"properties":{"lines":"10, 11, 13, 15, 18, 201","color":"#d6212b","mode":"tram","arr":["10","11","13","15","18","201","148","159","163","164","169","212","213","214","218","222","223","224"],"busLines":"148, 159, 163, 164, 169, 212, 213, 214, 218, 222, 223, 224","angle":-77.2}},{"type":"Feature","geometry":{"type":"Point","coordinates":[16.906584,52.427212]},"properties":{"lines":"9, 11","color":"#d6212b","mode":"tram","arr":["9","11"],"angle":-62.1}},{"type":"Feature","geometry":{"type":"Point","coordinates":[16.916709,52.41752]},"properties":{"lines":"9, 11","color":"#d6212b","mode":"tram","arr":["9","11"],"angle":43.8,"extra":1}},{"type":"Feature","geometry":{"type":"Point","coordinates":[16.910156,52.420414]},"properties":{"lines":"9, 11","color":"#d6212b","mode":"tram","arr":["9","11"],"angle":44.1,"extra":1}},{"type":"Feature","geometry":{"type":"Point","coordinates":[16.903439,52.423124]},"properties":{"lines":"9, 11","color":"#d6212b","mode":"tram","arr":["9","11"],"angle":44.9,"extra":1}},{"type":"Feature","geometry":{"type":"Point","coordinates":[16.911129,52.431366]},"properties":{"lines":"9, 11","color":"#d6212b","mode":"tram","arr":["9","11"],"angle":-82.9,"extra":1}},{"type":"Feature","geometry":{"type":"Point","coordinates":[16.9114,52.436308]},"properties":{"lines":"9, 11","color":"#d6212b","mode":"tram","arr":["9","11"],"angle":-88.6,"extra":1}},{"type":"Feature","geometry":{"type":"Point","coordinates":[16.910257,52.441043]},"properties":{"lines":"9, 11","color":"#d6212b","mode":"tram","arr":["9","11"],"angle":-75.2,"extra":1}},{"type":"Feature","geometry":{"type":"Point","coordinates":[16.919327,52.427484]},"properties":{"lines":"12, 14, 15, 16, 201","color":"#d6212b","mode":"tram","arr":["12","14","15","16","201"],"angle":-88.5}},{"type":"Feature","geometry":{"type":"Point","coordinates":[16.916963,52.461356]},"properties":{"lines":"12, 14, 15, 16, 201","color":"#d6212b","mode":"tram","arr":["12","14","15","16","201"],"angle":84.2,"extra":1}},{"type":"Feature","geometry":{"type":"Point","coordinates":[16.917575,52.456437]},"properties":{"lines":"12, 14, 15, 16, 201","color":"#d6212b","mode":"tram","arr":["12","14","15","16","201"],"angle":77.3,"extra":1}},{"type":"Feature","geometry":{"type":"Point","coordinates":[16.919435,52.451639]},"properties":{"lines":"12, 14, 15, 16, 201","color":"#d6212b","mode":"tram","arr":["12","14","15","16","201"],"angle":87.4,"extra":1}},{"type":"Feature","geometry":{"type":"Point","coordinates":[16.919697,52.446696]},"properties":{"lines":"12, 14, 15, 16, 201","color":"#d6212b","mode":"tram","arr":["12","14","15","16","201"],"angle":88.2,"extra":1}},{"type":"Feature","geometry":{"type":"Point","coordinates":[16.919956,52.441752]},"properties":{"lines":"12, 14, 15, 16, 201","color":"#d6212b","mode":"tram","arr":["12","14","15","16","201"],"angle":88.4,"extra":1}},{"type":"Feature","geometry":{"type":"Point","coordinates":[16.920161,52.436811]},"properties":{"lines":"12, 14, 15, 16, 201","color":"#d6212b","mode":"tram","arr":["12","14","15","16","201"],"angle":-86,"extra":1}},{"type":"Feature","geometry":{"type":"Point","coordinates":[16.91924,52.431906]},"properties":{"lines":"12, 14, 15, 16, 201","color":"#d6212b","mode":"tram","arr":["12","14","15","16","201"],"angle":-88,"extra":1}},{"type":"Feature","geometry":{"type":"Point","coordinates":[16.918321,52.422072]},"properties":{"lines":"12, 14, 15, 16, 201","color":"#d6212b","mode":"tram","arr":["12","14","15","16","201"],"angle":-75.4,"extra":1}},{"type":"Feature","geometry":{"type":"Point","coordinates":[16.916238,52.417292]},"properties":{"lines":"12, 14, 15, 16, 201","color":"#d6212b","mode":"tram","arr":["12","14","15","16","201"],"angle":-69.1,"extra":1}},{"type":"Feature","geometry":{"type":"Point","coordinates":[16.915272,52.412831]},"properties":{"lines":"12, 14, 15, 16, 201","color":"#d6212b","mode":"tram","arr":["12","14","15","16","201"],"angle":-77.3,"extra":1}},{"type":"Feature","geometry":{"type":"Point","coordinates":[16.911944,52.405225]},"properties":{"lines":"12, 14, 201","color":"#d6212b","mode":"tram","arr":["12","14","201"],"angle":-77.3}},{"type":"Feature","geometry":{"type":"Point","coordinates":[16.913829,52.410213]},"properties":{"lines":"12, 14, 201","color":"#d6212b","mode":"tram","arr":["12","14","201"],"angle":-78.7,"extra":1}},{"type":"Feature","geometry":{"type":"Point","coordinates":[16.909976,52.400629]},"properties":{"lines":"12, 14, 201","color":"#d6212b","mode":"tram","arr":["12","14","201"],"angle":-78.7,"extra":1}},{"type":"Feature","geometry":{"type":"Point","coordinates":[16.937333,52.373711]},"properties":{"lines":"12, 13, 16","color":"#d6212b","mode":"tram","arr":["12","13","16","221"],"busLines":"221","angle":-56.6}},{"type":"Feature","geometry":{"type":"Point","coordinates":[16.941861,52.377899]},"properties":{"lines":"12, 13, 16","color":"#d6212b","mode":"tram","arr":["12","13","16","221"],"busLines":"221","angle":-58.2,"extra":1}},{"type":"Feature","geometry":{"type":"Point","coordinates":[16.932993,52.369616]},"properties":{"lines":"12, 13, 16","color":"#d6212b","mode":"tram","arr":["12","13","16","221"],"busLines":"221","angle":-57.5,"extra":1}}]}