{"type":"FeatureCollection","features":[{"type":"Feature","geometry":{"type":"Point","coordinates":[16.828223,52.46419]},"properties":{"name":"Strzeszynek","lines":"105, 170, 195, 835, 837","arr":["105","170","195","835","837"],"terminus":1,"mode":"bus","color":"#0059a9","colorDark":"#00294f","angle":236.8,"snapDist":10,"label":1}},{"type":"Feature","geometry":{"type":"Point","coordinates":[16.843282,52.454796]},"properties":{"name":"Krajenecka","lines":"105, 170, 195, 835, 837","arr":["105","170","195","835","837"],"terminus":0,"mode":"bus","color":"#0059a9","colorDark":"#00294f","angle":213.9,"snapDist":9,"label":1}},{"type":"Feature","geometry":{"type":"Point","coordinates":[16.857117,52.445936]},"properties":{"name":"Kontryma","lines":"105, 170, 195, 226, 835, 837","arr":["105","170","195","226","835","837"],"terminus":0,"mode":"bus","color":"#0059a9","colorDark":"#00294f","angle":231.8,"snapDist":8,"label":1}},{"type":"Feature","geometry":{"type":"Point","coordinates":[16.860484,52.443384]},"properties":{"name":"Fieldorfa","lines":"105, 170, 195, 226, 835, 837","arr":["105","170","195","226","835","837"],"terminus":0,"mode":"bus","color":"#0059a9","colorDark":"#00294f","angle":50.9,"snapDist":2,"label":1}},{"type":"Feature","geometry":{"type":"Point","coordinates":[16.867814,52.44072]},"properties":{"name":"Żołnierzy Wyklętych","lines":"105, 170, 195, 226, 835, 837","arr":["105","170","195","226","835","837"],"terminus":0,"mode":"bus","color":"#0059a9","colorDark":"#00294f","angle":190.3,"snapDist":5,"label":1}},{"type":"Feature","geometry":{"type":"Point","coordinates":[16.871716,52.440286]},"properties":{"name":"Literacka","lines":"105, 164, 170, 195, 226, 835, 837","arr":["105","164","170","195","226","835","837"],"terminus":0,"mode":"bus","color":"#0059a9","colorDark":"#00294f","angle":190.3,"snapDist":8,"label":1}},{"type":"Feature","geometry":{"type":"Point","coordinates":[16.884061,52.433428]},"properties":{"name":"Golęcińska","lines":"105, 164, 170, 195, 226, 835, 837","arr":["105","164","170","195","226","835","837"],"terminus":0,"mode":"bus","color":"#0059a9","colorDark":"#00294f","angle":25.5,"snapDist":5,"label":1}},{"type":"Feature","geometry":{"type":"Point","coordinates":[16.891526,52.430405]},"properties":{"name":"Golęcin","lines":"105, 160, 164, 170, 195, 226, 835, 837","arr":["105","160","164","170","195","226","835","837"],"terminus":0,"mode":"bus","color":"#0059a9","colorDark":"#00294f","angle":-148.6,"snapDist":6,"label":1}},{"type":"Feature","geometry":{"type":"Point","coordinates":[16.897259,52.428284]},"properties":{"name":"Wojska Polskiego","lines":"105, 160, 164, 195, 226, 835, 837","arr":["105","160","164","195","226","835","837"],"terminus":0,"mode":"bus","color":"#0059a9","colorDark":"#00294f","angle":197.6,"snapDist":1,"label":1}},{"type":"Feature","geometry":{"type":"Point","coordinates":[16.897955,52.427466]},"properties":{"name":"Wojska Polskiego","lines":"105, 182, 193, 195, 835, 837","arr":["105","182","193","195","835","837"],"terminus":0,"mode":"bus","color":"#0059a9","colorDark":"#00294f","angle":308.5,"snapDist":10,"label":0}},{"type":"Feature","geometry":{"type":"Point","coordinates":[16.894451,52.421426]},"properties":{"name":"Niestachowska","lines":"105, 182, 193, 195, 835, 837","arr":["105","182","193","195","835","837"],"terminus":0,"mode":"bus","color":"#0059a9","colorDark":"#00294f","angle":285.4,"snapDist":10,"label":1}},{"type":"Feature","geometry":{"type":"Point","coordinates":[16.891956,52.416523]},"properties":{"name":"Żeromskiego","lines":"105, 182, 191, 193, 195, 835, 837","arr":["105","182","191","193","195","835","837"],"terminus":0,"mode":"bus","color":"#0059a9","colorDark":"#00294f","angle":292.6,"snapDist":9,"label":1}},{"type":"Feature","geometry":{"type":"Point","coordinates":[16.890859,52.414526]},"properties":{"name":"Żeromskiego","lines":"105, 195, 835, 837","arr":["105","195","835","837"],"terminus":0,"mode":"bus","color":"#0059a9","colorDark":"#00294f","angle":290.5,"snapDist":9,"label":1}},{"type":"Feature","geometry":{"type":"Point","coordinates":[16.890773,52.409308]},"properties":{"name":"Polna Szpital","lines":"105, 148, 159, 163, 169, 177, 212, 222","arr":["105","148","159","163","169","177","212","222"],"terminus":0,"mode":"bus","color":"#0059a9","colorDark":"#00294f","angle":192.8,"snapDist":9,"label":1}},{"type":"Feature","geometry":{"type":"Point","coordinates":[16.900145,52.408015]},"properties":{"name":"Szylinga","lines":"105, 148, 159, 163, 169, 177, 212, 222","arr":["105","148","159","163","169","177","212","222"],"terminus":0,"mode":"bus","color":"#0059a9","colorDark":"#00294f","angle":192.8,"snapDist":15,"label":1}},{"type":"Feature","geometry":{"type":"Point","coordinates":[16.909956,52.408013]},"properties":{"name":"Rondo Kaponiera","lines":"105, 148, 159, 163, 164, 169, 177, 212, 219, 222","arr":["105","148","159","163","164","169","177","212","219","222"],"terminus":1,"mode":"bus","color":"#0059a9","colorDark":"#00294f","angle":190.5,"snapDist":2,"label":1}},{"type":"Feature","geometry":{"type":"Point","coordinates":[16.911667,52.408084]},"properties":{"name":"Rondo Kaponiera","lines":"105, 219","arr":["105","219"],"terminus":1,"mode":"bus","color":"#0059a9","colorDark":"#00294f","angle":357.7,"snapDist":1,"label":0}},{"type":"Feature","geometry":{"type":"Point","coordinates":[16.898707,52.408215]},"properties":{"name":"Szylinga","lines":"105, 148, 159, 163, 169, 177, 212, 222","arr":["105","148","159","163","169","177","212","222"],"terminus":0,"mode":"bus","color":"#0059a9","colorDark":"#00294f","angle":12.8,"snapDist":13,"label":0}},{"type":"Feature","geometry":{"type":"Point","coordinates":[16.893549,52.408929]},"properties":{"name":"Polna Szpital","lines":"105, 148, 159, 163, 169, 177, 212, 222","arr":["105","148","159","163","169","177","212","222"],"terminus":0,"mode":"bus","color":"#0059a9","colorDark":"#00294f","angle":12.8,"snapDist":9,"label":0}},{"type":"Feature","geometry":{"type":"Point","coordinates":[16.889078,52.410491]},"properties":{"name":"Bukowska","lines":"105","arr":["105"],"terminus":0,"mode":"bus","color":"#0059a9","colorDark":"#00294f","angle":102.6,"snapDist":10,"label":1}},{"type":"Feature","geometry":{"type":"Point","coordinates":[16.892005,52.416107]},"properties":{"name":"Żeromskiego","lines":"105, 182, 191, 193, 195, 835, 837","arr":["105","182","191","193","195","835","837"],"terminus":0,"mode":"bus","color":"#0059a9","colorDark":"#00294f","angle":107.7,"snapDist":11,"label":0}},{"type":"Feature","geometry":{"type":"Point","coordinates":[16.894699,52.421379]},"properties":{"name":"Niestachowska","lines":"105, 182, 193, 195, 835, 837","arr":["105","182","193","195","835","837"],"terminus":0,"mode":"bus","color":"#0059a9","colorDark":"#00294f","angle":106.2,"snapDist":12,"label":0}},{"type":"Feature","geometry":{"type":"Point","coordinates":[16.897314,52.428399]},"properties":{"name":"Wojska Polskiego","lines":"105, 160, 164, 195, 226, 835, 837","arr":["105","160","164","195","226","835","837"],"terminus":0,"mode":"bus","color":"#0059a9","colorDark":"#00294f","angle":18.9,"snapDist":10,"label":0}},{"type":"Feature","geometry":{"type":"Point","coordinates":[16.891042,52.430588]},"properties":{"name":"Golęcin","lines":"105, 160, 164, 170, 195, 226, 835, 837","arr":["105","160","164","170","195","226","835","837"],"terminus":0,"mode":"bus","color":"#0059a9","colorDark":"#00294f","angle":31.8,"snapDist":5,"label":0}},{"type":"Feature","geometry":{"type":"Point","coordinates":[16.883892,52.433484]},"properties":{"name":"Golęcińska","lines":"105, 164, 170, 195, 226, 835, 837","arr":["105","164","170","195","226","835","837"],"terminus":0,"mode":"bus","color":"#0059a9","colorDark":"#00294f","angle":209.6,"snapDist":6,"label":0}},{"type":"Feature","geometry":{"type":"Point","coordinates":[16.869745,52.440517]},"properties":{"name":"Literacka","lines":"105, 170, 195, 226, 835, 837","arr":["105","170","195","226","835","837"],"terminus":0,"mode":"bus","color":"#0059a9","colorDark":"#00294f","angle":9.6,"snapDist":1,"label":0}},{"type":"Feature","geometry":{"type":"Point","coordinates":[16.865223,52.441001]},"properties":{"name":"Żołnierzy Wyklętych","lines":"105, 170, 195, 226, 835, 837","arr":["105","170","195","226","835","837"],"terminus":0,"mode":"bus","color":"#0059a9","colorDark":"#00294f","angle":13.7,"snapDist":5,"label":0}},{"type":"Feature","geometry":{"type":"Point","coordinates":[16.859926,52.443801]},"properties":{"name":"Fieldorfa","lines":"105, 170, 195, 226, 835, 837","arr":["105","170","195","226","835","837"],"terminus":0,"mode":"bus","color":"#0059a9","colorDark":"#00294f","angle":51,"snapDist":3,"label":0}},{"type":"Feature","geometry":{"type":"Point","coordinates":[16.856893,52.446108]},"properties":{"name":"Kontryma","lines":"105, 170, 195, 226, 835, 837","arr":["105","170","195","226","835","837"],"terminus":0,"mode":"bus","color":"#0059a9","colorDark":"#00294f","angle":51.4,"snapDist":11,"label":0}},{"type":"Feature","geometry":{"type":"Point","coordinates":[16.848028,52.452112]},"properties":{"name":"Stary Strzeszyn","lines":"105, 170, 195, 835, 837","arr":["105","170","195","835","837"],"terminus":0,"mode":"bus","color":"#0059a9","colorDark":"#00294f","angle":46.6,"snapDist":5,"label":1}},{"type":"Feature","geometry":{"type":"Point","coordinates":[16.842888,52.454949]},"properties":{"name":"Krajenecka","lines":"105, 170, 195, 835, 837","arr":["105","170","195","835","837"],"terminus":0,"mode":"bus","color":"#0059a9","colorDark":"#00294f","angle":31.8,"snapDist":5,"label":0}},{"type":"Feature","geometry":{"type":"Point","coordinates":[16.828423,52.463975]},"properties":{"name":"Strzeszynek","lines":"105, 170, 195, 835, 837","arr":["105","170","195","835","837"],"terminus":1,"mode":"bus","color":"#0059a9","colorDark":"#00294f","angle":64,"snapDist":10,"label":0}},{"type":"Feature","geometry":{"type":"Point","coordinates":[16.881972,52.416846]},"properties":{"name":"Ogrody","lines":"121, 156, 182, 186, 191, 193, 219, 729, 833","arr":["121","156","182","186","191","193","219","729","833"],"terminus":1,"mode":"bus","color":"#0059a9","colorDark":"#00294f","angle":301.5,"snapDist":13,"label":1}},{"type":"Feature","geometry":{"type":"Point","coordinates":[16.872895,52.418615]},"properties":{"name":"Polska","lines":"121, 156, 186, 219, 833","arr":["121","156","186","219","833"],"terminus":0,"mode":"bus","color":"#0059a9","colorDark":"#00294f","angle":25.4,"snapDist":6,"label":1}},{"type":"Feature","geometry":{"type":"Point","coordinates":[16.866952,52.420644]},"properties":{"name":"Os. Lotnictwa Polskiego","lines":"121","arr":["121"],"terminus":0,"mode":"bus","color":"#0059a9","colorDark":"#00294f","angle":32.1,"snapDist":0,"label":1}},{"type":"Feature","geometry":{"type":"Point","coordinates":[16.865995,52.418262]},"properties":{"name":"Meissnera","lines":"121","arr":["121"],"terminus":0,"mode":"bus","color":"#0059a9","colorDark":"#00294f","angle":161,"snapDist":1,"label":1}},{"type":"Feature","geometry":{"type":"Point","coordinates":[16.876186,52.417659]},"properties":{"name":"Piękna","lines":"121, 219, 802, 803, 804, 811, 812, 813, 821, 822","arr":["121","219","802","803","804","811","812","813","821","822"],"terminus":0,"mode":"bus","color":"#0059a9","colorDark":"#00294f","angle":25.4,"snapDist":2,"label":1}},{"type":"Feature","geometry":{"type":"Point","coordinates":[16.881411,52.416296]},"properties":{"name":"Ogrody","lines":"121, 729, 802, 803, 804, 811, 812, 813, 821, 822, 835, 837","arr":["121","729","802","803","804","811","812","813","821","822","835","837"],"terminus":1,"mode":"bus","color":"#0059a9","colorDark":"#00294f","angle":301.4,"snapDist":0,"label":0}},{"type":"Feature","geometry":{"type":"Point","coordinates":[16.833583,52.383463]},"properties":{"name":"Junikowo","lines":"122, 177, 214, 224, 715, 716, 717, 727, 803","arr":["122","177","214","224","715","716","717","727","803"],"terminus":1,"mode":"bus","color":"#0059a9","colorDark":"#00294f","angle":331.9,"snapDist":11,"label":1}},{"type":"Feature","geometry":{"type":"Point","coordinates":[16.840718,52.384364]},"properties":{"name":"Cmentarna","lines":"122","arr":["122"],"terminus":0,"mode":"bus","color":"#0059a9","colorDark":"#00294f","angle":241.4,"snapDist":2,"label":1}},{"type":"Feature","geometry":{"type":"Point","coordinates":[16.844369,52.381957]},"properties":{"name":"Wieruszowska","lines":"122","arr":["122"],"terminus":0,"mode":"bus","color":"#0059a9","colorDark":"#00294f","angle":223.3,"snapDist":2,"label":1}},{"type":"Feature","geometry":{"type":"Point","coordinates":[16.84769,52.382017]},"properties":{"name":"Ziębicka Kościół","lines":"122","arr":["122"],"terminus":0,"mode":"bus","color":"#0059a9","colorDark":"#00294f","angle":70.1,"snapDist":4,"label":1}},{"type":"Feature","geometry":{"type":"Point","coordinates":[16.844706,52.383791]},"properties":{"name":"Ziębicka","lines":"122","arr":["122"],"terminus":0,"mode":"bus","color":"#0059a9","colorDark":"#00294f","angle":58.7,"snapDist":2,"label":1}},{"type":"Feature","geometry":{"type":"Point","coordinates":[16.84438,52.386671]},"properties":{"name":"Grotkowska","lines":"122, 214, 224","arr":["122","214","224"],"terminus":0,"mode":"bus","color":"#0059a9","colorDark":"#00294f","angle":161.7,"snapDist":4,"label":1}},{"type":"Feature","geometry":{"type":"Point","coordinates":[16.849731,52.388384]},"properties":{"name":"Budziszyńska","lines":"122, 214, 224","arr":["122","214","224"],"terminus":0,"mode":"bus","color":"#0059a9","colorDark":"#00294f","angle":151.1,"snapDist":5,"label":1}},{"type":"Feature","geometry":{"type":"Point","coordinates":[16.853457,52.390845]},"properties":{"name":"Rondo Skubiszewskiego","lines":"122","arr":["122"],"terminus":0,"mode":"bus","color":"#0059a9","colorDark":"#00294f","angle":22.8,"snapDist":1,"label":1}},{"type":"Feature","geometry":{"type":"Point","coordinates":[16.848228,52.393643]},"properties":{"name":"Smoluchowskiego","lines":"122","arr":["122"],"terminus":0,"mode":"bus","color":"#0059a9","colorDark":"#00294f","angle":320.9,"snapDist":2,"label":1}},{"type":"Feature","geometry":{"type":"Point","coordinates":[16.844058,52.391649]},"properties":{"name":"Kamiennogórska","lines":"122","arr":["122"],"terminus":0,"mode":"bus","color":"#0059a9","colorDark":"#00294f","angle":321.6,"snapDist":1,"label":1}},{"type":"Feature","geometry":{"type":"Point","coordinates":[16.837443,52.394496]},"properties":{"name":"Laudańska","lines":"122","arr":["122"],"terminus":0,"mode":"bus","color":"#0059a9","colorDark":"#00294f","angle":52.2,"snapDist":2,"label":1}},{"type":"Feature","geometry":{"type":"Point","coordinates":[16.835469,52.394275]},"properties":{"name":"Kmicica","lines":"122","arr":["122"],"terminus":0,"mode":"bus","color":"#0059a9","colorDark":"#00294f","angle":231.4,"snapDist":1,"label":1}},{"type":"Feature","geometry":{"type":"Point","coordinates":[16.839039,52.391535]},"properties":{"name":"Kurcewiczówny","lines":"122","arr":["122"],"terminus":0,"mode":"bus","color":"#0059a9","colorDark":"#00294f","angle":231.6,"snapDist":1,"label":1}},{"type":"Feature","geometry":{"type":"Point","coordinates":[16.843936,52.386528]},"properties":{"name":"Grotkowska","lines":"122, 214, 224","arr":["122","214","224"],"terminus":0,"mode":"bus","color":"#0059a9","colorDark":"#00294f","angle":150.7,"snapDist":4,"label":0}},{"type":"Feature","geometry":{"type":"Point","coordinates":[16.830526,52.390103]},"properties":{"name":"Cmentarna Parking","lines":"122","arr":["122"],"terminus":0,"mode":"bus","color":"#0059a9","colorDark":"#00294f","angle":221.3,"snapDist":2,"label":1}},{"type":"Feature","geometry":{"type":"Point","coordinates":[16.834284,52.388119]},"properties":{"name":"Cmentarna Furtka","lines":"122","arr":["122"],"terminus":0,"mode":"bus","color":"#0059a9","colorDark":"#00294f","angle":40.8,"snapDist":1,"label":1}},{"type":"Feature","geometry":{"type":"Point","coordinates":[16.839081,52.384908]},"properties":{"name":"Cmentarna","lines":"122, 214, 224","arr":["122","214","224"],"terminus":0,"mode":"bus","color":"#0059a9","colorDark":"#00294f","angle":325.4,"snapDist":8,"label":0}},{"type":"Feature","geometry":{"type":"Point","coordinates":[16.996868,52.384692]},"properties":{"name":"Szwajcarska Centrum Handlowe","lines":"125, 166, 184, 218, 222, 425, T1","arr":["125","166","184","218","222","425","T1"],"terminus":1,"mode":"bus","color":"#0059a9","colorDark":"#00294f","angle":50.3,"snapDist":17,"label":1}},{"type":"Feature","geometry":{"type":"Point","coordinates":[16.991205,52.38206]},"properties":{"name":"Szwedzka","lines":"125, 181, T1","arr":["125","181","T1"],"terminus":0,"mode":"bus","color":"#0059a9","colorDark":"#00294f","angle":207.5,"snapDist":4,"label":1}},{"type":"Feature","geometry":{"type":"Point","coordinates":[16.983433,52.382434]},"properties":{"name":"Os. Czecha I","lines":"125, 181, 425","arr":["125","181","425"],"terminus":0,"mode":"bus","color":"#0059a9","colorDark":"#00294f","angle":325.6,"snapDist":2,"label":1}},{"type":"Feature","geometry":{"type":"Point","coordinates":[16.988075,52.369802]},"properties":{"name":"Torowa Wiadukt","lines":"125, 154, 196, 220, 431, 432, 433, 511, 512","arr":["125","154","196","220","431","432","433","511","512"],"terminus":0,"mode":"bus","color":"#0059a9","colorDark":"#00294f","angle":55,"snapDist":6,"label":1}},{"type":"Feature","geometry":{"type":"Point","coordinates":[16.994469,52.371359]},"properties":{"name":"Ługańska","lines":"125, 154, 220, 431, 432, 433","arr":["125","154","220","431","432","433"],"terminus":0,"mode":"bus","color":"#0059a9","colorDark":"#00294f","angle":129.3,"snapDist":5,"label":1}},{"type":"Feature","geometry":{"type":"Point","coordinates":[17.000256,52.369091]},"properties":{"name":"Wieprawska","lines":"125, 154, 220, 431, 432, 433","arr":["125","154","220","431","432","433"],"terminus":0,"mode":"bus","color":"#0059a9","colorDark":"#00294f","angle":218.2,"snapDist":5,"label":1}},{"type":"Feature","geometry":{"type":"Point","coordinates":[17.009457,52.364648]},"properties":{"name":"Szczepankowo","lines":"125, 154, 220, 431, 432, 433","arr":["125","154","220","431","432","433"],"terminus":0,"mode":"bus","color":"#0059a9","colorDark":"#00294f","angle":-141.6,"snapDist":8,"label":1}},{"type":"Feature","geometry":{"type":"Point","coordinates":[17.007086,52.360257]},"properties":{"name":"Uprawna","lines":"125","arr":["125"],"terminus":0,"mode":"bus","color":"#0059a9","colorDark":"#00294f","angle":223.8,"snapDist":5,"label":1}},{"type":"Feature","geometry":{"type":"Point","coordinates":[17.011207,52.358472]},"properties":{"name":"Glebowa","lines":"125","arr":["125"],"terminus":0,"mode":"bus","color":"#0059a9","colorDark":"#00294f","angle":207.4,"snapDist":2,"label":1}},{"type":"Feature","geometry":{"type":"Point","coordinates":[17.0232,52.355248]},"properties":{"name":"Snopowa","lines":"125","arr":["125"],"terminus":0,"mode":"bus","color":"#0059a9","colorDark":"#00294f","angle":221.2,"snapDist":2,"label":1}},{"type":"Feature","geometry":{"type":"Point","coordinates":[17.029119,52.356012]},"properties":{"name":"Gospodarska","lines":"125","arr":["125"],"terminus":0,"mode":"bus","color":"#0059a9","colorDark":"#00294f","angle":118.2,"snapDist":5,"label":1}},{"type":"Feature","geometry":{"type":"Point","coordinates":[17.031273,52.35847]},"properties":{"name":"Winogronowa","lines":"125","arr":["125"],"terminus":0,"mode":"bus","color":"#0059a9","colorDark":"#00294f","angle":118,"snapDist":4,"label":1}},{"type":"Feature","geometry":{"type":"Point","coordinates":[17.03393,52.36149]},"properties":{"name":"Aroniowa","lines":"125","arr":["125"],"terminus":0,"mode":"bus","color":"#0059a9","colorDark":"#00294f","angle":118.3,"snapDist":4,"label":1}},{"type":"Feature","geometry":{"type":"Point","coordinates":[17.036363,52.36627]},"properties":{"name":"Mirabelkowa","lines":"125","arr":["125"],"terminus":0,"mode":"bus","color":"#0059a9","colorDark":"#00294f","angle":101.8,"snapDist":4,"label":1}},{"type":"Feature","geometry":{"type":"Point","coordinates":[17.036795,52.37096]},"properties":{"name":"Żyzna","lines":"125","arr":["125"],"terminus":0,"mode":"bus","color":"#0059a9","colorDark":"#00294f","angle":73.9,"snapDist":4,"label":1}},{"type":"Feature","geometry":{"type":"Point","coordinates":[17.034112,52.371986]},"properties":{"name":"Michałowo","lines":"125","arr":["125"],"terminus":0,"mode":"bus","color":"#0059a9","colorDark":"#00294f","angle":359.4,"snapDist":8,"label":1}},{"type":"Feature","geometry":{"type":"Point","coordinates":[17.022998,52.367655]},"properties":{"name":"Sowice","lines":"125","arr":["125"],"terminus":0,"mode":"bus","color":"#0059a9","colorDark":"#00294f","angle":0.1,"snapDist":5,"label":1}},{"type":"Feature","geometry":{"type":"Point","coordinates":[17.016349,52.366888]},"properties":{"name":"Sierpowa","lines":"125","arr":["125"],"terminus":0,"mode":"bus","color":"#0059a9","colorDark":"#00294f","angle":339.1,"snapDist":6,"label":1}},{"type":"Feature","geometry":{"type":"Point","coordinates":[17.009291,52.364728]},"properties":{"name":"Szczepankowo","lines":"125, 154, 431, 432, 433","arr":["125","154","431","432","433"],"terminus":0,"mode":"bus","color":"#0059a9","colorDark":"#00294f","angle":38.5,"snapDist":9,"label":0}},{"type":"Feature","geometry":{"type":"Point","coordinates":[17.00088,52.368791]},"properties":{"name":"Wieprawska","lines":"125, 154, 431, 432, 433","arr":["125","154","431","432","433"],"terminus":0,"mode":"bus","color":"#0059a9","colorDark":"#00294f","angle":218.2,"snapDist":5,"label":0}},{"type":"Feature","geometry":{"type":"Point","coordinates":[16.995413,52.371427]},"properties":{"name":"Ługańska","lines":"125, 154, 431, 432, 433","arr":["125","154","431","432","433"],"terminus":0,"mode":"bus","color":"#0059a9","colorDark":"#00294f","angle":218.3,"snapDist":6,"label":0}},{"type":"Feature","geometry":{"type":"Point","coordinates":[16.981016,52.378348]},"properties":{"name":"Klenowska Centrum Handlowe","lines":"125, 181","arr":["125","181"],"terminus":0,"mode":"bus","color":"#0059a9","colorDark":"#00294f","angle":38.1,"snapDist":0,"label":1}},{"type":"Feature","geometry":{"type":"Point","coordinates":[16.983586,52.382339]},"properties":{"name":"Os. Czecha I","lines":"125, 181, 425","arr":["125","181","425"],"terminus":0,"mode":"bus","color":"#0059a9","colorDark":"#00294f","angle":145.4,"snapDist":1,"label":0}},{"type":"Feature","geometry":{"type":"Point","coordinates":[16.990909,52.382288]},"properties":{"name":"Szwedzka","lines":"125, 181, T1","arr":["125","181","T1"],"terminus":0,"mode":"bus","color":"#0059a9","colorDark":"#00294f","angle":235.2,"snapDist":1,"label":0}},{"type":"Feature","geometry":{"type":"Point","coordinates":[16.996978,52.384512]},"properties":{"name":"Szwajcarska Centrum Handlowe","lines":"125, 166, 184, 218, 222, 425, T1","arr":["125","166","184","218","222","425","T1"],"terminus":1,"mode":"bus","color":"#0059a9","colorDark":"#00294f","angle":241.4,"snapDist":5,"label":0}},{"type":"Feature","geometry":{"type":"Point","coordinates":[16.909753,52.400995]},"properties":{"name":"Dworzec Zachodni","lines":"145","arr":["145"],"terminus":1,"mode":"bus","color":"#0059a9","colorDark":"#00294f","angle":101.1,"snapDist":3,"label":1}},{"type":"Feature","geometry":{"type":"Point","coordinates":[16.902356,52.398151]},"properties":{"name":"Park Wilsona","lines":"145, 214, 224","arr":["145","214","224"],"terminus":0,"mode":"bus","color":"#0059a9","colorDark":"#00294f","angle":24.3,"snapDist":3,"label":1}},{"type":"Feature","geometry":{"type":"Point","coordinates":[16.89441,52.399194]},"properties":{"name":"Ułańska","lines":"145, 214, 224","arr":["145","214","224"],"terminus":0,"mode":"bus","color":"#0059a9","colorDark":"#00294f","angle":15.8,"snapDist":5,"label":1}},{"type":"Feature","geometry":{"type":"Point","coordinates":[16.8889,52.403383]},"properties":{"name":"Rondo Nowaka-Jeziorańskiego","lines":"145","arr":["145"],"terminus":0,"mode":"bus","color":"#0059a9","colorDark":"#00294f","angle":82.5,"snapDist":6,"label":1}},{"type":"Feature","geometry":{"type":"Point","coordinates":[16.887361,52.40484]},"properties":{"name":"Opalenicka","lines":"145, 169","arr":["145","169"],"terminus":0,"mode":"bus","color":"#0059a9","colorDark":"#00294f","angle":353.9,"snapDist":7,"label":1}},{"type":"Feature","geometry":{"type":"Point","coordinates":[16.883243,52.404625]},"properties":{"name":"Szamotulska","lines":"145, 169","arr":["145","169"],"terminus":0,"mode":"bus","color":"#0059a9","colorDark":"#00294f","angle":356.7,"snapDist":7,"label":1}},{"type":"Feature","geometry":{"type":"Point","coordinates":[16.874539,52.404294]},"properties":{"name":"Marcelińska","lines":"145, 163, 212, 222","arr":["145","163","212","222"],"terminus":0,"mode":"bus","color":"#0059a9","colorDark":"#00294f","angle":357.3,"snapDist":9,"label":1}},{"type":"Feature","geometry":{"type":"Point","coordinates":[16.866653,52.403958]},"properties":{"name":"Rycerska","lines":"145, 163, 191, 193, 212","arr":["145","163","191","193","212"],"terminus":0,"mode":"bus","color":"#0059a9","colorDark":"#00294f","angle":295.4,"snapDist":4,"label":1}},{"type":"Feature","geometry":{"type":"Point","coordinates":[16.863952,52.400491]},"properties":{"name":"Marszałkowska","lines":"145, 163, 191, 193, 212","arr":["145","163","191","193","212"],"terminus":0,"mode":"bus","color":"#0059a9","colorDark":"#00294f","angle":293.7,"snapDist":2,"label":1}},{"type":"Feature","geometry":{"type":"Point","coordinates":[16.863112,52.394963]},"properties":{"name":"Bułgarska Enea Stadion","lines":"145, 163, 191, 212","arr":["145","163","191","212"],"terminus":0,"mode":"bus","color":"#0059a9","colorDark":"#00294f","angle":240.2,"snapDist":3,"label":1}},{"type":"Feature","geometry":{"type":"Point","coordinates":[16.866034,52.391154]},"properties":{"name":"Jugosłowiańska","lines":"145, 191, 212","arr":["145","191","212"],"terminus":0,"mode":"bus","color":"#0059a9","colorDark":"#00294f","angle":237.1,"snapDist":5,"label":1}},{"type":"Feature","geometry":{"type":"Point","coordinates":[16.863673,52.385518]},"properties":{"name":"Os. Kopernika","lines":"145, 164, 169, 179, 191, 193, 212, 223","arr":["145","164","169","179","191","193","212","223"],"terminus":1,"mode":"bus","color":"#0059a9","colorDark":"#00294f","angle":321,"snapDist":9,"label":1}},{"type":"Feature","geometry":{"type":"Point","coordinates":[16.865174,52.382291]},"properties":{"name":"Mrągowska","lines":"145, 164, 179, 212, 223","arr":["145","164","179","212","223"],"terminus":0,"mode":"bus","color":"#0059a9","colorDark":"#00294f","angle":288.7,"snapDist":8,"label":1}},{"type":"Feature","geometry":{"type":"Point","coordinates":[16.862273,52.380391]},"properties":{"name":"Kacza","lines":"145, 164, 179, 223","arr":["145","164","179","223"],"terminus":1,"mode":"bus","color":"#0059a9","colorDark":"#00294f","angle":88.8,"snapDist":2,"label":1}},{"type":"Feature","geometry":{"type":"Point","coordinates":[16.862269,52.3805]},"properties":{"name":"Kacza","lines":"145, 164, 179, 212, 223","arr":["145","164","179","212","223"],"terminus":1,"mode":"bus","color":"#0059a9","colorDark":"#00294f","angle":88.8,"snapDist":5,"label":0}},{"type":"Feature","geometry":{"type":"Point","coordinates":[16.864724,52.381265]},"properties":{"name":"Mrągowska","lines":"145, 164, 179, 212, 223","arr":["145","164","179","212","223"],"terminus":0,"mode":"bus","color":"#0059a9","colorDark":"#00294f","angle":87.4,"snapDist":8,"label":0}},{"type":"Feature","geometry":{"type":"Point","coordinates":[16.863278,52.385178]},"properties":{"name":"Os. Kopernika","lines":"145, 164, 169, 179, 191, 193, 212, 223","arr":["145","164","169","179","191","193","212","223"],"terminus":1,"mode":"bus","color":"#0059a9","colorDark":"#00294f","angle":140.4,"snapDist":11,"label":0}},{"type":"Feature","geometry":{"type":"Point","coordinates":[16.866105,52.391087]},"properties":{"name":"Jugosłowiańska","lines":"145, 191, 212","arr":["145","191","212"],"terminus":0,"mode":"bus","color":"#0059a9","colorDark":"#00294f","angle":57.1,"snapDist":11,"label":0}},{"type":"Feature","geometry":{"type":"Point","coordinates":[16.862304,52.396093]},"properties":{"name":"Bułgarska Enea Stadion","lines":"145, 163, 191, 193, 212","arr":["145","163","191","193","212"],"terminus":0,"mode":"bus","color":"#0059a9","colorDark":"#00294f","angle":60.9,"snapDist":9,"label":0}},{"type":"Feature","geometry":{"type":"Point","coordinates":[16.864933,52.401533]},"properties":{"name":"Marszałkowska","lines":"145, 163, 191, 193, 212","arr":["145","163","191","193","212"],"terminus":0,"mode":"bus","color":"#0059a9","colorDark":"#00294f","angle":114.2,"snapDist":3,"label":0}},{"type":"Feature","geometry":{"type":"Point","coordinates":[16.869295,52.40409]},"properties":{"name":"Rycerska","lines":"145, 163, 212, 222","arr":["145","163","212","222"],"terminus":0,"mode":"bus","color":"#0059a9","colorDark":"#00294f","angle":180.9,"snapDist":7,"label":0}},{"type":"Feature","geometry":{"type":"Point","coordinates":[16.876193,52.404359]},"properties":{"name":"Marcelińska","lines":"145, 169","arr":["145","169"],"terminus":0,"mode":"bus","color":"#0059a9","colorDark":"#00294f","angle":176.4,"snapDist":11,"label":0}},{"type":"Feature","geometry":{"type":"Point","coordinates":[16.880392,52.404517]},"properties":{"name":"Szamotulska","lines":"145, 169","arr":["145","169"],"terminus":0,"mode":"bus","color":"#0059a9","colorDark":"#00294f","angle":176.5,"snapDist":7,"label":0}},{"type":"Feature","geometry":{"type":"Point","coordinates":[16.887502,52.40485]},"properties":{"name":"Opalenicka","lines":"145, 169","arr":["145","169"],"terminus":0,"mode":"bus","color":"#0059a9","colorDark":"#00294f","angle":173.3,"snapDist":8,"label":0}},{"type":"Feature","geometry":{"type":"Point","coordinates":[16.889231,52.401893]},"properties":{"name":"Rondo Nowaka-Jeziorańskiego","lines":"145","arr":["145"],"terminus":0,"mode":"bus","color":"#0059a9","colorDark":"#00294f","angle":262.1,"snapDist":6,"label":0}},{"type":"Feature","geometry":{"type":"Point","coordinates":[16.894187,52.399232]},"properties":{"name":"Ułańska","lines":"145, 214, 224","arr":["145","214","224"],"terminus":0,"mode":"bus","color":"#0059a9","colorDark":"#00294f","angle":195.8,"snapDist":5,"label":0}},{"type":"Feature","geometry":{"type":"Point","coordinates":[16.900691,52.397819]},"properties":{"name":"Park Wilsona","lines":"145, 214, 224","arr":["145","214","224"],"terminus":0,"mode":"bus","color":"#0059a9","colorDark":"#00294f","angle":210.7,"snapDist":3,"label":0}},{"type":"Feature","geometry":{"type":"Point","coordinates":[16.855656,52.456081]},"properties":{"name":"Instytut Technologiczno-Przyrodniczy","lines":"146","arr":["146"],"terminus":1,"mode":"bus","color":"#0059a9","colorDark":"#00294f","angle":135.1,"snapDist":3,"label":1}},{"type":"Feature","geometry":{"type":"Point","coordinates":[16.866483,52.461406]},"properties":{"name":"Strzeszyn PKM","lines":"146, 168, 216","arr":["146","168","216"],"terminus":1,"mode":"bus","color":"#0059a9","colorDark":"#00294f","angle":214.9,"snapDist":7,"label":1}},{"type":"Feature","geometry":{"type":"Point","coordinates":[16.871953,52.458294]},"properties":{"name":"Morszyńska","lines":"146, 168, 216","arr":["146","168","216"],"terminus":0,"mode":"bus","color":"#0059a9","colorDark":"#00294f","angle":220.9,"snapDist":5,"label":1}},{"type":"Feature","geometry":{"type":"Point","coordinates":[16.877373,52.45601]},"properties":{"name":"Kosowska","lines":"146, 168, 216","arr":["146","168","216"],"terminus":0,"mode":"bus","color":"#0059a9","colorDark":"#00294f","angle":110.5,"snapDist":5,"label":1}},{"type":"Feature","geometry":{"type":"Point","coordinates":[16.880347,52.4592]},"properties":{"name":"Szarych Szeregów","lines":"146, 183","arr":["146","183"],"terminus":0,"mode":"bus","color":"#0059a9","colorDark":"#00294f","angle":153.9,"snapDist":7,"label":0}},{"type":"Feature","geometry":{"type":"Point","coordinates":[16.885034,52.461864]},"properties":{"name":"Szarych Szeregów I","lines":"146, 178","arr":["146","178"],"terminus":0,"mode":"bus","color":"#0059a9","colorDark":"#00294f","angle":145.2,"snapDist":8,"label":1}},{"type":"Feature","geometry":{"type":"Point","coordinates":[16.889384,52.463242]},"properties":{"name":"Łęgowskiego Wiadukt","lines":"146, 178","arr":["146","178"],"terminus":0,"mode":"bus","color":"#0059a9","colorDark":"#00294f","angle":227.1,"snapDist":7,"label":1}},{"type":"Feature","geometry":{"type":"Point","coordinates":[16.892866,52.461031]},"properties":{"name":"Łęgowskiego","lines":"146, 178, 832, 907","arr":["146","178","832","907"],"terminus":0,"mode":"bus","color":"#0059a9","colorDark":"#00294f","angle":234.7,"snapDist":7,"label":1}},{"type":"Feature","geometry":{"type":"Point","coordinates":[16.897778,52.461278]},"properties":{"name":"Mateckiego","lines":"146, 832, 907","arr":["146","832","907"],"terminus":0,"mode":"bus","color":"#0059a9","colorDark":"#00294f","angle":114.9,"snapDist":4,"label":1}},{"type":"Feature","geometry":{"type":"Point","coordinates":[16.903619,52.461991]},"properties":{"name":"Os. Marysieńki","lines":"146, 188, 190, 193, 215, 901, 902, 904, 905","arr":["146","188","190","193","215","901","902","904","905"],"terminus":0,"mode":"bus","color":"#0059a9","colorDark":"#00294f","angle":269.1,"snapDist":8,"label":1}},{"type":"Feature","geometry":{"type":"Point","coordinates":[16.909631,52.460238]},"properties":{"name":"Os. Zygmunta Starego","lines":"146, 151, 185, 188, 901, 902, 904, 905","arr":["146","151","185","188","901","902","904","905"],"terminus":0,"mode":"bus","color":"#0059a9","colorDark":"#00294f","angle":179.9,"snapDist":5,"label":1}},{"type":"Feature","geometry":{"type":"Point","coordinates":[16.917019,52.460299]},"properties":{"name":"Szymanowskiego","lines":"146, 174, 191, 198, 218, 348","arr":["146","174","191","198","218","348"],"terminus":0,"mode":"bus","color":"#0059a9","colorDark":"#00294f","angle":179.3,"snapDist":16,"label":1}},{"type":"Feature","geometry":{"type":"Point","coordinates":[16.918601,52.455394]},"properties":{"name":"Os. Śmiałego","lines":"146","arr":["146"],"terminus":0,"mode":"bus","color":"#0059a9","colorDark":"#00294f","angle":252.7,"snapDist":2,"label":1}},{"type":"Feature","geometry":{"type":"Point","coordinates":[16.92179,52.450698]},"properties":{"name":"Kurpińskiego","lines":"146, 151, 185","arr":["146","151","185"],"terminus":0,"mode":"bus","color":"#0059a9","colorDark":"#00294f","angle":179,"snapDist":10,"label":1}},{"type":"Feature","geometry":{"type":"Point","coordinates":[16.928732,52.450786]},"properties":{"name":"Stoińskiego","lines":"146, 151, 218","arr":["146","151","218"],"terminus":0,"mode":"bus","color":"#0059a9","colorDark":"#00294f","angle":175.1,"snapDist":9,"label":1}},{"type":"Feature","geometry":{"type":"Point","coordinates":[16.935852,52.451227]},"properties":{"name":"Kupały","lines":"146, 151, 169, 218","arr":["146","151","169","218"],"terminus":0,"mode":"bus","color":"#0059a9","colorDark":"#00294f","angle":217.4,"snapDist":10,"label":1}},{"type":"Feature","geometry":{"type":"Point","coordinates":[16.942935,52.448197]},"properties":{"name":"Os. Łokietka","lines":"146, 151, 169, 218","arr":["146","151","169","218"],"terminus":0,"mode":"bus","color":"#0059a9","colorDark":"#00294f","angle":204,"snapDist":9,"label":1}},{"type":"Feature","geometry":{"type":"Point","coordinates":[16.94519,52.445888]},"properties":{"name":"Naramowice","lines":"146, 151, 167, 169, 214, 218, 224, 911","arr":["146","151","167","169","214","218","224","911"],"terminus":0,"mode":"bus","color":"#0059a9","colorDark":"#00294f","angle":269.8,"snapDist":0,"label":1}},{"type":"Feature","geometry":{"type":"Point","coordinates":[16.947555,52.447702]},"properties":{"name":"Sielawy","lines":"146, 151, 167, 214, 224, 911","arr":["146","151","167","214","224","911"],"terminus":0,"mode":"bus","color":"#0059a9","colorDark":"#00294f","angle":101.5,"snapDist":2,"label":1}},{"type":"Feature","geometry":{"type":"Point","coordinates":[16.947777,52.450792]},"properties":{"name":"Rubież","lines":"146, 167, 214, 224, 911","arr":["146","167","214","224","911"],"terminus":0,"mode":"bus","color":"#0059a9","colorDark":"#00294f","angle":91,"snapDist":9,"label":1}},{"type":"Feature","geometry":{"type":"Point","coordinates":[16.947603,52.455441]},"properties":{"name":"Bronisza","lines":"146, 167, 214, 224, 911","arr":["146","167","214","224","911"],"terminus":0,"mode":"bus","color":"#0059a9","colorDark":"#00294f","angle":80.1,"snapDist":8,"label":1}},{"type":"Feature","geometry":{"type":"Point","coordinates":[16.951366,52.456583]},"properties":{"name":"Boranta","lines":"146, 224","arr":["146","224"],"terminus":1,"mode":"bus","color":"#0059a9","colorDark":"#00294f","angle":175.4,"snapDist":0,"label":1}},{"type":"Feature","geometry":{"type":"Point","coordinates":[16.951587,52.456594]},"properties":{"name":"Boranta","lines":"146, 224","arr":["146","224"],"terminus":1,"mode":"bus","color":"#0059a9","colorDark":"#00294f","angle":355.4,"snapDist":37,"label":0}},{"type":"Feature","geometry":{"type":"Point","coordinates":[16.948005,52.456568]},"properties":{"name":"Bogusława","lines":"146, 224","arr":["146","224"],"terminus":0,"mode":"bus","color":"#0059a9","colorDark":"#00294f","angle":359.5,"snapDist":7,"label":1}},{"type":"Feature","geometry":{"type":"Point","coordinates":[16.94784,52.453513]},"properties":{"name":"Bronisza","lines":"146, 167, 214, 224, 911","arr":["146","167","214","224","911"],"terminus":0,"mode":"bus","color":"#0059a9","colorDark":"#00294f","angle":270.4,"snapDist":9,"label":0}},{"type":"Feature","geometry":{"type":"Point","coordinates":[16.947724,52.448856]},"properties":{"name":"Rubież","lines":"146, 167, 214, 224, 911","arr":["146","167","214","224","911"],"terminus":0,"mode":"bus","color":"#0059a9","colorDark":"#00294f","angle":270.8,"snapDist":2,"label":0}},{"type":"Feature","geometry":{"type":"Point","coordinates":[16.94519,52.445942]},"properties":{"name":"Naramowice","lines":"146, 151, 167, 169, 214, 218, 224, 911","arr":["146","151","167","169","214","218","224","911"],"terminus":0,"mode":"bus","color":"#0059a9","colorDark":"#00294f","angle":270.3,"snapDist":4,"label":0}},{"type":"Feature","geometry":{"type":"Point","coordinates":[16.943682,52.447996]},"properties":{"name":"Os. Łokietka","lines":"146, 151, 169, 218","arr":["146","151","169","218"],"terminus":0,"mode":"bus","color":"#0059a9","colorDark":"#00294f","angle":24.4,"snapDist":9,"label":0}},{"type":"Feature","geometry":{"type":"Point","coordinates":[16.937002,52.450693]},"properties":{"name":"Kupały","lines":"146, 151, 169, 218","arr":["146","151","169","218"],"terminus":0,"mode":"bus","color":"#0059a9","colorDark":"#00294f","angle":37.3,"snapDist":10,"label":0}},{"type":"Feature","geometry":{"type":"Point","coordinates":[16.933422,52.451587]},"properties":{"name":"Łużycka","lines":"146, 151, 218","arr":["146","151","218"],"terminus":0,"mode":"bus","color":"#0059a9","colorDark":"#00294f","angle":344.5,"snapDist":9,"label":0}},{"type":"Feature","geometry":{"type":"Point","coordinates":[16.926346,52.450892]},"properties":{"name":"Stoińskiego","lines":"146, 151, 185","arr":["146","151","185"],"terminus":0,"mode":"bus","color":"#0059a9","colorDark":"#00294f","angle":358.9,"snapDist":11,"label":0}},{"type":"Feature","geometry":{"type":"Point","coordinates":[16.920343,52.451734]},"properties":{"name":"Kurpińskiego","lines":"146","arr":["146"],"terminus":0,"mode":"bus","color":"#0059a9","colorDark":"#00294f","angle":84.7,"snapDist":2,"label":0}},{"type":"Feature","geometry":{"type":"Point","coordinates":[16.919153,52.454685]},"properties":{"name":"Os. Śmiałego","lines":"146","arr":["146"],"terminus":0,"mode":"bus","color":"#0059a9","colorDark":"#00294f","angle":72.2,"snapDist":2,"label":0}},{"type":"Feature","geometry":{"type":"Point","coordinates":[16.917038,52.460452]},"properties":{"name":"Szymanowskiego","lines":"146, 151, 174, 185, 188, 191, 198, 218, 348, 901, 902, 904, 905","arr":["146","151","174","185","188","191","198","218","348","901","902","904","905"],"terminus":0,"mode":"bus","color":"#0059a9","colorDark":"#00294f","angle":359.2,"snapDist":15,"label":0}},{"type":"Feature","geometry":{"type":"Point","coordinates":[16.908367,52.460205]},"properties":{"name":"Os. Zygmunta Starego","lines":"146, 151, 185, 188, 901, 902, 904, 905","arr":["146","151","185","188","901","902","904","905"],"terminus":0,"mode":"bus","color":"#0059a9","colorDark":"#00294f","angle":355.8,"snapDist":9,"label":0}},{"type":"Feature","geometry":{"type":"Point","coordinates":[16.903688,52.460443]},"properties":{"name":"Os. Marysieńki","lines":"146, 188, 190, 193, 215, 901, 902, 904, 905","arr":["146","188","190","193","215","901","902","904","905"],"terminus":0,"mode":"bus","color":"#0059a9","colorDark":"#00294f","angle":83.7,"snapDist":16,"label":0}},{"type":"Feature","geometry":{"type":"Point","coordinates":[16.903569,52.463645]},"properties":{"name":"Wiedeńska","lines":"146, 188, 190, 193, 215, 901, 902, 904, 905","arr":["146","188","190","193","215","901","902","904","905"],"terminus":0,"mode":"bus","color":"#0059a9","colorDark":"#00294f","angle":89.2,"snapDist":9,"label":1}},{"type":"Feature","geometry":{"type":"Point","coordinates":[16.898548,52.462311]},"properties":{"name":"Mateckiego","lines":"146, 832, 907","arr":["146","832","907"],"terminus":0,"mode":"bus","color":"#0059a9","colorDark":"#00294f","angle":294.1,"snapDist":5,"label":0}},{"type":"Feature","geometry":{"type":"Point","coordinates":[16.893072,52.460855]},"properties":{"name":"Łęgowskiego","lines":"146, 178, 832, 907","arr":["146","178","832","907"],"terminus":0,"mode":"bus","color":"#0059a9","colorDark":"#00294f","angle":54.6,"snapDist":7,"label":0}},{"type":"Feature","geometry":{"type":"Point","coordinates":[16.888688,52.463381]},"properties":{"name":"Łęgowskiego Wiadukt","lines":"146, 178","arr":["146","178"],"terminus":0,"mode":"bus","color":"#0059a9","colorDark":"#00294f","angle":325.7,"snapDist":5,"label":0}},{"type":"Feature","geometry":{"type":"Point","coordinates":[16.886125,52.462317]},"properties":{"name":"Szarych Szeregów I","lines":"146, 178","arr":["146","178"],"terminus":0,"mode":"bus","color":"#0059a9","colorDark":"#00294f","angle":325.9,"snapDist":7,"label":0}},{"type":"Feature","geometry":{"type":"Point","coordinates":[16.882234,52.459969]},"properties":{"name":"Szarych Szeregów","lines":"146, 178, 183","arr":["146","178","183"],"terminus":1,"mode":"bus","color":"#0059a9","colorDark":"#00294f","angle":309.4,"snapDist":10,"label":1}},{"type":"Feature","geometry":{"type":"Point","coordinates":[16.878106,52.457856]},"properties":{"name":"Białczańska","lines":"146, 216","arr":["146","216"],"terminus":0,"mode":"bus","color":"#0059a9","colorDark":"#00294f","angle":43.7,"snapDist":5,"label":1}},{"type":"Feature","geometry":{"type":"Point","coordinates":[16.873039,52.460532]},"properties":{"name":"Synów Pułku","lines":"146, 216","arr":["146","216"],"terminus":0,"mode":"bus","color":"#0059a9","colorDark":"#00294f","angle":36.9,"snapDist":6,"label":1}},{"type":"Feature","geometry":{"type":"Point","coordinates":[16.868528,52.462533]},"properties":{"name":"Sucholeska","lines":"146, 216","arr":["146","216"],"terminus":0,"mode":"bus","color":"#0059a9","colorDark":"#00294f","angle":32.9,"snapDist":5,"label":1}},{"type":"Feature","geometry":{"type":"Point","coordinates":[16.866776,52.462068]},"properties":{"name":"Strzeszyn PKM","lines":"146, 216","arr":["146","216"],"terminus":0,"mode":"bus","color":"#0059a9","colorDark":"#00294f","angle":309,"snapDist":8,"label":0}},{"type":"Feature","geometry":{"type":"Point","coordinates":[16.912121,52.402746]},"properties":{"name":"Poznań Główny","lines":"148, 159, 168, 216, 219, 226","arr":["148","159","168","216","219","226"],"terminus":1,"mode":"bus","color":"#0059a9","colorDark":"#00294f","angle":100.7,"snapDist":8,"label":1}},{"type":"Feature","geometry":{"type":"Point","coordinates":[16.913268,52.406677]},"properties":{"name":"Rondo Kaponiera","lines":"148, 159, 168, 216, 219, 226","arr":["148","159","168","216","219","226"],"terminus":0,"mode":"bus","color":"#0059a9","colorDark":"#00294f","angle":101.2,"snapDist":8,"label":1}},{"type":"Feature","geometry":{"type":"Point","coordinates":[16.911051,52.406542]},"properties":{"name":"Bałtyk","lines":"148, 159, 163, 164, 169, 177, 212, 222","arr":["148","159","163","164","169","177","212","222"],"terminus":1,"mode":"bus","color":"#0059a9","colorDark":"#00294f","angle":0.7,"snapDist":5,"label":1}},{"type":"Feature","geometry":{"type":"Point","coordinates":[16.885823,52.409997]},"properties":{"name":"Grodziska","lines":"148, 159, 163, 177, 212, 222","arr":["148","159","163","177","212","222"],"terminus":0,"mode":"bus","color":"#0059a9","colorDark":"#00294f","angle":13,"snapDist":9,"label":1}},{"type":"Feature","geometry":{"type":"Point","coordinates":[16.880403,52.410758]},"properties":{"name":"Szpitalna","lines":"148, 159, 163, 177, 212, 222","arr":["148","159","163","177","212","222"],"terminus":0,"mode":"bus","color":"#0059a9","colorDark":"#00294f","angle":13.4,"snapDist":3,"label":1}},{"type":"Feature","geometry":{"type":"Point","coordinates":[16.874141,52.411645]},"properties":{"name":"Swoboda","lines":"148, 159, 177, 191, 193, 729","arr":["148","159","177","191","193","729"],"terminus":0,"mode":"bus","color":"#0059a9","colorDark":"#00294f","angle":12.8,"snapDist":8,"label":1}},{"type":"Feature","geometry":{"type":"Point","coordinates":[16.869312,52.411762]},"properties":{"name":"Bułgarska/Polska","lines":"148, 191, 222","arr":["148","191","222"],"terminus":0,"mode":"bus","color":"#0059a9","colorDark":"#00294f","angle":284,"snapDist":9,"label":1}},{"type":"Feature","geometry":{"type":"Point","coordinates":[16.867759,52.407668]},"properties":{"name":"Ognik","lines":"148, 191, 193, 222","arr":["148","191","193","222"],"terminus":0,"mode":"bus","color":"#0059a9","colorDark":"#00294f","angle":278.2,"snapDist":4,"label":1}},{"type":"Feature","geometry":{"type":"Point","coordinates":[16.865052,52.404717]},"properties":{"name":"Rycerska","lines":"148","arr":["148"],"terminus":0,"mode":"bus","color":"#0059a9","colorDark":"#00294f","angle":13.6,"snapDist":3,"label":0}},{"type":"Feature","geometry":{"type":"Point","coordinates":[16.861547,52.405531]},"properties":{"name":"Świerzawska","lines":"148","arr":["148"],"terminus":0,"mode":"bus","color":"#0059a9","colorDark":"#00294f","angle":23.1,"snapDist":1,"label":1}},{"type":"Feature","geometry":{"type":"Point","coordinates":[16.851521,52.406371]},"properties":{"name":"Gałczyńskiego","lines":"148","arr":["148"],"terminus":0,"mode":"bus","color":"#0059a9","colorDark":"#00294f","angle":198.7,"snapDist":2,"label":1}},{"type":"Feature","geometry":{"type":"Point","coordinates":[16.845885,52.407396]},"properties":{"name":"Brzechwy","lines":"148","arr":["148"],"terminus":0,"mode":"bus","color":"#0059a9","colorDark":"#00294f","angle":14.6,"snapDist":2,"label":1}},{"type":"Feature","geometry":{"type":"Point","coordinates":[16.840305,52.408553]},"properties":{"name":"Wieczorynki","lines":"148, 177, 222","arr":["148","177","222"],"terminus":0,"mode":"bus","color":"#0059a9","colorDark":"#00294f","angle":20.3,"snapDist":8,"label":1}},{"type":"Feature","geometry":{"type":"Point","coordinates":[16.83453,52.41053]},"properties":{"name":"Os. Bajkowe","lines":"148, 177, 222","arr":["148","177","222"],"terminus":0,"mode":"bus","color":"#0059a9","colorDark":"#00294f","angle":39.3,"snapDist":6,"label":1}},{"type":"Feature","geometry":{"type":"Point","coordinates":[16.832367,52.413183]},"properties":{"name":"Złotowska","lines":"148, 159, 222","arr":["148","159","222"],"terminus":0,"mode":"bus","color":"#0059a9","colorDark":"#00294f","angle":3.9,"snapDist":8,"label":1}},{"type":"Feature","geometry":{"type":"Point","coordinates":[16.828395,52.41416]},"properties":{"name":"Port Lotniczy Ławica","lines":"148, 159, 222","arr":["148","159","222"],"terminus":1,"mode":"bus","color":"#0059a9","colorDark":"#00294f","angle":3.1,"snapDist":8,"label":1}},{"type":"Feature","geometry":{"type":"Point","coordinates":[16.826736,52.414615]},"properties":{"name":"Port Lotniczy Ławica","lines":"148, 159, 222","arr":["148","159","222"],"terminus":0,"mode":"bus","color":"#0059a9","colorDark":"#00294f","angle":3.2,"snapDist":3,"label":0}},{"type":"Feature","geometry":{"type":"Point","coordinates":[16.819091,52.411837]},"properties":{"name":"Perzycka","lines":"148, 222","arr":["148","222"],"terminus":0,"mode":"bus","color":"#0059a9","colorDark":"#00294f","angle":267.3,"snapDist":7,"label":1}},{"type":"Feature","geometry":{"type":"Point","coordinates":[16.823701,52.4098]},"properties":{"name":"Ławica","lines":"148, 177, 222, 729","arr":["148","177","222","729"],"terminus":0,"mode":"bus","color":"#0059a9","colorDark":"#00294f","angle":149.8,"snapDist":9,"label":1}},{"type":"Feature","geometry":{"type":"Point","coordinates":[16.830009,52.411795]},"properties":{"name":"Malechowska","lines":"148, 177, 222, 729","arr":["148","177","222","729"],"terminus":0,"mode":"bus","color":"#0059a9","colorDark":"#00294f","angle":152.6,"snapDist":6,"label":1}},{"type":"Feature","geometry":{"type":"Point","coordinates":[16.835592,52.409999]},"properties":{"name":"Os. Bajkowe","lines":"148, 177, 222","arr":["148","177","222"],"terminus":0,"mode":"bus","color":"#0059a9","colorDark":"#00294f","angle":39,"snapDist":5,"label":0}},{"type":"Feature","geometry":{"type":"Point","coordinates":[16.84104,52.408391]},"properties":{"name":"Wieczorynki","lines":"148, 177, 222","arr":["148","177","222"],"terminus":0,"mode":"bus","color":"#0059a9","colorDark":"#00294f","angle":18.1,"snapDist":2,"label":0}},{"type":"Feature","geometry":{"type":"Point","coordinates":[16.844078,52.407823]},"properties":{"name":"Brzechwy","lines":"148, 177, 222","arr":["148","177","222"],"terminus":0,"mode":"bus","color":"#0059a9","colorDark":"#00294f","angle":23.7,"snapDist":6,"label":0}},{"type":"Feature","geometry":{"type":"Point","coordinates":[16.850788,52.406523]},"properties":{"name":"Gałczyńskiego","lines":"148","arr":["148"],"terminus":0,"mode":"bus","color":"#0059a9","colorDark":"#00294f","angle":18.7,"snapDist":1,"label":0}},{"type":"Feature","geometry":{"type":"Point","coordinates":[16.861778,52.405471]},"properties":{"name":"Świerzawska","lines":"148","arr":["148"],"terminus":0,"mode":"bus","color":"#0059a9","colorDark":"#00294f","angle":23.2,"snapDist":3,"label":0}},{"type":"Feature","geometry":{"type":"Point","coordinates":[16.867275,52.404722]},"properties":{"name":"Rycerska","lines":"148, 191, 193, 222","arr":["148","191","193","222"],"terminus":0,"mode":"bus","color":"#0059a9","colorDark":"#00294f","angle":98.9,"snapDist":7,"label":0}},{"type":"Feature","geometry":{"type":"Point","coordinates":[16.868115,52.407279]},"properties":{"name":"Ognik","lines":"148, 191, 193, 222","arr":["148","191","193","222"],"terminus":0,"mode":"bus","color":"#0059a9","colorDark":"#00294f","angle":-81.7,"snapDist":10,"label":0}},{"type":"Feature","geometry":{"type":"Point","coordinates":[16.872646,52.411854]},"properties":{"name":"Swoboda","lines":"148, 159, 177, 191, 193, 729","arr":["148","159","177","191","193","729"],"terminus":0,"mode":"bus","color":"#0059a9","colorDark":"#00294f","angle":13.3,"snapDist":4,"label":0}},{"type":"Feature","geometry":{"type":"Point","coordinates":[16.877849,52.411129]},"properties":{"name":"Szpitalna","lines":"148, 159, 163, 177, 212, 222","arr":["148","159","163","177","212","222"],"terminus":0,"mode":"bus","color":"#0059a9","colorDark":"#00294f","angle":193.4,"snapDist":5,"label":0}},{"type":"Feature","geometry":{"type":"Point","coordinates":[16.884245,52.41022]},"properties":{"name":"Grodziska","lines":"148, 159, 163, 177, 212, 222","arr":["148","159","163","177","212","222"],"terminus":0,"mode":"bus","color":"#0059a9","colorDark":"#00294f","angle":-166.7,"snapDist":11,"label":0}},{"type":"Feature","geometry":{"type":"Point","coordinates":[16.913376,52.407011]},"properties":{"name":"Rondo Kaponiera","lines":"148, 159, 168, 216, 219, 226","arr":["148","159","168","216","219","226"],"terminus":0,"mode":"bus","color":"#0059a9","colorDark":"#00294f","angle":-78.4,"snapDist":11,"label":0}},{"type":"Feature","geometry":{"type":"Point","coordinates":[16.912052,52.40253]},"properties":{"name":"Poznań Główny","lines":"148, 159, 168, 216, 219, 226","arr":["148","159","168","216","219","226"],"terminus":1,"mode":"bus","color":"#0059a9","colorDark":"#00294f","angle":101.5,"snapDist":9,"label":0}},{"type":"Feature","geometry":{"type":"Point","coordinates":[16.881735,52.382067]},"properties":{"name":"Górczyn PKM","lines":"149, 163, 175, 180, 182, 193, 610, 614, 616, 701, 702, 703, 704, 707, 710","arr":["149","163","175","180","182","193","610","614","616","701","702","703","704","707","710"],"terminus":1,"mode":"bus","color":"#0059a9","colorDark":"#00294f","angle":-97.8,"snapDist":32,"label":1}},{"type":"Feature","geometry":{"type":"Point","coordinates":[16.872314,52.376316]},"properties":{"name":"Bojanowska","lines":"149, 180, 610, 616, 702, 703, 704, 707, 710","arr":["149","180","610","616","702","703","704","707","710"],"terminus":0,"mode":"bus","color":"#0059a9","colorDark":"#00294f","angle":318.7,"snapDist":10,"label":1}},{"type":"Feature","geometry":{"type":"Point","coordinates":[16.866788,52.372467]},"properties":{"name":"Ostatnia","lines":"149","arr":["149"],"terminus":0,"mode":"bus","color":"#0059a9","colorDark":"#00294f","angle":192.3,"snapDist":5,"label":1}},{"type":"Feature","geometry":{"type":"Point","coordinates":[16.874741,52.371677]},"properties":{"name":"Głuchowska","lines":"149","arr":["149"],"terminus":0,"mode":"bus","color":"#0059a9","colorDark":"#00294f","angle":194.2,"snapDist":6,"label":1}},{"type":"Feature","geometry":{"type":"Point","coordinates":[16.877676,52.371196]},"properties":{"name":"Kępińska","lines":"149","arr":["149"],"terminus":0,"mode":"bus","color":"#0059a9","colorDark":"#00294f","angle":196.4,"snapDist":6,"label":1}},{"type":"Feature","geometry":{"type":"Point","coordinates":[16.886576,52.370215]},"properties":{"name":"Bohaterów Westerplatte","lines":"149","arr":["149"],"terminus":0,"mode":"bus","color":"#0059a9","colorDark":"#00294f","angle":274.6,"snapDist":6,"label":1}},{"type":"Feature","geometry":{"type":"Point","coordinates":[16.884537,52.366964]},"properties":{"name":"Kotowicza","lines":"149","arr":["149"],"terminus":0,"mode":"bus","color":"#0059a9","colorDark":"#00294f","angle":300.9,"snapDist":6,"label":1}},{"type":"Feature","geometry":{"type":"Point","coordinates":[16.884167,52.364093]},"properties":{"name":"Wróblewskiego","lines":"149","arr":["149"],"terminus":0,"mode":"bus","color":"#0059a9","colorDark":"#00294f","angle":254.6,"snapDist":7,"label":1}},{"type":"Feature","geometry":{"type":"Point","coordinates":[16.885441,52.361554]},"properties":{"name":"Okrzei","lines":"149","arr":["149"],"terminus":0,"mode":"bus","color":"#0059a9","colorDark":"#00294f","angle":248.7,"snapDist":6,"label":1}},{"type":"Feature","geometry":{"type":"Point","coordinates":[16.889668,52.361448]},"properties":{"name":"Będzińska","lines":"149, 175, 213, 611, 614, 701","arr":["149","175","213","611","614","701"],"terminus":0,"mode":"bus","color":"#0059a9","colorDark":"#00294f","angle":128.1,"snapDist":9,"label":1}},{"type":"Feature","geometry":{"type":"Point","coordinates":[16.89197,52.363322]},"properties":{"name":"Sempołowskiej","lines":"149, 175, 213, 611, 614, 701","arr":["149","175","213","611","614","701"],"terminus":0,"mode":"bus","color":"#0059a9","colorDark":"#00294f","angle":125.1,"snapDist":4,"label":1}},{"type":"Feature","geometry":{"type":"Point","coordinates":[16.895616,52.367366]},"properties":{"name":"Opolska","lines":"149, 179, 614, 701","arr":["149","179","614","701"],"terminus":0,"mode":"bus","color":"#0059a9","colorDark":"#00294f","angle":54.9,"snapDist":6,"label":1}},{"type":"Feature","geometry":{"type":"Point","coordinates":[16.892826,52.369883]},"properties":{"name":"Jesionowa","lines":"149, 179, 614, 701","arr":["149","179","614","701"],"terminus":0,"mode":"bus","color":"#0059a9","colorDark":"#00294f","angle":56,"snapDist":6,"label":1}},{"type":"Feature","geometry":{"type":"Point","coordinates":[16.893614,52.373466]},"properties":{"name":"Górecka","lines":"149, 179, 614, 701","arr":["149","179","614","701"],"terminus":0,"mode":"bus","color":"#0059a9","colorDark":"#00294f","angle":108.1,"snapDist":8,"label":1}},{"type":"Feature","geometry":{"type":"Point","coordinates":[16.904176,52.369649]},"properties":{"name":"Dębiec Tunel PKM","lines":"149","arr":["149"],"terminus":0,"mode":"bus","color":"#0059a9","colorDark":"#00294f","angle":190.5,"snapDist":11,"label":1}},{"type":"Feature","geometry":{"type":"Point","coordinates":[16.907944,52.368862]},"properties":{"name":"Łozowa","lines":"149, 171, 176, 215, 603, PKS","arr":["149","171","176","215","603","PKS"],"terminus":0,"mode":"bus","color":"#0059a9","colorDark":"#00294f","angle":266.4,"snapDist":4,"label":1}},{"type":"Feature","geometry":{"type":"Point","coordinates":[16.907591,52.364068]},"properties":{"name":"Azaliowa","lines":"149, 171, 176, 215, 603","arr":["149","171","176","215","603"],"terminus":0,"mode":"bus","color":"#0059a9","colorDark":"#00294f","angle":292.8,"snapDist":9,"label":1}},{"type":"Feature","geometry":{"type":"Point","coordinates":[16.904058,52.365355]},"properties":{"name":"Kasztanowa","lines":"149, 602, 610, 651","arr":["149","602","610","651"],"terminus":0,"mode":"bus","color":"#0059a9","colorDark":"#00294f","angle":86,"snapDist":3,"label":1}},{"type":"Feature","geometry":{"type":"Point","coordinates":[16.903731,52.368664]},"properties":{"name":"Kalinowa","lines":"149, 602, 610, 651","arr":["149","602","610","651"],"terminus":0,"mode":"bus","color":"#0059a9","colorDark":"#00294f","angle":86.3,"snapDist":0,"label":1}},{"type":"Feature","geometry":{"type":"Point","coordinates":[16.90365,52.371925]},"properties":{"name":"Dębiec PKM","lines":"149, 602, 610, 651","arr":["149","602","610","651"],"terminus":1,"mode":"bus","color":"#0059a9","colorDark":"#00294f","angle":2,"snapDist":0,"label":1}},{"type":"Feature","geometry":{"type":"Point","coordinates":[16.903692,52.369053]},"properties":{"name":"Kalinowa","lines":"149, 602, 610, 651","arr":["149","602","610","651"],"terminus":0,"mode":"bus","color":"#0059a9","colorDark":"#00294f","angle":267,"snapDist":3,"label":0}},{"type":"Feature","geometry":{"type":"Point","coordinates":[16.904,52.365867]},"properties":{"name":"Kasztanowa","lines":"149, 602, 610, 651","arr":["149","602","610","651"],"terminus":0,"mode":"bus","color":"#0059a9","colorDark":"#00294f","angle":266,"snapDist":4,"label":0}},{"type":"Feature","geometry":{"type":"Point","coordinates":[16.907367,52.36371]},"properties":{"name":"Azaliowa","lines":"149, 171, 176, 215, 603","arr":["149","171","176","215","603"],"terminus":0,"mode":"bus","color":"#0059a9","colorDark":"#00294f","angle":111.5,"snapDist":5,"label":0}},{"type":"Feature","geometry":{"type":"Point","coordinates":[16.908065,52.367728]},"properties":{"name":"Łozowa","lines":"149, 171, 176, 215, 603","arr":["149","171","176","215","603"],"terminus":0,"mode":"bus","color":"#0059a9","colorDark":"#00294f","angle":86.3,"snapDist":3,"label":0}},{"type":"Feature","geometry":{"type":"Point","coordinates":[16.902899,52.369792]},"properties":{"name":"Dębiec Tunel PKM","lines":"149","arr":["149"],"terminus":0,"mode":"bus","color":"#0059a9","colorDark":"#00294f","angle":9.6,"snapDist":5,"label":0}},{"type":"Feature","geometry":{"type":"Point","coordinates":[16.893381,52.372977]},"properties":{"name":"Górecka","lines":"149, 179, 614, 701","arr":["149","179","614","701"],"terminus":0,"mode":"bus","color":"#0059a9","colorDark":"#00294f","angle":285.7,"snapDist":8,"label":0}},{"type":"Feature","geometry":{"type":"Point","coordinates":[16.893075,52.369656]},"properties":{"name":"Jesionowa","lines":"149, 179, 614, 701","arr":["149","179","614","701"],"terminus":0,"mode":"bus","color":"#0059a9","colorDark":"#00294f","angle":236.9,"snapDist":6,"label":0}},{"type":"Feature","geometry":{"type":"Point","coordinates":[16.894494,52.365446]},"properties":{"name":"Cieszyńska","lines":"149, 175, 213, 611, 614, 701","arr":["149","175","213","611","614","701"],"terminus":0,"mode":"bus","color":"#0059a9","colorDark":"#00294f","angle":307.6,"snapDist":8,"label":1}},{"type":"Feature","geometry":{"type":"Point","coordinates":[16.891388,52.362836]},"properties":{"name":"Sempołowskiej","lines":"149, 175, 213, 611, 614, 701","arr":["149","175","213","611","614","701"],"terminus":0,"mode":"bus","color":"#0059a9","colorDark":"#00294f","angle":307.1,"snapDist":6,"label":0}},{"type":"Feature","geometry":{"type":"Point","coordinates":[16.889178,52.361052]},"properties":{"name":"Będzińska","lines":"149, 175, 213, 611, 614, 701","arr":["149","175","213","611","614","701"],"terminus":0,"mode":"bus","color":"#0059a9","colorDark":"#00294f","angle":307,"snapDist":8,"label":0}},{"type":"Feature","geometry":{"type":"Point","coordinates":[16.885715,52.36118]},"properties":{"name":"Okrzei","lines":"149","arr":["149"],"terminus":0,"mode":"bus","color":"#0059a9","colorDark":"#00294f","angle":62.4,"snapDist":5,"label":0}},{"type":"Feature","geometry":{"type":"Point","coordinates":[16.884116,52.364207]},"properties":{"name":"Wróblewskiego","lines":"149","arr":["149"],"terminus":0,"mode":"bus","color":"#0059a9","colorDark":"#00294f","angle":74.6,"snapDist":10,"label":0}},{"type":"Feature","geometry":{"type":"Point","coordinates":[16.884371,52.366777]},"properties":{"name":"Kotowicza","lines":"149","arr":["149"],"terminus":0,"mode":"bus","color":"#0059a9","colorDark":"#00294f","angle":118,"snapDist":5,"label":0}},{"type":"Feature","geometry":{"type":"Point","coordinates":[16.885714,52.370964]},"properties":{"name":"Bohaterów Westerplatte","lines":"149","arr":["149"],"terminus":0,"mode":"bus","color":"#0059a9","colorDark":"#00294f","angle":343.5,"snapDist":7,"label":0}},{"type":"Feature","geometry":{"type":"Point","coordinates":[16.878615,52.371024]},"properties":{"name":"Kępińska","lines":"149","arr":["149"],"terminus":0,"mode":"bus","color":"#0059a9","colorDark":"#00294f","angle":17.3,"snapDist":5,"label":0}},{"type":"Feature","geometry":{"type":"Point","coordinates":[16.873622,52.371851]},"properties":{"name":"Głuchowska","lines":"149","arr":["149"],"terminus":0,"mode":"bus","color":"#0059a9","colorDark":"#00294f","angle":14.4,"snapDist":5,"label":0}},{"type":"Feature","geometry":{"type":"Point","coordinates":[16.866426,52.372976]},"properties":{"name":"Ostatnia","lines":"149, 180, 610, 616, 702, 703, 704, 707, 710","arr":["149","180","610","616","702","703","704","707","710"],"terminus":0,"mode":"bus","color":"#0059a9","colorDark":"#00294f","angle":131.2,"snapDist":7,"label":0}},{"type":"Feature","geometry":{"type":"Point","coordinates":[16.872184,52.376127]},"properties":{"name":"Bojanowska","lines":"149, 180, 610, 616, 702, 703, 704, 707, 710","arr":["149","180","610","616","702","703","704","707","710"],"terminus":0,"mode":"bus","color":"#0059a9","colorDark":"#00294f","angle":138.7,"snapDist":10,"label":0}},{"type":"Feature","geometry":{"type":"Point","coordinates":[16.880977,52.381615]},"properties":{"name":"Górczyn PKM","lines":"149, 163, 175, 180, 182, 193, 213, 223, 610, 614, 616, 701, 702, 703, 704, 707, 710","arr":["149","163","175","180","182","193","213","223","610","614","616","701","702","703","704","707","710"],"terminus":1,"mode":"bus","color":"#0059a9","colorDark":"#00294f","angle":229.2,"snapDist":6,"label":0}},{"type":"Feature","geometry":{"type":"Point","coordinates":[16.916433,52.464922]},"properties":{"name":"Os. Sobieskiego","lines":"151, 174, 185, 188, 190, 191, 193, 198, 215, 218, 348, 832, 901, 902, 904, 905, 907","arr":["151","174","185","188","190","191","193","198","215","218","348","832","901","902","904","905","907"],"terminus":1,"mode":"bus","color":"#0059a9","colorDark":"#00294f","angle":18.5,"snapDist":16,"label":1}},{"type":"Feature","geometry":{"type":"Point","coordinates":[16.917771,52.462582]},"properties":{"name":"Szeligowskiego","lines":"151, 185, 188, 901, 902, 904, 905","arr":["151","185","188","901","902","904","905"],"terminus":0,"mode":"bus","color":"#0059a9","colorDark":"#00294f","angle":273.4,"snapDist":10,"label":1}},{"type":"Feature","geometry":{"type":"Point","coordinates":[16.90428,52.457319]},"properties":{"name":"Wieża RTV","lines":"151, 185, 190, 193, 215","arr":["151","185","190","193","215"],"terminus":0,"mode":"bus","color":"#0059a9","colorDark":"#00294f","angle":272.3,"snapDist":8,"label":1}},{"type":"Feature","geometry":{"type":"Point","coordinates":[16.907366,52.453648]},"properties":{"name":"Os. Jagiełły","lines":"151, 185, 190, 193, 215","arr":["151","185","190","193","215"],"terminus":0,"mode":"bus","color":"#0059a9","colorDark":"#00294f","angle":184.7,"snapDist":5,"label":1}},{"type":"Feature","geometry":{"type":"Point","coordinates":[16.912107,52.451584]},"properties":{"name":"Os. Chrobrego","lines":"151, 185, 190, 193, 215","arr":["151","185","190","193","215"],"terminus":0,"mode":"bus","color":"#0059a9","colorDark":"#00294f","angle":-103.6,"snapDist":10,"label":1}},{"type":"Feature","geometry":{"type":"Point","coordinates":[16.915137,52.450687]},"properties":{"name":"Wojciechowskiego","lines":"151, 185","arr":["151","185"],"terminus":0,"mode":"bus","color":"#0059a9","colorDark":"#00294f","angle":171.1,"snapDist":9,"label":1}},{"type":"Feature","geometry":{"type":"Point","coordinates":[16.919548,52.450676]},"properties":{"name":"Kurpińskiego","lines":"151, 185","arr":["151","185"],"terminus":0,"mode":"bus","color":"#0059a9","colorDark":"#00294f","angle":179.1,"snapDist":17,"label":0}},{"type":"Feature","geometry":{"type":"Point","coordinates":[16.950294,52.450144]},"properties":{"name":"Rubież","lines":"151","arr":["151"],"terminus":0,"mode":"bus","color":"#0059a9","colorDark":"#00294f","angle":164,"snapDist":1,"label":0}},{"type":"Feature","geometry":{"type":"Point","coordinates":[16.954199,52.449839]},"properties":{"name":"Czarnucha","lines":"151","arr":["151"],"terminus":0,"mode":"bus","color":"#0059a9","colorDark":"#00294f","angle":188.2,"snapDist":0,"label":1}},{"type":"Feature","geometry":{"type":"Point","coordinates":[16.961491,52.44918]},"properties":{"name":"Bielicowa","lines":"151","arr":["151"],"terminus":0,"mode":"bus","color":"#0059a9","colorDark":"#00294f","angle":188.4,"snapDist":1,"label":1}},{"type":"Feature","geometry":{"type":"Point","coordinates":[16.961079,52.445317]},"properties":{"name":"Naramowice Wschodnie","lines":"151","arr":["151"],"terminus":0,"mode":"bus","color":"#0059a9","colorDark":"#00294f","angle":283.7,"snapDist":1,"label":1}},{"type":"Feature","geometry":{"type":"Point","coordinates":[16.957185,52.443717]},"properties":{"name":"Karpia","lines":"151","arr":["151"],"terminus":0,"mode":"bus","color":"#0059a9","colorDark":"#00294f","angle":34,"snapDist":1,"label":1}},{"type":"Feature","geometry":{"type":"Point","coordinates":[16.951196,52.4449]},"properties":{"name":"Dworska","lines":"151","arr":["151"],"terminus":0,"mode":"bus","color":"#0059a9","colorDark":"#00294f","angle":348.8,"snapDist":3,"label":1}},{"type":"Feature","geometry":{"type":"Point","coordinates":[16.919486,52.450894]},"properties":{"name":"Kurpińskiego","lines":"151, 185","arr":["151","185"],"terminus":0,"mode":"bus","color":"#0059a9","colorDark":"#00294f","angle":359.1,"snapDist":7,"label":0}},{"type":"Feature","geometry":{"type":"Point","coordinates":[16.914324,52.45059]},"properties":{"name":"Wojciechowskiego","lines":"151, 185","arr":["151","185"],"terminus":0,"mode":"bus","color":"#0059a9","colorDark":"#00294f","angle":346.2,"snapDist":10,"label":0}},{"type":"Feature","geometry":{"type":"Point","coordinates":[16.911808,52.452335]},"properties":{"name":"Os. Chrobrego","lines":"151, 185, 190, 193, 215","arr":["151","185","190","193","215"],"terminus":0,"mode":"bus","color":"#0059a9","colorDark":"#00294f","angle":76.3,"snapDist":8,"label":0}},{"type":"Feature","geometry":{"type":"Point","coordinates":[16.904447,52.454719]},"properties":{"name":"Os. Jagiełły","lines":"151, 185, 190, 193, 215","arr":["151","185","190","193","215"],"terminus":0,"mode":"bus","color":"#0059a9","colorDark":"#00294f","angle":84.8,"snapDist":9,"label":1}},{"type":"Feature","geometry":{"type":"Point","coordinates":[16.904287,52.458148]},"properties":{"name":"Wieża RTV","lines":"151, 185, 190, 193, 215","arr":["151","185","190","193","215"],"terminus":0,"mode":"bus","color":"#0059a9","colorDark":"#00294f","angle":86.6,"snapDist":9,"label":0}},{"type":"Feature","geometry":{"type":"Point","coordinates":[16.9158,52.460289]},"properties":{"name":"Szymanowskiego","lines":"151, 185, 188, 901, 902, 904, 905","arr":["151","185","188","901","902","904","905"],"terminus":0,"mode":"bus","color":"#0059a9","colorDark":"#00294f","angle":179.6,"snapDist":9,"label":0}},{"type":"Feature","geometry":{"type":"Point","coordinates":[16.917785,52.462713]},"properties":{"name":"Szeligowskiego","lines":"151, 185, 188, 901, 902, 904, 905","arr":["151","185","188","901","902","904","905"],"terminus":0,"mode":"bus","color":"#0059a9","colorDark":"#00294f","angle":93.9,"snapDist":13,"label":0}},{"type":"Feature","geometry":{"type":"Point","coordinates":[16.917197,52.465097]},"properties":{"name":"Os. Sobieskiego","lines":"151, 185, 188, 901, 902, 904, 905","arr":["151","185","188","901","902","904","905"],"terminus":1,"mode":"bus","color":"#0059a9","colorDark":"#00294f","angle":198.9,"snapDist":8,"label":0}},{"type":"Feature","geometry":{"type":"Point","coordinates":[17.029181,52.388111]},"properties":{"name":"Darzybór","lines":"152, 425","arr":["152","425"],"terminus":1,"mode":"bus","color":"#0059a9","colorDark":"#00294f","angle":316,"snapDist":8,"label":1}},{"type":"Feature","geometry":{"type":"Point","coordinates":[17.025277,52.389104]},"properties":{"name":"Schronisko Dla Zwierząt","lines":"152, 425","arr":["152","425"],"terminus":0,"mode":"bus","color":"#0059a9","colorDark":"#00294f","angle":54.3,"snapDist":7,"label":1}},{"type":"Feature","geometry":{"type":"Point","coordinates":[17.01753,52.390853]},"properties":{"name":"Kobylepole","lines":"152, 425","arr":["152","425"],"terminus":0,"mode":"bus","color":"#0059a9","colorDark":"#00294f","angle":355,"snapDist":6,"label":1}},{"type":"Feature","geometry":{"type":"Point","coordinates":[17.014596,52.392477]},"properties":{"name":"Piwna","lines":"152","arr":["152"],"terminus":0,"mode":"bus","color":"#0059a9","colorDark":"#00294f","angle":81.6,"snapDist":8,"label":1}},{"type":"Feature","geometry":{"type":"Point","coordinates":[17.008348,52.391586]},"properties":{"name":"Os. Przemysława","lines":"152, 157","arr":["152","157"],"terminus":0,"mode":"bus","color":"#0059a9","colorDark":"#00294f","angle":2.2,"snapDist":9,"label":1}},{"type":"Feature","geometry":{"type":"Point","coordinates":[16.998446,52.392305]},"properties":{"name":"Żelazna","lines":"152, 157","arr":["152","157"],"terminus":0,"mode":"bus","color":"#0059a9","colorDark":"#00294f","angle":19.6,"snapDist":11,"label":1}},{"type":"Feature","geometry":{"type":"Point","coordinates":[16.994431,52.39057]},"properties":{"name":"Szwajcarska Szpital","lines":"152, 181","arr":["152","181"],"terminus":0,"mode":"bus","color":"#0059a9","colorDark":"#00294f","angle":290.9,"snapDist":5,"label":0}},{"type":"Feature","geometry":{"type":"Point","coordinates":[16.991539,52.388594]},"properties":{"name":"Os. Rusa","lines":"152, 184, 218, T1","arr":["152","184","218","T1"],"terminus":0,"mode":"bus","color":"#0059a9","colorDark":"#00294f","angle":276.8,"snapDist":10,"label":1}},{"type":"Feature","geometry":{"type":"Point","coordinates":[16.986887,52.384508]},"properties":{"name":"Piaśnicka/Kurlandzka","lines":"152, 184, 218","arr":["152","184","218"],"terminus":0,"mode":"bus","color":"#0059a9","colorDark":"#00294f","angle":325.2,"snapDist":10,"label":1}},{"type":"Feature","geometry":{"type":"Point","coordinates":[16.982026,52.382428]},"properties":{"name":"Os. Czecha I","lines":"152, 184, 218","arr":["152","184","218"],"terminus":0,"mode":"bus","color":"#0059a9","colorDark":"#00294f","angle":319.8,"snapDist":9,"label":0}},{"type":"Feature","geometry":{"type":"Point","coordinates":[16.97886,52.381683]},"properties":{"name":"Kurlandzka Wiadukt","lines":"152, 184, 218","arr":["152","184","218"],"terminus":0,"mode":"bus","color":"#0059a9","colorDark":"#00294f","angle":358.9,"snapDist":6,"label":1}},{"type":"Feature","geometry":{"type":"Point","coordinates":[16.969308,52.377044]},"properties":{"name":"Dziadoszańska","lines":"152, 184, 218","arr":["152","184","218"],"terminus":0,"mode":"bus","color":"#0059a9","colorDark":"#00294f","angle":325.2,"snapDist":11,"label":1}},{"type":"Feature","geometry":{"type":"Point","coordinates":[16.965193,52.375345]},"properties":{"name":"Os. Orła Białego I","lines":"152, 184, 218","arr":["152","184","218"],"terminus":0,"mode":"bus","color":"#0059a9","colorDark":"#00294f","angle":325.3,"snapDist":8,"label":1}},{"type":"Feature","geometry":{"type":"Point","coordinates":[16.960245,52.376016]},"properties":{"name":"Os. Orła Białego II","lines":"152, 174, 184, 218","arr":["152","174","184","218"],"terminus":0,"mode":"bus","color":"#0059a9","colorDark":"#00294f","angle":47,"snapDist":10,"label":1}},{"type":"Feature","geometry":{"type":"Point","coordinates":[16.956647,52.380239]},"properties":{"name":"Os. Stare Żegrze","lines":"152, 174, 184, 217, 218","arr":["152","174","184","217","218"],"terminus":0,"mode":"bus","color":"#0059a9","colorDark":"#00294f","angle":110.3,"snapDist":9,"label":1}},{"type":"Feature","geometry":{"type":"Point","coordinates":[16.960934,52.383331]},"properties":{"name":"Os. Polan","lines":"152","arr":["152"],"terminus":0,"mode":"bus","color":"#0059a9","colorDark":"#00294f","angle":138.5,"snapDist":9,"label":1}},{"type":"Feature","geometry":{"type":"Point","coordinates":[16.962929,52.385468]},"properties":{"name":"Inflancka","lines":"152, 162, 166, 181, 196, 212, 222","arr":["152","162","166","181","196","212","222"],"terminus":0,"mode":"bus","color":"#0059a9","colorDark":"#00294f","angle":55.4,"snapDist":7,"label":1}},{"type":"Feature","geometry":{"type":"Point","coordinates":[16.958473,52.389432]},"properties":{"name":"Os. Oświecenia","lines":"152, 162, 166, 181, 196, 212, 222","arr":["152","162","166","181","196","212","222"],"terminus":0,"mode":"bus","color":"#0059a9","colorDark":"#00294f","angle":55.3,"snapDist":9,"label":1}},{"type":"Feature","geometry":{"type":"Point","coordinates":[16.951289,52.392508]},"properties":{"name":"Piłsudskiego","lines":"152, 162, 166, 181, 196, 212, 222","arr":["152","162","166","181","196","212","222"],"terminus":0,"mode":"bus","color":"#0059a9","colorDark":"#00294f","angle":27.2,"snapDist":11,"label":1}},{"type":"Feature","geometry":{"type":"Point","coordinates":[16.949851,52.394791]},"properties":{"name":"Rondo Rataje","lines":"152, 162, 166, 174, 181, 184, 190, 196, 212, 217, 221, 222","arr":["152","162","166","174","181","184","190","196","212","217","221","222"],"terminus":0,"mode":"bus","color":"#0059a9","colorDark":"#00294f","angle":110.4,"snapDist":6,"label":0}},{"type":"Feature","geometry":{"type":"Point","coordinates":[16.949413,52.396131]},"properties":{"name":"Rondo Rataje","lines":"152, 154, 162, 166, 167, 181, 184, 196, 227, 425, 431, 432, 433, 501, 502, 503, 511, 512, 560, 561, 911","arr":["152","154","162","166","167","181","184","196","227","425","431","432","433","501","502","503","511","512","560","561","911"],"terminus":1,"mode":"bus","color":"#0059a9","colorDark":"#00294f","angle":20.1,"snapDist":18,"label":1}},{"type":"Feature","geometry":{"type":"Point","coordinates":[16.94985,52.396835]},"properties":{"name":"Rondo Rataje","lines":"152, 154, 162, 166, 167, 181, 184, 196, 227, 425, 431, 432, 433, 501, 502, 503, 511, 512, 560, 911","arr":["152","154","162","166","167","181","184","196","227","425","431","432","433","501","502","503","511","512","560","911"],"terminus":1,"mode":"bus","color":"#0059a9","colorDark":"#00294f","angle":165.4,"snapDist":6,"label":1}},{"type":"Feature","geometry":{"type":"Point","coordinates":[16.950909,52.39658]},"properties":{"name":"Rondo Rataje","lines":"152, 154, 162, 166, 167, 181, 184, 196, 217, 220, 221, 227, 425, 431, 432, 433, 501, 502, 503, 511, 512, 560, 911","arr":["152","154","162","166","167","181","184","196","217","220","221","227","425","431","432","433","501","502","503","511","512","560","911"],"terminus":0,"mode":"bus","color":"#0059a9","colorDark":"#00294f","angle":289.5,"snapDist":6,"label":0}},{"type":"Feature","geometry":{"type":"Point","coordinates":[16.949752,52.394627]},"properties":{"name":"Rondo Rataje","lines":"152, 162, 166, 174, 181, 184, 190, 196, 212, 217, 221, 222","arr":["152","162","166","174","181","184","190","196","212","217","221","222"],"terminus":0,"mode":"bus","color":"#0059a9","colorDark":"#00294f","angle":290.4,"snapDist":5,"label":0}},{"type":"Feature","geometry":{"type":"Point","coordinates":[16.953094,52.391823]},"properties":{"name":"Piłsudskiego","lines":"152, 162, 166, 181, 196, 212, 222","arr":["152","162","166","181","196","212","222"],"terminus":0,"mode":"bus","color":"#0059a9","colorDark":"#00294f","angle":206.9,"snapDist":6,"label":0}},{"type":"Feature","geometry":{"type":"Point","coordinates":[16.958809,52.388888]},"properties":{"name":"Os. Oświecenia","lines":"152, 162, 166, 181, 196, 212, 222","arr":["152","162","166","181","196","212","222"],"terminus":0,"mode":"bus","color":"#0059a9","colorDark":"#00294f","angle":235.6,"snapDist":8,"label":0}},{"type":"Feature","geometry":{"type":"Point","coordinates":[16.96264,52.384419]},"properties":{"name":"Inflancka","lines":"152","arr":["152"],"terminus":0,"mode":"bus","color":"#0059a9","colorDark":"#00294f","angle":314.5,"snapDist":8,"label":0}},{"type":"Feature","geometry":{"type":"Point","coordinates":[16.956855,52.38058]},"properties":{"name":"Os. Stare Żegrze","lines":"152, 174, 184, 217, 218","arr":["152","174","184","217","218"],"terminus":0,"mode":"bus","color":"#0059a9","colorDark":"#00294f","angle":291.6,"snapDist":10,"label":0}},{"type":"Feature","geometry":{"type":"Point","coordinates":[16.960775,52.375669]},"properties":{"name":"Os. Orła Białego II","lines":"152, 174, 184, 218","arr":["152","174","184","218"],"terminus":0,"mode":"bus","color":"#0059a9","colorDark":"#00294f","angle":226.4,"snapDist":11,"label":0}},{"type":"Feature","geometry":{"type":"Point","coordinates":[16.966441,52.375869]},"properties":{"name":"Os. Orła Białego I","lines":"152, 184, 218","arr":["152","184","218"],"terminus":0,"mode":"bus","color":"#0059a9","colorDark":"#00294f","angle":145.7,"snapDist":13,"label":0}},{"type":"Feature","geometry":{"type":"Point","coordinates":[16.970926,52.377726]},"properties":{"name":"Dziadoszańska","lines":"152, 184, 218","arr":["152","184","218"],"terminus":0,"mode":"bus","color":"#0059a9","colorDark":"#00294f","angle":145.2,"snapDist":10,"label":0}},{"type":"Feature","geometry":{"type":"Point","coordinates":[16.974352,52.380127]},"properties":{"name":"Lubuszańska","lines":"152, 184, 218","arr":["152","184","218"],"terminus":0,"mode":"bus","color":"#0059a9","colorDark":"#00294f","angle":104.9,"snapDist":2,"label":1}},{"type":"Feature","geometry":{"type":"Point","coordinates":[16.978439,52.381702]},"properties":{"name":"Kurlandzka Wiadukt","lines":"152, 184, 218","arr":["152","184","218"],"terminus":0,"mode":"bus","color":"#0059a9","colorDark":"#00294f","angle":190,"snapDist":3,"label":0}},{"type":"Feature","geometry":{"type":"Point","coordinates":[16.983197,52.382956]},"properties":{"name":"Os. Czecha I","lines":"152, 184, 218","arr":["152","184","218"],"terminus":0,"mode":"bus","color":"#0059a9","colorDark":"#00294f","angle":145.4,"snapDist":6,"label":0}},{"type":"Feature","geometry":{"type":"Point","coordinates":[16.986676,52.384419]},"properties":{"name":"Piaśnicka/Kurlandzka","lines":"152, 184, 218","arr":["152","184","218"],"terminus":0,"mode":"bus","color":"#0059a9","colorDark":"#00294f","angle":145.6,"snapDist":8,"label":0}},{"type":"Feature","geometry":{"type":"Point","coordinates":[16.991132,52.387525]},"properties":{"name":"Os. Rusa","lines":"152, 184, 218, T1","arr":["152","184","218","T1"],"terminus":0,"mode":"bus","color":"#0059a9","colorDark":"#00294f","angle":108,"snapDist":9,"label":0}},{"type":"Feature","geometry":{"type":"Point","coordinates":[16.993959,52.389801]},"properties":{"name":"Szwajcarska Szpital","lines":"152, 166, 181, 212, 218, 222","arr":["152","166","181","212","218","222"],"terminus":1,"mode":"bus","color":"#0059a9","colorDark":"#00294f","angle":110.3,"snapDist":5,"label":1}},{"type":"Feature","geometry":{"type":"Point","coordinates":[16.999552,52.392039]},"properties":{"name":"Żelazna","lines":"152, 157","arr":["152","157"],"terminus":0,"mode":"bus","color":"#0059a9","colorDark":"#00294f","angle":205.2,"snapDist":6,"label":0}},{"type":"Feature","geometry":{"type":"Point","coordinates":[17.009244,52.391622]},"properties":{"name":"Os. Przemysława","lines":"152, 157","arr":["152","157"],"terminus":0,"mode":"bus","color":"#0059a9","colorDark":"#00294f","angle":170.7,"snapDist":8,"label":0}},{"type":"Feature","geometry":{"type":"Point","coordinates":[17.014676,52.39216]},"properties":{"name":"Piwna","lines":"152","arr":["152"],"terminus":0,"mode":"bus","color":"#0059a9","colorDark":"#00294f","angle":261.5,"snapDist":8,"label":0}},{"type":"Feature","geometry":{"type":"Point","coordinates":[17.018201,52.390889]},"properties":{"name":"Kobylepole","lines":"152, 425","arr":["152","425"],"terminus":0,"mode":"bus","color":"#0059a9","colorDark":"#00294f","angle":175.2,"snapDist":5,"label":0}},{"type":"Feature","geometry":{"type":"Point","coordinates":[17.02523,52.389145]},"properties":{"name":"Schronisko Dla Zwierząt","lines":"152, 425","arr":["152","425"],"terminus":0,"mode":"bus","color":"#0059a9","colorDark":"#00294f","angle":235.8,"snapDist":6,"label":0}},{"type":"Feature","geometry":{"type":"Point","coordinates":[17.029669,52.388396]},"properties":{"name":"Darzybór","lines":"152, 425","arr":["152","425"],"terminus":1,"mode":"bus","color":"#0059a9","colorDark":"#00294f","angle":136.5,"snapDist":8,"label":0}},{"type":"Feature","geometry":{"type":"Point","coordinates":[16.982502,52.307983]},"properties":{"name":"Sypniewo","lines":"153, 158, 221","arr":["153","158","221"],"terminus":1,"mode":"bus","color":"#0059a9","colorDark":"#00294f","angle":182.5,"snapDist":5,"label":1}},{"type":"Feature","geometry":{"type":"Point","coordinates":[16.974269,52.311473]},"properties":{"name":"Park Sypniewskiego","lines":"153, 158, 221","arr":["153","158","221"],"terminus":0,"mode":"bus","color":"#0059a9","colorDark":"#00294f","angle":22.6,"snapDist":5,"label":1}},{"type":"Feature","geometry":{"type":"Point","coordinates":[16.968883,52.312831]},"properties":{"name":"Głuszyna OSIR","lines":"153, 158, 221","arr":["153","158","221"],"terminus":0,"mode":"bus","color":"#0059a9","colorDark":"#00294f","angle":22.1,"snapDist":6,"label":1}},{"type":"Feature","geometry":{"type":"Point","coordinates":[16.964263,52.314259]},"properties":{"name":"Głuszyna Szkoła","lines":"153, 158, 221","arr":["153","158","221"],"terminus":0,"mode":"bus","color":"#0059a9","colorDark":"#00294f","angle":29.7,"snapDist":8,"label":1}},{"type":"Feature","geometry":{"type":"Point","coordinates":[16.954044,52.318155]},"properties":{"name":"Daszewicka","lines":"153, 158, 221","arr":["153","158","221"],"terminus":0,"mode":"bus","color":"#0059a9","colorDark":"#00294f","angle":36.8,"snapDist":5,"label":1}},{"type":"Feature","geometry":{"type":"Point","coordinates":[16.948234,52.321558]},"properties":{"name":"Głuszyna","lines":"153, 158, 221","arr":["153","158","221"],"terminus":0,"mode":"bus","color":"#0059a9","colorDark":"#00294f","angle":44,"snapDist":5,"label":1}},{"type":"Feature","geometry":{"type":"Point","coordinates":[16.932312,52.332537]},"properties":{"name":"Ożarowska","lines":"153, 158, 221","arr":["153","158","221"],"terminus":0,"mode":"bus","color":"#0059a9","colorDark":"#00294f","angle":38.4,"snapDist":5,"label":1}},{"type":"Feature","geometry":{"type":"Point","coordinates":[16.924431,52.335643]},"properties":{"name":"Strzeleckiego","lines":"153, 158, 221","arr":["153","158","221"],"terminus":0,"mode":"bus","color":"#0059a9","colorDark":"#00294f","angle":59.6,"snapDist":5,"label":1}},{"type":"Feature","geometry":{"type":"Point","coordinates":[16.921218,52.339037]},"properties":{"name":"Klimontowska","lines":"153, 158, 221","arr":["153","158","221"],"terminus":0,"mode":"bus","color":"#0059a9","colorDark":"#00294f","angle":60,"snapDist":7,"label":1}},{"type":"Feature","geometry":{"type":"Point","coordinates":[16.918256,52.342396]},"properties":{"name":"Starołęka Wielka","lines":"153, 158, 194, 221, 527","arr":["153","158","194","221","527"],"terminus":1,"mode":"bus","color":"#0059a9","colorDark":"#00294f","angle":74.5,"snapDist":2,"label":1}},{"type":"Feature","geometry":{"type":"Point","coordinates":[16.918296,52.345213]},"properties":{"name":"Tarnobrzeska","lines":"153, 158, 194, 221, 527","arr":["153","158","194","221","527"],"terminus":0,"mode":"bus","color":"#0059a9","colorDark":"#00294f","angle":103.8,"snapDist":5,"label":1}},{"type":"Feature","geometry":{"type":"Point","coordinates":[16.919647,52.346496]},"properties":{"name":"Czernichowska","lines":"153, 194","arr":["153","194"],"terminus":0,"mode":"bus","color":"#0059a9","colorDark":"#00294f","angle":197.5,"snapDist":4,"label":1}},{"type":"Feature","geometry":{"type":"Point","coordinates":[16.926716,52.345137]},"properties":{"name":"Staszowska","lines":"153, 194","arr":["153","194"],"terminus":0,"mode":"bus","color":"#0059a9","colorDark":"#00294f","angle":197.4,"snapDist":4,"label":1}},{"type":"Feature","geometry":{"type":"Point","coordinates":[16.934468,52.343669]},"properties":{"name":"Tomaszowska","lines":"153, 194","arr":["153","194"],"terminus":0,"mode":"bus","color":"#0059a9","colorDark":"#00294f","angle":196.9,"snapDist":4,"label":1}},{"type":"Feature","geometry":{"type":"Point","coordinates":[16.940017,52.343723]},"properties":{"name":"Łysogórska","lines":"153, 194","arr":["153","194"],"terminus":0,"mode":"bus","color":"#0059a9","colorDark":"#00294f","angle":87.7,"snapDist":3,"label":1}},{"type":"Feature","geometry":{"type":"Point","coordinates":[16.941483,52.349434]},"properties":{"name":"Zaklikowska","lines":"153, 194","arr":["153","194"],"terminus":0,"mode":"bus","color":"#0059a9","colorDark":"#00294f","angle":99.9,"snapDist":6,"label":1}},{"type":"Feature","geometry":{"type":"Point","coordinates":[16.942186,52.351878]},"properties":{"name":"Dęblińska","lines":"153, 194","arr":["153","194"],"terminus":0,"mode":"bus","color":"#0059a9","colorDark":"#00294f","angle":100,"snapDist":5,"label":1}},{"type":"Feature","geometry":{"type":"Point","coordinates":[16.9435,52.355913]},"properties":{"name":"Rondo Minikowo","lines":"153, 189","arr":["153","189"],"terminus":0,"mode":"bus","color":"#0059a9","colorDark":"#00294f","angle":113.5,"snapDist":5,"label":1}},{"type":"Feature","geometry":{"type":"Point","coordinates":[16.945311,52.358467]},"properties":{"name":"Szydłowiecka","lines":"153, 189","arr":["153","189"],"terminus":0,"mode":"bus","color":"#0059a9","colorDark":"#00294f","angle":114.5,"snapDist":5,"label":1}},{"type":"Feature","geometry":{"type":"Point","coordinates":[16.947948,52.363693]},"properties":{"name":"Gołężycka","lines":"153, 189","arr":["153","189"],"terminus":0,"mode":"bus","color":"#0059a9","colorDark":"#00294f","angle":133.2,"snapDist":1,"label":1}},{"type":"Feature","geometry":{"type":"Point","coordinates":[16.948385,52.367633]},"properties":{"name":"Warowna","lines":"153, 189, 217","arr":["153","189","217"],"terminus":0,"mode":"bus","color":"#0059a9","colorDark":"#00294f","angle":325.4,"snapDist":2,"label":1}},{"type":"Feature","geometry":{"type":"Point","coordinates":[16.949331,52.369247]},"properties":{"name":"Falista","lines":"153, 174, 189, 217","arr":["153","174","189","217"],"terminus":0,"mode":"bus","color":"#0059a9","colorDark":"#00294f","angle":52.1,"snapDist":4,"label":1}},{"type":"Feature","geometry":{"type":"Point","coordinates":[16.949696,52.372395]},"properties":{"name":"Unii Lubelskiej","lines":"153, 174, 189","arr":["153","174","189"],"terminus":1,"mode":"bus","color":"#0059a9","colorDark":"#00294f","angle":350.5,"snapDist":1,"label":1}},{"type":"Feature","geometry":{"type":"Point","coordinates":[16.949869,52.37201]},"properties":{"name":"Unii Lubelskiej","lines":"153, 174, 189","arr":["153","174","189"],"terminus":1,"mode":"bus","color":"#0059a9","colorDark":"#00294f","angle":128.7,"snapDist":5,"label":0}},{"type":"Feature","geometry":{"type":"Point","coordinates":[16.948843,52.369671]},"properties":{"name":"Falista","lines":"153, 174, 189, 217","arr":["153","174","189","217"],"terminus":0,"mode":"bus","color":"#0059a9","colorDark":"#00294f","angle":56,"snapDist":0,"label":0}},{"type":"Feature","geometry":{"type":"Point","coordinates":[16.948274,52.367587]},"properties":{"name":"Warowna","lines":"153, 189, 217","arr":["153","189","217"],"terminus":0,"mode":"bus","color":"#0059a9","colorDark":"#00294f","angle":325.4,"snapDist":7,"label":0}},{"type":"Feature","geometry":{"type":"Point","coordinates":[16.944224,52.366822]},"properties":{"name":"Okopowa","lines":"153, 217","arr":["153","217"],"terminus":0,"mode":"bus","color":"#0059a9","colorDark":"#00294f","angle":16.4,"snapDist":6,"label":1}},{"type":"Feature","geometry":{"type":"Point","coordinates":[16.938687,52.367833]},"properties":{"name":"Forteczna","lines":"153, 217","arr":["153","217"],"terminus":0,"mode":"bus","color":"#0059a9","colorDark":"#00294f","angle":16.8,"snapDist":4,"label":1}},{"type":"Feature","geometry":{"type":"Point","coordinates":[16.932713,52.36885]},"properties":{"name":"Starołęka PKM","lines":"153, 217, 221","arr":["153","217","221"],"terminus":1,"mode":"bus","color":"#0059a9","colorDark":"#00294f","angle":175.1,"snapDist":9,"label":1}},{"type":"Feature","geometry":{"type":"Point","coordinates":[16.934159,52.368661]},"properties":{"name":"Starołęka PKM","lines":"153","arr":["153"],"terminus":1,"mode":"bus","color":"#0059a9","colorDark":"#00294f","angle":196.7,"snapDist":55,"label":0}},{"type":"Feature","geometry":{"type":"Point","coordinates":[16.938712,52.367829]},"properties":{"name":"Forteczna","lines":"153, 217","arr":["153","217"],"terminus":0,"mode":"bus","color":"#0059a9","colorDark":"#00294f","angle":196.8,"snapDist":10,"label":0}},{"type":"Feature","geometry":{"type":"Point","coordinates":[16.94325,52.367]},"properties":{"name":"Okopowa","lines":"153, 217","arr":["153","217"],"terminus":0,"mode":"bus","color":"#0059a9","colorDark":"#00294f","angle":196.8,"snapDist":5,"label":0}},{"type":"Feature","geometry":{"type":"Point","coordinates":[16.947382,52.363281]},"properties":{"name":"Gołężycka","lines":"153, 189","arr":["153","189"],"terminus":0,"mode":"bus","color":"#0059a9","colorDark":"#00294f","angle":306.9,"snapDist":0,"label":0}},{"type":"Feature","geometry":{"type":"Point","coordinates":[16.945,52.358031]},"properties":{"name":"Szydłowiecka","lines":"153, 189","arr":["153","189"],"terminus":0,"mode":"bus","color":"#0059a9","colorDark":"#00294f","angle":293.2,"snapDist":3,"label":0}},{"type":"Feature","geometry":{"type":"Point","coordinates":[16.94305,52.354946]},"properties":{"name":"Rondo Minikowo","lines":"153, 194","arr":["153","194"],"terminus":0,"mode":"bus","color":"#0059a9","colorDark":"#00294f","angle":279.7,"snapDist":5,"label":0}},{"type":"Feature","geometry":{"type":"Point","coordinates":[16.94224,52.352065]},"properties":{"name":"Dęblińska","lines":"153, 194","arr":["153","194"],"terminus":0,"mode":"bus","color":"#0059a9","colorDark":"#00294f","angle":280,"snapDist":5,"label":0}},{"type":"Feature","geometry":{"type":"Point","coordinates":[16.941259,52.348679]},"properties":{"name":"Zaklikowska","lines":"153, 194","arr":["153","194"],"terminus":0,"mode":"bus","color":"#0059a9","colorDark":"#00294f","angle":280.2,"snapDist":4,"label":0}},{"type":"Feature","geometry":{"type":"Point","coordinates":[16.940172,52.343883]},"properties":{"name":"Łysogórska","lines":"153, 194","arr":["153","194"],"terminus":0,"mode":"bus","color":"#0059a9","colorDark":"#00294f","angle":200.4,"snapDist":4,"label":0}},{"type":"Feature","geometry":{"type":"Point","coordinates":[16.933475,52.343856]},"properties":{"name":"Tomaszowska","lines":"153, 194","arr":["153","194"],"terminus":0,"mode":"bus","color":"#0059a9","colorDark":"#00294f","angle":17.4,"snapDist":4,"label":0}},{"type":"Feature","geometry":{"type":"Point","coordinates":[16.927486,52.344991]},"properties":{"name":"Staszowska","lines":"153, 194","arr":["153","194"],"terminus":0,"mode":"bus","color":"#0059a9","colorDark":"#00294f","angle":17.4,"snapDist":4,"label":0}},{"type":"Feature","geometry":{"type":"Point","coordinates":[16.918641,52.345965]},"properties":{"name":"Tarnobrzeska","lines":"153, 158, 194, 221, 527","arr":["153","158","194","221","527"],"terminus":0,"mode":"bus","color":"#0059a9","colorDark":"#00294f","angle":286.2,"snapDist":4,"label":0}},{"type":"Feature","geometry":{"type":"Point","coordinates":[16.918704,52.34171]},"properties":{"name":"Starołęka Wielka","lines":"153, 158, 221","arr":["153","158","221"],"terminus":0,"mode":"bus","color":"#0059a9","colorDark":"#00294f","angle":240.4,"snapDist":4,"label":0}},{"type":"Feature","geometry":{"type":"Point","coordinates":[16.921284,52.338967]},"properties":{"name":"Klimontowska","lines":"153, 158, 221","arr":["153","158","221"],"terminus":0,"mode":"bus","color":"#0059a9","colorDark":"#00294f","angle":240,"snapDist":2,"label":0}},{"type":"Feature","geometry":{"type":"Point","coordinates":[16.92432,52.335758]},"properties":{"name":"Strzeleckiego","lines":"153, 158, 221","arr":["153","158","221"],"terminus":0,"mode":"bus","color":"#0059a9","colorDark":"#00294f","angle":239.6,"snapDist":4,"label":0}},{"type":"Feature","geometry":{"type":"Point","coordinates":[16.932833,52.332287]},"properties":{"name":"Ożarowska","lines":"153, 158, 221","arr":["153","158","221"],"terminus":0,"mode":"bus","color":"#0059a9","colorDark":"#00294f","angle":218.1,"snapDist":4,"label":0}},{"type":"Feature","geometry":{"type":"Point","coordinates":[16.947877,52.321777]},"properties":{"name":"Głuszyna","lines":"153, 158, 221","arr":["153","158","221"],"terminus":0,"mode":"bus","color":"#0059a9","colorDark":"#00294f","angle":228.2,"snapDist":6,"label":0}},{"type":"Feature","geometry":{"type":"Point","coordinates":[16.954413,52.317987]},"properties":{"name":"Daszewicka","lines":"153, 158, 221","arr":["153","158","221"],"terminus":0,"mode":"bus","color":"#0059a9","colorDark":"#00294f","angle":216.8,"snapDist":4,"label":0}},{"type":"Feature","geometry":{"type":"Point","coordinates":[16.964894,52.314037]},"properties":{"name":"Głuszyna Szkoła","lines":"153, 158, 221","arr":["153","158","221"],"terminus":0,"mode":"bus","color":"#0059a9","colorDark":"#00294f","angle":210.1,"snapDist":7,"label":0}},{"type":"Feature","geometry":{"type":"Point","coordinates":[16.969221,52.312747]},"properties":{"name":"Głuszyna OSIR","lines":"153, 158, 221","arr":["153","158","221"],"terminus":0,"mode":"bus","color":"#0059a9","colorDark":"#00294f","angle":202.1,"snapDist":4,"label":0}},{"type":"Feature","geometry":{"type":"Point","coordinates":[16.973809,52.311589]},"properties":{"name":"Park Sypniewskiego","lines":"153, 158, 221","arr":["153","158","221"],"terminus":0,"mode":"bus","color":"#0059a9","colorDark":"#00294f","angle":202.1,"snapDist":4,"label":0}},{"type":"Feature","geometry":{"type":"Point","coordinates":[17.022885,52.351291]},"properties":{"name":"Spławie","lines":"154, 220","arr":["154","220"],"terminus":1,"mode":"bus","color":"#0059a9","colorDark":"#00294f","angle":322.1,"snapDist":8,"label":1}},{"type":"Feature","geometry":{"type":"Point","coordinates":[17.026196,52.351862]},"properties":{"name":"Sianokosy","lines":"154","arr":["154"],"terminus":0,"mode":"bus","color":"#0059a9","colorDark":"#00294f","angle":102.9,"snapDist":6,"label":1}},{"type":"Feature","geometry":{"type":"Point","coordinates":[17.028034,52.355694]},"properties":{"name":"Gospodarska","lines":"154, 431, 432, 433","arr":["154","431","432","433"],"terminus":0,"mode":"bus","color":"#0059a9","colorDark":"#00294f","angle":38.5,"snapDist":2,"label":0}},{"type":"Feature","geometry":{"type":"Point","coordinates":[17.019914,52.35961]},"properties":{"name":"Oliwkowa","lines":"154, 431, 432, 433","arr":["154","431","432","433"],"terminus":0,"mode":"bus","color":"#0059a9","colorDark":"#00294f","angle":38.7,"snapDist":5,"label":1}},{"type":"Feature","geometry":{"type":"Point","coordinates":[17.014364,52.362281]},"properties":{"name":"Porzeczkowa","lines":"154, 431, 432, 433","arr":["154","431","432","433"],"terminus":0,"mode":"bus","color":"#0059a9","colorDark":"#00294f","angle":38.2,"snapDist":5,"label":1}},{"type":"Feature","geometry":{"type":"Point","coordinates":[16.975615,52.38614]},"properties":{"name":"Os. Czecha","lines":"154, 162, 166, 196, T1","arr":["154","162","166","196","T1"],"terminus":0,"mode":"bus","color":"#0059a9","colorDark":"#00294f","angle":142,"snapDist":4,"label":1}},{"type":"Feature","geometry":{"type":"Point","coordinates":[16.975553,52.391184]},"properties":{"name":"Orle Gniazdo","lines":"154, 162, 181, 196, 212, 222","arr":["154","162","181","196","212","222"],"terminus":0,"mode":"bus","color":"#0059a9","colorDark":"#00294f","angle":35.5,"snapDist":10,"label":1}},{"type":"Feature","geometry":{"type":"Point","coordinates":[16.972033,52.392153]},"properties":{"name":"Os. Tysiąclecia","lines":"154, 162, 181, 196, 212, 222","arr":["154","162","181","196","212","222"],"terminus":0,"mode":"bus","color":"#0059a9","colorDark":"#00294f","angle":16.8,"snapDist":3,"label":1}},{"type":"Feature","geometry":{"type":"Point","coordinates":[16.966755,52.390451]},"properties":{"name":"Wiatraczna","lines":"154, 220","arr":["154","220"],"terminus":0,"mode":"bus","color":"#0059a9","colorDark":"#00294f","angle":30.6,"snapDist":3,"label":1}},{"type":"Feature","geometry":{"type":"Point","coordinates":[16.96326,52.393521]},"properties":{"name":"Brneńska","lines":"154, 220","arr":["154","220"],"terminus":0,"mode":"bus","color":"#0059a9","colorDark":"#00294f","angle":338.9,"snapDist":1,"label":1}},{"type":"Feature","geometry":{"type":"Point","coordinates":[16.956304,52.39389]},"properties":{"name":"Os. Jagiellońskie","lines":"154, 220, 425, 431, 432, 433, 501, 502, 503, 511, 512, 560, 561","arr":["154","220","425","431","432","433","501","502","503","511","512","560","561"],"terminus":0,"mode":"bus","color":"#0059a9","colorDark":"#00294f","angle":27.5,"snapDist":15,"label":1}},{"type":"Feature","geometry":{"type":"Point","coordinates":[16.958636,52.394144]},"properties":{"name":"Os. Jagiellońskie","lines":"154, 220","arr":["154","220"],"terminus":0,"mode":"bus","color":"#0059a9","colorDark":"#00294f","angle":206.1,"snapDist":2,"label":0}},{"type":"Feature","geometry":{"type":"Point","coordinates":[16.963874,52.393252]},"properties":{"name":"Brneńska","lines":"154, 220","arr":["154","220"],"terminus":0,"mode":"bus","color":"#0059a9","colorDark":"#00294f","angle":248.5,"snapDist":3,"label":0}},{"type":"Feature","geometry":{"type":"Point","coordinates":[16.967713,52.390404]},"properties":{"name":"Wiatraczna","lines":"154, 162, 181, 196, 212, 222","arr":["154","162","181","196","212","222"],"terminus":0,"mode":"bus","color":"#0059a9","colorDark":"#00294f","angle":132.1,"snapDist":2,"label":0}},{"type":"Feature","geometry":{"type":"Point","coordinates":[16.971951,52.392169]},"properties":{"name":"Os. Tysiąclecia","lines":"154, 162, 181, 196, 212, 222","arr":["154","162","181","196","212","222"],"terminus":0,"mode":"bus","color":"#0059a9","colorDark":"#00294f","angle":197.6,"snapDist":3,"label":0}},{"type":"Feature","geometry":{"type":"Point","coordinates":[16.976548,52.390417]},"properties":{"name":"Orle Gniazdo","lines":"154, 162, 181, 196, 212, 222","arr":["154","162","181","196","212","222"],"terminus":0,"mode":"bus","color":"#0059a9","colorDark":"#00294f","angle":241.6,"snapDist":9,"label":0}},{"type":"Feature","geometry":{"type":"Point","coordinates":[16.975518,52.38614]},"properties":{"name":"Os. Czecha","lines":"154, 162, 166, 196, T1","arr":["154","162","166","196","T1"],"terminus":0,"mode":"bus","color":"#0059a9","colorDark":"#00294f","angle":324.7,"snapDist":4,"label":0}},{"type":"Feature","geometry":{"type":"Point","coordinates":[17.015647,52.361665]},"properties":{"name":"Porzeczkowa","lines":"154, 220, 431, 432, 433","arr":["154","220","431","432","433"],"terminus":0,"mode":"bus","color":"#0059a9","colorDark":"#00294f","angle":218.3,"snapDist":5,"label":0}},{"type":"Feature","geometry":{"type":"Point","coordinates":[17.019397,52.359857]},"properties":{"name":"Oliwkowa","lines":"154, 220, 431, 432, 433","arr":["154","220","431","432","433"],"terminus":0,"mode":"bus","color":"#0059a9","colorDark":"#00294f","angle":218.3,"snapDist":5,"label":0}},{"type":"Feature","geometry":{"type":"Point","coordinates":[17.028232,52.35501]},"properties":{"name":"Gospodarska","lines":"154, 220","arr":["154","220"],"terminus":0,"mode":"bus","color":"#0059a9","colorDark":"#00294f","angle":298.4,"snapDist":4,"label":0}},{"type":"Feature","geometry":{"type":"Point","coordinates":[17.026453,52.35255]},"properties":{"name":"Sianokosy","lines":"154, 220","arr":["154","220"],"terminus":0,"mode":"bus","color":"#0059a9","colorDark":"#00294f","angle":282.4,"snapDist":5,"label":0}},{"type":"Feature","geometry":{"type":"Point","coordinates":[16.807403,52.4417]},"properties":{"name":"Krzyżowniki","lines":"156","arr":["156"],"terminus":1,"mode":"bus","color":"#0059a9","colorDark":"#00294f","angle":232.9,"snapDist":6,"label":1}},{"type":"Feature","geometry":{"type":"Point","coordinates":[16.808964,52.435224]},"properties":{"name":"Międzyzdrojska","lines":"156, 186, 833","arr":["156","186","833"],"terminus":0,"mode":"bus","color":"#0059a9","colorDark":"#00294f","angle":268.4,"snapDist":6,"label":1}},{"type":"Feature","geometry":{"type":"Point","coordinates":[16.815511,52.435114]},"properties":{"name":"Człopska","lines":"156, 186","arr":["156","186"],"terminus":0,"mode":"bus","color":"#0059a9","colorDark":"#00294f","angle":178.7,"snapDist":4,"label":1}},{"type":"Feature","geometry":{"type":"Point","coordinates":[16.823178,52.435228]},"properties":{"name":"Braniewska","lines":"156, 186","arr":["156","186"],"terminus":0,"mode":"bus","color":"#0059a9","colorDark":"#00294f","angle":178.4,"snapDist":5,"label":1}},{"type":"Feature","geometry":{"type":"Point","coordinates":[16.830197,52.435333]},"properties":{"name":"Łupowska","lines":"156, 186","arr":["156","186"],"terminus":0,"mode":"bus","color":"#0059a9","colorDark":"#00294f","angle":178.6,"snapDist":6,"label":1}},{"type":"Feature","geometry":{"type":"Point","coordinates":[16.832336,52.431015]},"properties":{"name":"Smochowice","lines":"156, 186, 219, 802, 803, 804, 811, 812, 813, 821, 822, 833","arr":["156","186","219","802","803","804","811","812","813","821","822","833"],"terminus":0,"mode":"bus","color":"#0059a9","colorDark":"#00294f","angle":182.3,"snapDist":5,"label":1}},{"type":"Feature","geometry":{"type":"Point","coordinates":[16.838563,52.431219]},"properties":{"name":"Kołobrzeska","lines":"156, 186, 219, 802, 803, 804, 811, 812, 813, 821, 822, 833","arr":["156","186","219","802","803","804","811","812","813","821","822","833"],"terminus":0,"mode":"bus","color":"#0059a9","colorDark":"#00294f","angle":193.2,"snapDist":17,"label":1}},{"type":"Feature","geometry":{"type":"Point","coordinates":[16.848658,52.429112]},"properties":{"name":"Tatrzańska","lines":"156, 186, 219, 802, 803, 804, 811, 812, 813, 821, 822, 833","arr":["156","186","219","802","803","804","811","812","813","821","822","833"],"terminus":0,"mode":"bus","color":"#0059a9","colorDark":"#00294f","angle":203.2,"snapDist":10,"label":1}},{"type":"Feature","geometry":{"type":"Point","coordinates":[16.856177,52.42709]},"properties":{"name":"Pilotów","lines":"156, 186, 219, 802, 803, 804, 811, 812, 813, 821, 822, 833","arr":["156","186","219","802","803","804","811","812","813","821","822","833"],"terminus":0,"mode":"bus","color":"#0059a9","colorDark":"#00294f","angle":203.8,"snapDist":6,"label":1}},{"type":"Feature","geometry":{"type":"Point","coordinates":[16.859869,52.426078]},"properties":{"name":"Przelot","lines":"156, 186, 219, 802, 803, 804, 811, 812, 813, 821, 822, 833","arr":["156","186","219","802","803","804","811","812","813","821","822","833"],"terminus":0,"mode":"bus","color":"#0059a9","colorDark":"#00294f","angle":206.7,"snapDist":8,"label":1}},{"type":"Feature","geometry":{"type":"Point","coordinates":[16.866437,52.423563]},"properties":{"name":"Bużańska","lines":"156, 186, 219, 802, 803, 804, 811, 812, 813, 821, 822, 833","arr":["156","186","219","802","803","804","811","812","813","821","822","833"],"terminus":0,"mode":"bus","color":"#0059a9","colorDark":"#00294f","angle":212.2,"snapDist":12,"label":1}},{"type":"Feature","geometry":{"type":"Point","coordinates":[16.880957,52.418046]},"properties":{"name":"Ogrody","lines":"156, 186, 833","arr":["156","186","833"],"terminus":1,"mode":"bus","color":"#0059a9","colorDark":"#00294f","angle":223.7,"snapDist":3,"label":0}},{"type":"Feature","geometry":{"type":"Point","coordinates":[16.866737,52.423568]},"properties":{"name":"Bużańska","lines":"156, 186, 219, 802, 803, 804, 811, 812, 813, 821, 822, 833","arr":["156","186","219","802","803","804","811","812","813","821","822","833"],"terminus":0,"mode":"bus","color":"#0059a9","colorDark":"#00294f","angle":32.5,"snapDist":8,"label":0}},{"type":"Feature","geometry":{"type":"Point","coordinates":[16.859855,52.426198]},"properties":{"name":"Przelot","lines":"156, 186, 219, 802, 803, 804, 811, 812, 813, 821, 822, 833","arr":["156","186","219","802","803","804","811","812","813","821","822","833"],"terminus":0,"mode":"bus","color":"#0059a9","colorDark":"#00294f","angle":27.9,"snapDist":8,"label":0}},{"type":"Feature","geometry":{"type":"Point","coordinates":[16.854512,52.427759]},"properties":{"name":"Pilotów","lines":"156, 186, 219, 802, 803, 804, 811, 812, 813, 821, 822, 833","arr":["156","186","219","802","803","804","811","812","813","821","822","833"],"terminus":0,"mode":"bus","color":"#0059a9","colorDark":"#00294f","angle":25.1,"snapDist":5,"label":0}},{"type":"Feature","geometry":{"type":"Point","coordinates":[16.847692,52.429463]},"properties":{"name":"Tatrzańska","lines":"156, 186, 219, 802, 803, 804, 811, 812, 813, 821, 822, 833","arr":["156","186","219","802","803","804","811","812","813","821","822","833"],"terminus":0,"mode":"bus","color":"#0059a9","colorDark":"#00294f","angle":23.9,"snapDist":9,"label":0}},{"type":"Feature","geometry":{"type":"Point","coordinates":[16.838411,52.43137]},"properties":{"name":"Kołobrzeska","lines":"156, 186, 219, 802, 803, 804, 811, 812, 813, 821, 822, 833","arr":["156","186","219","802","803","804","811","812","813","821","822","833"],"terminus":0,"mode":"bus","color":"#0059a9","colorDark":"#00294f","angle":13.1,"snapDist":3,"label":0}},{"type":"Feature","geometry":{"type":"Point","coordinates":[16.832387,52.432039]},"properties":{"name":"Smochowice","lines":"156, 186, 219, 802, 803, 804, 811, 812, 813, 821, 822, 833","arr":["156","186","219","802","803","804","811","812","813","821","822","833"],"terminus":0,"mode":"bus","color":"#0059a9","colorDark":"#00294f","angle":1.1,"snapDist":9,"label":0}},{"type":"Feature","geometry":{"type":"Point","coordinates":[16.830003,52.43533]},"properties":{"name":"Łupowska","lines":"156, 186, 219","arr":["156","186","219"],"terminus":0,"mode":"bus","color":"#0059a9","colorDark":"#00294f","angle":358.6,"snapDist":6,"label":0}},{"type":"Feature","geometry":{"type":"Point","coordinates":[16.821651,52.435204]},"properties":{"name":"Braniewska","lines":"156, 186, 219","arr":["156","186","219"],"terminus":0,"mode":"bus","color":"#0059a9","colorDark":"#00294f","angle":358.7,"snapDist":6,"label":0}},{"type":"Feature","geometry":{"type":"Point","coordinates":[16.81568,52.435116]},"properties":{"name":"Człopska","lines":"156, 186, 219","arr":["156","186","219"],"terminus":0,"mode":"bus","color":"#0059a9","colorDark":"#00294f","angle":358.7,"snapDist":8,"label":0}},{"type":"Feature","geometry":{"type":"Point","coordinates":[16.809646,52.435036]},"properties":{"name":"Międzyzdrojska","lines":"156, 186, 219","arr":["156","186","219"],"terminus":0,"mode":"bus","color":"#0059a9","colorDark":"#00294f","angle":358.6,"snapDist":5,"label":0}},{"type":"Feature","geometry":{"type":"Point","coordinates":[16.808905,52.436423]},"properties":{"name":"Międzyzdrojska","lines":"156, 186, 833","arr":["156","186","833"],"terminus":0,"mode":"bus","color":"#0059a9","colorDark":"#00294f","angle":88.2,"snapDist":6,"label":0}},{"type":"Feature","geometry":{"type":"Point","coordinates":[16.994851,52.409988]},"properties":{"name":"Pusta","lines":"157, 213, 222, 223, 401, 405, 406, 407, 416","arr":["157","213","222","223","401","405","406","407","416"],"terminus":1,"mode":"bus","color":"#0059a9","colorDark":"#00294f","angle":176.6,"snapDist":7,"label":1}},{"type":"Feature","geometry":{"type":"Point","coordinates":[17.004349,52.410328]},"properties":{"name":"Miłostowo","lines":"157, 222, 400, 401, 405, 406, 407, 416","arr":["157","222","400","401","405","406","407","416"],"terminus":0,"mode":"bus","color":"#0059a9","colorDark":"#00294f","angle":176.6,"snapDist":9,"label":1}},{"type":"Feature","geometry":{"type":"Point","coordinates":[17.016065,52.410743]},"properties":{"name":"Bożeny","lines":"157, 222, 401, 405, 406, 407, 416","arr":["157","222","401","405","406","407","416"],"terminus":0,"mode":"bus","color":"#0059a9","colorDark":"#00294f","angle":176.7,"snapDist":9,"label":1}},{"type":"Feature","geometry":{"type":"Point","coordinates":[17.024634,52.407654]},"properties":{"name":"Światopełka","lines":"157, 166, 222","arr":["157","166","222"],"terminus":0,"mode":"bus","color":"#0059a9","colorDark":"#00294f","angle":289,"snapDist":10,"label":1}},{"type":"Feature","geometry":{"type":"Point","coordinates":[17.022854,52.405313]},"properties":{"name":"Sobiesława","lines":"157, 166, 222","arr":["157","166","222"],"terminus":0,"mode":"bus","color":"#0059a9","colorDark":"#00294f","angle":304.2,"snapDist":8,"label":1}},{"type":"Feature","geometry":{"type":"Point","coordinates":[17.020045,52.402997]},"properties":{"name":"Ziemowita","lines":"157, 166, 222","arr":["157","166","222"],"terminus":0,"mode":"bus","color":"#0059a9","colorDark":"#00294f","angle":315.3,"snapDist":6,"label":1}},{"type":"Feature","geometry":{"type":"Point","coordinates":[17.018399,52.399435]},"properties":{"name":"Browarna","lines":"157, 166, 222","arr":["157","166","222"],"terminus":0,"mode":"bus","color":"#0059a9","colorDark":"#00294f","angle":290.6,"snapDist":6,"label":1}},{"type":"Feature","geometry":{"type":"Point","coordinates":[17.015016,52.392786]},"properties":{"name":"Piwna","lines":"157, 166, 222","arr":["157","166","222"],"terminus":0,"mode":"bus","color":"#0059a9","colorDark":"#00294f","angle":337.2,"snapDist":9,"label":0}},{"type":"Feature","geometry":{"type":"Point","coordinates":[16.99023,52.393967]},"properties":{"name":"Dymka","lines":"157, 181","arr":["157","181"],"terminus":0,"mode":"bus","color":"#0059a9","colorDark":"#00294f","angle":50.1,"snapDist":9,"label":1}},{"type":"Feature","geometry":{"type":"Point","coordinates":[16.982085,52.396364]},"properties":{"name":"Chartowo","lines":"157, 184","arr":["157","184"],"terminus":0,"mode":"bus","color":"#0059a9","colorDark":"#00294f","angle":31.7,"snapDist":13,"label":1}},{"type":"Feature","geometry":{"type":"Point","coordinates":[16.973715,52.398871]},"properties":{"name":"Kopiec Wolności","lines":"157, 184","arr":["157","184"],"terminus":0,"mode":"bus","color":"#0059a9","colorDark":"#00294f","angle":23.6,"snapDist":13,"label":1}},{"type":"Feature","geometry":{"type":"Point","coordinates":[16.968626,52.400263]},"properties":{"name":"Wołkowyska","lines":"157, 184","arr":["157","184"],"terminus":0,"mode":"bus","color":"#0059a9","colorDark":"#00294f","angle":24.1,"snapDist":11,"label":1}},{"type":"Feature","geometry":{"type":"Point","coordinates":[16.962208,52.402407]},"properties":{"name":"Katowicka","lines":"157, 184","arr":["157","184"],"terminus":0,"mode":"bus","color":"#0059a9","colorDark":"#00294f","angle":30.7,"snapDist":6,"label":1}},{"type":"Feature","geometry":{"type":"Point","coordinates":[16.954356,52.404116]},"properties":{"name":"Baraniaka","lines":"157, 184, 217, 227","arr":["157","184","217","227"],"terminus":0,"mode":"bus","color":"#0059a9","colorDark":"#00294f","angle":74.9,"snapDist":7,"label":1}},{"type":"Feature","geometry":{"type":"Point","coordinates":[16.955812,52.409375]},"properties":{"name":"Rondo Śródka","lines":"157, 173, 178, 183, 184, 185, 312, 320, 323, 341, 342, 400, 401, 405, 406, 407, 412, T7","arr":["157","173","178","183","184","185","312","320","323","341","342","400","401","405","406","407","412","T7"],"terminus":1,"mode":"bus","color":"#0059a9","colorDark":"#00294f","angle":294.1,"snapDist":6,"label":1}},{"type":"Feature","geometry":{"type":"Point","coordinates":[16.95459,52.409468]},"properties":{"name":"Rondo Śródka","lines":"157, 173, 178, 183, 185, 213, 217, 223, 227, 312, 320, 323, 341, 342, 400, 401, 405, 406, 407, 412, T7","arr":["157","173","178","183","185","213","217","223","227","312","320","323","341","342","400","401","405","406","407","412","T7"],"terminus":1,"mode":"bus","color":"#0059a9","colorDark":"#00294f","angle":-116.6,"snapDist":7,"label":0}},{"type":"Feature","geometry":{"type":"Point","coordinates":[16.955536,52.403353]},"properties":{"name":"Baraniaka","lines":"157, 184","arr":["157","184"],"terminus":0,"mode":"bus","color":"#0059a9","colorDark":"#00294f","angle":187.8,"snapDist":8,"label":0}},{"type":"Feature","geometry":{"type":"Point","coordinates":[16.963133,52.401942]},"properties":{"name":"Katowicka","lines":"157, 184","arr":["157","184"],"terminus":0,"mode":"bus","color":"#0059a9","colorDark":"#00294f","angle":210.7,"snapDist":3,"label":0}},{"type":"Feature","geometry":{"type":"Point","coordinates":[16.968343,52.400341]},"properties":{"name":"Wołkowyska","lines":"157, 184","arr":["157","184"],"terminus":0,"mode":"bus","color":"#0059a9","colorDark":"#00294f","angle":205.1,"snapDist":7,"label":0}},{"type":"Feature","geometry":{"type":"Point","coordinates":[16.975571,52.398372]},"properties":{"name":"Kopiec Wolności","lines":"157, 184","arr":["157","184"],"terminus":0,"mode":"bus","color":"#0059a9","colorDark":"#00294f","angle":203.5,"snapDist":12,"label":0}},{"type":"Feature","geometry":{"type":"Point","coordinates":[16.983489,52.395842]},"properties":{"name":"Chartowo","lines":"157, 181","arr":["157","181"],"terminus":0,"mode":"bus","color":"#0059a9","colorDark":"#00294f","angle":221.3,"snapDist":2,"label":0}},{"type":"Feature","geometry":{"type":"Point","coordinates":[16.992496,52.393658]},"properties":{"name":"Dymka","lines":"157, 181","arr":["157","181"],"terminus":0,"mode":"bus","color":"#0059a9","colorDark":"#00294f","angle":199.3,"snapDist":6,"label":0}},{"type":"Feature","geometry":{"type":"Point","coordinates":[17.01485,52.392743]},"properties":{"name":"Piwna","lines":"157, 166, 222","arr":["157","166","222"],"terminus":0,"mode":"bus","color":"#0059a9","colorDark":"#00294f","angle":157.1,"snapDist":6,"label":0}},{"type":"Feature","geometry":{"type":"Point","coordinates":[17.018256,52.399206]},"properties":{"name":"Browarna","lines":"157, 166, 222","arr":["157","166","222"],"terminus":0,"mode":"bus","color":"#0059a9","colorDark":"#00294f","angle":-69.8,"snapDist":7,"label":0}},{"type":"Feature","geometry":{"type":"Point","coordinates":[17.020312,52.403157]},"properties":{"name":"Ziemowita","lines":"157, 166, 222","arr":["157","166","222"],"terminus":0,"mode":"bus","color":"#0059a9","colorDark":"#00294f","angle":135.9,"snapDist":5,"label":0}},{"type":"Feature","geometry":{"type":"Point","coordinates":[17.023185,52.405611]},"properties":{"name":"Sobiesława","lines":"157, 166, 222","arr":["157","166","222"],"terminus":0,"mode":"bus","color":"#0059a9","colorDark":"#00294f","angle":124.2,"snapDist":5,"label":0}},{"type":"Feature","geometry":{"type":"Point","coordinates":[17.024612,52.408773]},"properties":{"name":"Światopełka","lines":"157, 166, 222","arr":["157","166","222"],"terminus":0,"mode":"bus","color":"#0059a9","colorDark":"#00294f","angle":64.4,"snapDist":9,"label":0}},{"type":"Feature","geometry":{"type":"Point","coordinates":[17.00425,52.410477]},"properties":{"name":"Miłostowo","lines":"157, 222, 400, 401, 405, 406, 407, 416","arr":["157","222","400","401","405","406","407","416"],"terminus":0,"mode":"bus","color":"#0059a9","colorDark":"#00294f","angle":356.7,"snapDist":6,"label":0}},{"type":"Feature","geometry":{"type":"Point","coordinates":[16.995819,52.410178]},"properties":{"name":"Pusta","lines":"157, 213, 222, 223, 401, 405, 406, 407, 416","arr":["157","213","222","223","401","405","406","407","416"],"terminus":1,"mode":"bus","color":"#0059a9","colorDark":"#00294f","angle":356.7,"snapDist":9,"label":0}},{"type":"Feature","geometry":{"type":"Point","coordinates":[16.91905,52.346814]},"properties":{"name":"Czernichowska","lines":"158, 221, 527","arr":["158","221","527"],"terminus":0,"mode":"bus","color":"#0059a9","colorDark":"#00294f","angle":106.9,"snapDist":5,"label":0}},{"type":"Feature","geometry":{"type":"Point","coordinates":[16.921223,52.351284]},"properties":{"name":"Starołęcka Wiadukt","lines":"158, 221, 527","arr":["158","221","527"],"terminus":0,"mode":"bus","color":"#0059a9","colorDark":"#00294f","angle":106.4,"snapDist":8,"label":1}},{"type":"Feature","geometry":{"type":"Point","coordinates":[16.9227,52.354324]},"properties":{"name":"Dziedzicka","lines":"158, 221, 527","arr":["158","221","527"],"terminus":0,"mode":"bus","color":"#0059a9","colorDark":"#00294f","angle":106.5,"snapDist":8,"label":1}},{"type":"Feature","geometry":{"type":"Point","coordinates":[16.92398,52.356953]},"properties":{"name":"Żeglarska","lines":"158, 221, 527","arr":["158","221","527"],"terminus":0,"mode":"bus","color":"#0059a9","colorDark":"#00294f","angle":106.5,"snapDist":6,"label":1}},{"type":"Feature","geometry":{"type":"Point","coordinates":[16.927551,52.364326]},"properties":{"name":"Św. Antoniego","lines":"158, 221, 527","arr":["158","221","527"],"terminus":0,"mode":"bus","color":"#0059a9","colorDark":"#00294f","angle":107.8,"snapDist":8,"label":1}},{"type":"Feature","geometry":{"type":"Point","coordinates":[16.929315,52.364587]},"properties":{"name":"Św. Antoniego","lines":"158, 189, 194, 217, 221, 527","arr":["158","189","194","217","221","527"],"terminus":0,"mode":"bus","color":"#0059a9","colorDark":"#00294f","angle":196.6,"snapDist":3,"label":0}},{"type":"Feature","geometry":{"type":"Point","coordinates":[16.929993,52.366315]},"properties":{"name":"Starołęka PKM","lines":"158, 189, 194, 221, 527","arr":["158","189","194","221","527"],"terminus":1,"mode":"bus","color":"#0059a9","colorDark":"#00294f","angle":16.2,"snapDist":5,"label":1}},{"type":"Feature","geometry":{"type":"Point","coordinates":[16.92739,52.364015]},"properties":{"name":"Św. Antoniego","lines":"158, 221, 527","arr":["158","221","527"],"terminus":0,"mode":"bus","color":"#0059a9","colorDark":"#00294f","angle":286.6,"snapDist":5,"label":0}},{"type":"Feature","geometry":{"type":"Point","coordinates":[16.923819,52.356623]},"properties":{"name":"Żeglarska","lines":"158, 221, 527","arr":["158","221","527"],"terminus":0,"mode":"bus","color":"#0059a9","colorDark":"#00294f","angle":286.6,"snapDist":5,"label":0}},{"type":"Feature","geometry":{"type":"Point","coordinates":[16.92233,52.353562]},"properties":{"name":"Dziedzicka","lines":"158, 221, 527","arr":["158","221","527"],"terminus":0,"mode":"bus","color":"#0059a9","colorDark":"#00294f","angle":286.5,"snapDist":6,"label":0}},{"type":"Feature","geometry":{"type":"Point","coordinates":[16.920872,52.350557]},"properties":{"name":"Starołęcka Wiadukt","lines":"158, 221, 527","arr":["158","221","527"],"terminus":0,"mode":"bus","color":"#0059a9","colorDark":"#00294f","angle":286.4,"snapDist":4,"label":0}},{"type":"Feature","geometry":{"type":"Point","coordinates":[16.827316,52.413278]},"properties":{"name":"Port Lotniczy Ławica","lines":"159","arr":["159"],"terminus":0,"mode":"bus","color":"#0059a9","colorDark":"#00294f","angle":183.4,"snapDist":3,"label":0}},{"type":"Feature","geometry":{"type":"Point","coordinates":[16.834221,52.412977]},"properties":{"name":"Złotowska","lines":"159, 729","arr":["159","729"],"terminus":0,"mode":"bus","color":"#0059a9","colorDark":"#00294f","angle":185.9,"snapDist":8,"label":0}},{"type":"Feature","geometry":{"type":"Point","coordinates":[16.839129,52.41269]},"properties":{"name":"Kopciuszka","lines":"159, 729","arr":["159","729"],"terminus":0,"mode":"bus","color":"#0059a9","colorDark":"#00294f","angle":184.4,"snapDist":8,"label":1}},{"type":"Feature","geometry":{"type":"Point","coordinates":[16.846305,52.412406]},"properties":{"name":"Folwark Edwardowo","lines":"159, 729","arr":["159","729"],"terminus":0,"mode":"bus","color":"#0059a9","colorDark":"#00294f","angle":183.5,"snapDist":2,"label":1}},{"type":"Feature","geometry":{"type":"Point","coordinates":[16.851945,52.412159]},"properties":{"name":"Leśnych Skrzatów","lines":"159, 177, 222, 729","arr":["159","177","222","729"],"terminus":0,"mode":"bus","color":"#0059a9","colorDark":"#00294f","angle":186.1,"snapDist":2,"label":1}},{"type":"Feature","geometry":{"type":"Point","coordinates":[16.85832,52.411826]},"properties":{"name":"Zgorzelecka","lines":"159, 177, 222, 729","arr":["159","177","222","729"],"terminus":0,"mode":"bus","color":"#0059a9","colorDark":"#00294f","angle":183.3,"snapDist":5,"label":1}},{"type":"Feature","geometry":{"type":"Point","coordinates":[16.865046,52.411918]},"properties":{"name":"Kolorowa","lines":"159, 177, 193, 222, 729","arr":["159","177","193","222","729"],"terminus":0,"mode":"bus","color":"#0059a9","colorDark":"#00294f","angle":173.5,"snapDist":12,"label":1}},{"type":"Feature","geometry":{"type":"Point","coordinates":[16.868455,52.412289]},"properties":{"name":"Bułgarska/Polska","lines":"159, 177, 193, 222, 729","arr":["159","177","193","222","729"],"terminus":0,"mode":"bus","color":"#0059a9","colorDark":"#00294f","angle":353.7,"snapDist":9,"label":0}},{"type":"Feature","geometry":{"type":"Point","coordinates":[16.863567,52.411959]},"properties":{"name":"Kolorowa","lines":"159, 177, 222, 729","arr":["159","177","222","729"],"terminus":0,"mode":"bus","color":"#0059a9","colorDark":"#00294f","angle":356.3,"snapDist":9,"label":0}},{"type":"Feature","geometry":{"type":"Point","coordinates":[16.858029,52.412039]},"properties":{"name":"Zgorzelecka","lines":"159, 177, 222, 729","arr":["159","177","222","729"],"terminus":0,"mode":"bus","color":"#0059a9","colorDark":"#00294f","angle":5.9,"snapDist":4,"label":0}},{"type":"Feature","geometry":{"type":"Point","coordinates":[16.850072,52.412371]},"properties":{"name":"Leśnych Skrzatów","lines":"159, 729","arr":["159","729"],"terminus":0,"mode":"bus","color":"#0059a9","colorDark":"#00294f","angle":3.7,"snapDist":8,"label":0}},{"type":"Feature","geometry":{"type":"Point","coordinates":[16.846502,52.412507]},"properties":{"name":"Folwark Edwardowo","lines":"159, 729","arr":["159","729"],"terminus":0,"mode":"bus","color":"#0059a9","colorDark":"#00294f","angle":3.4,"snapDist":9,"label":0}},{"type":"Feature","geometry":{"type":"Point","coordinates":[16.837697,52.412871]},"properties":{"name":"Kopciuszka","lines":"159, 729","arr":["159","729"],"terminus":0,"mode":"bus","color":"#0059a9","colorDark":"#00294f","angle":5.2,"snapDist":8,"label":0}},{"type":"Feature","geometry":{"type":"Point","coordinates":[16.939119,52.416618]},"properties":{"name":"Garbary PKM","lines":"160, 163, 176, 220, 221, 603","arr":["160","163","176","220","221","603"],"terminus":1,"mode":"bus","color":"#0059a9","colorDark":"#00294f","angle":288,"snapDist":16,"label":1}},{"type":"Feature","geometry":{"type":"Point","coordinates":[16.938916,52.412944]},"properties":{"name":"Grochowe Łąki","lines":"160, 163, 167, 174, 176, 190, 214, 220, 221, 224, 603, 911","arr":["160","163","167","174","176","190","214","220","221","224","603","911"],"terminus":0,"mode":"bus","color":"#0059a9","colorDark":"#00294f","angle":276.2,"snapDist":7,"label":1}},{"type":"Feature","geometry":{"type":"Point","coordinates":[16.936875,52.411268]},"properties":{"name":"Małe Garbary","lines":"160, 163, 213, 214, 223, 224","arr":["160","163","213","214","223","224"],"terminus":0,"mode":"bus","color":"#0059a9","colorDark":"#00294f","angle":14,"snapDist":9,"label":0}},{"type":"Feature","geometry":{"type":"Point","coordinates":[16.928885,52.411899]},"properties":{"name":"Solna","lines":"160, 163, 213, 214, 223, 224","arr":["160","163","213","214","223","224"],"terminus":0,"mode":"bus","color":"#0059a9","colorDark":"#00294f","angle":14.7,"snapDist":12,"label":1}},{"type":"Feature","geometry":{"type":"Point","coordinates":[16.919513,52.415159]},"properties":{"name":"Nowowiejskiego","lines":"160","arr":["160"],"terminus":0,"mode":"bus","color":"#0059a9","colorDark":"#00294f","angle":60.2,"snapDist":8,"label":1}},{"type":"Feature","geometry":{"type":"Point","coordinates":[16.91355,52.419002]},"properties":{"name":"Klin","lines":"160","arr":["160"],"terminus":0,"mode":"bus","color":"#0059a9","colorDark":"#00294f","angle":30.5,"snapDist":5,"label":1}},{"type":"Feature","geometry":{"type":"Point","coordinates":[16.90849,52.42075]},"properties":{"name":"Nad Wierzbakiem","lines":"160, 164, 191, 216, 226","arr":["160","164","191","216","226"],"terminus":0,"mode":"bus","color":"#0059a9","colorDark":"#00294f","angle":97.4,"snapDist":9,"label":1}},{"type":"Feature","geometry":{"type":"Point","coordinates":[16.909115,52.424183]},"properties":{"name":"Śląska","lines":"160, 164, 182, 216, 226","arr":["160","164","182","216","226"],"terminus":0,"mode":"bus","color":"#0059a9","colorDark":"#00294f","angle":33.5,"snapDist":12,"label":1}},{"type":"Feature","geometry":{"type":"Point","coordinates":[16.904791,52.425983]},"properties":{"name":"Uniwersytet Przyrodniczy","lines":"160, 164, 182, 216, 226","arr":["160","164","182","216","226"],"terminus":0,"mode":"bus","color":"#0059a9","colorDark":"#00294f","angle":33.6,"snapDist":21,"label":1}},{"type":"Feature","geometry":{"type":"Point","coordinates":[16.887048,52.436843]},"properties":{"name":"Podolańska","lines":"160","arr":["160"],"terminus":0,"mode":"bus","color":"#0059a9","colorDark":"#00294f","angle":78.1,"snapDist":5,"label":1}},{"type":"Feature","geometry":{"type":"Point","coordinates":[16.886639,52.441024]},"properties":{"name":"Szczawnicka","lines":"160, 183, 216","arr":["160","183","216"],"terminus":0,"mode":"bus","color":"#0059a9","colorDark":"#00294f","angle":46.3,"snapDist":4,"label":1}},{"type":"Feature","geometry":{"type":"Point","coordinates":[16.886541,52.442109]},"properties":{"name":"Truskawiecka","lines":"160, 183, 216","arr":["160","183","216"],"terminus":0,"mode":"bus","color":"#0059a9","colorDark":"#00294f","angle":288.5,"snapDist":5,"label":1}},{"type":"Feature","geometry":{"type":"Point","coordinates":[16.887961,52.444814]},"properties":{"name":"Druskienicka","lines":"160, 183, 216","arr":["160","183","216"],"terminus":0,"mode":"bus","color":"#0059a9","colorDark":"#00294f","angle":108.2,"snapDist":7,"label":1}},{"type":"Feature","geometry":{"type":"Point","coordinates":[16.88627,52.448372]},"properties":{"name":"Lubieńska","lines":"160","arr":["160"],"terminus":0,"mode":"bus","color":"#0059a9","colorDark":"#00294f","angle":64.9,"snapDist":6,"label":1}},{"type":"Feature","geometry":{"type":"Point","coordinates":[16.879775,52.453909]},"properties":{"name":"Kartuska","lines":"160","arr":["160"],"terminus":0,"mode":"bus","color":"#0059a9","colorDark":"#00294f","angle":53,"snapDist":5,"label":1}},{"type":"Feature","geometry":{"type":"Point","coordinates":[16.87272,52.457888]},"properties":{"name":"Morszyńska","lines":"160, 168","arr":["160","168"],"terminus":0,"mode":"bus","color":"#0059a9","colorDark":"#00294f","angle":41,"snapDist":5,"label":0}},{"type":"Feature","geometry":{"type":"Point","coordinates":[16.866379,52.46158]},"properties":{"name":"Strzeszyn PKM","lines":"160, 168","arr":["160","168"],"terminus":1,"mode":"bus","color":"#0059a9","colorDark":"#00294f","angle":55.5,"snapDist":5,"label":0}},{"type":"Feature","geometry":{"type":"Point","coordinates":[16.866679,52.461995]},"properties":{"name":"Strzeszyn PKM","lines":"160","arr":["160"],"terminus":0,"mode":"bus","color":"#0059a9","colorDark":"#00294f","angle":129,"snapDist":6,"label":0}},{"type":"Feature","geometry":{"type":"Point","coordinates":[16.868925,52.462377]},"properties":{"name":"Sucholeska","lines":"160","arr":["160"],"terminus":0,"mode":"bus","color":"#0059a9","colorDark":"#00294f","angle":212.7,"snapDist":5,"label":0}},{"type":"Feature","geometry":{"type":"Point","coordinates":[16.87436,52.459913]},"properties":{"name":"Synów Pułku","lines":"160","arr":["160"],"terminus":0,"mode":"bus","color":"#0059a9","colorDark":"#00294f","angle":222,"snapDist":5,"label":0}},{"type":"Feature","geometry":{"type":"Point","coordinates":[16.877367,52.456001]},"properties":{"name":"Kosowska","lines":"160, 168","arr":["160","168"],"terminus":0,"mode":"bus","color":"#0059a9","colorDark":"#00294f","angle":290.5,"snapDist":5,"label":0}},{"type":"Feature","geometry":{"type":"Point","coordinates":[16.881286,52.452684]},"properties":{"name":"Kartuska","lines":"160","arr":["160"],"terminus":0,"mode":"bus","color":"#0059a9","colorDark":"#00294f","angle":232.8,"snapDist":5,"label":0}},{"type":"Feature","geometry":{"type":"Point","coordinates":[16.885401,52.449217]},"properties":{"name":"Lubieńska","lines":"160","arr":["160"],"terminus":0,"mode":"bus","color":"#0059a9","colorDark":"#00294f","angle":234.9,"snapDist":5,"label":0}},{"type":"Feature","geometry":{"type":"Point","coordinates":[16.887847,52.444603]},"properties":{"name":"Druskienicka","lines":"160, 183, 216","arr":["160","183","216"],"terminus":0,"mode":"bus","color":"#0059a9","colorDark":"#00294f","angle":288.2,"snapDist":4,"label":0}},{"type":"Feature","geometry":{"type":"Point","coordinates":[16.886712,52.442421]},"properties":{"name":"Truskawiecka","lines":"160, 183, 216","arr":["160","183","216"],"terminus":0,"mode":"bus","color":"#0059a9","colorDark":"#00294f","angle":288.4,"snapDist":3,"label":0}},{"type":"Feature","geometry":{"type":"Point","coordinates":[16.886754,52.440951]},"properties":{"name":"Szczawnicka","lines":"160, 183, 216","arr":["160","183","216"],"terminus":0,"mode":"bus","color":"#0059a9","colorDark":"#00294f","angle":226.3,"snapDist":4,"label":0}},{"type":"Feature","geometry":{"type":"Point","coordinates":[16.887073,52.436769]},"properties":{"name":"Podolańska","lines":"160","arr":["160"],"terminus":0,"mode":"bus","color":"#0059a9","colorDark":"#00294f","angle":259.2,"snapDist":6,"label":0}},{"type":"Feature","geometry":{"type":"Point","coordinates":[16.900316,52.427699]},"properties":{"name":"Wojska Polskiego","lines":"160, 164, 182, 216, 226","arr":["160","164","182","216","226"],"terminus":0,"mode":"bus","color":"#0059a9","colorDark":"#00294f","angle":202.1,"snapDist":9,"label":0}},{"type":"Feature","geometry":{"type":"Point","coordinates":[16.904064,52.42628]},"properties":{"name":"Uniwersytet Przyrodniczy","lines":"160, 164, 182, 216, 226","arr":["160","164","182","216","226"],"terminus":0,"mode":"bus","color":"#0059a9","colorDark":"#00294f","angle":213.8,"snapDist":8,"label":0}},{"type":"Feature","geometry":{"type":"Point","coordinates":[16.907928,52.424683]},"properties":{"name":"Śląska","lines":"160, 164, 182, 216, 226","arr":["160","164","182","216","226"],"terminus":0,"mode":"bus","color":"#0059a9","colorDark":"#00294f","angle":217.7,"snapDist":8,"label":0}},{"type":"Feature","geometry":{"type":"Point","coordinates":[16.908497,52.420781]},"properties":{"name":"Nad Wierzbakiem","lines":"160, 164, 191, 216, 226","arr":["160","164","191","216","226"],"terminus":0,"mode":"bus","color":"#0059a9","colorDark":"#00294f","angle":277.4,"snapDist":10,"label":0}},{"type":"Feature","geometry":{"type":"Point","coordinates":[16.913789,52.418594]},"properties":{"name":"Klin","lines":"160","arr":["160"],"terminus":0,"mode":"bus","color":"#0059a9","colorDark":"#00294f","angle":214.2,"snapDist":5,"label":0}},{"type":"Feature","geometry":{"type":"Point","coordinates":[16.91979,52.414868]},"properties":{"name":"Nowowiejskiego","lines":"160","arr":["160"],"terminus":0,"mode":"bus","color":"#0059a9","colorDark":"#00294f","angle":239.4,"snapDist":10,"label":0}},{"type":"Feature","geometry":{"type":"Point","coordinates":[16.928673,52.411722]},"properties":{"name":"Solna","lines":"160, 163, 213, 214, 223, 224","arr":["160","163","213","214","223","224"],"terminus":0,"mode":"bus","color":"#0059a9","colorDark":"#00294f","angle":198.1,"snapDist":4,"label":0}},{"type":"Feature","geometry":{"type":"Point","coordinates":[16.938728,52.411745]},"properties":{"name":"Małe Garbary","lines":"160, 163, 167, 174, 176, 190, 214, 220, 221, 224, 603, 911","arr":["160","163","167","174","176","190","214","220","221","224","603","911"],"terminus":0,"mode":"bus","color":"#0059a9","colorDark":"#00294f","angle":97.1,"snapDist":9,"label":0}},{"type":"Feature","geometry":{"type":"Point","coordinates":[16.937776,52.416669]},"properties":{"name":"Garbary PKM","lines":"160, 163, 176, 220, 221, 603","arr":["160","163","176","220","221","603"],"terminus":1,"mode":"bus","color":"#0059a9","colorDark":"#00294f","angle":204.5,"snapDist":3,"label":0}},{"type":"Feature","geometry":{"type":"Point","coordinates":[16.964296,52.385486]},"properties":{"name":"Inflancka","lines":"162, 166, 181, 196, 212, 222","arr":["162","166","181","196","212","222"],"terminus":0,"mode":"bus","color":"#0059a9","colorDark":"#00294f","angle":119.4,"snapDist":7,"label":0}},{"type":"Feature","geometry":{"type":"Point","coordinates":[16.987986,52.368676]},"properties":{"name":"Torowa Wiadukt","lines":"162, 511, 512","arr":["162","511","512"],"terminus":0,"mode":"bus","color":"#0059a9","colorDark":"#00294f","angle":325,"snapDist":5,"label":0}},{"type":"Feature","geometry":{"type":"Point","coordinates":[16.983425,52.366804]},"properties":{"name":"Urszulanek","lines":"162, 511, 512","arr":["162","511","512"],"terminus":0,"mode":"bus","color":"#0059a9","colorDark":"#00294f","angle":326.8,"snapDist":5,"label":1}},{"type":"Feature","geometry":{"type":"Point","coordinates":[16.979521,52.361093]},"properties":{"name":"Sanocka","lines":"162, 511, 512","arr":["162","511","512"],"terminus":0,"mode":"bus","color":"#0059a9","colorDark":"#00294f","angle":289.4,"snapDist":4,"label":1}},{"type":"Feature","geometry":{"type":"Point","coordinates":[16.980696,52.355162]},"properties":{"name":"Strzyżowska","lines":"162, 511, 512","arr":["162","511","512"],"terminus":0,"mode":"bus","color":"#0059a9","colorDark":"#00294f","angle":266.6,"snapDist":6,"label":1}},{"type":"Feature","geometry":{"type":"Point","coordinates":[16.981731,52.351293]},"properties":{"name":"Pokrzywno","lines":"162, 511, 512","arr":["162","511","512"],"terminus":0,"mode":"bus","color":"#0059a9","colorDark":"#00294f","angle":253.9,"snapDist":4,"label":1}},{"type":"Feature","geometry":{"type":"Point","coordinates":[16.984464,52.3454]},"properties":{"name":"Rymanowska","lines":"162, 511, 512","arr":["162","511","512"],"terminus":0,"mode":"bus","color":"#0059a9","colorDark":"#00294f","angle":254.2,"snapDist":5,"label":1}},{"type":"Feature","geometry":{"type":"Point","coordinates":[16.98542,52.343197]},"properties":{"name":"Jarosławska","lines":"162, 511, 512","arr":["162","511","512"],"terminus":0,"mode":"bus","color":"#0059a9","colorDark":"#00294f","angle":256.5,"snapDist":4,"label":1}},{"type":"Feature","geometry":{"type":"Point","coordinates":[16.987955,52.341135]},"properties":{"name":"Krzesiny","lines":"162, 511, 512","arr":["162","511","512"],"terminus":0,"mode":"bus","color":"#0059a9","colorDark":"#00294f","angle":251,"snapDist":12,"label":1}},{"type":"Feature","geometry":{"type":"Point","coordinates":[16.992432,52.341191]},"properties":{"name":"Krzesiny Szkoła","lines":"162, 511, 512","arr":["162","511","512"],"terminus":0,"mode":"bus","color":"#0059a9","colorDark":"#00294f","angle":195.4,"snapDist":6,"label":1}},{"type":"Feature","geometry":{"type":"Point","coordinates":[16.999665,52.340054]},"properties":{"name":"Krzesiny Wiadukt","lines":"162, 511, 512","arr":["162","511","512"],"terminus":0,"mode":"bus","color":"#0059a9","colorDark":"#00294f","angle":184,"snapDist":8,"label":1}},{"type":"Feature","geometry":{"type":"Point","coordinates":[17.005421,52.34048]},"properties":{"name":"Siewierska","lines":"162, 511, 512","arr":["162","511","512"],"terminus":0,"mode":"bus","color":"#0059a9","colorDark":"#00294f","angle":152.1,"snapDist":7,"label":1}},{"type":"Feature","geometry":{"type":"Point","coordinates":[17.010204,52.34203]},"properties":{"name":"Tarnowska","lines":"162, 511, 512","arr":["162","511","512"],"terminus":0,"mode":"bus","color":"#0059a9","colorDark":"#00294f","angle":150.9,"snapDist":6,"label":1}},{"type":"Feature","geometry":{"type":"Point","coordinates":[17.005657,52.346878]},"properties":{"name":"Chrzanowska","lines":"162","arr":["162"],"terminus":0,"mode":"bus","color":"#0059a9","colorDark":"#00294f","angle":71.3,"snapDist":6,"label":1}},{"type":"Feature","geometry":{"type":"Point","coordinates":[17.002714,52.352197]},"properties":{"name":"Ostrowska","lines":"162","arr":["162"],"terminus":0,"mode":"bus","color":"#0059a9","colorDark":"#00294f","angle":71.3,"snapDist":5,"label":1}},{"type":"Feature","geometry":{"type":"Point","coordinates":[17.000222,52.356697]},"properties":{"name":"Spławska","lines":"162","arr":["162"],"terminus":0,"mode":"bus","color":"#0059a9","colorDark":"#00294f","angle":71.4,"snapDist":5,"label":1}},{"type":"Feature","geometry":{"type":"Point","coordinates":[16.9967,52.363054]},"properties":{"name":"Rodawska","lines":"162","arr":["162"],"terminus":0,"mode":"bus","color":"#0059a9","colorDark":"#00294f","angle":72.9,"snapDist":6,"label":1}},{"type":"Feature","geometry":{"type":"Point","coordinates":[16.993174,52.369168]},"properties":{"name":"Łopawska","lines":"162","arr":["162"],"terminus":0,"mode":"bus","color":"#0059a9","colorDark":"#00294f","angle":62.5,"snapDist":11,"label":1}},{"type":"Feature","geometry":{"type":"Point","coordinates":[16.966745,52.390032]},"properties":{"name":"Wiatraczna","lines":"162, 166, 181, 196, 212, 220, 222","arr":["162","166","181","196","212","220","222"],"terminus":0,"mode":"bus","color":"#0059a9","colorDark":"#00294f","angle":317.3,"snapDist":4,"label":0}},{"type":"Feature","geometry":{"type":"Point","coordinates":[16.920301,52.413095]},"properties":{"name":"Libelta","lines":"163, 168, 169, 171, 213, 214, 215, 223, 224","arr":["163","168","169","171","213","214","215","223","224"],"terminus":0,"mode":"bus","color":"#0059a9","colorDark":"#00294f","angle":305.4,"snapDist":5,"label":1}},{"type":"Feature","geometry":{"type":"Point","coordinates":[16.917832,52.40856]},"properties":{"name":"Zamek","lines":"163, 168, 169, 171, 212, 222","arr":["163","168","169","171","212","222"],"terminus":0,"mode":"bus","color":"#0059a9","colorDark":"#00294f","angle":279.3,"snapDist":12,"label":1}},{"type":"Feature","geometry":{"type":"Point","coordinates":[16.913599,52.407667]},"properties":{"name":"Rondo Kaponiera","lines":"163, 169","arr":["163","169"],"terminus":0,"mode":"bus","color":"#0059a9","colorDark":"#00294f","angle":9.3,"snapDist":9,"label":0}},{"type":"Feature","geometry":{"type":"Point","coordinates":[16.875652,52.408117]},"properties":{"name":"Brzask","lines":"163, 182, 212, 222","arr":["163","182","212","222"],"terminus":0,"mode":"bus","color":"#0059a9","colorDark":"#00294f","angle":282.9,"snapDist":12,"label":1}},{"type":"Feature","geometry":{"type":"Point","coordinates":[16.867735,52.391654]},"properties":{"name":"Taczanowskiego","lines":"163","arr":["163"],"terminus":0,"mode":"bus","color":"#0059a9","colorDark":"#00294f","angle":191,"snapDist":8,"label":1}},{"type":"Feature","geometry":{"type":"Point","coordinates":[16.875102,52.389918]},"properties":{"name":"Ściegiennego","lines":"163, 164, 179, 193, 223","arr":["163","164","179","193","223"],"terminus":0,"mode":"bus","color":"#0059a9","colorDark":"#00294f","angle":226,"snapDist":10,"label":1}},{"type":"Feature","geometry":{"type":"Point","coordinates":[16.87968,52.386327]},"properties":{"name":"Kordeckiego","lines":"163, 182, 193, 223","arr":["163","182","193","223"],"terminus":0,"mode":"bus","color":"#0059a9","colorDark":"#00294f","angle":233.9,"snapDist":9,"label":1}},{"type":"Feature","geometry":{"type":"Point","coordinates":[16.882629,52.384174]},"properties":{"name":"Częstochowska","lines":"163, 182, 193, 223","arr":["163","182","193","223"],"terminus":0,"mode":"bus","color":"#0059a9","colorDark":"#00294f","angle":230.9,"snapDist":8,"label":1}},{"type":"Feature","geometry":{"type":"Point","coordinates":[16.882965,52.384075]},"properties":{"name":"Częstochowska","lines":"163, 182, 193, 223","arr":["163","182","193","223"],"terminus":0,"mode":"bus","color":"#0059a9","colorDark":"#00294f","angle":49.9,"snapDist":5,"label":0}},{"type":"Feature","geometry":{"type":"Point","coordinates":[16.878576,52.387556]},"properties":{"name":"Kordeckiego","lines":"163, 164, 179, 193, 223","arr":["163","164","179","193","223"],"terminus":0,"mode":"bus","color":"#0059a9","colorDark":"#00294f","angle":52.5,"snapDist":9,"label":0}},{"type":"Feature","geometry":{"type":"Point","coordinates":[16.873257,52.39089]},"properties":{"name":"Ściegiennego","lines":"163","arr":["163"],"terminus":0,"mode":"bus","color":"#0059a9","colorDark":"#00294f","angle":18.3,"snapDist":9,"label":0}},{"type":"Feature","geometry":{"type":"Point","coordinates":[16.868814,52.391566]},"properties":{"name":"Taczanowskiego","lines":"163","arr":["163"],"terminus":0,"mode":"bus","color":"#0059a9","colorDark":"#00294f","angle":14,"snapDist":11,"label":0}},{"type":"Feature","geometry":{"type":"Point","coordinates":[16.875367,52.404847]},"properties":{"name":"Marcelińska","lines":"163, 182, 212, 222","arr":["163","182","212","222"],"terminus":0,"mode":"bus","color":"#0059a9","colorDark":"#00294f","angle":83.4,"snapDist":13,"label":0}},{"type":"Feature","geometry":{"type":"Point","coordinates":[16.875353,52.407244]},"properties":{"name":"Brzask","lines":"163, 182, 212, 222","arr":["163","182","212","222"],"terminus":0,"mode":"bus","color":"#0059a9","colorDark":"#00294f","angle":100,"snapDist":13,"label":0}},{"type":"Feature","geometry":{"type":"Point","coordinates":[16.913421,52.407684]},"properties":{"name":"Rondo Kaponiera","lines":"163, 169","arr":["163","169"],"terminus":0,"mode":"bus","color":"#0059a9","colorDark":"#00294f","angle":189.3,"snapDist":8,"label":0}},{"type":"Feature","geometry":{"type":"Point","coordinates":[16.917809,52.408453]},"properties":{"name":"Zamek","lines":"163, 168, 169, 171, 212, 222","arr":["163","168","169","171","212","222"],"terminus":0,"mode":"bus","color":"#0059a9","colorDark":"#00294f","angle":97.5,"snapDist":9,"label":0}},{"type":"Feature","geometry":{"type":"Point","coordinates":[16.918922,52.41113]},"properties":{"name":"Urząd Wojewódzki","lines":"163, 168, 169, 171, 213, 214, 215, 223, 224","arr":["163","168","169","171","213","214","215","223","224"],"terminus":0,"mode":"bus","color":"#0059a9","colorDark":"#00294f","angle":111.4,"snapDist":8,"label":1}},{"type":"Feature","geometry":{"type":"Point","coordinates":[16.865046,52.452764]},"properties":{"name":"Puszkina","lines":"164, 170, 226","arr":["164","170","226"],"terminus":1,"mode":"bus","color":"#0059a9","colorDark":"#00294f","angle":257.4,"snapDist":8,"label":1}},{"type":"Feature","geometry":{"type":"Point","coordinates":[16.870635,52.449974]},"properties":{"name":"Tołstoja","lines":"164, 170, 226","arr":["164","170","226"],"terminus":0,"mode":"bus","color":"#0059a9","colorDark":"#00294f","angle":234.9,"snapDist":4,"label":1}},{"type":"Feature","geometry":{"type":"Point","coordinates":[16.874279,52.446792]},"properties":{"name":"Strzeszyn Grecki","lines":"164, 170, 226","arr":["164","170","226"],"terminus":0,"mode":"bus","color":"#0059a9","colorDark":"#00294f","angle":246.4,"snapDist":3,"label":1}},{"type":"Feature","geometry":{"type":"Point","coordinates":[16.874033,52.444757]},"properties":{"name":"Hezjoda","lines":"164, 170, 226","arr":["164","170","226"],"terminus":0,"mode":"bus","color":"#0059a9","colorDark":"#00294f","angle":115.3,"snapDist":5,"label":1}},{"type":"Feature","geometry":{"type":"Point","coordinates":[16.905904,52.416198]},"properties":{"name":"Jeżycka","lines":"164, 216, 226","arr":["164","216","226"],"terminus":0,"mode":"bus","color":"#0059a9","colorDark":"#00294f","angle":282.7,"snapDist":4,"label":1}},{"type":"Feature","geometry":{"type":"Point","coordinates":[16.904086,52.413431]},"properties":{"name":"Kościelna","lines":"164, 216, 226","arr":["164","216","226"],"terminus":0,"mode":"bus","color":"#0059a9","colorDark":"#00294f","angle":316.4,"snapDist":8,"label":1}},{"type":"Feature","geometry":{"type":"Point","coordinates":[16.903666,52.412011]},"properties":{"name":"Rynek Jeżycki","lines":"164, 219","arr":["164","219"],"terminus":0,"mode":"bus","color":"#0059a9","colorDark":"#00294f","angle":291.7,"snapDist":6,"label":1}},{"type":"Feature","geometry":{"type":"Point","coordinates":[16.903367,52.40901]},"properties":{"name":"Kraszewskiego","lines":"164, 219","arr":["164","219"],"terminus":0,"mode":"bus","color":"#0059a9","colorDark":"#00294f","angle":188.6,"snapDist":6,"label":1}},{"type":"Feature","geometry":{"type":"Point","coordinates":[16.908811,52.408227]},"properties":{"name":"Stare Zoo","lines":"164, 219","arr":["164","219"],"terminus":0,"mode":"bus","color":"#0059a9","colorDark":"#00294f","angle":190.6,"snapDist":4,"label":1}},{"type":"Feature","geometry":{"type":"Point","coordinates":[16.900978,52.405716]},"properties":{"name":"Matejki","lines":"164","arr":["164"],"terminus":0,"mode":"bus","color":"#0059a9","colorDark":"#00294f","angle":338.8,"snapDist":9,"label":1}},{"type":"Feature","geometry":{"type":"Point","coordinates":[16.90009,52.404845]},"properties":{"name":"Matejki","lines":"164","arr":["164"],"terminus":0,"mode":"bus","color":"#0059a9","colorDark":"#00294f","angle":279.3,"snapDist":10,"label":0}},{"type":"Feature","geometry":{"type":"Point","coordinates":[16.899692,52.402779]},"properties":{"name":"Konopnickiej","lines":"164","arr":["164"],"terminus":0,"mode":"bus","color":"#0059a9","colorDark":"#00294f","angle":269.6,"snapDist":0,"label":1}},{"type":"Feature","geometry":{"type":"Point","coordinates":[16.9003,52.398288]},"properties":{"name":"Skwer Focha","lines":"164","arr":["164"],"terminus":0,"mode":"bus","color":"#0059a9","colorDark":"#00294f","angle":300.9,"snapDist":8,"label":1}},{"type":"Feature","geometry":{"type":"Point","coordinates":[16.897055,52.394957]},"properties":{"name":"Sczanieckiej","lines":"164","arr":["164"],"terminus":0,"mode":"bus","color":"#0059a9","colorDark":"#00294f","angle":299.3,"snapDist":5,"label":1}},{"type":"Feature","geometry":{"type":"Point","coordinates":[16.894143,52.391851]},"properties":{"name":"Chociszewskiego","lines":"164","arr":["164"],"terminus":0,"mode":"bus","color":"#0059a9","colorDark":"#00294f","angle":300.5,"snapDist":6,"label":1}},{"type":"Feature","geometry":{"type":"Point","coordinates":[16.889715,52.39273]},"properties":{"name":"Szymborska","lines":"164","arr":["164"],"terminus":0,"mode":"bus","color":"#0059a9","colorDark":"#00294f","angle":28.9,"snapDist":6,"label":1}},{"type":"Feature","geometry":{"type":"Point","coordinates":[16.88549,52.392285]},"properties":{"name":"Arciszewskiego","lines":"164, 179, 182","arr":["164","179","182"],"terminus":0,"mode":"bus","color":"#0059a9","colorDark":"#00294f","angle":294.4,"snapDist":9,"label":1}},{"type":"Feature","geometry":{"type":"Point","coordinates":[16.881223,52.388275]},"properties":{"name":"Palacza","lines":"164, 179, 182","arr":["164","179","182"],"terminus":0,"mode":"bus","color":"#0059a9","colorDark":"#00294f","angle":308.3,"snapDist":8,"label":1}},{"type":"Feature","geometry":{"type":"Point","coordinates":[16.873753,52.390056]},"properties":{"name":"Ściegiennego","lines":"164, 169, 179, 193, 223","arr":["164","169","179","193","223"],"terminus":0,"mode":"bus","color":"#0059a9","colorDark":"#00294f","angle":318,"snapDist":5,"label":0}},{"type":"Feature","geometry":{"type":"Point","coordinates":[16.867693,52.387195]},"properties":{"name":"Trębacka","lines":"164, 169, 179, 193, 223","arr":["164","169","179","193","223"],"terminus":0,"mode":"bus","color":"#0059a9","colorDark":"#00294f","angle":342.2,"snapDist":10,"label":1}},{"type":"Feature","geometry":{"type":"Point","coordinates":[16.869482,52.387704]},"properties":{"name":"Trębacka","lines":"164, 169, 179, 193, 223","arr":["164","169","179","193","223"],"terminus":0,"mode":"bus","color":"#0059a9","colorDark":"#00294f","angle":138.6,"snapDist":9,"label":0}},{"type":"Feature","geometry":{"type":"Point","coordinates":[16.880326,52.387271]},"properties":{"name":"Kordeckiego","lines":"164, 179, 182","arr":["164","179","182"],"terminus":0,"mode":"bus","color":"#0059a9","colorDark":"#00294f","angle":131.4,"snapDist":9,"label":0}},{"type":"Feature","geometry":{"type":"Point","coordinates":[16.883393,52.389788]},"properties":{"name":"Palacza","lines":"164, 179, 182","arr":["164","179","182"],"terminus":0,"mode":"bus","color":"#0059a9","colorDark":"#00294f","angle":122.9,"snapDist":10,"label":1}},{"type":"Feature","geometry":{"type":"Point","coordinates":[16.885886,52.39223]},"properties":{"name":"Arciszewskiego","lines":"164, 179, 182","arr":["164","179","182"],"terminus":0,"mode":"bus","color":"#0059a9","colorDark":"#00294f","angle":112.6,"snapDist":7,"label":0}},{"type":"Feature","geometry":{"type":"Point","coordinates":[16.888573,52.393112]},"properties":{"name":"Szymborska","lines":"164","arr":["164"],"terminus":0,"mode":"bus","color":"#0059a9","colorDark":"#00294f","angle":208.8,"snapDist":6,"label":0}},{"type":"Feature","geometry":{"type":"Point","coordinates":[16.893338,52.39151]},"properties":{"name":"Chociszewskiego","lines":"164","arr":["164"],"terminus":0,"mode":"bus","color":"#0059a9","colorDark":"#00294f","angle":209,"snapDist":4,"label":0}},{"type":"Feature","geometry":{"type":"Point","coordinates":[16.896542,52.39438]},"properties":{"name":"Sczanieckiej","lines":"164","arr":["164"],"terminus":0,"mode":"bus","color":"#0059a9","colorDark":"#00294f","angle":117.5,"snapDist":8,"label":0}},{"type":"Feature","geometry":{"type":"Point","coordinates":[16.899531,52.397468]},"properties":{"name":"Skwer Focha","lines":"164","arr":["164"],"terminus":0,"mode":"bus","color":"#0059a9","colorDark":"#00294f","angle":120.8,"snapDist":8,"label":0}},{"type":"Feature","geometry":{"type":"Point","coordinates":[16.899991,52.401122]},"properties":{"name":"Palmiarnia","lines":"164","arr":["164"],"terminus":0,"mode":"bus","color":"#0059a9","colorDark":"#00294f","angle":79.6,"snapDist":6,"label":1}},{"type":"Feature","geometry":{"type":"Point","coordinates":[16.899701,52.403379]},"properties":{"name":"Konopnickiej","lines":"164","arr":["164"],"terminus":0,"mode":"bus","color":"#0059a9","colorDark":"#00294f","angle":99.7,"snapDist":6,"label":0}},{"type":"Feature","geometry":{"type":"Point","coordinates":[16.900836,52.406286]},"properties":{"name":"Matejki","lines":"164","arr":["164"],"terminus":0,"mode":"bus","color":"#0059a9","colorDark":"#00294f","angle":103,"snapDist":9,"label":0}},{"type":"Feature","geometry":{"type":"Point","coordinates":[16.901793,52.408647]},"properties":{"name":"Kraszewskiego","lines":"164","arr":["164"],"terminus":0,"mode":"bus","color":"#0059a9","colorDark":"#00294f","angle":105,"snapDist":5,"label":0}},{"type":"Feature","geometry":{"type":"Point","coordinates":[16.903853,52.412265]},"properties":{"name":"Rynek Jeżycki","lines":"164, 219","arr":["164","219"],"terminus":0,"mode":"bus","color":"#0059a9","colorDark":"#00294f","angle":114.8,"snapDist":8,"label":0}},{"type":"Feature","geometry":{"type":"Point","coordinates":[16.904541,52.413594]},"properties":{"name":"Kościelna","lines":"164, 216, 226","arr":["164","216","226"],"terminus":0,"mode":"bus","color":"#0059a9","colorDark":"#00294f","angle":121.7,"snapDist":9,"label":0}},{"type":"Feature","geometry":{"type":"Point","coordinates":[16.906673,52.416558]},"properties":{"name":"Jeżycka","lines":"164, 216, 226","arr":["164","216","226"],"terminus":0,"mode":"bus","color":"#0059a9","colorDark":"#00294f","angle":114.7,"snapDist":5,"label":0}},{"type":"Feature","geometry":{"type":"Point","coordinates":[16.870962,52.440856]},"properties":{"name":"Literacka","lines":"164, 170, 226","arr":["164","170","226"],"terminus":0,"mode":"bus","color":"#0059a9","colorDark":"#00294f","angle":296.4,"snapDist":0,"label":0}},{"type":"Feature","geometry":{"type":"Point","coordinates":[16.874404,52.445319]},"properties":{"name":"Hezjoda","lines":"164, 170, 226","arr":["164","170","226"],"terminus":0,"mode":"bus","color":"#0059a9","colorDark":"#00294f","angle":106.2,"snapDist":5,"label":0}},{"type":"Feature","geometry":{"type":"Point","coordinates":[16.874227,52.446865]},"properties":{"name":"Strzeszyn Grecki","lines":"164, 170, 226","arr":["164","170","226"],"terminus":0,"mode":"bus","color":"#0059a9","colorDark":"#00294f","angle":246.4,"snapDist":5,"label":0}},{"type":"Feature","geometry":{"type":"Point","coordinates":[16.869679,52.450704]},"properties":{"name":"Tołstoja","lines":"164, 170, 226","arr":["164","170","226"],"terminus":0,"mode":"bus","color":"#0059a9","colorDark":"#00294f","angle":43.5,"snapDist":14,"label":0}},{"type":"Feature","geometry":{"type":"Point","coordinates":[16.865037,52.452788]},"properties":{"name":"Puszkina","lines":"164","arr":["164"],"terminus":1,"mode":"bus","color":"#0059a9","colorDark":"#00294f","angle":272.7,"snapDist":5,"label":0}},{"type":"Feature","geometry":{"type":"Point","coordinates":[17.04468,52.414993]},"properties":{"name":"Zieliniec","lines":"166, 416","arr":["166","416"],"terminus":1,"mode":"bus","color":"#0059a9","colorDark":"#00294f","angle":45.9,"snapDist":2,"label":1}},{"type":"Feature","geometry":{"type":"Point","coordinates":[17.043979,52.410117]},"properties":{"name":"Sarnia","lines":"166, 416","arr":["166","416"],"terminus":0,"mode":"bus","color":"#0059a9","colorDark":"#00294f","angle":254.2,"snapDist":5,"label":1}},{"type":"Feature","geometry":{"type":"Point","coordinates":[17.042194,52.405889]},"properties":{"name":"Sośnicka","lines":"166, 401, 405, 406, 407, 416","arr":["166","401","405","406","407","416"],"terminus":0,"mode":"bus","color":"#0059a9","colorDark":"#00294f","angle":26.5,"snapDist":7,"label":1}},{"type":"Feature","geometry":{"type":"Point","coordinates":[17.029324,52.409638]},"properties":{"name":"Antoninek PKM","lines":"166, 401, 405, 406, 407, 416","arr":["166","401","405","406","407","416"],"terminus":0,"mode":"bus","color":"#0059a9","colorDark":"#00294f","angle":25.8,"snapDist":12,"label":1}},{"type":"Feature","geometry":{"type":"Point","coordinates":[17.009065,52.389021]},"properties":{"name":"Folwarczna","lines":"166, 222, 425","arr":["166","222","425"],"terminus":0,"mode":"bus","color":"#0059a9","colorDark":"#00294f","angle":247.7,"snapDist":3,"label":1}},{"type":"Feature","geometry":{"type":"Point","coordinates":[17.00002,52.381546]},"properties":{"name":"Franowo","lines":"166, 222, 425","arr":["166","222","425"],"terminus":0,"mode":"bus","color":"#0059a9","colorDark":"#00294f","angle":65.7,"snapDist":4,"label":1}},{"type":"Feature","geometry":{"type":"Point","coordinates":[16.990793,52.393321]},"properties":{"name":"Dymka","lines":"166, 212, 218, 222","arr":["166","212","218","222"],"terminus":0,"mode":"bus","color":"#0059a9","colorDark":"#00294f","angle":230.4,"snapDist":9,"label":0}},{"type":"Feature","geometry":{"type":"Point","coordinates":[16.989941,52.391151]},"properties":{"name":"Os. Zodiak","lines":"166, 184, 212, 222","arr":["166","184","212","222"],"terminus":0,"mode":"bus","color":"#0059a9","colorDark":"#00294f","angle":10.5,"snapDist":8,"label":1}},{"type":"Feature","geometry":{"type":"Point","coordinates":[16.982115,52.39205]},"properties":{"name":"Kurlandzka","lines":"166, 184, 212, 222","arr":["166","184","212","222"],"terminus":0,"mode":"bus","color":"#0059a9","colorDark":"#00294f","angle":10.7,"snapDist":6,"label":1}},{"type":"Feature","geometry":{"type":"Point","coordinates":[16.979211,52.389492]},"properties":{"name":"Os. Lecha","lines":"166, 181, 212, 222","arr":["166","181","212","222"],"terminus":0,"mode":"bus","color":"#0059a9","colorDark":"#00294f","angle":300.6,"snapDist":7,"label":1}},{"type":"Feature","geometry":{"type":"Point","coordinates":[16.971077,52.38707]},"properties":{"name":"Os. Lecha II","lines":"166, 220","arr":["166","220"],"terminus":0,"mode":"bus","color":"#0059a9","colorDark":"#00294f","angle":53.8,"snapDist":9,"label":1}},{"type":"Feature","geometry":{"type":"Point","coordinates":[16.969133,52.385298]},"properties":{"name":"Bobrzańska","lines":"166, 220","arr":["166","220"],"terminus":0,"mode":"bus","color":"#0059a9","colorDark":"#00294f","angle":235.3,"snapDist":5,"label":0}},{"type":"Feature","geometry":{"type":"Point","coordinates":[16.979259,52.389176]},"properties":{"name":"Os. Lecha","lines":"166, 181, 212, 222","arr":["166","181","212","222"],"terminus":0,"mode":"bus","color":"#0059a9","colorDark":"#00294f","angle":121.2,"snapDist":5,"label":0}},{"type":"Feature","geometry":{"type":"Point","coordinates":[16.983837,52.391853]},"properties":{"name":"Kurlandzka","lines":"166, 184, 212, 222","arr":["166","184","212","222"],"terminus":0,"mode":"bus","color":"#0059a9","colorDark":"#00294f","angle":190.6,"snapDist":8,"label":0}},{"type":"Feature","geometry":{"type":"Point","coordinates":[16.988413,52.391325]},"properties":{"name":"Os. Zodiak","lines":"166, 184, 212, 222","arr":["166","184","212","222"],"terminus":0,"mode":"bus","color":"#0059a9","colorDark":"#00294f","angle":191.3,"snapDist":8,"label":0}},{"type":"Feature","geometry":{"type":"Point","coordinates":[16.9923,52.388882]},"properties":{"name":"Szwajcarska Szpital","lines":"166, 181, 184, 218, 222, T1","arr":["166","181","184","218","222","T1"],"terminus":0,"mode":"bus","color":"#0059a9","colorDark":"#00294f","angle":267.5,"snapDist":9,"label":1}},{"type":"Feature","geometry":{"type":"Point","coordinates":[17.000525,52.380871]},"properties":{"name":"Franowo","lines":"166, 222, 425","arr":["166","222","425"],"terminus":0,"mode":"bus","color":"#0059a9","colorDark":"#00294f","angle":245.3,"snapDist":0,"label":0}},{"type":"Feature","geometry":{"type":"Point","coordinates":[17.009308,52.38866]},"properties":{"name":"Folwarczna","lines":"166, 222, 425","arr":["166","222","425"],"terminus":0,"mode":"bus","color":"#0059a9","colorDark":"#00294f","angle":67.7,"snapDist":3,"label":0}},{"type":"Feature","geometry":{"type":"Point","coordinates":[17.028867,52.409589]},"properties":{"name":"Antoninek PKM","lines":"166, 401, 405, 406, 407, 416","arr":["166","401","405","406","407","416"],"terminus":0,"mode":"bus","color":"#0059a9","colorDark":"#00294f","angle":206,"snapDist":6,"label":0}},{"type":"Feature","geometry":{"type":"Point","coordinates":[17.043843,52.406169]},"properties":{"name":"Sośnicka","lines":"166, 416","arr":["166","416"],"terminus":0,"mode":"bus","color":"#0059a9","colorDark":"#00294f","angle":125.6,"snapDist":10,"label":0}},{"type":"Feature","geometry":{"type":"Point","coordinates":[17.04456,52.408923]},"properties":{"name":"Sarnia","lines":"166, 416","arr":["166","416"],"terminus":0,"mode":"bus","color":"#0059a9","colorDark":"#00294f","angle":74.5,"snapDist":2,"label":0}},{"type":"Feature","geometry":{"type":"Point","coordinates":[16.946116,52.497661]},"properties":{"name":"Radojewo","lines":"167, 214, 348, 911","arr":["167","214","348","911"],"terminus":1,"mode":"bus","color":"#0059a9","colorDark":"#00294f","angle":93.1,"snapDist":5,"label":1}},{"type":"Feature","geometry":{"type":"Point","coordinates":[16.946037,52.496795]},"properties":{"name":"Radojewo","lines":"167, 214, 348, 911","arr":["167","214","348","911"],"terminus":0,"mode":"bus","color":"#0059a9","colorDark":"#00294f","angle":273,"snapDist":4,"label":0}},{"type":"Feature","geometry":{"type":"Point","coordinates":[16.942021,52.491591]},"properties":{"name":"Arnikowa","lines":"167, 214, 348, 911","arr":["167","214","348","911"],"terminus":0,"mode":"bus","color":"#0059a9","colorDark":"#00294f","angle":299.2,"snapDist":0,"label":1}},{"type":"Feature","geometry":{"type":"Point","coordinates":[16.941814,52.489296]},"properties":{"name":"Rdestowa","lines":"167, 214, 348, 911","arr":["167","214","348","911"],"terminus":0,"mode":"bus","color":"#0059a9","colorDark":"#00294f","angle":260,"snapDist":4,"label":1}},{"type":"Feature","geometry":{"type":"Point","coordinates":[16.942551,52.48678]},"properties":{"name":"Łopianowa","lines":"167, 214, 348, 911","arr":["167","214","348","911"],"terminus":0,"mode":"bus","color":"#0059a9","colorDark":"#00294f","angle":260.1,"snapDist":5,"label":1}},{"type":"Feature","geometry":{"type":"Point","coordinates":[16.943911,52.481364]},"properties":{"name":"Umultowo","lines":"167, 214, 348, 911","arr":["167","214","348","911"],"terminus":0,"mode":"bus","color":"#0059a9","colorDark":"#00294f","angle":249.3,"snapDist":4,"label":1}},{"type":"Feature","geometry":{"type":"Point","coordinates":[16.945253,52.479202]},"properties":{"name":"Dziurawcowa","lines":"167, 214, 348, 911","arr":["167","214","348","911"],"terminus":0,"mode":"bus","color":"#0059a9","colorDark":"#00294f","angle":249.6,"snapDist":7,"label":1}},{"type":"Feature","geometry":{"type":"Point","coordinates":[16.946305,52.475824]},"properties":{"name":"Rumiankowa","lines":"167, 214, 348, 911","arr":["167","214","348","911"],"terminus":0,"mode":"bus","color":"#0059a9","colorDark":"#00294f","angle":272.8,"snapDist":5,"label":1}},{"type":"Feature","geometry":{"type":"Point","coordinates":[16.94735,52.472539]},"properties":{"name":"Widłakowa","lines":"167, 214, 348, 911","arr":["167","214","348","911"],"terminus":0,"mode":"bus","color":"#0059a9","colorDark":"#00294f","angle":268.7,"snapDist":5,"label":1}},{"type":"Feature","geometry":{"type":"Point","coordinates":[16.947504,52.468641]},"properties":{"name":"Kresowa","lines":"167, 214, 348, 911","arr":["167","214","348","911"],"terminus":0,"mode":"bus","color":"#0059a9","colorDark":"#00294f","angle":268.4,"snapDist":5,"label":1}},{"type":"Feature","geometry":{"type":"Point","coordinates":[16.947896,52.463603]},"properties":{"name":"Maków Polnych","lines":"167, 214, 911","arr":["167","214","911"],"terminus":0,"mode":"bus","color":"#0059a9","colorDark":"#00294f","angle":268.2,"snapDist":8,"label":1}},{"type":"Feature","geometry":{"type":"Point","coordinates":[16.946795,52.458386]},"properties":{"name":"Burysława","lines":"167, 214, 911","arr":["167","214","911"],"terminus":0,"mode":"bus","color":"#0059a9","colorDark":"#00294f","angle":260.7,"snapDist":7,"label":1}},{"type":"Feature","geometry":{"type":"Point","coordinates":[16.946593,52.440219]},"properties":{"name":"Lechicka/Naramowicka","lines":"167, 214, 911","arr":["167","214","911"],"terminus":0,"mode":"bus","color":"#0059a9","colorDark":"#00294f","angle":258.5,"snapDist":5,"label":1}},{"type":"Feature","geometry":{"type":"Point","coordinates":[16.947143,52.43549]},"properties":{"name":"Włodarska","lines":"167, 214, 911","arr":["167","214","911"],"terminus":0,"mode":"bus","color":"#0059a9","colorDark":"#00294f","angle":276.6,"snapDist":7,"label":1}},{"type":"Feature","geometry":{"type":"Point","coordinates":[16.946133,52.431331]},"properties":{"name":"Serbska","lines":"167, 214, 911","arr":["167","214","911"],"terminus":0,"mode":"bus","color":"#0059a9","colorDark":"#00294f","angle":273.8,"snapDist":16,"label":1}},{"type":"Feature","geometry":{"type":"Point","coordinates":[16.947655,52.427303]},"properties":{"name":"Wilczak","lines":"167, 174, 190, 214, 224, 911","arr":["167","174","190","214","224","911"],"terminus":0,"mode":"bus","color":"#0059a9","colorDark":"#00294f","angle":252.4,"snapDist":10,"label":1}},{"type":"Feature","geometry":{"type":"Point","coordinates":[16.947146,52.422111]},"properties":{"name":"Winogrady","lines":"167, 174, 190, 214, 224, 911","arr":["167","174","190","214","224","911"],"terminus":0,"mode":"bus","color":"#0059a9","colorDark":"#00294f","angle":305.8,"snapDist":6,"label":1}},{"type":"Feature","geometry":{"type":"Point","coordinates":[16.939592,52.416724]},"properties":{"name":"Garbary PKM","lines":"167, 174, 190, 214, 224, 911","arr":["167","174","190","214","224","911"],"terminus":0,"mode":"bus","color":"#0059a9","colorDark":"#00294f","angle":277.5,"snapDist":10,"label":0}},{"type":"Feature","geometry":{"type":"Point","coordinates":[16.938233,52.410463]},"properties":{"name":"Małe Garbary","lines":"167, 174, 176, 190, 220, 221, 603, 911","arr":["167","174","176","190","220","221","603","911"],"terminus":0,"mode":"bus","color":"#0059a9","colorDark":"#00294f","angle":265,"snapDist":10,"label":0}},{"type":"Feature","geometry":{"type":"Point","coordinates":[16.937772,52.406772]},"properties":{"name":"Grobla","lines":"167, 174, 176, 190, 220, 221, 603, 911","arr":["167","174","176","190","220","221","603","911"],"terminus":0,"mode":"bus","color":"#0059a9","colorDark":"#00294f","angle":276.6,"snapDist":6,"label":1}},{"type":"Feature","geometry":{"type":"Point","coordinates":[16.937132,52.404003]},"properties":{"name":"Pl. Bernardyński","lines":"167, 174, 176, 190, 220, 221, 603, 911","arr":["167","174","176","190","220","221","603","911"],"terminus":0,"mode":"bus","color":"#0059a9","colorDark":"#00294f","angle":288.4,"snapDist":8,"label":1}},{"type":"Feature","geometry":{"type":"Point","coordinates":[16.936022,52.399017]},"properties":{"name":"AWF","lines":"167, 174, 190, 911","arr":["167","174","190","911"],"terminus":0,"mode":"bus","color":"#0059a9","colorDark":"#00294f","angle":191.1,"snapDist":1,"label":1}},{"type":"Feature","geometry":{"type":"Point","coordinates":[16.94453,52.397164]},"properties":{"name":"Serafitek","lines":"167, 174, 190, 212, 222, 911","arr":["167","174","190","212","222","911"],"terminus":0,"mode":"bus","color":"#0059a9","colorDark":"#00294f","angle":201,"snapDist":5,"label":1}},{"type":"Feature","geometry":{"type":"Point","coordinates":[16.949093,52.396034]},"properties":{"name":"Rondo Rataje","lines":"167, 174, 190, 212, 222, 911","arr":["167","174","190","212","222","911"],"terminus":0,"mode":"bus","color":"#0059a9","colorDark":"#00294f","angle":205.1,"snapDist":0,"label":0}},{"type":"Feature","geometry":{"type":"Point","coordinates":[16.948771,52.396125]},"properties":{"name":"Rondo Rataje","lines":"167, 174, 190, 212, 222, 911","arr":["167","174","190","212","222","911"],"terminus":0,"mode":"bus","color":"#0059a9","colorDark":"#00294f","angle":25.1,"snapDist":3,"label":0}},{"type":"Feature","geometry":{"type":"Point","coordinates":[16.945682,52.396893]},"properties":{"name":"Serafitek","lines":"167, 174, 190, 212, 222, 911","arr":["167","174","190","212","222","911"],"terminus":0,"mode":"bus","color":"#0059a9","colorDark":"#00294f","angle":21.1,"snapDist":4,"label":0}},{"type":"Feature","geometry":{"type":"Point","coordinates":[16.935775,52.399768]},"properties":{"name":"AWF","lines":"167, 174, 176, 190, 603, 911","arr":["167","174","176","190","603","911"],"terminus":0,"mode":"bus","color":"#0059a9","colorDark":"#00294f","angle":103.5,"snapDist":10,"label":0}},{"type":"Feature","geometry":{"type":"Point","coordinates":[16.940561,52.402321]},"properties":{"name":"Most Św. Rocha","lines":"167, 174, 176, 190, 603, 911","arr":["167","174","176","190","603","911"],"terminus":0,"mode":"bus","color":"#0059a9","colorDark":"#00294f","angle":148.1,"snapDist":7,"label":1}},{"type":"Feature","geometry":{"type":"Point","coordinates":[16.939556,52.404845]},"properties":{"name":"Mostowa","lines":"167, 174, 176, 190, 220, 221, 603, 911","arr":["167","174","176","190","220","221","603","911"],"terminus":0,"mode":"bus","color":"#0059a9","colorDark":"#00294f","angle":63.1,"snapDist":6,"label":1}},{"type":"Feature","geometry":{"type":"Point","coordinates":[16.938136,52.40885]},"properties":{"name":"Wielka","lines":"167, 174, 176, 190, 220, 221, 603, 911","arr":["167","174","176","190","220","221","603","911"],"terminus":0,"mode":"bus","color":"#0059a9","colorDark":"#00294f","angle":96.1,"snapDist":12,"label":1}},{"type":"Feature","geometry":{"type":"Point","coordinates":[16.940169,52.417621]},"properties":{"name":"Garbary PKM","lines":"167, 174, 190, 214, 224, 911","arr":["167","174","190","214","224","911"],"terminus":0,"mode":"bus","color":"#0059a9","colorDark":"#00294f","angle":143.7,"snapDist":18,"label":0}},{"type":"Feature","geometry":{"type":"Point","coordinates":[16.948862,52.423747]},"properties":{"name":"Winogrady","lines":"167, 174, 190, 214, 224, 911","arr":["167","174","190","214","224","911"],"terminus":0,"mode":"bus","color":"#0059a9","colorDark":"#00294f","angle":107.3,"snapDist":1,"label":0}},{"type":"Feature","geometry":{"type":"Point","coordinates":[16.947849,52.42693]},"properties":{"name":"Wilczak","lines":"167, 174, 190, 214, 224, 911","arr":["167","174","190","214","224","911"],"terminus":0,"mode":"bus","color":"#0059a9","colorDark":"#00294f","angle":72.4,"snapDist":10,"label":0}},{"type":"Feature","geometry":{"type":"Point","coordinates":[16.946457,52.432503]},"properties":{"name":"Serbska","lines":"167, 214, 911","arr":["167","214","911"],"terminus":0,"mode":"bus","color":"#0059a9","colorDark":"#00294f","angle":96.3,"snapDist":10,"label":0}},{"type":"Feature","geometry":{"type":"Point","coordinates":[16.947345,52.436372]},"properties":{"name":"Włodarska","lines":"167, 214, 911","arr":["167","214","911"],"terminus":0,"mode":"bus","color":"#0059a9","colorDark":"#00294f","angle":97.7,"snapDist":7,"label":0}},{"type":"Feature","geometry":{"type":"Point","coordinates":[16.946881,52.440388]},"properties":{"name":"Lechicka/Naramowicka","lines":"167, 214, 911","arr":["167","214","911"],"terminus":0,"mode":"bus","color":"#0059a9","colorDark":"#00294f","angle":78.6,"snapDist":9,"label":0}},{"type":"Feature","geometry":{"type":"Point","coordinates":[16.946692,52.458767]},"properties":{"name":"Burysława","lines":"167, 214, 911","arr":["167","214","911"],"terminus":0,"mode":"bus","color":"#0059a9","colorDark":"#00294f","angle":79.8,"snapDist":8,"label":0}},{"type":"Feature","geometry":{"type":"Point","coordinates":[16.947897,52.463574]},"properties":{"name":"Maków Polnych","lines":"167, 214, 911","arr":["167","214","911"],"terminus":0,"mode":"bus","color":"#0059a9","colorDark":"#00294f","angle":88.4,"snapDist":5,"label":0}},{"type":"Feature","geometry":{"type":"Point","coordinates":[16.947522,52.467951]},"properties":{"name":"Kresowa","lines":"167, 214, 911","arr":["167","214","911"],"terminus":0,"mode":"bus","color":"#0059a9","colorDark":"#00294f","angle":88.9,"snapDist":8,"label":0}},{"type":"Feature","geometry":{"type":"Point","coordinates":[16.947363,52.472223]},"properties":{"name":"Widłakowa","lines":"167, 214, 348, 911","arr":["167","214","348","911"],"terminus":0,"mode":"bus","color":"#0059a9","colorDark":"#00294f","angle":88.2,"snapDist":6,"label":0}},{"type":"Feature","geometry":{"type":"Point","coordinates":[16.946372,52.475048]},"properties":{"name":"Rumiankowa","lines":"167, 214, 348, 911","arr":["167","214","348","911"],"terminus":0,"mode":"bus","color":"#0059a9","colorDark":"#00294f","angle":70.2,"snapDist":4,"label":0}},{"type":"Feature","geometry":{"type":"Point","coordinates":[16.945437,52.478904]},"properties":{"name":"Dziurawcowa","lines":"167, 214, 348, 911","arr":["167","214","348","911"],"terminus":0,"mode":"bus","color":"#0059a9","colorDark":"#00294f","angle":68.9,"snapDist":5,"label":0}},{"type":"Feature","geometry":{"type":"Point","coordinates":[16.943548,52.481953]},"properties":{"name":"Umultowo","lines":"167, 214, 348, 911","arr":["167","214","348","911"],"terminus":0,"mode":"bus","color":"#0059a9","colorDark":"#00294f","angle":69.4,"snapDist":5,"label":0}},{"type":"Feature","geometry":{"type":"Point","coordinates":[16.942547,52.486794]},"properties":{"name":"Łopianowa","lines":"167, 214, 348, 911","arr":["167","214","348","911"],"terminus":0,"mode":"bus","color":"#0059a9","colorDark":"#00294f","angle":80.1,"snapDist":5,"label":0}},{"type":"Feature","geometry":{"type":"Point","coordinates":[16.941628,52.489922]},"properties":{"name":"Rdestowa","lines":"167, 214, 348, 911","arr":["167","214","348","911"],"terminus":0,"mode":"bus","color":"#0059a9","colorDark":"#00294f","angle":79.4,"snapDist":6,"label":0}},{"type":"Feature","geometry":{"type":"Point","coordinates":[16.942452,52.492061]},"properties":{"name":"Arnikowa","lines":"167, 214, 348, 911","arr":["167","214","348","911"],"terminus":0,"mode":"bus","color":"#0059a9","colorDark":"#00294f","angle":119.3,"snapDist":1,"label":0}},{"type":"Feature","geometry":{"type":"Point","coordinates":[16.879431,52.457045]},"properties":{"name":"Białczańska","lines":"168, 183, 216","arr":["168","183","216"],"terminus":0,"mode":"bus","color":"#0059a9","colorDark":"#00294f","angle":224.5,"snapDist":7,"label":0}},{"type":"Feature","geometry":{"type":"Point","coordinates":[16.882754,52.455021]},"properties":{"name":"Rzepeckiej","lines":"168, 183, 216","arr":["168","183","216"],"terminus":0,"mode":"bus","color":"#0059a9","colorDark":"#00294f","angle":224.9,"snapDist":7,"label":1}},{"type":"Feature","geometry":{"type":"Point","coordinates":[16.887737,52.451992]},"properties":{"name":"Tułodzieckiej","lines":"168, 183, 216","arr":["168","183","216"],"terminus":0,"mode":"bus","color":"#0059a9","colorDark":"#00294f","angle":224.3,"snapDist":6,"label":1}},{"type":"Feature","geometry":{"type":"Point","coordinates":[16.894552,52.44905]},"properties":{"name":"Strzeszyńska II","lines":"168, 183, 216","arr":["168","183","216"],"terminus":0,"mode":"bus","color":"#0059a9","colorDark":"#00294f","angle":212,"snapDist":3,"label":1}},{"type":"Feature","geometry":{"type":"Point","coordinates":[16.898049,52.447169]},"properties":{"name":"Instytut Genetyki","lines":"168, 183, 216","arr":["168","183","216"],"terminus":0,"mode":"bus","color":"#0059a9","colorDark":"#00294f","angle":48.7,"snapDist":2,"label":1}},{"type":"Feature","geometry":{"type":"Point","coordinates":[16.903269,52.443734]},"properties":{"name":"Strzeszyńska","lines":"168","arr":["168"],"terminus":0,"mode":"bus","color":"#0059a9","colorDark":"#00294f","angle":222.8,"snapDist":7,"label":1}},{"type":"Feature","geometry":{"type":"Point","coordinates":[16.90824,52.440394]},"properties":{"name":"Lutycka Szpital","lines":"168, 216","arr":["168","216"],"terminus":0,"mode":"bus","color":"#0059a9","colorDark":"#00294f","angle":53.1,"snapDist":6,"label":1}},{"type":"Feature","geometry":{"type":"Point","coordinates":[16.911964,52.436632]},"properties":{"name":"Trójpole","lines":"168, 178, 190, 193, 216, 322","arr":["168","178","190","193","216","322"],"terminus":0,"mode":"bus","color":"#0059a9","colorDark":"#00294f","angle":254.1,"snapDist":11,"label":1}},{"type":"Feature","geometry":{"type":"Point","coordinates":[16.913729,52.4355]},"properties":{"name":"Os. Powstańców W-wy","lines":"168, 170, 178, 183, 190, 191, 321, 322","arr":["168","170","178","183","190","191","321","322"],"terminus":0,"mode":"bus","color":"#0059a9","colorDark":"#00294f","angle":168.9,"snapDist":4,"label":1}},{"type":"Feature","geometry":{"type":"Point","coordinates":[16.920075,52.435895]},"properties":{"name":"Aleje Solidarności","lines":"168, 170, 178, 183, 190, 191, 321, 322","arr":["168","170","178","183","190","191","321","322"],"terminus":0,"mode":"bus","color":"#0059a9","colorDark":"#00294f","angle":184.2,"snapDist":16,"label":1}},{"type":"Feature","geometry":{"type":"Point","coordinates":[16.920162,52.432349]},"properties":{"name":"Wyłom","lines":"168, 171, 190, 191, 215","arr":["168","171","190","191","215"],"terminus":0,"mode":"bus","color":"#0059a9","colorDark":"#00294f","angle":279,"snapDist":18,"label":1}},{"type":"Feature","geometry":{"type":"Point","coordinates":[16.920084,52.429271]},"properties":{"name":"Księcia Mieszka I","lines":"168, 171, 190, 191, 215","arr":["168","171","190","191","215"],"terminus":0,"mode":"bus","color":"#0059a9","colorDark":"#00294f","angle":267.2,"snapDist":9,"label":1}},{"type":"Feature","geometry":{"type":"Point","coordinates":[16.920061,52.426512]},"properties":{"name":"Słowiańska","lines":"168, 169, 171, 215, 218","arr":["168","169","171","215","218"],"terminus":0,"mode":"bus","color":"#0059a9","colorDark":"#00294f","angle":270.9,"snapDist":7,"label":1}},{"type":"Feature","geometry":{"type":"Point","coordinates":[16.919795,52.421781]},"properties":{"name":"Urbanowska","lines":"168, 169, 171, 215, 218","arr":["168","169","171","215","218"],"terminus":0,"mode":"bus","color":"#0059a9","colorDark":"#00294f","angle":247.9,"snapDist":8,"label":1}},{"type":"Feature","geometry":{"type":"Point","coordinates":[16.923386,52.419067]},"properties":{"name":"Przepadek","lines":"168, 169, 171, 215","arr":["168","169","171","215"],"terminus":0,"mode":"bus","color":"#0059a9","colorDark":"#00294f","angle":219.8,"snapDist":8,"label":1}},{"type":"Feature","geometry":{"type":"Point","coordinates":[16.926332,52.415462]},"properties":{"name":"Urząd Marszałkowski","lines":"168, 169, 171, 215","arr":["168","169","171","215"],"terminus":0,"mode":"bus","color":"#0059a9","colorDark":"#00294f","angle":333.1,"snapDist":5,"label":1}},{"type":"Feature","geometry":{"type":"Point","coordinates":[16.926743,52.415338]},"properties":{"name":"Urząd Marszałkowski","lines":"168, 169, 171, 215","arr":["168","169","171","215"],"terminus":0,"mode":"bus","color":"#0059a9","colorDark":"#00294f","angle":151.5,"snapDist":7,"label":0}},{"type":"Feature","geometry":{"type":"Point","coordinates":[16.922832,52.421297]},"properties":{"name":"Armii Poznań","lines":"168, 169, 171, 215, 218","arr":["168","169","171","215","218"],"terminus":0,"mode":"bus","color":"#0059a9","colorDark":"#00294f","angle":32.2,"snapDist":11,"label":1}},{"type":"Feature","geometry":{"type":"Point","coordinates":[16.920312,52.427844]},"properties":{"name":"Słowiańska","lines":"168, 171, 215","arr":["168","171","215"],"terminus":0,"mode":"bus","color":"#0059a9","colorDark":"#00294f","angle":91.1,"snapDist":11,"label":0}},{"type":"Feature","geometry":{"type":"Point","coordinates":[16.920184,52.430099]},"properties":{"name":"Księcia Mieszka I","lines":"168, 171, 215","arr":["168","171","215"],"terminus":0,"mode":"bus","color":"#0059a9","colorDark":"#00294f","angle":87.5,"snapDist":2,"label":0}},{"type":"Feature","geometry":{"type":"Point","coordinates":[16.920496,52.433253]},"properties":{"name":"Wyłom","lines":"168, 171, 215","arr":["168","171","215"],"terminus":0,"mode":"bus","color":"#0059a9","colorDark":"#00294f","angle":102.9,"snapDist":9,"label":0}},{"type":"Feature","geometry":{"type":"Point","coordinates":[16.920013,52.43614]},"properties":{"name":"Aleje Solidarności","lines":"168, 170, 178, 183, 321, 322","arr":["168","170","178","183","321","322"],"terminus":0,"mode":"bus","color":"#0059a9","colorDark":"#00294f","angle":4.5,"snapDist":7,"label":0}},{"type":"Feature","geometry":{"type":"Point","coordinates":[16.911645,52.438258]},"properties":{"name":"Trójpole","lines":"168, 178, 190, 193, 216, 322","arr":["168","178","190","193","216","322"],"terminus":0,"mode":"bus","color":"#0059a9","colorDark":"#00294f","angle":99.7,"snapDist":8,"label":0}},{"type":"Feature","geometry":{"type":"Point","coordinates":[16.907195,52.441207]},"properties":{"name":"Lutycka Szpital","lines":"168, 216","arr":["168","216"],"terminus":0,"mode":"bus","color":"#0059a9","colorDark":"#00294f","angle":50.7,"snapDist":5,"label":0}},{"type":"Feature","geometry":{"type":"Point","coordinates":[16.903251,52.443745]},"properties":{"name":"Strzeszyńska","lines":"168","arr":["168"],"terminus":0,"mode":"bus","color":"#0059a9","colorDark":"#00294f","angle":42.8,"snapDist":6,"label":0}},{"type":"Feature","geometry":{"type":"Point","coordinates":[16.899196,52.446373]},"properties":{"name":"Instytut Genetyki","lines":"168","arr":["168"],"terminus":0,"mode":"bus","color":"#0059a9","colorDark":"#00294f","angle":48.7,"snapDist":9,"label":0}},{"type":"Feature","geometry":{"type":"Point","coordinates":[16.895188,52.448806]},"properties":{"name":"Strzeszyńska II","lines":"168, 183, 216","arr":["168","183","216"],"terminus":0,"mode":"bus","color":"#0059a9","colorDark":"#00294f","angle":32.3,"snapDist":7,"label":0}},{"type":"Feature","geometry":{"type":"Point","coordinates":[16.887043,52.452403]},"properties":{"name":"Tułodzieckiej","lines":"168, 183, 216","arr":["168","183","216"],"terminus":0,"mode":"bus","color":"#0059a9","colorDark":"#00294f","angle":37.6,"snapDist":10,"label":0}},{"type":"Feature","geometry":{"type":"Point","coordinates":[16.882391,52.455253]},"properties":{"name":"Rzepeckiej","lines":"168, 183, 216","arr":["168","183","216"],"terminus":0,"mode":"bus","color":"#0059a9","colorDark":"#00294f","angle":233,"snapDist":6,"label":0}},{"type":"Feature","geometry":{"type":"Point","coordinates":[16.879046,52.457276]},"properties":{"name":"Białczańska","lines":"168, 183, 216","arr":["168","183","216"],"terminus":0,"mode":"bus","color":"#0059a9","colorDark":"#00294f","angle":44.5,"snapDist":6,"label":0}},{"type":"Feature","geometry":{"type":"Point","coordinates":[16.934634,52.452032]},"properties":{"name":"Łużycka","lines":"169","arr":["169"],"terminus":1,"mode":"bus","color":"#0059a9","colorDark":"#00294f","angle":247.6,"snapDist":2,"label":1}},{"type":"Feature","geometry":{"type":"Point","coordinates":[16.94091,52.441231]},"properties":{"name":"Os. Wichrowe Wzgórze","lines":"169, 171, 178, 182, 185, 218","arr":["169","171","178","182","185","218"],"terminus":1,"mode":"bus","color":"#0059a9","colorDark":"#00294f","angle":273.7,"snapDist":9,"label":1}},{"type":"Feature","geometry":{"type":"Point","coordinates":[16.940611,52.438366]},"properties":{"name":"Os. Kosmonautów","lines":"169, 171, 178, 182, 185, 218","arr":["169","171","178","182","185","218"],"terminus":0,"mode":"bus","color":"#0059a9","colorDark":"#00294f","angle":274.1,"snapDist":14,"label":1}},{"type":"Feature","geometry":{"type":"Point","coordinates":[16.937544,52.433826]},"properties":{"name":"Rondo Solidarności","lines":"169, 174, 182, 218","arr":["169","174","182","218"],"terminus":0,"mode":"bus","color":"#0059a9","colorDark":"#00294f","angle":293.6,"snapDist":13,"label":0}},{"type":"Feature","geometry":{"type":"Point","coordinates":[16.934681,52.430816]},"properties":{"name":"Os. Pod Lipami","lines":"169, 182, 190, 218","arr":["169","182","190","218"],"terminus":0,"mode":"bus","color":"#0059a9","colorDark":"#00294f","angle":13.9,"snapDist":11,"label":1}},{"type":"Feature","geometry":{"type":"Point","coordinates":[16.929935,52.430529]},"properties":{"name":"Os. Przyjaźni","lines":"169, 182, 190, 218","arr":["169","182","190","218"],"terminus":0,"mode":"bus","color":"#0059a9","colorDark":"#00294f","angle":345.1,"snapDist":11,"label":1}},{"type":"Feature","geometry":{"type":"Point","coordinates":[16.923756,52.427655]},"properties":{"name":"Ozimina","lines":"169, 182, 190, 218","arr":["169","182","190","218"],"terminus":0,"mode":"bus","color":"#0059a9","colorDark":"#00294f","angle":326.5,"snapDist":15,"label":1}},{"type":"Feature","geometry":{"type":"Point","coordinates":[16.888305,52.409319]},"properties":{"name":"Bukowska","lines":"169","arr":["169"],"terminus":0,"mode":"bus","color":"#0059a9","colorDark":"#00294f","angle":278.9,"snapDist":3,"label":0}},{"type":"Feature","geometry":{"type":"Point","coordinates":[16.875535,52.403937]},"properties":{"name":"Marcelińska","lines":"169, 182","arr":["169","182"],"terminus":0,"mode":"bus","color":"#0059a9","colorDark":"#00294f","angle":263.6,"snapDist":11,"label":0}},{"type":"Feature","geometry":{"type":"Point","coordinates":[16.876174,52.399765]},"properties":{"name":"Grochowska","lines":"169, 182","arr":["169","182"],"terminus":0,"mode":"bus","color":"#0059a9","colorDark":"#00294f","angle":264,"snapDist":11,"label":1}},{"type":"Feature","geometry":{"type":"Point","coordinates":[16.881101,52.395949]},"properties":{"name":"Promienista","lines":"169, 182","arr":["169","182"],"terminus":0,"mode":"bus","color":"#0059a9","colorDark":"#00294f","angle":224.9,"snapDist":5,"label":1}},{"type":"Feature","geometry":{"type":"Point","coordinates":[16.879046,52.393248]},"properties":{"name":"Tęczowa","lines":"169","arr":["169"],"terminus":0,"mode":"bus","color":"#0059a9","colorDark":"#00294f","angle":309.2,"snapDist":5,"label":1}},{"type":"Feature","geometry":{"type":"Point","coordinates":[16.874772,52.390545]},"properties":{"name":"Ściegiennego","lines":"169","arr":["169"],"terminus":0,"mode":"bus","color":"#0059a9","colorDark":"#00294f","angle":138.1,"snapDist":9,"label":0}},{"type":"Feature","geometry":{"type":"Point","coordinates":[16.878633,52.392946]},"properties":{"name":"Tęczowa","lines":"169","arr":["169"],"terminus":0,"mode":"bus","color":"#0059a9","colorDark":"#00294f","angle":130.8,"snapDist":5,"label":0}},{"type":"Feature","geometry":{"type":"Point","coordinates":[16.881104,52.396107]},"properties":{"name":"Promienista","lines":"169, 182","arr":["169","182"],"terminus":0,"mode":"bus","color":"#0059a9","colorDark":"#00294f","angle":44.9,"snapDist":4,"label":0}},{"type":"Feature","geometry":{"type":"Point","coordinates":[16.876251,52.399874]},"properties":{"name":"Grochowska","lines":"169, 182","arr":["169","182"],"terminus":0,"mode":"bus","color":"#0059a9","colorDark":"#00294f","angle":76.9,"snapDist":9,"label":0}},{"type":"Feature","geometry":{"type":"Point","coordinates":[16.921282,52.427075]},"properties":{"name":"Słowiańska","lines":"169, 182, 190, 218","arr":["169","182","190","218"],"terminus":0,"mode":"bus","color":"#0059a9","colorDark":"#00294f","angle":182.8,"snapDist":8,"label":0}},{"type":"Feature","geometry":{"type":"Point","coordinates":[16.92477,52.428065]},"properties":{"name":"Ozimina","lines":"169, 182, 190, 218","arr":["169","182","190","218"],"terminus":0,"mode":"bus","color":"#0059a9","colorDark":"#00294f","angle":144.7,"snapDist":8,"label":0}},{"type":"Feature","geometry":{"type":"Point","coordinates":[16.931556,52.430737]},"properties":{"name":"Os. Przyjaźni","lines":"169, 182, 190, 218","arr":["169","182","190","218"],"terminus":0,"mode":"bus","color":"#0059a9","colorDark":"#00294f","angle":168.3,"snapDist":10,"label":0}},{"type":"Feature","geometry":{"type":"Point","coordinates":[16.93651,52.431269]},"properties":{"name":"Os. Pod Lipami","lines":"169, 174, 182, 218","arr":["169","174","182","218"],"terminus":0,"mode":"bus","color":"#0059a9","colorDark":"#00294f","angle":93.1,"snapDist":10,"label":0}},{"type":"Feature","geometry":{"type":"Point","coordinates":[16.939159,52.435634]},"properties":{"name":"Rondo Solidarności","lines":"169, 171, 178, 182, 185, 218","arr":["169","171","178","182","185","218"],"terminus":0,"mode":"bus","color":"#0059a9","colorDark":"#00294f","angle":104,"snapDist":7,"label":1}},{"type":"Feature","geometry":{"type":"Point","coordinates":[16.940619,52.438433]},"properties":{"name":"Os. Kosmonautów","lines":"169, 171, 178, 182, 185, 218","arr":["169","171","178","182","185","218"],"terminus":0,"mode":"bus","color":"#0059a9","colorDark":"#00294f","angle":93.7,"snapDist":4,"label":0}},{"type":"Feature","geometry":{"type":"Point","coordinates":[16.940959,52.441731]},"properties":{"name":"Os. Wichrowe Wzgórze","lines":"169, 171, 178, 182, 185, 218","arr":["169","171","178","182","185","218"],"terminus":1,"mode":"bus","color":"#0059a9","colorDark":"#00294f","angle":93.4,"snapDist":2,"label":0}},{"type":"Feature","geometry":{"type":"Point","coordinates":[16.937269,52.435201]},"properties":{"name":"Rondo Solidarności","lines":"170, 171, 174, 178, 183, 321, 322","arr":["170","171","174","178","183","321","322"],"terminus":1,"mode":"bus","color":"#0059a9","colorDark":"#00294f","angle":5.3,"snapDist":11,"label":1}},{"type":"Feature","geometry":{"type":"Point","coordinates":[16.929373,52.435635]},"properties":{"name":"Połabska","lines":"170, 171, 178, 183, 191, 215, 321, 322","arr":["170","171","178","183","191","215","321","322"],"terminus":0,"mode":"bus","color":"#0059a9","colorDark":"#00294f","angle":4.6,"snapDist":12,"label":0}},{"type":"Feature","geometry":{"type":"Point","coordinates":[16.925532,52.435824]},"properties":{"name":"Os. Zwycięstwa","lines":"170, 171, 178, 183, 191, 215, 321, 322","arr":["170","171","178","183","191","215","321","322"],"terminus":0,"mode":"bus","color":"#0059a9","colorDark":"#00294f","angle":4.7,"snapDist":13,"label":1}},{"type":"Feature","geometry":{"type":"Point","coordinates":[16.910463,52.435224]},"properties":{"name":"Os. Winiary","lines":"170, 183, 193, 216, 321","arr":["170","183","193","216","321"],"terminus":0,"mode":"bus","color":"#0059a9","colorDark":"#00294f","angle":349,"snapDist":3,"label":1}},{"type":"Feature","geometry":{"type":"Point","coordinates":[16.90322,52.435575]},"properties":{"name":"Dojazd","lines":"170, 183, 321","arr":["170","183","321"],"terminus":0,"mode":"bus","color":"#0059a9","colorDark":"#00294f","angle":24.9,"snapDist":11,"label":1}},{"type":"Feature","geometry":{"type":"Point","coordinates":[16.904062,52.437939]},"properties":{"name":"Wrzoska Szpitale","lines":"170, 183, 321","arr":["170","183","321"],"terminus":1,"mode":"bus","color":"#0059a9","colorDark":"#00294f","angle":118,"snapDist":3,"label":1}},{"type":"Feature","geometry":{"type":"Point","coordinates":[16.899354,52.433142]},"properties":{"name":"Dojazd Biocentrum","lines":"170","arr":["170"],"terminus":0,"mode":"bus","color":"#0059a9","colorDark":"#00294f","angle":288.8,"snapDist":0,"label":1}},{"type":"Feature","geometry":{"type":"Point","coordinates":[16.896921,52.428865]},"properties":{"name":"Wojska Polskiego","lines":"170","arr":["170"],"terminus":0,"mode":"bus","color":"#0059a9","colorDark":"#00294f","angle":289.1,"snapDist":0,"label":0}},{"type":"Feature","geometry":{"type":"Point","coordinates":[16.848721,52.45166]},"properties":{"name":"Stary Strzeszyn","lines":"170, 195, 226, 835, 837","arr":["170","195","226","835","837"],"terminus":0,"mode":"bus","color":"#0059a9","colorDark":"#00294f","angle":226.9,"snapDist":3,"label":0}},{"type":"Feature","geometry":{"type":"Point","coordinates":[16.897134,52.429236]},"properties":{"name":"Wojska Polskiego","lines":"170","arr":["170"],"terminus":0,"mode":"bus","color":"#0059a9","colorDark":"#00294f","angle":109.1,"snapDist":1,"label":0}},{"type":"Feature","geometry":{"type":"Point","coordinates":[16.899186,52.432843]},"properties":{"name":"Dojazd Biocentrum","lines":"170","arr":["170"],"terminus":0,"mode":"bus","color":"#0059a9","colorDark":"#00294f","angle":108.8,"snapDist":0,"label":0}},{"type":"Feature","geometry":{"type":"Point","coordinates":[16.901295,52.436548]},"properties":{"name":"Dojazd","lines":"170, 183, 321","arr":["170","183","321"],"terminus":0,"mode":"bus","color":"#0059a9","colorDark":"#00294f","angle":289.4,"snapDist":7,"label":0}},{"type":"Feature","geometry":{"type":"Point","coordinates":[16.908748,52.434894]},"properties":{"name":"Os. Winiary","lines":"170, 183, 193, 216, 321","arr":["170","183","193","216","321"],"terminus":0,"mode":"bus","color":"#0059a9","colorDark":"#00294f","angle":168.5,"snapDist":12,"label":0}},{"type":"Feature","geometry":{"type":"Point","coordinates":[16.92627,52.435583]},"properties":{"name":"Os. Zwycięstwa","lines":"170, 171, 178, 183, 191, 215, 321, 322","arr":["170","171","178","183","191","215","321","322"],"terminus":0,"mode":"bus","color":"#0059a9","colorDark":"#00294f","angle":184.6,"snapDist":12,"label":0}},{"type":"Feature","geometry":{"type":"Point","coordinates":[16.931283,52.435337]},"properties":{"name":"Połabska","lines":"170, 171, 174, 178, 183, 321, 322","arr":["170","171","174","178","183","321","322"],"terminus":1,"mode":"bus","color":"#0059a9","colorDark":"#00294f","angle":185.1,"snapDist":10,"label":1}},{"type":"Feature","geometry":{"type":"Point","coordinates":[16.920835,52.435327]},"properties":{"name":"Aleje Solidarności","lines":"171, 191, 215","arr":["171","191","215"],"terminus":0,"mode":"bus","color":"#0059a9","colorDark":"#00294f","angle":272.8,"snapDist":9,"label":0}},{"type":"Feature","geometry":{"type":"Point","coordinates":[16.917003,52.406027]},"properties":{"name":"Uniwersytet Ekonomiczny","lines":"171, 212, 215, 222","arr":["171","212","215","222"],"terminus":0,"mode":"bus","color":"#0059a9","colorDark":"#00294f","angle":280.9,"snapDist":2,"label":1}},{"type":"Feature","geometry":{"type":"Point","coordinates":[16.916329,52.403649]},"properties":{"name":"Poznań Główny","lines":"171, 212, 215, 222","arr":["171","212","215","222"],"terminus":0,"mode":"bus","color":"#0059a9","colorDark":"#00294f","angle":266.6,"snapDist":2,"label":1}},{"type":"Feature","geometry":{"type":"Point","coordinates":[16.91586,52.401586]},"properties":{"name":"Poznań Główny","lines":"171, 215","arr":["171","215"],"terminus":0,"mode":"bus","color":"#0059a9","colorDark":"#00294f","angle":283.6,"snapDist":11,"label":1}},{"type":"Feature","geometry":{"type":"Point","coordinates":[16.918606,52.398356]},"properties":{"name":"Niedziałkowskiego","lines":"171","arr":["171"],"terminus":0,"mode":"bus","color":"#0059a9","colorDark":"#00294f","angle":263.5,"snapDist":6,"label":1}},{"type":"Feature","geometry":{"type":"Point","coordinates":[16.915875,52.394002]},"properties":{"name":"Bergera","lines":"171","arr":["171"],"terminus":0,"mode":"bus","color":"#0059a9","colorDark":"#00294f","angle":308.7,"snapDist":6,"label":1}},{"type":"Feature","geometry":{"type":"Point","coordinates":[16.913446,52.392052]},"properties":{"name":"ZNTK","lines":"171","arr":["171"],"terminus":0,"mode":"bus","color":"#0059a9","colorDark":"#00294f","angle":301.1,"snapDist":5,"label":1}},{"type":"Feature","geometry":{"type":"Point","coordinates":[16.911015,52.388148]},"properties":{"name":"Robocza","lines":"171","arr":["171"],"terminus":0,"mode":"bus","color":"#0059a9","colorDark":"#00294f","angle":265.7,"snapDist":5,"label":1}},{"type":"Feature","geometry":{"type":"Point","coordinates":[16.916322,52.387054]},"properties":{"name":"Pamiątkowa","lines":"171, 215","arr":["171","215"],"terminus":0,"mode":"bus","color":"#0059a9","colorDark":"#00294f","angle":299.6,"snapDist":10,"label":1}},{"type":"Feature","geometry":{"type":"Point","coordinates":[16.916944,52.382995]},"properties":{"name":"Rolna","lines":"171, 176, 215","arr":["171","176","215"],"terminus":0,"mode":"bus","color":"#0059a9","colorDark":"#00294f","angle":293.9,"snapDist":4,"label":1}},{"type":"Feature","geometry":{"type":"Point","coordinates":[16.914641,52.379831]},"properties":{"name":"IPN","lines":"171, 176, 215","arr":["171","176","215"],"terminus":0,"mode":"bus","color":"#0059a9","colorDark":"#00294f","angle":294,"snapDist":4,"label":1}},{"type":"Feature","geometry":{"type":"Point","coordinates":[16.913756,52.376639]},"properties":{"name":"Tokarska","lines":"171, 176, 215","arr":["171","176","215"],"terminus":0,"mode":"bus","color":"#0059a9","colorDark":"#00294f","angle":189.9,"snapDist":4,"label":1}},{"type":"Feature","geometry":{"type":"Point","coordinates":[16.917123,52.37192]},"properties":{"name":"Piastowska","lines":"171, 176, 215, 603","arr":["171","176","215","603"],"terminus":0,"mode":"bus","color":"#0059a9","colorDark":"#00294f","angle":292.2,"snapDist":22,"label":1}},{"type":"Feature","geometry":{"type":"Point","coordinates":[16.910992,52.369572]},"properties":{"name":"Malinowa","lines":"171, 176, 215, 603","arr":["171","176","215","603"],"terminus":0,"mode":"bus","color":"#0059a9","colorDark":"#00294f","angle":355.9,"snapDist":2,"label":1}},{"type":"Feature","geometry":{"type":"Point","coordinates":[16.904578,52.360414]},"properties":{"name":"Os. Dębina","lines":"171, 176, 215, 602, 603, 610, 651","arr":["171","176","215","602","603","610","651"],"terminus":1,"mode":"bus","color":"#0059a9","colorDark":"#00294f","angle":267.2,"snapDist":7,"label":1}},{"type":"Feature","geometry":{"type":"Point","coordinates":[16.904466,52.361529]},"properties":{"name":"Os. Dębina","lines":"171, 176, 215, 602, 603, 610, 651","arr":["171","176","215","602","603","610","651"],"terminus":1,"mode":"bus","color":"#0059a9","colorDark":"#00294f","angle":86.1,"snapDist":6,"label":0}},{"type":"Feature","geometry":{"type":"Point","coordinates":[16.909896,52.369523]},"properties":{"name":"Malinowa","lines":"171, 176, 215, 603, PKS","arr":["171","176","215","603","PKS"],"terminus":0,"mode":"bus","color":"#0059a9","colorDark":"#00294f","angle":175.3,"snapDist":5,"label":0}},{"type":"Feature","geometry":{"type":"Point","coordinates":[16.915635,52.36969]},"properties":{"name":"Dolna Wilda","lines":"171, 176, 215, 603","arr":["171","176","215","603"],"terminus":0,"mode":"bus","color":"#0059a9","colorDark":"#00294f","angle":112.6,"snapDist":9,"label":1}},{"type":"Feature","geometry":{"type":"Point","coordinates":[16.917617,52.372665]},"properties":{"name":"Piastowska","lines":"171, 176, 215","arr":["171","176","215"],"terminus":0,"mode":"bus","color":"#0059a9","colorDark":"#00294f","angle":112.4,"snapDist":5,"label":0}},{"type":"Feature","geometry":{"type":"Point","coordinates":[16.912747,52.377237]},"properties":{"name":"Tokarska","lines":"171, 176, 215","arr":["171","176","215"],"terminus":0,"mode":"bus","color":"#0059a9","colorDark":"#00294f","angle":114,"snapDist":5,"label":0}},{"type":"Feature","geometry":{"type":"Point","coordinates":[16.914487,52.379622]},"properties":{"name":"IPN","lines":"171, 176, 215","arr":["171","176","215"],"terminus":0,"mode":"bus","color":"#0059a9","colorDark":"#00294f","angle":114.1,"snapDist":6,"label":0}},{"type":"Feature","geometry":{"type":"Point","coordinates":[16.916994,52.383063]},"properties":{"name":"Rolna","lines":"171, 176, 215","arr":["171","176","215"],"terminus":0,"mode":"bus","color":"#0059a9","colorDark":"#00294f","angle":113.9,"snapDist":7,"label":0}},{"type":"Feature","geometry":{"type":"Point","coordinates":[16.916462,52.387204]},"properties":{"name":"Pamiątkowa","lines":"171, 215","arr":["171","215"],"terminus":0,"mode":"bus","color":"#0059a9","colorDark":"#00294f","angle":119.4,"snapDist":2,"label":0}},{"type":"Feature","geometry":{"type":"Point","coordinates":[16.911011,52.388178]},"properties":{"name":"Robocza","lines":"171","arr":["171"],"terminus":0,"mode":"bus","color":"#0059a9","colorDark":"#00294f","angle":84.2,"snapDist":1,"label":0}},{"type":"Feature","geometry":{"type":"Point","coordinates":[16.913742,52.392323]},"properties":{"name":"ZNTK","lines":"171","arr":["171"],"terminus":0,"mode":"bus","color":"#0059a9","colorDark":"#00294f","angle":125.3,"snapDist":6,"label":0}},{"type":"Feature","geometry":{"type":"Point","coordinates":[16.916735,52.394648]},"properties":{"name":"Bergera","lines":"171","arr":["171"],"terminus":0,"mode":"bus","color":"#0059a9","colorDark":"#00294f","angle":129,"snapDist":7,"label":0}},{"type":"Feature","geometry":{"type":"Point","coordinates":[16.918576,52.39852]},"properties":{"name":"Niedziałkowskiego","lines":"171","arr":["171"],"terminus":0,"mode":"bus","color":"#0059a9","colorDark":"#00294f","angle":83.5,"snapDist":7,"label":0}},{"type":"Feature","geometry":{"type":"Point","coordinates":[16.915991,52.400768]},"properties":{"name":"Poznań Główny","lines":"171, 215","arr":["171","215"],"terminus":0,"mode":"bus","color":"#0059a9","colorDark":"#00294f","angle":103.1,"snapDist":4,"label":0}},{"type":"Feature","geometry":{"type":"Point","coordinates":[16.916313,52.403758]},"properties":{"name":"Poznań Główny","lines":"171, 212, 215, 222","arr":["171","212","215","222"],"terminus":0,"mode":"bus","color":"#0059a9","colorDark":"#00294f","angle":84.1,"snapDist":13,"label":0}},{"type":"Feature","geometry":{"type":"Point","coordinates":[16.917362,52.40576]},"properties":{"name":"Uniwersytet Ekonomiczny","lines":"171, 212, 215, 222","arr":["171","212","215","222"],"terminus":0,"mode":"bus","color":"#0059a9","colorDark":"#00294f","angle":176.3,"snapDist":2,"label":0}},{"type":"Feature","geometry":{"type":"Point","coordinates":[17.017939,52.436548]},"properties":{"name":"Janikowo","lines":"173","arr":["173"],"terminus":1,"mode":"bus","color":"#0059a9","colorDark":"#00294f","angle":274.2,"snapDist":5,"label":1}},{"type":"Feature","geometry":{"type":"Point","coordinates":[17.008229,52.433812]},"properties":{"name":"Prząśniczki","lines":"173","arr":["173"],"terminus":0,"mode":"bus","color":"#0059a9","colorDark":"#00294f","angle":337.5,"snapDist":6,"label":1}},{"type":"Feature","geometry":{"type":"Point","coordinates":[17.00219,52.431679]},"properties":{"name":"Janikowska","lines":"173","arr":["173"],"terminus":0,"mode":"bus","color":"#0059a9","colorDark":"#00294f","angle":290.3,"snapDist":9,"label":1}},{"type":"Feature","geometry":{"type":"Point","coordinates":[17.009136,52.429808]},"properties":{"name":"Bogucin Bałtycka","lines":"173, 412","arr":["173","412"],"terminus":0,"mode":"bus","color":"#0059a9","colorDark":"#00294f","angle":332,"snapDist":8,"label":1}},{"type":"Feature","geometry":{"type":"Point","coordinates":[16.994715,52.42552]},"properties":{"name":"Gnieźnieńska Cmentarz","lines":"173, 412","arr":["173","412"],"terminus":0,"mode":"bus","color":"#0059a9","colorDark":"#00294f","angle":332.8,"snapDist":9,"label":1}},{"type":"Feature","geometry":{"type":"Point","coordinates":[16.990859,52.424329]},"properties":{"name":"Gnieźnieńska","lines":"173","arr":["173"],"terminus":0,"mode":"bus","color":"#0059a9","colorDark":"#00294f","angle":333.6,"snapDist":5,"label":1}},{"type":"Feature","geometry":{"type":"Point","coordinates":[16.984336,52.423247]},"properties":{"name":"Urwista","lines":"173","arr":["173"],"terminus":0,"mode":"bus","color":"#0059a9","colorDark":"#00294f","angle":348.5,"snapDist":6,"label":1}},{"type":"Feature","geometry":{"type":"Point","coordinates":[16.974224,52.422017]},"properties":{"name":"Główna","lines":"173, 185, 217, 227, 312, 320, 323, 342, 412","arr":["173","185","217","227","312","320","323","342","412"],"terminus":1,"mode":"bus","color":"#0059a9","colorDark":"#00294f","angle":342.4,"snapDist":8,"label":1}},{"type":"Feature","geometry":{"type":"Point","coordinates":[16.969952,52.420878]},"properties":{"name":"Rynek Wschodni","lines":"173, 185, 217, 227, 312, 320, 323, 342, 412","arr":["173","185","217","227","312","320","323","342","412"],"terminus":0,"mode":"bus","color":"#0059a9","colorDark":"#00294f","angle":318.1,"snapDist":9,"label":1}},{"type":"Feature","geometry":{"type":"Point","coordinates":[16.964679,52.419468]},"properties":{"name":"Studzienna","lines":"173, 185, 217, 227, 312, 320, 323, 342","arr":["173","185","217","227","312","320","323","342"],"terminus":0,"mode":"bus","color":"#0059a9","colorDark":"#00294f","angle":355.7,"snapDist":8,"label":1}},{"type":"Feature","geometry":{"type":"Point","coordinates":[16.959484,52.416016]},"properties":{"name":"Koronkarska","lines":"173, 185, 217, 227, 312, 320, 323, 342","arr":["173","185","217","227","312","320","323","342"],"terminus":0,"mode":"bus","color":"#0059a9","colorDark":"#00294f","angle":300.9,"snapDist":9,"label":1}},{"type":"Feature","geometry":{"type":"Point","coordinates":[16.957227,52.413104]},"properties":{"name":"Zawady","lines":"173, 178, 183, 185, 217, 227, 312, 320, 323, 341, 342","arr":["173","178","183","185","217","227","312","320","323","341","342"],"terminus":0,"mode":"bus","color":"#0059a9","colorDark":"#00294f","angle":242.4,"snapDist":10,"label":1}},{"type":"Feature","geometry":{"type":"Point","coordinates":[16.957781,52.410965]},"properties":{"name":"Rondo Śródka","lines":"173, 178, 183, 185, 312, 320, 323, 341, 342","arr":["173","178","183","185","312","320","323","341","342"],"terminus":0,"mode":"bus","color":"#0059a9","colorDark":"#00294f","angle":118.4,"snapDist":9,"label":1}},{"type":"Feature","geometry":{"type":"Point","coordinates":[16.958398,52.414904]},"properties":{"name":"Zawady","lines":"173, 185, 217, 227, 312, 320, 323, 342","arr":["173","185","217","227","312","320","323","342"],"terminus":0,"mode":"bus","color":"#0059a9","colorDark":"#00294f","angle":119.7,"snapDist":11,"label":0}},{"type":"Feature","geometry":{"type":"Point","coordinates":[16.960125,52.416666]},"properties":{"name":"Koronkarska","lines":"173, 185, 217, 227, 312, 320, 323, 342","arr":["173","185","217","227","312","320","323","342"],"terminus":0,"mode":"bus","color":"#0059a9","colorDark":"#00294f","angle":121.3,"snapDist":11,"label":0}},{"type":"Feature","geometry":{"type":"Point","coordinates":[16.965768,52.41952]},"properties":{"name":"Studzienna","lines":"173, 185, 217, 227, 312, 320, 323, 342","arr":["173","185","217","227","312","320","323","342"],"terminus":0,"mode":"bus","color":"#0059a9","colorDark":"#00294f","angle":175.4,"snapDist":7,"label":0}},{"type":"Feature","geometry":{"type":"Point","coordinates":[16.969961,52.420882]},"properties":{"name":"Rynek Wschodni","lines":"173, 185, 217, 227, 312, 320, 323, 342, 412","arr":["173","185","217","227","312","320","323","342","412"],"terminus":0,"mode":"bus","color":"#0059a9","colorDark":"#00294f","angle":138.1,"snapDist":9,"label":0}},{"type":"Feature","geometry":{"type":"Point","coordinates":[16.976731,52.422403]},"properties":{"name":"Główna","lines":"173, 412","arr":["173","412"],"terminus":0,"mode":"bus","color":"#0059a9","colorDark":"#00294f","angle":175.2,"snapDist":10,"label":0}},{"type":"Feature","geometry":{"type":"Point","coordinates":[16.983151,52.423101]},"properties":{"name":"Urwista","lines":"173","arr":["173"],"terminus":0,"mode":"bus","color":"#0059a9","colorDark":"#00294f","angle":169.1,"snapDist":5,"label":0}},{"type":"Feature","geometry":{"type":"Point","coordinates":[16.988454,52.423779]},"properties":{"name":"Gnieźnieńska","lines":"173","arr":["173"],"terminus":0,"mode":"bus","color":"#0059a9","colorDark":"#00294f","angle":168.4,"snapDist":10,"label":0}},{"type":"Feature","geometry":{"type":"Point","coordinates":[16.99374,52.425216]},"properties":{"name":"Gnieźnieńska Cmentarz","lines":"173, 412","arr":["173","412"],"terminus":0,"mode":"bus","color":"#0059a9","colorDark":"#00294f","angle":153.4,"snapDist":5,"label":0}},{"type":"Feature","geometry":{"type":"Point","coordinates":[17.011234,52.43029]},"properties":{"name":"Bogucin Bałtycka","lines":"173, 400, 412","arr":["173","400","412"],"terminus":0,"mode":"bus","color":"#0059a9","colorDark":"#00294f","angle":157.7,"snapDist":10,"label":0}},{"type":"Feature","geometry":{"type":"Point","coordinates":[17.019434,52.43222]},"properties":{"name":"Bogucin/Pętla","lines":"173, 400, 412","arr":["173","400","412"],"terminus":0,"mode":"bus","color":"#0059a9","colorDark":"#00294f","angle":5.2,"snapDist":0,"label":1}},{"type":"Feature","geometry":{"type":"Point","coordinates":[17.002662,52.432158]},"properties":{"name":"Janikowska","lines":"173","arr":["173"],"terminus":0,"mode":"bus","color":"#0059a9","colorDark":"#00294f","angle":131.1,"snapDist":5,"label":0}},{"type":"Feature","geometry":{"type":"Point","coordinates":[17.008592,52.433903]},"properties":{"name":"Prząśniczki","lines":"173","arr":["173"],"terminus":0,"mode":"bus","color":"#0059a9","colorDark":"#00294f","angle":157,"snapDist":6,"label":0}},{"type":"Feature","geometry":{"type":"Point","coordinates":[17.018195,52.436408]},"properties":{"name":"Janikowo","lines":"173","arr":["173"],"terminus":1,"mode":"bus","color":"#0059a9","colorDark":"#00294f","angle":139.4,"snapDist":13,"label":0}},{"type":"Feature","geometry":{"type":"Point","coordinates":[16.921728,52.459991]},"properties":{"name":"Opieńskiego","lines":"174, 191, 198, 218, 348","arr":["174","191","198","218","348"],"terminus":0,"mode":"bus","color":"#0059a9","colorDark":"#00294f","angle":193.4,"snapDist":4,"label":1}},{"type":"Feature","geometry":{"type":"Point","coordinates":[16.926634,52.459627]},"properties":{"name":"Os. Batorego","lines":"174, 191, 198, 218, 348","arr":["174","191","198","218","348"],"terminus":0,"mode":"bus","color":"#0059a9","colorDark":"#00294f","angle":177.5,"snapDist":9,"label":1}},{"type":"Feature","geometry":{"type":"Point","coordinates":[16.92753,52.456425]},"properties":{"name":"Os. Batorego Pływalnia","lines":"174, 191, 218","arr":["174","191","218"],"terminus":0,"mode":"bus","color":"#0059a9","colorDark":"#00294f","angle":268.8,"snapDist":10,"label":1}},{"type":"Feature","geometry":{"type":"Point","coordinates":[16.927593,52.45327]},"properties":{"name":"Strugarka","lines":"174, 191, 218","arr":["174","191","218"],"terminus":0,"mode":"bus","color":"#0059a9","colorDark":"#00294f","angle":272.3,"snapDist":8,"label":1}},{"type":"Feature","geometry":{"type":"Point","coordinates":[16.927327,52.45021]},"properties":{"name":"Stoińskiego","lines":"174, 185, 191","arr":["174","185","191"],"terminus":0,"mode":"bus","color":"#0059a9","colorDark":"#00294f","angle":272.8,"snapDist":11,"label":0}},{"type":"Feature","geometry":{"type":"Point","coordinates":[16.928059,52.445709]},"properties":{"name":"Sarmacka","lines":"174, 185, 191","arr":["174","185","191"],"terminus":0,"mode":"bus","color":"#0059a9","colorDark":"#00294f","angle":258.7,"snapDist":9,"label":1}},{"type":"Feature","geometry":{"type":"Point","coordinates":[16.929301,52.442743]},"properties":{"name":"Umultowska","lines":"174, 191, 215","arr":["174","191","215"],"terminus":0,"mode":"bus","color":"#0059a9","colorDark":"#00294f","angle":257.9,"snapDist":15,"label":1}},{"type":"Feature","geometry":{"type":"Point","coordinates":[16.930497,52.439092]},"properties":{"name":"Wiktoria","lines":"174, 191, 215","arr":["174","191","215"],"terminus":0,"mode":"bus","color":"#0059a9","colorDark":"#00294f","angle":259.5,"snapDist":9,"label":1}},{"type":"Feature","geometry":{"type":"Point","coordinates":[16.937489,52.430438]},"properties":{"name":"Os. Pod Lipami","lines":"174, 190","arr":["174","190"],"terminus":0,"mode":"bus","color":"#0059a9","colorDark":"#00294f","angle":195.1,"snapDist":15,"label":0}},{"type":"Feature","geometry":{"type":"Point","coordinates":[16.948563,52.393028]},"properties":{"name":"Wioślarska","lines":"174, 184, 190, 217, 221","arr":["174","184","190","217","221"],"terminus":0,"mode":"bus","color":"#0059a9","colorDark":"#00294f","angle":109.8,"snapDist":8,"label":1}},{"type":"Feature","geometry":{"type":"Point","coordinates":[16.947329,52.390892]},"properties":{"name":"Os. Piastowskie","lines":"174, 184, 190, 217, 221","arr":["174","184","190","217","221"],"terminus":0,"mode":"bus","color":"#0059a9","colorDark":"#00294f","angle":290.2,"snapDist":9,"label":1}},{"type":"Feature","geometry":{"type":"Point","coordinates":[16.944566,52.385088]},"properties":{"name":"Os. Rzeczypospolitej","lines":"174, 184, 190, 217, 221","arr":["174","184","190","217","221"],"terminus":0,"mode":"bus","color":"#0059a9","colorDark":"#00294f","angle":288.9,"snapDist":10,"label":1}},{"type":"Feature","geometry":{"type":"Point","coordinates":[16.943783,52.380898]},"properties":{"name":"Rondo Starołęka","lines":"174, 184, 217, 218, 221","arr":["174","184","217","218","221"],"terminus":0,"mode":"bus","color":"#0059a9","colorDark":"#00294f","angle":76.9,"snapDist":5,"label":0}},{"type":"Feature","geometry":{"type":"Point","coordinates":[16.947217,52.383473]},"properties":{"name":"Os. Bohaterów II Wojny Światowej","lines":"174, 184, 217, 218","arr":["174","184","217","218"],"terminus":0,"mode":"bus","color":"#0059a9","colorDark":"#00294f","angle":259,"snapDist":8,"label":1}},{"type":"Feature","geometry":{"type":"Point","coordinates":[16.951771,52.381674]},"properties":{"name":"Os. Armii Krajowej","lines":"174, 184, 217, 218","arr":["174","184","217","218"],"terminus":0,"mode":"bus","color":"#0059a9","colorDark":"#00294f","angle":168.8,"snapDist":9,"label":1}},{"type":"Feature","geometry":{"type":"Point","coordinates":[16.96414,52.374376]},"properties":{"name":"Sarbinowska","lines":"174","arr":["174"],"terminus":0,"mode":"bus","color":"#0059a9","colorDark":"#00294f","angle":306.5,"snapDist":6,"label":1}},{"type":"Feature","geometry":{"type":"Point","coordinates":[16.957497,52.371479]},"properties":{"name":"Obodrzycka","lines":"174","arr":["174"],"terminus":0,"mode":"bus","color":"#0059a9","colorDark":"#00294f","angle":325.1,"snapDist":6,"label":1}},{"type":"Feature","geometry":{"type":"Point","coordinates":[16.95802,52.371701]},"properties":{"name":"Obodrzycka","lines":"174","arr":["174"],"terminus":0,"mode":"bus","color":"#0059a9","colorDark":"#00294f","angle":145.2,"snapDist":5,"label":0}},{"type":"Feature","geometry":{"type":"Point","coordinates":[16.964186,52.374442]},"properties":{"name":"Sarbinowska","lines":"174","arr":["174"],"terminus":0,"mode":"bus","color":"#0059a9","colorDark":"#00294f","angle":96.4,"snapDist":9,"label":0}},{"type":"Feature","geometry":{"type":"Point","coordinates":[16.951908,52.381691]},"properties":{"name":"Os. Armii Krajowej","lines":"174, 184, 217, 218","arr":["174","184","217","218"],"terminus":0,"mode":"bus","color":"#0059a9","colorDark":"#00294f","angle":349.1,"snapDist":10,"label":0}},{"type":"Feature","geometry":{"type":"Point","coordinates":[16.947407,52.382882]},"properties":{"name":"Os. Bohaterów II Wojny Światowej","lines":"174, 184, 217, 218","arr":["174","184","217","218"],"terminus":0,"mode":"bus","color":"#0059a9","colorDark":"#00294f","angle":78.9,"snapDist":9,"label":0}},{"type":"Feature","geometry":{"type":"Point","coordinates":[16.945373,52.385976]},"properties":{"name":"Os. Rzeczypospolitej","lines":"174, 184, 190, 217, 221","arr":["174","184","190","217","221"],"terminus":0,"mode":"bus","color":"#0059a9","colorDark":"#00294f","angle":107.4,"snapDist":8,"label":0}},{"type":"Feature","geometry":{"type":"Point","coordinates":[16.947035,52.389581]},"properties":{"name":"Os. Piastowskie","lines":"174, 184, 190, 217, 221","arr":["174","184","190","217","221"],"terminus":0,"mode":"bus","color":"#0059a9","colorDark":"#00294f","angle":105.8,"snapDist":10,"label":0}},{"type":"Feature","geometry":{"type":"Point","coordinates":[16.948791,52.393049]},"properties":{"name":"Wioślarska","lines":"174, 184, 190, 217, 221","arr":["174","184","190","217","221"],"terminus":0,"mode":"bus","color":"#0059a9","colorDark":"#00294f","angle":110.4,"snapDist":5,"label":0}},{"type":"Feature","geometry":{"type":"Point","coordinates":[16.94621,52.428177]},"properties":{"name":"Wilczak","lines":"174, 190","arr":["174","190"],"terminus":0,"mode":"bus","color":"#0059a9","colorDark":"#00294f","angle":24.6,"snapDist":4,"label":0}},{"type":"Feature","geometry":{"type":"Point","coordinates":[16.93985,52.429931]},"properties":{"name":"Wójtowska","lines":"174, 190","arr":["174","190"],"terminus":0,"mode":"bus","color":"#0059a9","colorDark":"#00294f","angle":24,"snapDist":9,"label":1}},{"type":"Feature","geometry":{"type":"Point","coordinates":[16.930776,52.436166]},"properties":{"name":"Połabska","lines":"174, 191, 215","arr":["174","191","215"],"terminus":0,"mode":"bus","color":"#0059a9","colorDark":"#00294f","angle":93.5,"snapDist":5,"label":0}},{"type":"Feature","geometry":{"type":"Point","coordinates":[16.930937,52.438502]},"properties":{"name":"Wiktoria","lines":"174, 191, 215","arr":["174","191","215"],"terminus":0,"mode":"bus","color":"#0059a9","colorDark":"#00294f","angle":85.1,"snapDist":3,"label":0}},{"type":"Feature","geometry":{"type":"Point","coordinates":[16.929418,52.442412]},"properties":{"name":"Umultowska","lines":"174, 191, 215","arr":["174","191","215"],"terminus":0,"mode":"bus","color":"#0059a9","colorDark":"#00294f","angle":78.2,"snapDist":3,"label":0}},{"type":"Feature","geometry":{"type":"Point","coordinates":[16.928611,52.444221]},"properties":{"name":"Umultowska","lines":"174, 185, 191","arr":["174","185","191"],"terminus":0,"mode":"bus","color":"#0059a9","colorDark":"#00294f","angle":75.4,"snapDist":15,"label":0}},{"type":"Feature","geometry":{"type":"Point","coordinates":[16.92765,52.447005]},"properties":{"name":"Sarmacka","lines":"174, 185, 191","arr":["174","185","191"],"terminus":0,"mode":"bus","color":"#0059a9","colorDark":"#00294f","angle":81.2,"snapDist":9,"label":0}},{"type":"Feature","geometry":{"type":"Point","coordinates":[16.927503,52.451768]},"properties":{"name":"Stoińskiego","lines":"174, 191, 218","arr":["174","191","218"],"terminus":0,"mode":"bus","color":"#0059a9","colorDark":"#00294f","angle":92.4,"snapDist":12,"label":0}},{"type":"Feature","geometry":{"type":"Point","coordinates":[16.927592,52.454126]},"properties":{"name":"Strugarka","lines":"174, 191, 218","arr":["174","191","218"],"terminus":0,"mode":"bus","color":"#0059a9","colorDark":"#00294f","angle":89,"snapDist":6,"label":0}},{"type":"Feature","geometry":{"type":"Point","coordinates":[16.927513,52.457018]},"properties":{"name":"Os. Batorego Pływalnia","lines":"174, 191, 218","arr":["174","191","218"],"terminus":0,"mode":"bus","color":"#0059a9","colorDark":"#00294f","angle":89.2,"snapDist":11,"label":0}},{"type":"Feature","geometry":{"type":"Point","coordinates":[16.927457,52.459767]},"properties":{"name":"Os. Batorego","lines":"174, 191, 198, 218, 348","arr":["174","191","198","218","348"],"terminus":0,"mode":"bus","color":"#0059a9","colorDark":"#00294f","angle":359,"snapDist":11,"label":0}},{"type":"Feature","geometry":{"type":"Point","coordinates":[16.923217,52.459932]},"properties":{"name":"Opieńskiego","lines":"174, 191, 198, 218, 348","arr":["174","191","198","218","348"],"terminus":0,"mode":"bus","color":"#0059a9","colorDark":"#00294f","angle":13.2,"snapDist":12,"label":0}},{"type":"Feature","geometry":{"type":"Point","coordinates":[16.916485,52.463694]},"properties":{"name":"Os. Sobieskiego","lines":"174, 191, 198, 218, 348","arr":["174","191","198","218","348"],"terminus":0,"mode":"bus","color":"#0059a9","colorDark":"#00294f","angle":89.4,"snapDist":3,"label":0}},{"type":"Feature","geometry":{"type":"Point","coordinates":[16.916389,52.465266]},"properties":{"name":"Os. Sobieskiego","lines":"174, 190, 191, 193, 198, 215, 218, 348, 832, 907","arr":["174","190","191","193","198","215","218","348","832","907"],"terminus":1,"mode":"bus","color":"#0059a9","colorDark":"#00294f","angle":198.7,"snapDist":3,"label":0}},{"type":"Feature","geometry":{"type":"Point","coordinates":[16.901483,52.370934]},"properties":{"name":"Dębiec PKM","lines":"175, 179, 213, 611, 614, 701","arr":["175","179","213","611","614","701"],"terminus":1,"mode":"bus","color":"#0059a9","colorDark":"#00294f","angle":59.2,"snapDist":12,"label":0}},{"type":"Feature","geometry":{"type":"Point","coordinates":[16.886836,52.359206]},"properties":{"name":"Korfantego","lines":"175, 213, 611, 614, 701","arr":["175","213","611","614","701"],"terminus":0,"mode":"bus","color":"#0059a9","colorDark":"#00294f","angle":307.7,"snapDist":8,"label":1}},{"type":"Feature","geometry":{"type":"Point","coordinates":[16.883948,52.357027]},"properties":{"name":"Świerczewo","lines":"175, 213","arr":["175","213"],"terminus":0,"mode":"bus","color":"#0059a9","colorDark":"#00294f","angle":50.4,"snapDist":4,"label":1}},{"type":"Feature","geometry":{"type":"Point","coordinates":[16.881245,52.359354]},"properties":{"name":"Okulickiego","lines":"175, 213","arr":["175","213"],"terminus":0,"mode":"bus","color":"#0059a9","colorDark":"#00294f","angle":68.7,"snapDist":5,"label":1}},{"type":"Feature","geometry":{"type":"Point","coordinates":[16.879073,52.36333]},"properties":{"name":"Buczka","lines":"175, 213","arr":["175","213"],"terminus":0,"mode":"bus","color":"#0059a9","colorDark":"#00294f","angle":75.5,"snapDist":7,"label":1}},{"type":"Feature","geometry":{"type":"Point","coordinates":[16.876755,52.369009]},"properties":{"name":"Koźmińska","lines":"175, 213","arr":["175","213"],"terminus":0,"mode":"bus","color":"#0059a9","colorDark":"#00294f","angle":76.1,"snapDist":5,"label":1}},{"type":"Feature","geometry":{"type":"Point","coordinates":[16.876668,52.373281]},"properties":{"name":"Śmiełowska","lines":"175, 213","arr":["175","213"],"terminus":0,"mode":"bus","color":"#0059a9","colorDark":"#00294f","angle":108.6,"snapDist":5,"label":1}},{"type":"Feature","geometry":{"type":"Point","coordinates":[16.878936,52.376199]},"properties":{"name":"Leszczyńska","lines":"175, 213","arr":["175","213"],"terminus":0,"mode":"bus","color":"#0059a9","colorDark":"#00294f","angle":115.9,"snapDist":7,"label":1}},{"type":"Feature","geometry":{"type":"Point","coordinates":[16.881074,52.377988]},"properties":{"name":"Rakoniewicka","lines":"175, 213","arr":["175","213"],"terminus":0,"mode":"bus","color":"#0059a9","colorDark":"#00294f","angle":127.1,"snapDist":10,"label":1}},{"type":"Feature","geometry":{"type":"Point","coordinates":[16.879398,52.379358]},"properties":{"name":"Rakoniewicka","lines":"175, 213, 614, 701","arr":["175","213","614","701"],"terminus":0,"mode":"bus","color":"#0059a9","colorDark":"#00294f","angle":217.3,"snapDist":12,"label":0}},{"type":"Feature","geometry":{"type":"Point","coordinates":[16.880386,52.377497]},"properties":{"name":"Rakoniewicka","lines":"175, 213","arr":["175","213"],"terminus":0,"mode":"bus","color":"#0059a9","colorDark":"#00294f","angle":309.9,"snapDist":3,"label":0}},{"type":"Feature","geometry":{"type":"Point","coordinates":[16.878926,52.376186]},"properties":{"name":"Leszczyńska","lines":"175, 213","arr":["175","213"],"terminus":0,"mode":"bus","color":"#0059a9","colorDark":"#00294f","angle":295.9,"snapDist":6,"label":0}},{"type":"Feature","geometry":{"type":"Point","coordinates":[16.877082,52.37385]},"properties":{"name":"Śmiełowska","lines":"175, 213","arr":["175","213"],"terminus":0,"mode":"bus","color":"#0059a9","colorDark":"#00294f","angle":295.7,"snapDist":10,"label":0}},{"type":"Feature","geometry":{"type":"Point","coordinates":[16.87667,52.369219]},"properties":{"name":"Koźmińska","lines":"175, 213","arr":["175","213"],"terminus":0,"mode":"bus","color":"#0059a9","colorDark":"#00294f","angle":256.1,"snapDist":6,"label":0}},{"type":"Feature","geometry":{"type":"Point","coordinates":[16.878844,52.363873]},"properties":{"name":"Buczka","lines":"175, 213","arr":["175","213"],"terminus":0,"mode":"bus","color":"#0059a9","colorDark":"#00294f","angle":255.9,"snapDist":5,"label":0}},{"type":"Feature","geometry":{"type":"Point","coordinates":[16.880854,52.360015]},"properties":{"name":"Okulickiego","lines":"175, 213","arr":["175","213"],"terminus":0,"mode":"bus","color":"#0059a9","colorDark":"#00294f","angle":250.2,"snapDist":6,"label":0}},{"type":"Feature","geometry":{"type":"Point","coordinates":[16.88477,52.357005]},"properties":{"name":"Świerczewo","lines":"175, 213, 611, 614, 701","arr":["175","213","611","614","701"],"terminus":0,"mode":"bus","color":"#0059a9","colorDark":"#00294f","angle":105.8,"snapDist":9,"label":0}},{"type":"Feature","geometry":{"type":"Point","coordinates":[16.887411,52.359664]},"properties":{"name":"Korfantego","lines":"175, 213, 611, 614, 701","arr":["175","213","611","614","701"],"terminus":0,"mode":"bus","color":"#0059a9","colorDark":"#00294f","angle":127.4,"snapDist":9,"label":0}},{"type":"Feature","geometry":{"type":"Point","coordinates":[16.896969,52.367418]},"properties":{"name":"Opolska","lines":"175, 179, 213, 611, 614, 701","arr":["175","179","213","611","614","701"],"terminus":0,"mode":"bus","color":"#0059a9","colorDark":"#00294f","angle":127.2,"snapDist":7,"label":0}},{"type":"Feature","geometry":{"type":"Point","coordinates":[16.934945,52.39823]},"properties":{"name":"AWF","lines":"176, 603","arr":["176","603"],"terminus":0,"mode":"bus","color":"#0059a9","colorDark":"#00294f","angle":282.9,"snapDist":9,"label":0}},{"type":"Feature","geometry":{"type":"Point","coordinates":[16.933508,52.394729]},"properties":{"name":"Bielniki","lines":"176, 603","arr":["176","603"],"terminus":0,"mode":"bus","color":"#0059a9","colorDark":"#00294f","angle":275.5,"snapDist":2,"label":1}},{"type":"Feature","geometry":{"type":"Point","coordinates":[16.927704,52.391257]},"properties":{"name":"Żelazka","lines":"176","arr":["176"],"terminus":0,"mode":"bus","color":"#0059a9","colorDark":"#00294f","angle":14,"snapDist":3,"label":1}},{"type":"Feature","geometry":{"type":"Point","coordinates":[16.92374,52.388219]},"properties":{"name":"Izba Administracji Skarbowej","lines":"176","arr":["176"],"terminus":0,"mode":"bus","color":"#0059a9","colorDark":"#00294f","angle":282.4,"snapDist":2,"label":1}},{"type":"Feature","geometry":{"type":"Point","coordinates":[16.924288,52.38955]},"properties":{"name":"Izba Administracji Skarbowej","lines":"176","arr":["176"],"terminus":0,"mode":"bus","color":"#0059a9","colorDark":"#00294f","angle":105.5,"snapDist":1,"label":0}},{"type":"Feature","geometry":{"type":"Point","coordinates":[16.928273,52.39117]},"properties":{"name":"Żelazka","lines":"176","arr":["176"],"terminus":0,"mode":"bus","color":"#0059a9","colorDark":"#00294f","angle":193.9,"snapDist":1,"label":0}},{"type":"Feature","geometry":{"type":"Point","coordinates":[16.933412,52.394445]},"properties":{"name":"Bielniki","lines":"176, 603","arr":["176","603"],"terminus":0,"mode":"bus","color":"#0059a9","colorDark":"#00294f","angle":103.6,"snapDist":9,"label":0}},{"type":"Feature","geometry":{"type":"Point","coordinates":[16.831458,52.383082]},"properties":{"name":"Os. Kwiatowe","lines":"177, 727, 803","arr":["177","727","803"],"terminus":0,"mode":"bus","color":"#0059a9","colorDark":"#00294f","angle":40.4,"snapDist":3,"label":1}},{"type":"Feature","geometry":{"type":"Point","coordinates":[16.824654,52.385355]},"properties":{"name":"Gerberowa","lines":"177, 727, 803","arr":["177","727","803"],"terminus":0,"mode":"bus","color":"#0059a9","colorDark":"#00294f","angle":358.8,"snapDist":5,"label":1}},{"type":"Feature","geometry":{"type":"Point","coordinates":[16.818259,52.386832]},"properties":{"name":"Żonkilowa","lines":"177, 727, 803","arr":["177","727","803"],"terminus":0,"mode":"bus","color":"#0059a9","colorDark":"#00294f","angle":39.4,"snapDist":1,"label":1}},{"type":"Feature","geometry":{"type":"Point","coordinates":[16.812932,52.389226]},"properties":{"name":"Nagietkowa","lines":"177, 727, 803","arr":["177","727","803"],"terminus":0,"mode":"bus","color":"#0059a9","colorDark":"#00294f","angle":52.1,"snapDist":7,"label":1}},{"type":"Feature","geometry":{"type":"Point","coordinates":[16.807577,52.393535]},"properties":{"name":"Malwowa","lines":"177, 727, 803","arr":["177","727","803"],"terminus":0,"mode":"bus","color":"#0059a9","colorDark":"#00294f","angle":53.1,"snapDist":6,"label":1}},{"type":"Feature","geometry":{"type":"Point","coordinates":[16.803963,52.397827]},"properties":{"name":"Rondo Ławickich Wydm","lines":"177, 729","arr":["177","729"],"terminus":0,"mode":"bus","color":"#0059a9","colorDark":"#00294f","angle":117,"snapDist":11,"label":0}},{"type":"Feature","geometry":{"type":"Point","coordinates":[16.810469,52.401645]},"properties":{"name":"Złotowska Działki","lines":"177, 729","arr":["177","729"],"terminus":0,"mode":"bus","color":"#0059a9","colorDark":"#00294f","angle":135.4,"snapDist":6,"label":1}},{"type":"Feature","geometry":{"type":"Point","coordinates":[16.818136,52.406391]},"properties":{"name":"Owcza","lines":"177, 729","arr":["177","729"],"terminus":0,"mode":"bus","color":"#0059a9","colorDark":"#00294f","angle":133.5,"snapDist":5,"label":1}},{"type":"Feature","geometry":{"type":"Point","coordinates":[16.847382,52.409334]},"properties":{"name":"Edwardowo","lines":"177, 222","arr":["177","222"],"terminus":0,"mode":"bus","color":"#0059a9","colorDark":"#00294f","angle":131.2,"snapDist":5,"label":1}},{"type":"Feature","geometry":{"type":"Point","coordinates":[16.850465,52.411531]},"properties":{"name":"Leśnych Skrzatów","lines":"177, 222","arr":["177","222"],"terminus":0,"mode":"bus","color":"#0059a9","colorDark":"#00294f","angle":307.8,"snapDist":11,"label":0}},{"type":"Feature","geometry":{"type":"Point","coordinates":[16.847483,52.409405]},"properties":{"name":"Edwardowo","lines":"177, 222","arr":["177","222"],"terminus":0,"mode":"bus","color":"#0059a9","colorDark":"#00294f","angle":311.4,"snapDist":10,"label":0}},{"type":"Feature","geometry":{"type":"Point","coordinates":[16.845664,52.40813]},"properties":{"name":"Brzechwy","lines":"177, 222","arr":["177","222"],"terminus":0,"mode":"bus","color":"#0059a9","colorDark":"#00294f","angle":311.3,"snapDist":7,"label":0}},{"type":"Feature","geometry":{"type":"Point","coordinates":[16.830652,52.411999]},"properties":{"name":"Malechowska","lines":"177, 729","arr":["177","729"],"terminus":0,"mode":"bus","color":"#0059a9","colorDark":"#00294f","angle":332.8,"snapDist":5,"label":0}},{"type":"Feature","geometry":{"type":"Point","coordinates":[16.823006,52.4095]},"properties":{"name":"Ławica","lines":"177, 729","arr":["177","729"],"terminus":0,"mode":"bus","color":"#0059a9","colorDark":"#00294f","angle":318.1,"snapDist":6,"label":0}},{"type":"Feature","geometry":{"type":"Point","coordinates":[16.818993,52.406942]},"properties":{"name":"Owcza","lines":"177, 729","arr":["177","729"],"terminus":0,"mode":"bus","color":"#0059a9","colorDark":"#00294f","angle":313.8,"snapDist":5,"label":0}},{"type":"Feature","geometry":{"type":"Point","coordinates":[16.810062,52.401405]},"properties":{"name":"Złotowska Działki","lines":"177, 729","arr":["177","729"],"terminus":0,"mode":"bus","color":"#0059a9","colorDark":"#00294f","angle":316.9,"snapDist":4,"label":0}},{"type":"Feature","geometry":{"type":"Point","coordinates":[16.803601,52.396873]},"properties":{"name":"Rondo Ławickich Wydm","lines":"177, 727, 803","arr":["177","727","803"],"terminus":0,"mode":"bus","color":"#0059a9","colorDark":"#00294f","angle":245.3,"snapDist":8,"label":0}},{"type":"Feature","geometry":{"type":"Point","coordinates":[16.808046,52.393158]},"properties":{"name":"Malwowa","lines":"177, 727, 803","arr":["177","727","803"],"terminus":0,"mode":"bus","color":"#0059a9","colorDark":"#00294f","angle":233,"snapDist":4,"label":0}},{"type":"Feature","geometry":{"type":"Point","coordinates":[16.813419,52.38889]},"properties":{"name":"Nagietkowa","lines":"177, 727, 803","arr":["177","727","803"],"terminus":0,"mode":"bus","color":"#0059a9","colorDark":"#00294f","angle":223.6,"snapDist":5,"label":0}},{"type":"Feature","geometry":{"type":"Point","coordinates":[16.818972,52.386475]},"properties":{"name":"Żonkilowa","lines":"177, 727, 803","arr":["177","727","803"],"terminus":0,"mode":"bus","color":"#0059a9","colorDark":"#00294f","angle":219.5,"snapDist":1,"label":0}},{"type":"Feature","geometry":{"type":"Point","coordinates":[16.825999,52.385369]},"properties":{"name":"Gerberowa","lines":"177, 727, 803","arr":["177","727","803"],"terminus":0,"mode":"bus","color":"#0059a9","colorDark":"#00294f","angle":178.9,"snapDist":5,"label":0}},{"type":"Feature","geometry":{"type":"Point","coordinates":[16.89853,52.45587]},"properties":{"name":"Hulewiczów","lines":"178","arr":["178"],"terminus":0,"mode":"bus","color":"#0059a9","colorDark":"#00294f","angle":236,"snapDist":10,"label":1}},{"type":"Feature","geometry":{"type":"Point","coordinates":[16.903977,52.451758]},"properties":{"name":"Stróżyńskiego","lines":"178","arr":["178"],"terminus":0,"mode":"bus","color":"#0059a9","colorDark":"#00294f","angle":233.6,"snapDist":8,"label":1}},{"type":"Feature","geometry":{"type":"Point","coordinates":[16.908244,52.446119]},"properties":{"name":"Obornicka","lines":"178","arr":["178"],"terminus":0,"mode":"bus","color":"#0059a9","colorDark":"#00294f","angle":257.6,"snapDist":3,"label":1}},{"type":"Feature","geometry":{"type":"Point","coordinates":[16.912402,52.441422]},"properties":{"name":"Piątkowska","lines":"178, 190, 193","arr":["178","190","193"],"terminus":0,"mode":"bus","color":"#0059a9","colorDark":"#00294f","angle":275.1,"snapDist":10,"label":0}},{"type":"Feature","geometry":{"type":"Point","coordinates":[16.953402,52.43729]},"properties":{"name":"Wilczy Młyn","lines":"178, 224","arr":["178","224"],"terminus":0,"mode":"bus","color":"#0059a9","colorDark":"#00294f","angle":240.8,"snapDist":10,"label":1}},{"type":"Feature","geometry":{"type":"Point","coordinates":[16.954331,52.432965]},"properties":{"name":"WORD","lines":"178, 224","arr":["178","224"],"terminus":0,"mode":"bus","color":"#0059a9","colorDark":"#00294f","angle":300.7,"snapDist":1,"label":1}},{"type":"Feature","geometry":{"type":"Point","coordinates":[16.954044,52.430995]},"properties":{"name":"Wilczak/Serbska","lines":"178, 183, 185, 224, 321, 322","arr":["178","183","185","224","321","322"],"terminus":0,"mode":"bus","color":"#0059a9","colorDark":"#00294f","angle":198.8,"snapDist":10,"label":1}},{"type":"Feature","geometry":{"type":"Point","coordinates":[16.965859,52.426979]},"properties":{"name":"Chemiczna","lines":"178, 183, 341","arr":["178","183","341"],"terminus":0,"mode":"bus","color":"#0059a9","colorDark":"#00294f","angle":273.3,"snapDist":12,"label":1}},{"type":"Feature","geometry":{"type":"Point","coordinates":[16.964308,52.422986]},"properties":{"name":"Smolna","lines":"178, 183, 341","arr":["178","183","341"],"terminus":0,"mode":"bus","color":"#0059a9","colorDark":"#00294f","angle":296.7,"snapDist":11,"label":1}},{"type":"Feature","geometry":{"type":"Point","coordinates":[16.960547,52.419443]},"properties":{"name":"Hlonda","lines":"178, 183, 341","arr":["178","183","341"],"terminus":0,"mode":"bus","color":"#0059a9","colorDark":"#00294f","angle":304.8,"snapDist":11,"label":1}},{"type":"Feature","geometry":{"type":"Point","coordinates":[16.957035,52.414839]},"properties":{"name":"Zawady","lines":"178, 183, 341","arr":["178","183","341"],"terminus":0,"mode":"bus","color":"#0059a9","colorDark":"#00294f","angle":104.5,"snapDist":10,"label":0}},{"type":"Feature","geometry":{"type":"Point","coordinates":[16.961641,52.420092]},"properties":{"name":"Hlonda","lines":"178, 183, 341","arr":["178","183","341"],"terminus":0,"mode":"bus","color":"#0059a9","colorDark":"#00294f","angle":127.2,"snapDist":11,"label":0}},{"type":"Feature","geometry":{"type":"Point","coordinates":[16.965056,52.423588]},"properties":{"name":"Smolna","lines":"178, 183, 341","arr":["178","183","341"],"terminus":0,"mode":"bus","color":"#0059a9","colorDark":"#00294f","angle":114.6,"snapDist":10,"label":0}},{"type":"Feature","geometry":{"type":"Point","coordinates":[16.965578,52.427777]},"properties":{"name":"Chemiczna","lines":"178, 183, 185, 321, 322","arr":["178","183","185","321","322"],"terminus":0,"mode":"bus","color":"#0059a9","colorDark":"#00294f","angle":39.3,"snapDist":3,"label":0}},{"type":"Feature","geometry":{"type":"Point","coordinates":[16.952967,52.438024]},"properties":{"name":"Wilczy Młyn","lines":"178, 224","arr":["178","224"],"terminus":0,"mode":"bus","color":"#0059a9","colorDark":"#00294f","angle":59.5,"snapDist":8,"label":0}},{"type":"Feature","geometry":{"type":"Point","coordinates":[16.912431,52.441634]},"properties":{"name":"Piątkowska","lines":"178, 190, 193","arr":["178","190","193"],"terminus":0,"mode":"bus","color":"#0059a9","colorDark":"#00294f","angle":94.9,"snapDist":8,"label":0}},{"type":"Feature","geometry":{"type":"Point","coordinates":[16.90845,52.44551]},"properties":{"name":"Obornicka","lines":"178","arr":["178"],"terminus":0,"mode":"bus","color":"#0059a9","colorDark":"#00294f","angle":78.8,"snapDist":10,"label":0}},{"type":"Feature","geometry":{"type":"Point","coordinates":[16.903141,52.452442]},"properties":{"name":"Stróżyńskiego","lines":"178","arr":["178"],"terminus":0,"mode":"bus","color":"#0059a9","colorDark":"#00294f","angle":53.1,"snapDist":8,"label":0}},{"type":"Feature","geometry":{"type":"Point","coordinates":[16.897807,52.456544]},"properties":{"name":"Hulewiczów","lines":"178","arr":["178"],"terminus":0,"mode":"bus","color":"#0059a9","colorDark":"#00294f","angle":57.1,"snapDist":10,"label":0}},{"type":"Feature","geometry":{"type":"Point","coordinates":[16.895649,52.378139]},"properties":{"name":"Tarczowa","lines":"179","arr":["179"],"terminus":0,"mode":"bus","color":"#0059a9","colorDark":"#00294f","angle":104.5,"snapDist":5,"label":1}},{"type":"Feature","geometry":{"type":"Point","coordinates":[16.897359,52.380381]},"properties":{"name":"Drużynowa","lines":"179","arr":["179"],"terminus":0,"mode":"bus","color":"#0059a9","colorDark":"#00294f","angle":124.4,"snapDist":9,"label":1}},{"type":"Feature","geometry":{"type":"Point","coordinates":[16.897295,52.387441]},"properties":{"name":"Dmowskiego","lines":"179","arr":["179"],"terminus":0,"mode":"bus","color":"#0059a9","colorDark":"#00294f","angle":130.1,"snapDist":5,"label":1}},{"type":"Feature","geometry":{"type":"Point","coordinates":[16.893405,52.390489]},"properties":{"name":"Głogowska/Hetmańska","lines":"179","arr":["179"],"terminus":0,"mode":"bus","color":"#0059a9","colorDark":"#00294f","angle":30.2,"snapDist":6,"label":1}},{"type":"Feature","geometry":{"type":"Point","coordinates":[16.893357,52.390277]},"properties":{"name":"Głogowska/Hetmańska","lines":"179","arr":["179"],"terminus":0,"mode":"bus","color":"#0059a9","colorDark":"#00294f","angle":209.8,"snapDist":5,"label":0}},{"type":"Feature","geometry":{"type":"Point","coordinates":[16.896717,52.387022]},"properties":{"name":"Dmowskiego","lines":"179","arr":["179"],"terminus":0,"mode":"bus","color":"#0059a9","colorDark":"#00294f","angle":310,"snapDist":9,"label":0}},{"type":"Feature","geometry":{"type":"Point","coordinates":[16.897765,52.380861]},"properties":{"name":"Drużynowa","lines":"179","arr":["179"],"terminus":0,"mode":"bus","color":"#0059a9","colorDark":"#00294f","angle":294.1,"snapDist":7,"label":0}},{"type":"Feature","geometry":{"type":"Point","coordinates":[16.895433,52.377624]},"properties":{"name":"Tarczowa","lines":"179","arr":["179"],"terminus":0,"mode":"bus","color":"#0059a9","colorDark":"#00294f","angle":284.3,"snapDist":5,"label":0}},{"type":"Feature","geometry":{"type":"Point","coordinates":[16.838326,52.354834]},"properties":{"name":"Sycowska Centrum Handlowe","lines":"180, 704, 710","arr":["180","704","710"],"terminus":1,"mode":"bus","color":"#0059a9","colorDark":"#00294f","angle":188.6,"snapDist":5,"label":1}},{"type":"Feature","geometry":{"type":"Point","coordinates":[16.833556,52.355978]},"properties":{"name":"Lange","lines":"180, 704, 710","arr":["180","704","710"],"terminus":0,"mode":"bus","color":"#0059a9","colorDark":"#00294f","angle":16.5,"snapDist":8,"label":1}},{"type":"Feature","geometry":{"type":"Point","coordinates":[16.834535,52.359108]},"properties":{"name":"Sycowska Prologis","lines":"180, 710","arr":["180","710"],"terminus":0,"mode":"bus","color":"#0059a9","colorDark":"#00294f","angle":118,"snapDist":0,"label":1}},{"type":"Feature","geometry":{"type":"Point","coordinates":[16.836609,52.361505]},"properties":{"name":"Sycowska II","lines":"180, 710","arr":["180","710"],"terminus":0,"mode":"bus","color":"#0059a9","colorDark":"#00294f","angle":117.5,"snapDist":5,"label":1}},{"type":"Feature","geometry":{"type":"Point","coordinates":[16.839032,52.364359]},"properties":{"name":"Sycowska I","lines":"180, 710","arr":["180","710"],"terminus":0,"mode":"bus","color":"#0059a9","colorDark":"#00294f","angle":117.1,"snapDist":5,"label":1}},{"type":"Feature","geometry":{"type":"Point","coordinates":[16.842391,52.368219]},"properties":{"name":"Trzebińska","lines":"180, 717","arr":["180","717"],"terminus":0,"mode":"bus","color":"#0059a9","colorDark":"#00294f","angle":118.2,"snapDist":5,"label":1}},{"type":"Feature","geometry":{"type":"Point","coordinates":[16.842815,52.370386]},"properties":{"name":"Wołowska","lines":"180, 717","arr":["180","717"],"terminus":1,"mode":"bus","color":"#0059a9","colorDark":"#00294f","angle":254.4,"snapDist":6,"label":1}},{"type":"Feature","geometry":{"type":"Point","coordinates":[16.841655,52.376817]},"properties":{"name":"Krzepicka","lines":"180","arr":["180"],"terminus":0,"mode":"bus","color":"#0059a9","colorDark":"#00294f","angle":131.7,"snapDist":4,"label":1}},{"type":"Feature","geometry":{"type":"Point","coordinates":[16.843798,52.375798]},"properties":{"name":"Rudnicze","lines":"180","arr":["180"],"terminus":0,"mode":"bus","color":"#0059a9","colorDark":"#00294f","angle":305.7,"snapDist":5,"label":1}},{"type":"Feature","geometry":{"type":"Point","coordinates":[16.842722,52.370642]},"properties":{"name":"Wołowska","lines":"180","arr":["180"],"terminus":0,"mode":"bus","color":"#0059a9","colorDark":"#00294f","angle":259.1,"snapDist":5,"label":0}},{"type":"Feature","geometry":{"type":"Point","coordinates":[16.845842,52.368727]},"properties":{"name":"Kowalewicka","lines":"180","arr":["180"],"terminus":0,"mode":"bus","color":"#0059a9","colorDark":"#00294f","angle":192.3,"snapDist":5,"label":1}},{"type":"Feature","geometry":{"type":"Point","coordinates":[16.850013,52.36704]},"properties":{"name":"Cedzyńska","lines":"180","arr":["180"],"terminus":0,"mode":"bus","color":"#0059a9","colorDark":"#00294f","angle":217.9,"snapDist":4,"label":1}},{"type":"Feature","geometry":{"type":"Point","coordinates":[16.852743,52.363722]},"properties":{"name":"Lerczakówny","lines":"180, 610, 616, 702","arr":["180","610","616","702"],"terminus":0,"mode":"bus","color":"#0059a9","colorDark":"#00294f","angle":314.9,"snapDist":4,"label":1}},{"type":"Feature","geometry":{"type":"Point","coordinates":[16.854074,52.36113]},"properties":{"name":"Kowalewicka Wiadukt","lines":"180, 610, 616, 702, 704","arr":["180","610","616","702","704"],"terminus":0,"mode":"bus","color":"#0059a9","colorDark":"#00294f","angle":207.9,"snapDist":8,"label":1}},{"type":"Feature","geometry":{"type":"Point","coordinates":[16.857977,52.362217]},"properties":{"name":"Tyniecka","lines":"180, 610, 616, 702, 703, 704, 707","arr":["180","610","616","702","703","704","707"],"terminus":0,"mode":"bus","color":"#0059a9","colorDark":"#00294f","angle":123.4,"snapDist":5,"label":1}},{"type":"Feature","geometry":{"type":"Point","coordinates":[16.858993,52.365941]},"properties":{"name":"Glinianki","lines":"180, 610, 616, 702, 703, 704, 707","arr":["180","610","616","702","703","704","707"],"terminus":0,"mode":"bus","color":"#0059a9","colorDark":"#00294f","angle":121.9,"snapDist":8,"label":1}},{"type":"Feature","geometry":{"type":"Point","coordinates":[16.863953,52.370616]},"properties":{"name":"Komornicka","lines":"180, 610, 616, 702, 703, 704, 707","arr":["180","610","616","702","703","704","707"],"terminus":0,"mode":"bus","color":"#0059a9","colorDark":"#00294f","angle":119.5,"snapDist":7,"label":1}},{"type":"Feature","geometry":{"type":"Point","coordinates":[16.864895,52.372902]},"properties":{"name":"Ostatnia","lines":"180, 610, 616, 702, 703, 704, 707, 710","arr":["180","610","616","702","703","704","707","710"],"terminus":0,"mode":"bus","color":"#0059a9","colorDark":"#00294f","angle":309.9,"snapDist":8,"label":0}},{"type":"Feature","geometry":{"type":"Point","coordinates":[16.863566,52.37124]},"properties":{"name":"Wykopy","lines":"180, 610, 616, 702","arr":["180","610","616","702"],"terminus":0,"mode":"bus","color":"#0059a9","colorDark":"#00294f","angle":293.2,"snapDist":1,"label":1}},{"type":"Feature","geometry":{"type":"Point","coordinates":[16.855755,52.365285]},"properties":{"name":"Fabianowo","lines":"180, 610, 616, 702","arr":["180","610","616","702"],"terminus":0,"mode":"bus","color":"#0059a9","colorDark":"#00294f","angle":31.2,"snapDist":9,"label":1}},{"type":"Feature","geometry":{"type":"Point","coordinates":[16.849106,52.367474]},"properties":{"name":"Cedzyńska","lines":"180","arr":["180"],"terminus":0,"mode":"bus","color":"#0059a9","colorDark":"#00294f","angle":38.3,"snapDist":5,"label":0}},{"type":"Feature","geometry":{"type":"Point","coordinates":[16.842254,52.368063]},"properties":{"name":"Trzebińska","lines":"180, 717","arr":["180","717"],"terminus":0,"mode":"bus","color":"#0059a9","colorDark":"#00294f","angle":298.2,"snapDist":5,"label":0}},{"type":"Feature","geometry":{"type":"Point","coordinates":[16.839049,52.364379]},"properties":{"name":"Sycowska I","lines":"180, 710","arr":["180","710"],"terminus":0,"mode":"bus","color":"#0059a9","colorDark":"#00294f","angle":297.1,"snapDist":5,"label":0}},{"type":"Feature","geometry":{"type":"Point","coordinates":[16.836602,52.361497]},"properties":{"name":"Sycowska II","lines":"180, 710","arr":["180","710"],"terminus":0,"mode":"bus","color":"#0059a9","colorDark":"#00294f","angle":297.5,"snapDist":4,"label":0}},{"type":"Feature","geometry":{"type":"Point","coordinates":[16.834511,52.359081]},"properties":{"name":"Sycowska Prologis","lines":"180, 710","arr":["180","710"],"terminus":0,"mode":"bus","color":"#0059a9","colorDark":"#00294f","angle":298,"snapDist":7,"label":0}},{"type":"Feature","geometry":{"type":"Point","coordinates":[16.833576,52.355975]},"properties":{"name":"Lange","lines":"180, 704, 710","arr":["180","704","710"],"terminus":0,"mode":"bus","color":"#0059a9","colorDark":"#00294f","angle":196.5,"snapDist":9,"label":0}},{"type":"Feature","geometry":{"type":"Point","coordinates":[16.981509,52.374333]},"properties":{"name":"Krzywoustego","lines":"181","arr":["181"],"terminus":1,"mode":"bus","color":"#0059a9","colorDark":"#00294f","angle":233.4,"snapDist":24,"label":1}},{"type":"Feature","geometry":{"type":"Point","coordinates":[16.985634,52.375719]},"properties":{"name":"Klenowska","lines":"181","arr":["181"],"terminus":0,"mode":"bus","color":"#0059a9","colorDark":"#00294f","angle":51.8,"snapDist":11,"label":1}},{"type":"Feature","geometry":{"type":"Point","coordinates":[16.982591,52.395711]},"properties":{"name":"Chartowo","lines":"181, 184","arr":["181","184"],"terminus":0,"mode":"bus","color":"#0059a9","colorDark":"#00294f","angle":295.3,"snapDist":7,"label":0}},{"type":"Feature","geometry":{"type":"Point","coordinates":[16.980607,52.393168]},"properties":{"name":"Bliźniąt","lines":"181, 184","arr":["181","184"],"terminus":0,"mode":"bus","color":"#0059a9","colorDark":"#00294f","angle":294.1,"snapDist":8,"label":1}},{"type":"Feature","geometry":{"type":"Point","coordinates":[16.980803,52.393105]},"properties":{"name":"Bliźniąt","lines":"181, 184","arr":["181","184"],"terminus":0,"mode":"bus","color":"#0059a9","colorDark":"#00294f","angle":114.4,"snapDist":7,"label":0}},{"type":"Feature","geometry":{"type":"Point","coordinates":[16.919274,52.427103]},"properties":{"name":"Słowiańska","lines":"182, 190, 191","arr":["182","190","191"],"terminus":0,"mode":"bus","color":"#0059a9","colorDark":"#00294f","angle":358,"snapDist":26,"label":0}},{"type":"Feature","geometry":{"type":"Point","coordinates":[16.917409,52.425127]},"properties":{"name":"Os. Słowiańskie","lines":"182, 191","arr":["182","191"],"terminus":0,"mode":"bus","color":"#0059a9","colorDark":"#00294f","angle":318.2,"snapDist":9,"label":1}},{"type":"Feature","geometry":{"type":"Point","coordinates":[16.913465,52.423768]},"properties":{"name":"Maczka","lines":"182, 191","arr":["182","191"],"terminus":0,"mode":"bus","color":"#0059a9","colorDark":"#00294f","angle":354.7,"snapDist":2,"label":1}},{"type":"Feature","geometry":{"type":"Point","coordinates":[16.890317,52.415667]},"properties":{"name":"Żeromskiego","lines":"182, 191, 193, 219","arr":["182","191","193","219"],"terminus":0,"mode":"bus","color":"#0059a9","colorDark":"#00294f","angle":19.8,"snapDist":9,"label":0}},{"type":"Feature","geometry":{"type":"Point","coordinates":[16.87717,52.412171]},"properties":{"name":"Szpitalna","lines":"182, 191, 193, 729","arr":["182","191","193","729"],"terminus":0,"mode":"bus","color":"#0059a9","colorDark":"#00294f","angle":283.2,"snapDist":14,"label":1}},{"type":"Feature","geometry":{"type":"Point","coordinates":[16.876957,52.411591]},"properties":{"name":"Szpitalna","lines":"182, 191, 193, 729","arr":["182","191","193","729"],"terminus":0,"mode":"bus","color":"#0059a9","colorDark":"#00294f","angle":102.4,"snapDist":3,"label":0}},{"type":"Feature","geometry":{"type":"Point","coordinates":[16.883762,52.41706]},"properties":{"name":"Ogrody","lines":"182, 191, 193, 195, 835, 837","arr":["182","191","193","195","835","837"],"terminus":1,"mode":"bus","color":"#0059a9","colorDark":"#00294f","angle":199.8,"snapDist":2,"label":0}},{"type":"Feature","geometry":{"type":"Point","coordinates":[16.890832,52.415553]},"properties":{"name":"Żeromskiego","lines":"182, 191, 193, 195, 219, 835, 837","arr":["182","191","193","195","219","835","837"],"terminus":0,"mode":"bus","color":"#0059a9","colorDark":"#00294f","angle":199.8,"snapDist":1,"label":0}},{"type":"Feature","geometry":{"type":"Point","coordinates":[16.914165,52.423849]},"properties":{"name":"Maczka","lines":"182, 191","arr":["182","191"],"terminus":0,"mode":"bus","color":"#0059a9","colorDark":"#00294f","angle":162.1,"snapDist":8,"label":0}},{"type":"Feature","geometry":{"type":"Point","coordinates":[16.917722,52.426038]},"properties":{"name":"Os. Słowiańskie","lines":"182, 191","arr":["182","191"],"terminus":0,"mode":"bus","color":"#0059a9","colorDark":"#00294f","angle":70.7,"snapDist":11,"label":0}},{"type":"Feature","geometry":{"type":"Point","coordinates":[16.919331,52.427104]},"properties":{"name":"Słowiańska","lines":"182","arr":["182"],"terminus":0,"mode":"bus","color":"#0059a9","colorDark":"#00294f","angle":178,"snapDist":17,"label":0}},{"type":"Feature","geometry":{"type":"Point","coordinates":[16.898041,52.446391]},"properties":{"name":"Jasielska I","lines":"183, 216","arr":["183","216"],"terminus":0,"mode":"bus","color":"#0059a9","colorDark":"#00294f","angle":308.2,"snapDist":5,"label":1}},{"type":"Feature","geometry":{"type":"Point","coordinates":[16.893738,52.443985]},"properties":{"name":"Jasielska II","lines":"183, 216","arr":["183","216"],"terminus":0,"mode":"bus","color":"#0059a9","colorDark":"#00294f","angle":26.9,"snapDist":3,"label":1}},{"type":"Feature","geometry":{"type":"Point","coordinates":[16.890027,52.438804]},"properties":{"name":"Szczawnicka Cmentarz","lines":"183, 216","arr":["183","216"],"terminus":0,"mode":"bus","color":"#0059a9","colorDark":"#00294f","angle":59.3,"snapDist":6,"label":1}},{"type":"Feature","geometry":{"type":"Point","coordinates":[16.895676,52.43887]},"properties":{"name":"Lutycka","lines":"183, 216","arr":["183","216"],"terminus":0,"mode":"bus","color":"#0059a9","colorDark":"#00294f","angle":151.1,"snapDist":9,"label":1}},{"type":"Feature","geometry":{"type":"Point","coordinates":[16.901503,52.440954]},"properties":{"name":"Lutycka/Dojazd","lines":"183, 216","arr":["183","216"],"terminus":0,"mode":"bus","color":"#0059a9","colorDark":"#00294f","angle":149.7,"snapDist":9,"label":1}},{"type":"Feature","geometry":{"type":"Point","coordinates":[16.940384,52.434206]},"properties":{"name":"Rondo Solidarności","lines":"183, 185, 321, 322","arr":["183","185","321","322"],"terminus":0,"mode":"bus","color":"#0059a9","colorDark":"#00294f","angle":204.1,"snapDist":7,"label":0}},{"type":"Feature","geometry":{"type":"Point","coordinates":[16.945144,52.432258]},"properties":{"name":"Serbska","lines":"183, 185, 321, 322","arr":["183","185","321","322"],"terminus":0,"mode":"bus","color":"#0059a9","colorDark":"#00294f","angle":216.6,"snapDist":2,"label":0}},{"type":"Feature","geometry":{"type":"Point","coordinates":[16.947601,52.431435]},"properties":{"name":"Serbska","lines":"183, 185, 321, 322","arr":["183","185","321","322"],"terminus":0,"mode":"bus","color":"#0059a9","colorDark":"#00294f","angle":197.7,"snapDist":11,"label":0}},{"type":"Feature","geometry":{"type":"Point","coordinates":[16.951743,52.431379]},"properties":{"name":"Wilczak/Serbska","lines":"183, 185, 321, 322","arr":["183","185","321","322"],"terminus":0,"mode":"bus","color":"#0059a9","colorDark":"#00294f","angle":0.9,"snapDist":10,"label":0}},{"type":"Feature","geometry":{"type":"Point","coordinates":[16.945516,52.432414]},"properties":{"name":"Serbska","lines":"183, 185, 321, 322","arr":["183","185","321","322"],"terminus":0,"mode":"bus","color":"#0059a9","colorDark":"#00294f","angle":30,"snapDist":9,"label":0}},{"type":"Feature","geometry":{"type":"Point","coordinates":[16.901056,52.440794]},"properties":{"name":"Lutycka/Dojazd","lines":"183, 216","arr":["183","216"],"terminus":0,"mode":"bus","color":"#0059a9","colorDark":"#00294f","angle":329.7,"snapDist":9,"label":0}},{"type":"Feature","geometry":{"type":"Point","coordinates":[16.894346,52.438489]},"properties":{"name":"Lutycka","lines":"183, 216","arr":["183","216"],"terminus":0,"mode":"bus","color":"#0059a9","colorDark":"#00294f","angle":340.8,"snapDist":9,"label":0}},{"type":"Feature","geometry":{"type":"Point","coordinates":[16.890128,52.438688]},"properties":{"name":"Szczawnicka Cmentarz","lines":"183, 216","arr":["183","216"],"terminus":0,"mode":"bus","color":"#0059a9","colorDark":"#00294f","angle":63.8,"snapDist":7,"label":0}},{"type":"Feature","geometry":{"type":"Point","coordinates":[16.892883,52.444231]},"properties":{"name":"Jasielska II","lines":"183, 216","arr":["183","216"],"terminus":0,"mode":"bus","color":"#0059a9","colorDark":"#00294f","angle":204.4,"snapDist":4,"label":0}},{"type":"Feature","geometry":{"type":"Point","coordinates":[16.897152,52.445716]},"properties":{"name":"Jasielska I","lines":"183, 216","arr":["183","216"],"terminus":0,"mode":"bus","color":"#0059a9","colorDark":"#00294f","angle":127.9,"snapDist":5,"label":0}},{"type":"Feature","geometry":{"type":"Point","coordinates":[16.957705,52.409757]},"properties":{"name":"Rondo Śródka","lines":"184","arr":["184"],"terminus":0,"mode":"bus","color":"#0059a9","colorDark":"#00294f","angle":177.4,"snapDist":8,"label":0}},{"type":"Feature","geometry":{"type":"Point","coordinates":[16.972424,52.408712]},"properties":{"name":"Termalna","lines":"184","arr":["184"],"terminus":0,"mode":"bus","color":"#0059a9","colorDark":"#00294f","angle":179.8,"snapDist":4,"label":1}},{"type":"Feature","geometry":{"type":"Point","coordinates":[16.975957,52.405645]},"properties":{"name":"Termy Maltańskie","lines":"184","arr":["184"],"terminus":0,"mode":"bus","color":"#0059a9","colorDark":"#00294f","angle":184.9,"snapDist":14,"label":1}},{"type":"Feature","geometry":{"type":"Point","coordinates":[16.984497,52.404817]},"properties":{"name":"Czekalskie","lines":"184","arr":["184"],"terminus":0,"mode":"bus","color":"#0059a9","colorDark":"#00294f","angle":239.6,"snapDist":4,"label":1}},{"type":"Feature","geometry":{"type":"Point","coordinates":[16.989462,52.402498]},"properties":{"name":"Tor Regatowy Malta","lines":"184","arr":["184"],"terminus":0,"mode":"bus","color":"#0059a9","colorDark":"#00294f","angle":217.3,"snapDist":4,"label":1}},{"type":"Feature","geometry":{"type":"Point","coordinates":[16.992489,52.400538]},"properties":{"name":"Nowe Zoo","lines":"184","arr":["184"],"terminus":1,"mode":"bus","color":"#0059a9","colorDark":"#00294f","angle":60.4,"snapDist":34,"label":1}},{"type":"Feature","geometry":{"type":"Point","coordinates":[16.989072,52.402649]},"properties":{"name":"Tor Regatowy Malta","lines":"184","arr":["184"],"terminus":0,"mode":"bus","color":"#0059a9","colorDark":"#00294f","angle":27.6,"snapDist":2,"label":0}},{"type":"Feature","geometry":{"type":"Point","coordinates":[16.984461,52.404854]},"properties":{"name":"Czekalskie","lines":"184","arr":["184"],"terminus":0,"mode":"bus","color":"#0059a9","colorDark":"#00294f","angle":-120.4,"snapDist":8,"label":0}},{"type":"Feature","geometry":{"type":"Point","coordinates":[16.972746,52.408733]},"properties":{"name":"Termalna","lines":"184","arr":["184"],"terminus":0,"mode":"bus","color":"#0059a9","colorDark":"#00294f","angle":344.8,"snapDist":5,"label":0}},{"type":"Feature","geometry":{"type":"Point","coordinates":[16.930405,52.443151]},"properties":{"name":"Umultowska","lines":"185","arr":["185"],"terminus":0,"mode":"bus","color":"#0059a9","colorDark":"#00294f","angle":186.7,"snapDist":9,"label":0}},{"type":"Feature","geometry":{"type":"Point","coordinates":[16.937541,52.44267]},"properties":{"name":"Estońska","lines":"185","arr":["185"],"terminus":0,"mode":"bus","color":"#0059a9","colorDark":"#00294f","angle":182,"snapDist":10,"label":1}},{"type":"Feature","geometry":{"type":"Point","coordinates":[16.966755,52.427323]},"properties":{"name":"Chemiczna","lines":"185, 321, 322, 341","arr":["185","321","322","341"],"terminus":0,"mode":"bus","color":"#0059a9","colorDark":"#00294f","angle":189.5,"snapDist":10,"label":0}},{"type":"Feature","geometry":{"type":"Point","coordinates":[16.977822,52.425456]},"properties":{"name":"Bałtycka","lines":"185, 227, 312, 320, 323, 342","arr":["185","227","312","320","323","342"],"terminus":0,"mode":"bus","color":"#0059a9","colorDark":"#00294f","angle":285.5,"snapDist":0,"label":1}},{"type":"Feature","geometry":{"type":"Point","coordinates":[16.976379,52.42281]},"properties":{"name":"Główna","lines":"185, 227, 312, 320, 323, 342","arr":["185","227","312","320","323","342"],"terminus":0,"mode":"bus","color":"#0059a9","colorDark":"#00294f","angle":113.4,"snapDist":6,"label":0}},{"type":"Feature","geometry":{"type":"Point","coordinates":[16.977472,52.426565]},"properties":{"name":"Bałtycka","lines":"185, 321, 322, 341","arr":["185","321","322","341"],"terminus":0,"mode":"bus","color":"#0059a9","colorDark":"#00294f","angle":8,"snapDist":5,"label":0}},{"type":"Feature","geometry":{"type":"Point","coordinates":[16.936207,52.442734]},"properties":{"name":"Estońska","lines":"185","arr":["185"],"terminus":0,"mode":"bus","color":"#0059a9","colorDark":"#00294f","angle":6.8,"snapDist":9,"label":0}},{"type":"Feature","geometry":{"type":"Point","coordinates":[16.774539,52.473627]},"properties":{"name":"Kiekrz","lines":"186, 835, 837, 893","arr":["186","835","837","893"],"terminus":1,"mode":"bus","color":"#0059a9","colorDark":"#00294f","angle":31.4,"snapDist":7,"label":1}},{"type":"Feature","geometry":{"type":"Point","coordinates":[16.777417,52.475767]},"properties":{"name":"Admiralska","lines":"186, 835, 837, 893","arr":["186","835","837","893"],"terminus":0,"mode":"bus","color":"#0059a9","colorDark":"#00294f","angle":118.4,"snapDist":5,"label":1}},{"type":"Feature","geometry":{"type":"Point","coordinates":[16.781446,52.477931]},"properties":{"name":"Wilków Morskich","lines":"186, 833, 835, 837","arr":["186","833","835","837"],"terminus":0,"mode":"bus","color":"#0059a9","colorDark":"#00294f","angle":14.2,"snapDist":5,"label":1}},{"type":"Feature","geometry":{"type":"Point","coordinates":[16.784285,52.477398]},"properties":{"name":"Kiekrz Kościół","lines":"186, 833, 835, 837","arr":["186","833","835","837"],"terminus":0,"mode":"bus","color":"#0059a9","colorDark":"#00294f","angle":205.1,"snapDist":5,"label":1}},{"type":"Feature","geometry":{"type":"Point","coordinates":[16.789764,52.475105]},"properties":{"name":"Kiekrz PKM","lines":"186, 833, 835, 837","arr":["186","833","835","837"],"terminus":0,"mode":"bus","color":"#0059a9","colorDark":"#00294f","angle":216.4,"snapDist":5,"label":1}},{"type":"Feature","geometry":{"type":"Point","coordinates":[16.794991,52.472848]},"properties":{"name":"Nad Jeziorem","lines":"186, 833, 835, 837","arr":["186","833","835","837"],"terminus":0,"mode":"bus","color":"#0059a9","colorDark":"#00294f","angle":223.6,"snapDist":5,"label":1}},{"type":"Feature","geometry":{"type":"Point","coordinates":[16.801283,52.468804]},"properties":{"name":"Chojnicka","lines":"186, 833","arr":["186","833"],"terminus":0,"mode":"bus","color":"#0059a9","colorDark":"#00294f","angle":277,"snapDist":5,"label":1}},{"type":"Feature","geometry":{"type":"Point","coordinates":[16.800423,52.464635]},"properties":{"name":"Rekreacyjna","lines":"186, 833","arr":["186","833"],"terminus":0,"mode":"bus","color":"#0059a9","colorDark":"#00294f","angle":276.9,"snapDist":5,"label":1}},{"type":"Feature","geometry":{"type":"Point","coordinates":[16.801357,52.453492]},"properties":{"name":"Stobnicka","lines":"186, 833","arr":["186","833"],"terminus":0,"mode":"bus","color":"#0059a9","colorDark":"#00294f","angle":247.4,"snapDist":5,"label":1}},{"type":"Feature","geometry":{"type":"Point","coordinates":[16.804167,52.448622]},"properties":{"name":"Słupska","lines":"186, 833","arr":["186","833"],"terminus":0,"mode":"bus","color":"#0059a9","colorDark":"#00294f","angle":255.1,"snapDist":4,"label":1}},{"type":"Feature","geometry":{"type":"Point","coordinates":[16.807533,52.441841]},"properties":{"name":"Krzyżowniki","lines":"186, 833","arr":["186","833"],"terminus":0,"mode":"bus","color":"#0059a9","colorDark":"#00294f","angle":263.8,"snapDist":5,"label":0}},{"type":"Feature","geometry":{"type":"Point","coordinates":[16.807542,52.441797]},"properties":{"name":"Krzyżowniki","lines":"186, 833","arr":["186","833"],"terminus":0,"mode":"bus","color":"#0059a9","colorDark":"#00294f","angle":82.4,"snapDist":4,"label":0}},{"type":"Feature","geometry":{"type":"Point","coordinates":[16.80431,52.448293]},"properties":{"name":"Słupska","lines":"186, 833","arr":["186","833"],"terminus":0,"mode":"bus","color":"#0059a9","colorDark":"#00294f","angle":75.9,"snapDist":4,"label":0}},{"type":"Feature","geometry":{"type":"Point","coordinates":[16.801022,52.453983]},"properties":{"name":"Stobnicka","lines":"186, 833","arr":["186","833"],"terminus":0,"mode":"bus","color":"#0059a9","colorDark":"#00294f","angle":67.8,"snapDist":4,"label":0}},{"type":"Feature","geometry":{"type":"Point","coordinates":[16.800323,52.464134]},"properties":{"name":"Rekreacyjna","lines":"186, 833","arr":["186","833"],"terminus":0,"mode":"bus","color":"#0059a9","colorDark":"#00294f","angle":97,"snapDist":7,"label":0}},{"type":"Feature","geometry":{"type":"Point","coordinates":[16.801262,52.468702]},"properties":{"name":"Chojnicka","lines":"186, 833","arr":["186","833"],"terminus":0,"mode":"bus","color":"#0059a9","colorDark":"#00294f","angle":97,"snapDist":6,"label":0}},{"type":"Feature","geometry":{"type":"Point","coordinates":[16.794304,52.473243]},"properties":{"name":"Nad Jeziorem","lines":"186, 833, 835, 837","arr":["186","833","835","837"],"terminus":0,"mode":"bus","color":"#0059a9","colorDark":"#00294f","angle":42.8,"snapDist":8,"label":0}},{"type":"Feature","geometry":{"type":"Point","coordinates":[16.789337,52.475274]},"properties":{"name":"Kiekrz PKM","lines":"186, 833, 835, 837","arr":["186","833","835","837"],"terminus":0,"mode":"bus","color":"#0059a9","colorDark":"#00294f","angle":29.5,"snapDist":5,"label":0}},{"type":"Feature","geometry":{"type":"Point","coordinates":[16.78168,52.477895]},"properties":{"name":"Wilków Morskich","lines":"186, 833, 835, 837","arr":["186","833","835","837"],"terminus":0,"mode":"bus","color":"#0059a9","colorDark":"#00294f","angle":14.2,"snapDist":7,"label":0}},{"type":"Feature","geometry":{"type":"Point","coordinates":[16.776902,52.475161]},"properties":{"name":"Admiralska","lines":"186, 835, 837, 893","arr":["186","835","837","893"],"terminus":0,"mode":"bus","color":"#0059a9","colorDark":"#00294f","angle":297.8,"snapDist":4,"label":0}},{"type":"Feature","geometry":{"type":"Point","coordinates":[16.905391,52.489261]},"properties":{"name":"Morasko","lines":"188, 902","arr":["188","902"],"terminus":1,"mode":"bus","color":"#0059a9","colorDark":"#00294f","angle":76.2,"snapDist":3,"label":1}},{"type":"Feature","geometry":{"type":"Point","coordinates":[16.90859,52.488789]},"properties":{"name":"Morasko Kościół","lines":"188, 902","arr":["188","902"],"terminus":0,"mode":"bus","color":"#0059a9","colorDark":"#00294f","angle":244.8,"snapDist":8,"label":1}},{"type":"Feature","geometry":{"type":"Point","coordinates":[16.910087,52.484467]},"properties":{"name":"Morasko Cmentarz","lines":"188, 902","arr":["188","902"],"terminus":0,"mode":"bus","color":"#0059a9","colorDark":"#00294f","angle":265.7,"snapDist":5,"label":1}},{"type":"Feature","geometry":{"type":"Point","coordinates":[16.906286,52.477091]},"properties":{"name":"Szklarniowa","lines":"188, 902","arr":["188","902"],"terminus":0,"mode":"bus","color":"#0059a9","colorDark":"#00294f","angle":292.3,"snapDist":5,"label":1}},{"type":"Feature","geometry":{"type":"Point","coordinates":[16.902035,52.471651]},"properties":{"name":"Deszczowa","lines":"188, 902","arr":["188","902"],"terminus":0,"mode":"bus","color":"#0059a9","colorDark":"#00294f","angle":297.4,"snapDist":4,"label":1}},{"type":"Feature","geometry":{"type":"Point","coordinates":[16.90068,52.468374]},"properties":{"name":"Wietrzna","lines":"188, 901, 902, 904, 905","arr":["188","901","902","904","905"],"terminus":0,"mode":"bus","color":"#0059a9","colorDark":"#00294f","angle":283.8,"snapDist":6,"label":1}},{"type":"Feature","geometry":{"type":"Point","coordinates":[16.900827,52.468757]},"properties":{"name":"Wietrzna","lines":"188, 901, 902, 904, 905","arr":["188","901","902","904","905"],"terminus":0,"mode":"bus","color":"#0059a9","colorDark":"#00294f","angle":103.1,"snapDist":6,"label":0}},{"type":"Feature","geometry":{"type":"Point","coordinates":[16.902292,52.471949]},"properties":{"name":"Deszczowa","lines":"188, 902","arr":["188","902"],"terminus":0,"mode":"bus","color":"#0059a9","colorDark":"#00294f","angle":118.6,"snapDist":4,"label":0}},{"type":"Feature","geometry":{"type":"Point","coordinates":[16.906599,52.47755]},"properties":{"name":"Szklarniowa","lines":"188, 902","arr":["188","902"],"terminus":0,"mode":"bus","color":"#0059a9","colorDark":"#00294f","angle":112.3,"snapDist":3,"label":0}},{"type":"Feature","geometry":{"type":"Point","coordinates":[16.910068,52.484624]},"properties":{"name":"Morasko Cmentarz","lines":"188, 902","arr":["188","902"],"terminus":0,"mode":"bus","color":"#0059a9","colorDark":"#00294f","angle":85.6,"snapDist":6,"label":0}},{"type":"Feature","geometry":{"type":"Point","coordinates":[16.908813,52.488469]},"properties":{"name":"Morasko Kościół","lines":"188, 902","arr":["188","902"],"terminus":0,"mode":"bus","color":"#0059a9","colorDark":"#00294f","angle":70.8,"snapDist":8,"label":0}},{"type":"Feature","geometry":{"type":"Point","coordinates":[16.943987,52.35532]},"properties":{"name":"Rondo Minikowo","lines":"189","arr":["189"],"terminus":0,"mode":"bus","color":"#0059a9","colorDark":"#00294f","angle":200.6,"snapDist":6,"label":0}},{"type":"Feature","geometry":{"type":"Point","coordinates":[16.948142,52.35436]},"properties":{"name":"Radomska","lines":"189","arr":["189"],"terminus":0,"mode":"bus","color":"#0059a9","colorDark":"#00294f","angle":200.8,"snapDist":6,"label":1}},{"type":"Feature","geometry":{"type":"Point","coordinates":[16.956923,52.352101]},"properties":{"name":"Sandomierska","lines":"189","arr":["189"],"terminus":0,"mode":"bus","color":"#0059a9","colorDark":"#00294f","angle":242.1,"snapDist":13,"label":1}},{"type":"Feature","geometry":{"type":"Point","coordinates":[16.948684,52.354233]},"properties":{"name":"Radomska","lines":"189","arr":["189"],"terminus":0,"mode":"bus","color":"#0059a9","colorDark":"#00294f","angle":201.4,"snapDist":6,"label":0}},{"type":"Feature","geometry":{"type":"Point","coordinates":[16.943009,52.355914]},"properties":{"name":"Rondo Minikowo","lines":"189, 194, 217","arr":["189","194","217"],"terminus":0,"mode":"bus","color":"#0059a9","colorDark":"#00294f","angle":70.8,"snapDist":7,"label":0}},{"type":"Feature","geometry":{"type":"Point","coordinates":[16.941009,52.359442]},"properties":{"name":"Pińczowska","lines":"189, 194, 217","arr":["189","194","217"],"terminus":0,"mode":"bus","color":"#0059a9","colorDark":"#00294f","angle":71.1,"snapDist":5,"label":1}},{"type":"Feature","geometry":{"type":"Point","coordinates":[16.937092,52.363186]},"properties":{"name":"Św. Antoniego Cmentarz","lines":"189, 194, 217","arr":["189","194","217"],"terminus":0,"mode":"bus","color":"#0059a9","colorDark":"#00294f","angle":196.6,"snapDist":5,"label":1}},{"type":"Feature","geometry":{"type":"Point","coordinates":[16.932134,52.364076]},"properties":{"name":"Św. Antoniego Kościół","lines":"189, 194, 217","arr":["189","194","217"],"terminus":0,"mode":"bus","color":"#0059a9","colorDark":"#00294f","angle":16.5,"snapDist":6,"label":1}},{"type":"Feature","geometry":{"type":"Point","coordinates":[16.930193,52.366156]},"properties":{"name":"Starołęka PKM","lines":"189, 194","arr":["189","194"],"terminus":1,"mode":"bus","color":"#0059a9","colorDark":"#00294f","angle":195.8,"snapDist":3,"label":0}},{"type":"Feature","geometry":{"type":"Point","coordinates":[16.932786,52.363957]},"properties":{"name":"Św. Antoniego Kościół","lines":"189, 194, 217","arr":["189","194","217"],"terminus":0,"mode":"bus","color":"#0059a9","colorDark":"#00294f","angle":197.2,"snapDist":4,"label":0}},{"type":"Feature","geometry":{"type":"Point","coordinates":[16.93796,52.36303]},"properties":{"name":"Św. Antoniego Cmentarz","lines":"189, 194, 217","arr":["189","194","217"],"terminus":0,"mode":"bus","color":"#0059a9","colorDark":"#00294f","angle":195.4,"snapDist":4,"label":0}},{"type":"Feature","geometry":{"type":"Point","coordinates":[16.940857,52.359711]},"properties":{"name":"Pińczowska","lines":"189, 194, 217","arr":["189","194","217"],"terminus":0,"mode":"bus","color":"#0059a9","colorDark":"#00294f","angle":250.8,"snapDist":5,"label":0}},{"type":"Feature","geometry":{"type":"Point","coordinates":[16.943196,52.379382]},"properties":{"name":"Rondo Starołęka","lines":"190","arr":["190"],"terminus":1,"mode":"bus","color":"#0059a9","colorDark":"#00294f","angle":113.7,"snapDist":3,"label":1}},{"type":"Feature","geometry":{"type":"Point","coordinates":[16.915836,52.429343]},"properties":{"name":"Koronna","lines":"190, 191","arr":["190","191"],"terminus":0,"mode":"bus","color":"#0059a9","colorDark":"#00294f","angle":71.6,"snapDist":6,"label":1}},{"type":"Feature","geometry":{"type":"Point","coordinates":[16.913312,52.434004]},"properties":{"name":"Św. Leonarda","lines":"190, 191","arr":["190","191"],"terminus":0,"mode":"bus","color":"#0059a9","colorDark":"#00294f","angle":71.4,"snapDist":9,"label":1}},{"type":"Feature","geometry":{"type":"Point","coordinates":[16.913836,52.444671]},"properties":{"name":"Włościańska","lines":"190, 193, 215","arr":["190","193","215"],"terminus":0,"mode":"bus","color":"#0059a9","colorDark":"#00294f","angle":111.5,"snapDist":11,"label":1}},{"type":"Feature","geometry":{"type":"Point","coordinates":[16.913922,52.446877]},"properties":{"name":"Suszki","lines":"190, 193, 215","arr":["190","193","215"],"terminus":0,"mode":"bus","color":"#0059a9","colorDark":"#00294f","angle":77,"snapDist":10,"label":1}},{"type":"Feature","geometry":{"type":"Point","coordinates":[16.906588,52.465804]},"properties":{"name":"Os. Sobieskiego Szkoła","lines":"190, 193, 215, 832, 907","arr":["190","193","215","832","907"],"terminus":0,"mode":"bus","color":"#0059a9","colorDark":"#00294f","angle":173.3,"snapDist":6,"label":1}},{"type":"Feature","geometry":{"type":"Point","coordinates":[16.911064,52.466074]},"properties":{"name":"Os. Sobieskiego Komisariat","lines":"190, 193, 215, 832, 907","arr":["190","193","215","832","907"],"terminus":0,"mode":"bus","color":"#0059a9","colorDark":"#00294f","angle":179,"snapDist":7,"label":1}},{"type":"Feature","geometry":{"type":"Point","coordinates":[16.910229,52.466041]},"properties":{"name":"Os. Sobieskiego Komisariat","lines":"190, 193, 215, 832, 907","arr":["190","193","215","832","907"],"terminus":0,"mode":"bus","color":"#0059a9","colorDark":"#00294f","angle":354.3,"snapDist":10,"label":0}},{"type":"Feature","geometry":{"type":"Point","coordinates":[16.904838,52.465401]},"properties":{"name":"Wiedeńska","lines":"190, 193, 215, 832, 907","arr":["190","193","215","832","907"],"terminus":0,"mode":"bus","color":"#0059a9","colorDark":"#00294f","angle":319.1,"snapDist":10,"label":0}},{"type":"Feature","geometry":{"type":"Point","coordinates":[16.914205,52.446096]},"properties":{"name":"Suszki","lines":"190, 193, 215","arr":["190","193","215"],"terminus":0,"mode":"bus","color":"#0059a9","colorDark":"#00294f","angle":260.1,"snapDist":10,"label":0}},{"type":"Feature","geometry":{"type":"Point","coordinates":[16.913511,52.444159]},"properties":{"name":"Włościańska","lines":"190, 193, 215","arr":["190","193","215"],"terminus":0,"mode":"bus","color":"#0059a9","colorDark":"#00294f","angle":291.3,"snapDist":12,"label":0}},{"type":"Feature","geometry":{"type":"Point","coordinates":[16.906208,52.418088]},"properties":{"name":"Kościelna Tunel","lines":"191","arr":["191"],"terminus":0,"mode":"bus","color":"#0059a9","colorDark":"#00294f","angle":18.4,"snapDist":3,"label":1}},{"type":"Feature","geometry":{"type":"Point","coordinates":[16.902681,52.418692]},"properties":{"name":"Św. Wawrzyńca","lines":"191","arr":["191"],"terminus":0,"mode":"bus","color":"#0059a9","colorDark":"#00294f","angle":18.3,"snapDist":0,"label":1}},{"type":"Feature","geometry":{"type":"Point","coordinates":[16.894827,52.419985]},"properties":{"name":"Niestachowska","lines":"191","arr":["191"],"terminus":0,"mode":"bus","color":"#0059a9","colorDark":"#00294f","angle":3.5,"snapDist":2,"label":0}},{"type":"Feature","geometry":{"type":"Point","coordinates":[16.894829,52.419868]},"properties":{"name":"Niestachowska","lines":"191","arr":["191"],"terminus":0,"mode":"bus","color":"#0059a9","colorDark":"#00294f","angle":180.9,"snapDist":1,"label":0}},{"type":"Feature","geometry":{"type":"Point","coordinates":[16.901939,52.418854]},"properties":{"name":"Św. Wawrzyńca","lines":"191","arr":["191"],"terminus":0,"mode":"bus","color":"#0059a9","colorDark":"#00294f","angle":199.6,"snapDist":2,"label":0}},{"type":"Feature","geometry":{"type":"Point","coordinates":[16.906455,52.418037]},"properties":{"name":"Kościelna Tunel","lines":"191","arr":["191"],"terminus":0,"mode":"bus","color":"#0059a9","colorDark":"#00294f","angle":198.8,"snapDist":4,"label":0}},{"type":"Feature","geometry":{"type":"Point","coordinates":[16.905431,52.434096]},"properties":{"name":"Witosa Wiadukt","lines":"193, 216","arr":["193","216"],"terminus":0,"mode":"bus","color":"#0059a9","colorDark":"#00294f","angle":289.5,"snapDist":9,"label":1}},{"type":"Feature","geometry":{"type":"Point","coordinates":[16.902431,52.430421]},"properties":{"name":"Witosa Kładka","lines":"193, 216","arr":["193","216"],"terminus":0,"mode":"bus","color":"#0059a9","colorDark":"#00294f","angle":309,"snapDist":8,"label":1}},{"type":"Feature","geometry":{"type":"Point","coordinates":[16.864021,52.410607]},"properties":{"name":"Kolorowa","lines":"193","arr":["193"],"terminus":0,"mode":"bus","color":"#0059a9","colorDark":"#00294f","angle":286.5,"snapDist":3,"label":0}},{"type":"Feature","geometry":{"type":"Point","coordinates":[16.861408,52.394866]},"properties":{"name":"Bułgarska Enea Stadion","lines":"193, 214, 224","arr":["193","214","224"],"terminus":0,"mode":"bus","color":"#0059a9","colorDark":"#00294f","angle":305.9,"snapDist":2,"label":0}},{"type":"Feature","geometry":{"type":"Point","coordinates":[16.858616,52.392803]},"properties":{"name":"Węgorka","lines":"193, 214, 224","arr":["193","214","224"],"terminus":0,"mode":"bus","color":"#0059a9","colorDark":"#00294f","angle":314.8,"snapDist":6,"label":1}},{"type":"Feature","geometry":{"type":"Point","coordinates":[16.854401,52.38957]},"properties":{"name":"Rondo Skubiszewskiego","lines":"193","arr":["193"],"terminus":0,"mode":"bus","color":"#0059a9","colorDark":"#00294f","angle":221.4,"snapDist":1,"label":0}},{"type":"Feature","geometry":{"type":"Point","coordinates":[16.858752,52.387138]},"properties":{"name":"Jawornicka","lines":"193","arr":["193"],"terminus":0,"mode":"bus","color":"#0059a9","colorDark":"#00294f","angle":235.1,"snapDist":2,"label":1}},{"type":"Feature","geometry":{"type":"Point","coordinates":[16.857966,52.387777]},"properties":{"name":"Jawornicka","lines":"193","arr":["193"],"terminus":0,"mode":"bus","color":"#0059a9","colorDark":"#00294f","angle":52.8,"snapDist":5,"label":0}},{"type":"Feature","geometry":{"type":"Point","coordinates":[16.855232,52.39047]},"properties":{"name":"Rondo Skubiszewskiego","lines":"193, 214, 224","arr":["193","214","224"],"terminus":0,"mode":"bus","color":"#0059a9","colorDark":"#00294f","angle":136.6,"snapDist":2,"label":0}},{"type":"Feature","geometry":{"type":"Point","coordinates":[16.858426,52.392379]},"properties":{"name":"Węgorka","lines":"193, 214, 224","arr":["193","214","224"],"terminus":0,"mode":"bus","color":"#0059a9","colorDark":"#00294f","angle":134.6,"snapDist":7,"label":0}},{"type":"Feature","geometry":{"type":"Point","coordinates":[16.900484,52.428467]},"properties":{"name":"Wojska Polskiego","lines":"193, 216","arr":["193","216"],"terminus":0,"mode":"bus","color":"#0059a9","colorDark":"#00294f","angle":121.8,"snapDist":10,"label":0}},{"type":"Feature","geometry":{"type":"Point","coordinates":[16.993563,52.368662]},"properties":{"name":"Łopawska","lines":"196","arr":["196"],"terminus":0,"mode":"bus","color":"#0059a9","colorDark":"#00294f","angle":246.3,"snapDist":6,"label":0}},{"type":"Feature","geometry":{"type":"Point","coordinates":[16.996509,52.363402]},"properties":{"name":"Rodawska","lines":"196","arr":["196"],"terminus":0,"mode":"bus","color":"#0059a9","colorDark":"#00294f","angle":251.3,"snapDist":5,"label":0}},{"type":"Feature","geometry":{"type":"Point","coordinates":[16.999777,52.357499]},"properties":{"name":"Spławska","lines":"196","arr":["196"],"terminus":0,"mode":"bus","color":"#0059a9","colorDark":"#00294f","angle":251.7,"snapDist":6,"label":0}},{"type":"Feature","geometry":{"type":"Point","coordinates":[17.002893,52.351874]},"properties":{"name":"Ostrowska","lines":"196, 220","arr":["196","220"],"terminus":0,"mode":"bus","color":"#0059a9","colorDark":"#00294f","angle":251.3,"snapDist":5,"label":0}},{"type":"Feature","geometry":{"type":"Point","coordinates":[17.005391,52.34736]},"properties":{"name":"Chrzanowska","lines":"196, 220","arr":["196","220"],"terminus":0,"mode":"bus","color":"#0059a9","colorDark":"#00294f","angle":251.3,"snapDist":5,"label":0}},{"type":"Feature","geometry":{"type":"Point","coordinates":[17.009987,52.34196]},"properties":{"name":"Tarnowska","lines":"196, 220, 512","arr":["196","220","512"],"terminus":0,"mode":"bus","color":"#0059a9","colorDark":"#00294f","angle":332.6,"snapDist":5,"label":0}},{"type":"Feature","geometry":{"type":"Point","coordinates":[17.005478,52.340498]},"properties":{"name":"Siewierska","lines":"196, 220, 512","arr":["196","220","512"],"terminus":0,"mode":"bus","color":"#0059a9","colorDark":"#00294f","angle":332.1,"snapDist":7,"label":0}},{"type":"Feature","geometry":{"type":"Point","coordinates":[16.999345,52.340073]},"properties":{"name":"Krzesiny Wiadukt","lines":"196, 220, 511, 512","arr":["196","220","511","512"],"terminus":0,"mode":"bus","color":"#0059a9","colorDark":"#00294f","angle":8.3,"snapDist":8,"label":0}},{"type":"Feature","geometry":{"type":"Point","coordinates":[16.991944,52.341269]},"properties":{"name":"Krzesiny Szkoła","lines":"196, 220, 511, 512","arr":["196","220","511","512"],"terminus":0,"mode":"bus","color":"#0059a9","colorDark":"#00294f","angle":12.9,"snapDist":5,"label":0}},{"type":"Feature","geometry":{"type":"Point","coordinates":[16.988084,52.341222]},"properties":{"name":"Krzesiny","lines":"196, 220, 511, 512","arr":["196","220","511","512"],"terminus":0,"mode":"bus","color":"#0059a9","colorDark":"#00294f","angle":42.7,"snapDist":5,"label":0}},{"type":"Feature","geometry":{"type":"Point","coordinates":[16.985348,52.34338]},"properties":{"name":"Jarosławska","lines":"196, 220, 511, 512","arr":["196","220","511","512"],"terminus":0,"mode":"bus","color":"#0059a9","colorDark":"#00294f","angle":76.5,"snapDist":5,"label":0}},{"type":"Feature","geometry":{"type":"Point","coordinates":[16.984619,52.345063]},"properties":{"name":"Rymanowska","lines":"196, 220, 511, 512","arr":["196","220","511","512"],"terminus":0,"mode":"bus","color":"#0059a9","colorDark":"#00294f","angle":74.3,"snapDist":4,"label":0}},{"type":"Feature","geometry":{"type":"Point","coordinates":[16.981983,52.350764]},"properties":{"name":"Pokrzywno","lines":"196, 220, 511, 512","arr":["196","220","511","512"],"terminus":0,"mode":"bus","color":"#0059a9","colorDark":"#00294f","angle":73.8,"snapDist":6,"label":0}},{"type":"Feature","geometry":{"type":"Point","coordinates":[16.980749,52.354606]},"properties":{"name":"Strzyżowska","lines":"196, 220, 511, 512","arr":["196","220","511","512"],"terminus":0,"mode":"bus","color":"#0059a9","colorDark":"#00294f","angle":86.6,"snapDist":5,"label":0}},{"type":"Feature","geometry":{"type":"Point","coordinates":[16.97965,52.361348]},"properties":{"name":"Sanocka","lines":"196, 220, 511, 512","arr":["196","220","511","512"],"terminus":0,"mode":"bus","color":"#0059a9","colorDark":"#00294f","angle":106.8,"snapDist":5,"label":0}},{"type":"Feature","geometry":{"type":"Point","coordinates":[16.981617,52.365322]},"properties":{"name":"Urszulanek","lines":"196, 220, 511, 512","arr":["196","220","511","512"],"terminus":0,"mode":"bus","color":"#0059a9","colorDark":"#00294f","angle":106.9,"snapDist":5,"label":0}},{"type":"Feature","geometry":{"type":"Point","coordinates":[16.988241,52.368787]},"properties":{"name":"Torowa Wiadukt","lines":"196, 220, 511, 512","arr":["196","220","511","512"],"terminus":0,"mode":"bus","color":"#0059a9","colorDark":"#00294f","angle":144.3,"snapDist":6,"label":0}},{"type":"Feature","geometry":{"type":"Point","coordinates":[16.941836,52.466643]},"properties":{"name":"UAM Os. Różany Potok","lines":"198, 214, 348","arr":["198","214","348"],"terminus":1,"mode":"bus","color":"#0059a9","colorDark":"#00294f","angle":288.5,"snapDist":3,"label":1}},{"type":"Feature","geometry":{"type":"Point","coordinates":[16.941647,52.465297]},"properties":{"name":"UAM Wydział Geografii","lines":"198, 348","arr":["198","348"],"terminus":0,"mode":"bus","color":"#0059a9","colorDark":"#00294f","angle":286.8,"snapDist":3,"label":1}},{"type":"Feature","geometry":{"type":"Point","coordinates":[16.93056,52.463858]},"properties":{"name":"UAM Kampus","lines":"198, 348","arr":["198","348"],"terminus":0,"mode":"bus","color":"#0059a9","colorDark":"#00294f","angle":199.3,"snapDist":9,"label":1}},{"type":"Feature","geometry":{"type":"Point","coordinates":[16.928728,52.460492]},"properties":{"name":"Os. Batorego","lines":"198, 348","arr":["198","348"],"terminus":0,"mode":"bus","color":"#0059a9","colorDark":"#00294f","angle":293.7,"snapDist":6,"label":0}},{"type":"Feature","geometry":{"type":"Point","coordinates":[16.928901,52.460727]},"properties":{"name":"Os. Batorego","lines":"198, 348","arr":["198","348"],"terminus":0,"mode":"bus","color":"#0059a9","colorDark":"#00294f","angle":114.5,"snapDist":7,"label":0}},{"type":"Feature","geometry":{"type":"Point","coordinates":[16.941089,52.464186]},"properties":{"name":"UAM Wydział Geografii","lines":"198, 348","arr":["198","348"],"terminus":0,"mode":"bus","color":"#0059a9","colorDark":"#00294f","angle":107.2,"snapDist":1,"label":0}},{"type":"Feature","geometry":{"type":"Point","coordinates":[16.934072,52.399357]},"properties":{"name":"AWF","lines":"212, 222","arr":["212","222"],"terminus":0,"mode":"bus","color":"#0059a9","colorDark":"#00294f","angle":10.6,"snapDist":8,"label":0}},{"type":"Feature","geometry":{"type":"Point","coordinates":[16.926483,52.400204]},"properties":{"name":"Półwiejska","lines":"212, 222","arr":["212","222"],"terminus":0,"mode":"bus","color":"#0059a9","colorDark":"#00294f","angle":9.6,"snapDist":5,"label":1}},{"type":"Feature","geometry":{"type":"Point","coordinates":[16.913259,52.41001]},"properties":{"name":"Most Teatralny","lines":"212, 213, 214, 215, 218, 222, 223, 224","arr":["212","213","214","215","218","222","223","224"],"terminus":0,"mode":"bus","color":"#0059a9","colorDark":"#00294f","angle":283.8,"snapDist":5,"label":1}},{"type":"Feature","geometry":{"type":"Point","coordinates":[16.912616,52.408397]},"properties":{"name":"Rondo Kaponiera","lines":"212, 213, 214, 215, 218, 222, 223, 224","arr":["212","213","214","215","218","222","223","224"],"terminus":0,"mode":"bus","color":"#0059a9","colorDark":"#00294f","angle":277.9,"snapDist":8,"label":0}},{"type":"Feature","geometry":{"type":"Point","coordinates":[16.912613,52.408384]},"properties":{"name":"Rondo Kaponiera","lines":"212, 213, 214, 215, 216, 218, 222, 223, 224, 226","arr":["212","213","214","215","216","218","222","223","224","226"],"terminus":0,"mode":"bus","color":"#0059a9","colorDark":"#00294f","angle":97.9,"snapDist":9,"label":0}},{"type":"Feature","geometry":{"type":"Point","coordinates":[16.914376,52.410385]},"properties":{"name":"Most Teatralny","lines":"212, 213, 214, 215, 222, 223, 224","arr":["212","213","214","215","222","223","224"],"terminus":0,"mode":"bus","color":"#0059a9","colorDark":"#00294f","angle":199,"snapDist":6,"label":0}},{"type":"Feature","geometry":{"type":"Point","coordinates":[16.920972,52.403078]},"properties":{"name":"Niezłomnych","lines":"212, 222","arr":["212","222"],"terminus":0,"mode":"bus","color":"#0059a9","colorDark":"#00294f","angle":236,"snapDist":11,"label":1}},{"type":"Feature","geometry":{"type":"Point","coordinates":[16.928383,52.399815]},"properties":{"name":"Półwiejska","lines":"212, 222","arr":["212","222"],"terminus":0,"mode":"bus","color":"#0059a9","colorDark":"#00294f","angle":190.2,"snapDist":5,"label":0}},{"type":"Feature","geometry":{"type":"Point","coordinates":[16.936808,52.398857]},"properties":{"name":"AWF","lines":"212, 222","arr":["212","222"],"terminus":0,"mode":"bus","color":"#0059a9","colorDark":"#00294f","angle":191.7,"snapDist":7,"label":0}},{"type":"Feature","geometry":{"type":"Point","coordinates":[16.887002,52.384076]},"properties":{"name":"Sielska","lines":"213, 223","arr":["213","223"],"terminus":0,"mode":"bus","color":"#0059a9","colorDark":"#00294f","angle":136.6,"snapDist":4,"label":1}},{"type":"Feature","geometry":{"type":"Point","coordinates":[16.890813,52.38699]},"properties":{"name":"Krauthofera","lines":"213, 223","arr":["213","223"],"terminus":0,"mode":"bus","color":"#0059a9","colorDark":"#00294f","angle":121.6,"snapDist":5,"label":1}},{"type":"Feature","geometry":{"type":"Point","coordinates":[16.894736,52.390637]},"properties":{"name":"Głogowska/Hetmańska","lines":"213, 218, 223","arr":["213","218","223"],"terminus":0,"mode":"bus","color":"#0059a9","colorDark":"#00294f","angle":127.3,"snapDist":6,"label":0}},{"type":"Feature","geometry":{"type":"Point","coordinates":[16.899105,52.394471]},"properties":{"name":"Rynek Łazarski","lines":"213, 218, 223","arr":["213","218","223"],"terminus":0,"mode":"bus","color":"#0059a9","colorDark":"#00294f","angle":124.1,"snapDist":3,"label":1}},{"type":"Feature","geometry":{"type":"Point","coordinates":[16.902026,52.397122]},"properties":{"name":"Park Wilsona","lines":"213, 218, 223","arr":["213","218","223"],"terminus":0,"mode":"bus","color":"#0059a9","colorDark":"#00294f","angle":123.8,"snapDist":3,"label":0}},{"type":"Feature","geometry":{"type":"Point","coordinates":[16.909036,52.401802]},"properties":{"name":"Dworzec Zachodni","lines":"213, 214, 218, 223, 224","arr":["213","214","218","223","224"],"terminus":0,"mode":"bus","color":"#0059a9","colorDark":"#00294f","angle":136.4,"snapDist":5,"label":0}},{"type":"Feature","geometry":{"type":"Point","coordinates":[16.911171,52.404145]},"properties":{"name":"Most Dworcowy","lines":"213, 214, 218, 223, 224","arr":["213","214","218","223","224"],"terminus":0,"mode":"bus","color":"#0059a9","colorDark":"#00294f","angle":104.6,"snapDist":4,"label":1}},{"type":"Feature","geometry":{"type":"Point","coordinates":[16.93938,52.410711]},"properties":{"name":"Małe Garbary","lines":"213, 223, T7","arr":["213","223","T7"],"terminus":1,"mode":"bus","color":"#0059a9","colorDark":"#00294f","angle":181.3,"snapDist":9,"label":1}},{"type":"Feature","geometry":{"type":"Point","coordinates":[16.948077,52.410077]},"properties":{"name":"Katedra","lines":"213, 223, T7","arr":["213","223","T7"],"terminus":0,"mode":"bus","color":"#0059a9","colorDark":"#00294f","angle":166.4,"snapDist":7,"label":1}},{"type":"Feature","geometry":{"type":"Point","coordinates":[16.971578,52.409187]},"properties":{"name":"Termalna","lines":"213, 223, 401, 405, 406, 407","arr":["213","223","401","405","406","407"],"terminus":0,"mode":"bus","color":"#0059a9","colorDark":"#00294f","angle":176.6,"snapDist":7,"label":0}},{"type":"Feature","geometry":{"type":"Point","coordinates":[16.984756,52.409656]},"properties":{"name":"Łomżyńska","lines":"213, 223, 400, 401, 405, 406, 407","arr":["213","223","400","401","405","406","407"],"terminus":0,"mode":"bus","color":"#0059a9","colorDark":"#00294f","angle":176.4,"snapDist":8,"label":1}},{"type":"Feature","geometry":{"type":"Point","coordinates":[16.985173,52.409793]},"properties":{"name":"Łomżyńska","lines":"213, 223, 400, 401, 405, 406, 407","arr":["213","223","400","401","405","406","407"],"terminus":0,"mode":"bus","color":"#0059a9","colorDark":"#00294f","angle":356.6,"snapDist":9,"label":0}},{"type":"Feature","geometry":{"type":"Point","coordinates":[16.973084,52.40936]},"properties":{"name":"Termalna","lines":"213, 223, 401, 405, 406, 407","arr":["213","223","401","405","406","407"],"terminus":0,"mode":"bus","color":"#0059a9","colorDark":"#00294f","angle":356.7,"snapDist":11,"label":0}},{"type":"Feature","geometry":{"type":"Point","coordinates":[16.947315,52.409976]},"properties":{"name":"Katedra","lines":"213, 223, T7","arr":["213","223","T7"],"terminus":0,"mode":"bus","color":"#0059a9","colorDark":"#00294f","angle":352.1,"snapDist":2,"label":0}},{"type":"Feature","geometry":{"type":"Point","coordinates":[16.911099,52.403989]},"properties":{"name":"Most Dworcowy","lines":"213, 214, 218, 223, 224","arr":["213","214","218","223","224"],"terminus":0,"mode":"bus","color":"#0059a9","colorDark":"#00294f","angle":285.8,"snapDist":5,"label":0}},{"type":"Feature","geometry":{"type":"Point","coordinates":[16.908849,52.401691]},"properties":{"name":"Dworzec Zachodni","lines":"213, 214, 218, 223, 224","arr":["213","214","218","223","224"],"terminus":0,"mode":"bus","color":"#0059a9","colorDark":"#00294f","angle":315.6,"snapDist":4,"label":0}},{"type":"Feature","geometry":{"type":"Point","coordinates":[16.903193,52.398227]},"properties":{"name":"Park Wilsona","lines":"213, 218, 223","arr":["213","218","223"],"terminus":0,"mode":"bus","color":"#0059a9","colorDark":"#00294f","angle":304.1,"snapDist":3,"label":0}},{"type":"Feature","geometry":{"type":"Point","coordinates":[16.898496,52.393966]},"properties":{"name":"Rynek Łazarski","lines":"213, 218, 223","arr":["213","218","223"],"terminus":0,"mode":"bus","color":"#0059a9","colorDark":"#00294f","angle":304,"snapDist":1,"label":0}},{"type":"Feature","geometry":{"type":"Point","coordinates":[16.894565,52.390491]},"properties":{"name":"Głogowska/Hetmańska","lines":"213, 218, 223","arr":["213","218","223"],"terminus":0,"mode":"bus","color":"#0059a9","colorDark":"#00294f","angle":303.4,"snapDist":7,"label":0}},{"type":"Feature","geometry":{"type":"Point","coordinates":[16.891421,52.387565]},"properties":{"name":"Krauthofera","lines":"213, 223","arr":["213","223"],"terminus":0,"mode":"bus","color":"#0059a9","colorDark":"#00294f","angle":304.9,"snapDist":4,"label":0}},{"type":"Feature","geometry":{"type":"Point","coordinates":[16.886831,52.384031]},"properties":{"name":"Sielska","lines":"213, 223","arr":["213","223"],"terminus":0,"mode":"bus","color":"#0059a9","colorDark":"#00294f","angle":316.8,"snapDist":7,"label":0}},{"type":"Feature","geometry":{"type":"Point","coordinates":[16.839373,52.384882]},"properties":{"name":"Cmentarna","lines":"214, 224","arr":["214","224"],"terminus":0,"mode":"bus","color":"#0059a9","colorDark":"#00294f","angle":150.2,"snapDist":8,"label":0}},{"type":"Feature","geometry":{"type":"Point","coordinates":[16.861931,52.395032]},"properties":{"name":"Bułgarska Enea Stadion","lines":"214, 224","arr":["214","224"],"terminus":0,"mode":"bus","color":"#0059a9","colorDark":"#00294f","angle":131.8,"snapDist":9,"label":0}},{"type":"Feature","geometry":{"type":"Point","coordinates":[16.86708,52.39659]},"properties":{"name":"Drzewieckiego","lines":"214, 224","arr":["214","224"],"terminus":0,"mode":"bus","color":"#0059a9","colorDark":"#00294f","angle":158.2,"snapDist":7,"label":1}},{"type":"Feature","geometry":{"type":"Point","coordinates":[16.877295,52.399155]},"properties":{"name":"Grochowska","lines":"214, 224","arr":["214","224"],"terminus":0,"mode":"bus","color":"#0059a9","colorDark":"#00294f","angle":147.8,"snapDist":2,"label":0}},{"type":"Feature","geometry":{"type":"Point","coordinates":[16.88182,52.400361]},"properties":{"name":"Ostroroga","lines":"214, 224","arr":["214","224"],"terminus":0,"mode":"bus","color":"#0059a9","colorDark":"#00294f","angle":155.3,"snapDist":4,"label":1}},{"type":"Feature","geometry":{"type":"Point","coordinates":[16.888915,52.401981]},"properties":{"name":"Rondo Nowaka-Jeziorańskiego","lines":"214, 224","arr":["214","224"],"terminus":0,"mode":"bus","color":"#0059a9","colorDark":"#00294f","angle":254.2,"snapDist":3,"label":0}},{"type":"Feature","geometry":{"type":"Point","coordinates":[16.945941,52.468202]},"properties":{"name":"Kresowa","lines":"214, 348","arr":["214","348"],"terminus":0,"mode":"bus","color":"#0059a9","colorDark":"#00294f","angle":342.4,"snapDist":2,"label":0}},{"type":"Feature","geometry":{"type":"Point","coordinates":[16.888057,52.402473]},"properties":{"name":"Rondo Nowaka-Jeziorańskiego","lines":"214, 224","arr":["214","224"],"terminus":0,"mode":"bus","color":"#0059a9","colorDark":"#00294f","angle":324.7,"snapDist":7,"label":0}},{"type":"Feature","geometry":{"type":"Point","coordinates":[16.882481,52.400714]},"properties":{"name":"Ostroroga","lines":"214, 224","arr":["214","224"],"terminus":0,"mode":"bus","color":"#0059a9","colorDark":"#00294f","angle":337.2,"snapDist":4,"label":0}},{"type":"Feature","geometry":{"type":"Point","coordinates":[16.875604,52.398946]},"properties":{"name":"Grochowska","lines":"214, 224","arr":["214","224"],"terminus":0,"mode":"bus","color":"#0059a9","colorDark":"#00294f","angle":335.1,"snapDist":5,"label":0}},{"type":"Feature","geometry":{"type":"Point","coordinates":[16.867637,52.396909]},"properties":{"name":"Drzewieckiego","lines":"214, 224","arr":["214","224"],"terminus":0,"mode":"bus","color":"#0059a9","colorDark":"#00294f","angle":336.7,"snapDist":8,"label":0}},{"type":"Feature","geometry":{"type":"Point","coordinates":[16.853025,52.38989]},"properties":{"name":"Rondo Skubiszewskiego","lines":"214, 224","arr":["214","224"],"terminus":0,"mode":"bus","color":"#0059a9","colorDark":"#00294f","angle":314,"snapDist":7,"label":0}},{"type":"Feature","geometry":{"type":"Point","coordinates":[16.849768,52.388627]},"properties":{"name":"Budziszyńska","lines":"214, 224","arr":["214","224"],"terminus":0,"mode":"bus","color":"#0059a9","colorDark":"#00294f","angle":330.8,"snapDist":4,"label":0}},{"type":"Feature","geometry":{"type":"Point","coordinates":[16.917006,52.384281]},"properties":{"name":"Rolna","lines":"215, 218","arr":["215","218"],"terminus":0,"mode":"bus","color":"#0059a9","colorDark":"#00294f","angle":14.3,"snapDist":7,"label":0}},{"type":"Feature","geometry":{"type":"Point","coordinates":[16.918473,52.389399]},"properties":{"name":"Kosińskiego","lines":"215","arr":["215"],"terminus":0,"mode":"bus","color":"#0059a9","colorDark":"#00294f","angle":-59.8,"snapDist":7,"label":1}},{"type":"Feature","geometry":{"type":"Point","coordinates":[16.920676,52.393078]},"properties":{"name":"Rynek Wildecki","lines":"215","arr":["215"],"terminus":0,"mode":"bus","color":"#0059a9","colorDark":"#00294f","angle":137.3,"snapDist":4,"label":1}},{"type":"Feature","geometry":{"type":"Point","coordinates":[16.921242,52.397581]},"properties":{"name":"Św. Czesława","lines":"215","arr":["215"],"terminus":0,"mode":"bus","color":"#0059a9","colorDark":"#00294f","angle":89.4,"snapDist":9,"label":1}},{"type":"Feature","geometry":{"type":"Point","coordinates":[16.928232,52.443232]},"properties":{"name":"Umultowska","lines":"215","arr":["215"],"terminus":0,"mode":"bus","color":"#0059a9","colorDark":"#00294f","angle":357.1,"snapDist":10,"label":0}},{"type":"Feature","geometry":{"type":"Point","coordinates":[16.921259,52.396513]},"properties":{"name":"Św. Czesława","lines":"215","arr":["215"],"terminus":0,"mode":"bus","color":"#0059a9","colorDark":"#00294f","angle":269.6,"snapDist":1,"label":0}},{"type":"Feature","geometry":{"type":"Point","coordinates":[16.920453,52.392908]},"properties":{"name":"Rynek Wildecki","lines":"215","arr":["215"],"terminus":0,"mode":"bus","color":"#0059a9","colorDark":"#00294f","angle":300.4,"snapDist":0,"label":0}},{"type":"Feature","geometry":{"type":"Point","coordinates":[16.918344,52.389264]},"properties":{"name":"Kosińskiego","lines":"215","arr":["215"],"terminus":0,"mode":"bus","color":"#0059a9","colorDark":"#00294f","angle":300.4,"snapDist":8,"label":0}},{"type":"Feature","geometry":{"type":"Point","coordinates":[16.915316,52.384425]},"properties":{"name":"Traugutta","lines":"215, 218","arr":["215","218"],"terminus":0,"mode":"bus","color":"#0059a9","colorDark":"#00294f","angle":29.1,"snapDist":8,"label":1}},{"type":"Feature","geometry":{"type":"Point","coordinates":[16.912614,52.4107]},"properties":{"name":"Most Teatralny","lines":"216, 226","arr":["216","226"],"terminus":0,"mode":"bus","color":"#0059a9","colorDark":"#00294f","angle":208.5,"snapDist":5,"label":0}},{"type":"Feature","geometry":{"type":"Point","coordinates":[16.904744,52.412489]},"properties":{"name":"Rynek Jeżycki","lines":"216, 226","arr":["216","226"],"terminus":0,"mode":"bus","color":"#0059a9","colorDark":"#00294f","angle":19.5,"snapDist":5,"label":0}},{"type":"Feature","geometry":{"type":"Point","coordinates":[16.905676,52.412285]},"properties":{"name":"Rynek Jeżycki","lines":"216, 226","arr":["216","226"],"terminus":0,"mode":"bus","color":"#0059a9","colorDark":"#00294f","angle":199.8,"snapDist":7,"label":0}},{"type":"Feature","geometry":{"type":"Point","coordinates":[16.913071,52.410022]},"properties":{"name":"Most Teatralny","lines":"216, 226","arr":["216","226"],"terminus":0,"mode":"bus","color":"#0059a9","colorDark":"#00294f","angle":285,"snapDist":12,"label":0}},{"type":"Feature","geometry":{"type":"Point","coordinates":[16.950472,52.37212]},"properties":{"name":"Unii Lubelskiej","lines":"217","arr":["217"],"terminus":0,"mode":"bus","color":"#0059a9","colorDark":"#00294f","angle":127.2,"snapDist":4,"label":0}},{"type":"Feature","geometry":{"type":"Point","coordinates":[16.953858,52.37479]},"properties":{"name":"Tadeuszak","lines":"217","arr":["217"],"terminus":0,"mode":"bus","color":"#0059a9","colorDark":"#00294f","angle":125.7,"snapDist":2,"label":1}},{"type":"Feature","geometry":{"type":"Point","coordinates":[16.950959,52.396667]},"properties":{"name":"Rondo Rataje","lines":"217, 220, 221, 227","arr":["217","220","221","227"],"terminus":0,"mode":"bus","color":"#0059a9","colorDark":"#00294f","angle":109.5,"snapDist":5,"label":0}},{"type":"Feature","geometry":{"type":"Point","coordinates":[16.952785,52.39942]},"properties":{"name":"Kórnicka","lines":"217, 227","arr":["217","227"],"terminus":0,"mode":"bus","color":"#0059a9","colorDark":"#00294f","angle":103.6,"snapDist":7,"label":1}},{"type":"Feature","geometry":{"type":"Point","coordinates":[16.95434,52.403224]},"properties":{"name":"Baraniaka","lines":"217, 227","arr":["217","227"],"terminus":0,"mode":"bus","color":"#0059a9","colorDark":"#00294f","angle":255.3,"snapDist":5,"label":0}},{"type":"Feature","geometry":{"type":"Point","coordinates":[16.943143,52.381447]},"properties":{"name":"Rondo Starołęka","lines":"217, 221","arr":["217","221"],"terminus":0,"mode":"bus","color":"#0059a9","colorDark":"#00294f","angle":288.9,"snapDist":8,"label":0}},{"type":"Feature","geometry":{"type":"Point","coordinates":[16.95247,52.3737]},"properties":{"name":"Tadeuszak","lines":"217","arr":["217"],"terminus":0,"mode":"bus","color":"#0059a9","colorDark":"#00294f","angle":308.1,"snapDist":2,"label":0}},{"type":"Feature","geometry":{"type":"Point","coordinates":[16.950171,52.371886]},"properties":{"name":"Unii Lubelskiej","lines":"217","arr":["217"],"terminus":0,"mode":"bus","color":"#0059a9","colorDark":"#00294f","angle":309,"snapDist":3,"label":0}},{"type":"Feature","geometry":{"type":"Point","coordinates":[16.932006,52.368821]},"properties":{"name":"Starołęka PKM","lines":"217, 221","arr":["217","221"],"terminus":0,"mode":"bus","color":"#0059a9","colorDark":"#00294f","angle":123.1,"snapDist":4,"label":0}},{"type":"Feature","geometry":{"type":"Point","coordinates":[16.929245,52.366176]},"properties":{"name":"Starołęka PKM","lines":"217, 221","arr":["217","221"],"terminus":0,"mode":"bus","color":"#0059a9","colorDark":"#00294f","angle":302.1,"snapDist":4,"label":0}},{"type":"Feature","geometry":{"type":"Point","coordinates":[16.92177,52.419901]},"properties":{"name":"Przepadek","lines":"218","arr":["218"],"terminus":0,"mode":"bus","color":"#0059a9","colorDark":"#00294f","angle":222.2,"snapDist":8,"label":0}},{"type":"Feature","geometry":{"type":"Point","coordinates":[16.918121,52.415507]},"properties":{"name":"Wielkopolska","lines":"218","arr":["218"],"terminus":0,"mode":"bus","color":"#0059a9","colorDark":"#00294f","angle":316.6,"snapDist":11,"label":1}},{"type":"Feature","geometry":{"type":"Point","coordinates":[16.902258,52.387175]},"properties":{"name":"Kolejowa","lines":"218","arr":["218"],"terminus":0,"mode":"bus","color":"#0059a9","colorDark":"#00294f","angle":209.9,"snapDist":8,"label":1}},{"type":"Feature","geometry":{"type":"Point","coordinates":[16.918307,52.383896]},"properties":{"name":"Rolna","lines":"218","arr":["218"],"terminus":0,"mode":"bus","color":"#0059a9","colorDark":"#00294f","angle":191.9,"snapDist":6,"label":0}},{"type":"Feature","geometry":{"type":"Point","coordinates":[16.92806,52.382768]},"properties":{"name":"Hetmańska Wiadukt","lines":"218","arr":["218"],"terminus":0,"mode":"bus","color":"#0059a9","colorDark":"#00294f","angle":190.8,"snapDist":6,"label":1}},{"type":"Feature","geometry":{"type":"Point","coordinates":[16.942082,52.380894]},"properties":{"name":"Rondo Starołęka","lines":"218","arr":["218"],"terminus":0,"mode":"bus","color":"#0059a9","colorDark":"#00294f","angle":20.4,"snapDist":6,"label":0}},{"type":"Feature","geometry":{"type":"Point","coordinates":[16.928174,52.382947]},"properties":{"name":"Hetmańska Wiadukt","lines":"218","arr":["218"],"terminus":0,"mode":"bus","color":"#0059a9","colorDark":"#00294f","angle":10.3,"snapDist":5,"label":0}},{"type":"Feature","geometry":{"type":"Point","coordinates":[16.913762,52.385503]},"properties":{"name":"Traugutta","lines":"218","arr":["218"],"terminus":0,"mode":"bus","color":"#0059a9","colorDark":"#00294f","angle":35,"snapDist":6,"label":0}},{"type":"Feature","geometry":{"type":"Point","coordinates":[16.902748,52.387258]},"properties":{"name":"Kolejowa","lines":"218","arr":["218"],"terminus":0,"mode":"bus","color":"#0059a9","colorDark":"#00294f","angle":28.7,"snapDist":10,"label":0}},{"type":"Feature","geometry":{"type":"Point","coordinates":[16.913813,52.410928]},"properties":{"name":"Most Teatralny","lines":"218","arr":["218"],"terminus":0,"mode":"bus","color":"#0059a9","colorDark":"#00294f","angle":100.6,"snapDist":9,"label":0}},{"type":"Feature","geometry":{"type":"Point","coordinates":[16.917896,52.41538]},"properties":{"name":"Wielkopolska","lines":"218","arr":["218"],"terminus":0,"mode":"bus","color":"#0059a9","colorDark":"#00294f","angle":138,"snapDist":7,"label":0}},{"type":"Feature","geometry":{"type":"Point","coordinates":[16.809257,52.431666]},"properties":{"name":"Wichrowa","lines":"219, 802, 803, 804, 811, 812, 813, 821, 822, 833","arr":["219","802","803","804","811","812","813","821","822","833"],"terminus":1,"mode":"bus","color":"#0059a9","colorDark":"#00294f","angle":189.2,"snapDist":8,"label":1}},{"type":"Feature","geometry":{"type":"Point","coordinates":[16.822305,52.431733]},"properties":{"name":"Leśnowolska","lines":"219, 802, 803, 804, 811, 812, 813, 821, 822, 833","arr":["219","802","803","804","811","812","813","821","822","833"],"terminus":0,"mode":"bus","color":"#0059a9","colorDark":"#00294f","angle":180.4,"snapDist":13,"label":1}},{"type":"Feature","geometry":{"type":"Point","coordinates":[16.872953,52.420379]},"properties":{"name":"Polska","lines":"219, 802, 803, 804, 811, 812, 813, 821, 822","arr":["219","802","803","804","811","812","813","821","822"],"terminus":0,"mode":"bus","color":"#0059a9","colorDark":"#00294f","angle":288.9,"snapDist":8,"label":0}},{"type":"Feature","geometry":{"type":"Point","coordinates":[16.882107,52.416981]},"properties":{"name":"Ogrody","lines":"219, 802, 803, 804, 811, 812, 813, 821, 822","arr":["219","802","803","804","811","812","813","821","822"],"terminus":1,"mode":"bus","color":"#0059a9","colorDark":"#00294f","angle":121.5,"snapDist":11,"label":0}},{"type":"Feature","geometry":{"type":"Point","coordinates":[16.89672,52.414281]},"properties":{"name":"Polna","lines":"219","arr":["219"],"terminus":0,"mode":"bus","color":"#0059a9","colorDark":"#00294f","angle":199.3,"snapDist":5,"label":1}},{"type":"Feature","geometry":{"type":"Point","coordinates":[16.908643,52.408246]},"properties":{"name":"Stare Zoo","lines":"219","arr":["219"],"terminus":0,"mode":"bus","color":"#0059a9","colorDark":"#00294f","angle":10.6,"snapDist":5,"label":0}},{"type":"Feature","geometry":{"type":"Point","coordinates":[16.902843,52.409058]},"properties":{"name":"Kraszewskiego","lines":"219","arr":["219"],"terminus":0,"mode":"bus","color":"#0059a9","colorDark":"#00294f","angle":8.5,"snapDist":8,"label":0}},{"type":"Feature","geometry":{"type":"Point","coordinates":[16.897181,52.414179]},"properties":{"name":"Polna","lines":"219","arr":["219"],"terminus":0,"mode":"bus","color":"#0059a9","colorDark":"#00294f","angle":20.2,"snapDist":4,"label":0}},{"type":"Feature","geometry":{"type":"Point","coordinates":[16.936482,52.400899]},"properties":{"name":"AWF","lines":"220, 221","arr":["220","221"],"terminus":0,"mode":"bus","color":"#0059a9","colorDark":"#00294f","angle":160.4,"snapDist":8,"label":0}},{"type":"Feature","geometry":{"type":"Point","coordinates":[16.942384,52.402693]},"properties":{"name":"Most Św. Rocha","lines":"220, 221","arr":["220","221"],"terminus":0,"mode":"bus","color":"#0059a9","colorDark":"#00294f","angle":192.1,"snapDist":4,"label":0}},{"type":"Feature","geometry":{"type":"Point","coordinates":[16.948797,52.400617]},"properties":{"name":"Politechnika","lines":"220, 221","arr":["220","221"],"terminus":0,"mode":"bus","color":"#0059a9","colorDark":"#00294f","angle":30.2,"snapDist":4,"label":1}},{"type":"Feature","geometry":{"type":"Point","coordinates":[17.000398,52.357135]},"properties":{"name":"Spławska","lines":"220","arr":["220"],"terminus":0,"mode":"bus","color":"#0059a9","colorDark":"#00294f","angle":9.2,"snapDist":3,"label":0}},{"type":"Feature","geometry":{"type":"Point","coordinates":[16.951581,52.399691]},"properties":{"name":"Kórnicka","lines":"220, 221","arr":["220","221"],"terminus":0,"mode":"bus","color":"#0059a9","colorDark":"#00294f","angle":30.9,"snapDist":1,"label":0}},{"type":"Feature","geometry":{"type":"Point","coordinates":[16.948713,52.400647]},"properties":{"name":"Politechnika","lines":"220, 221","arr":["220","221"],"terminus":0,"mode":"bus","color":"#0059a9","colorDark":"#00294f","angle":30.3,"snapDist":7,"label":0}},{"type":"Feature","geometry":{"type":"Point","coordinates":[16.942262,52.402708]},"properties":{"name":"Most Św. Rocha","lines":"220, 221","arr":["220","221"],"terminus":0,"mode":"bus","color":"#0059a9","colorDark":"#00294f","angle":11.5,"snapDist":7,"label":0}},{"type":"Feature","geometry":{"type":"Point","coordinates":[16.93399,52.370744]},"properties":{"name":"Bystra","lines":"221","arr":["221"],"terminus":0,"mode":"bus","color":"#0059a9","colorDark":"#00294f","angle":122.4,"snapDist":4,"label":1}},{"type":"Feature","geometry":{"type":"Point","coordinates":[16.939836,52.376207]},"properties":{"name":"Starołęka Mała","lines":"221","arr":["221"],"terminus":0,"mode":"bus","color":"#0059a9","colorDark":"#00294f","angle":122.9,"snapDist":5,"label":1}},{"type":"Feature","geometry":{"type":"Point","coordinates":[16.939992,52.376354]},"properties":{"name":"Starołęka Mała","lines":"221","arr":["221"],"terminus":0,"mode":"bus","color":"#0059a9","colorDark":"#00294f","angle":302.7,"snapDist":5,"label":0}},{"type":"Feature","geometry":{"type":"Point","coordinates":[16.934435,52.371169]},"properties":{"name":"Bystra","lines":"221","arr":["221"],"terminus":0,"mode":"bus","color":"#0059a9","colorDark":"#00294f","angle":303,"snapDist":8,"label":0}},{"type":"Feature","geometry":{"type":"Point","coordinates":[16.823595,52.377648]},"properties":{"name":"Junikowo PKM","lines":"224, 715, 716, 717","arr":["224","715","716","717"],"terminus":1,"mode":"bus","color":"#0059a9","colorDark":"#00294f","angle":356.4,"snapDist":5,"label":1}},{"type":"Feature","geometry":{"type":"Point","coordinates":[16.828208,52.379677]},"properties":{"name":"Twardogórska","lines":"224, 715, 716, 717","arr":["224","715","716","717"],"terminus":0,"mode":"bus","color":"#0059a9","colorDark":"#00294f","angle":131.3,"snapDist":3,"label":1}},{"type":"Feature","geometry":{"type":"Point","coordinates":[16.951673,52.430698]},"properties":{"name":"Wilczak/Serbska","lines":"224","arr":["224"],"terminus":0,"mode":"bus","color":"#0059a9","colorDark":"#00294f","angle":315.9,"snapDist":8,"label":0}},{"type":"Feature","geometry":{"type":"Point","coordinates":[16.831978,52.382384]},"properties":{"name":"Os. Kwiatowe","lines":"224, 715, 716, 717","arr":["224","715","716","717"],"terminus":0,"mode":"bus","color":"#0059a9","colorDark":"#00294f","angle":307.1,"snapDist":4,"label":0}},{"type":"Feature","geometry":{"type":"Point","coordinates":[16.828457,52.37985]},"properties":{"name":"Twardogórska","lines":"224, 715, 716, 717","arr":["224","715","716","717"],"terminus":0,"mode":"bus","color":"#0059a9","colorDark":"#00294f","angle":311.3,"snapDist":4,"label":0}},{"type":"Feature","geometry":{"type":"Point","coordinates":[16.849051,52.451853]},"properties":{"name":"Stary Strzeszyn","lines":"226","arr":["226"],"terminus":0,"mode":"bus","color":"#0059a9","colorDark":"#00294f","angle":-108.9,"snapDist":6,"label":0}},{"type":"Feature","geometry":{"type":"Point","coordinates":[16.978467,52.426797]},"properties":{"name":"Bałtycka","lines":"227, 312, 320, 321, 322, 323, 341, 342","arr":["227","312","320","321","322","323","341","342"],"terminus":0,"mode":"bus","color":"#0059a9","colorDark":"#00294f","angle":100.3,"snapDist":8,"label":0}},{"type":"Feature","geometry":{"type":"Point","coordinates":[16.97964,52.431965]},"properties":{"name":"Gdyńska","lines":"227, 312, 320, 321, 322, 323, 341, 342","arr":["227","312","320","321","322","323","341","342"],"terminus":0,"mode":"bus","color":"#0059a9","colorDark":"#00294f","angle":98.6,"snapDist":4,"label":1}},{"type":"Feature","geometry":{"type":"Point","coordinates":[16.98031,52.435292]},"properties":{"name":"Czerwonacka","lines":"227, 312, 320, 321, 322, 323, 341, 342","arr":["227","312","320","321","322","323","341","342"],"terminus":0,"mode":"bus","color":"#0059a9","colorDark":"#00294f","angle":90.3,"snapDist":0,"label":1}},{"type":"Feature","geometry":{"type":"Point","coordinates":[16.982211,52.439361]},"properties":{"name":"Karolin PKM","lines":"227, 312, 320, 321, 322, 323, 341, 342","arr":["227","312","320","321","322","323","341","342"],"terminus":0,"mode":"bus","color":"#0059a9","colorDark":"#00294f","angle":90,"snapDist":0,"label":1}},{"type":"Feature","geometry":{"type":"Point","coordinates":[16.990616,52.444072]},"properties":{"name":"Koziegłowy/Os. Karolin","lines":"227, 320, 321, 322, 323, 341","arr":["227","320","321","322","323","341"],"terminus":0,"mode":"bus","color":"#0059a9","colorDark":"#00294f","angle":133.7,"snapDist":4,"label":1}},{"type":"Feature","geometry":{"type":"Point","coordinates":[16.990703,52.446706]},"properties":{"name":"Koziegłowy/Szkoła","lines":"227, 312, 322, 323","arr":["227","312","322","323"],"terminus":0,"mode":"bus","color":"#0059a9","colorDark":"#00294f","angle":139.3,"snapDist":7,"label":0}},{"type":"Feature","geometry":{"type":"Point","coordinates":[16.992135,52.449418]},"properties":{"name":"Koziegłowy/Pływalnia","lines":"227, 312, 322, 323","arr":["227","312","322","323"],"terminus":0,"mode":"bus","color":"#0059a9","colorDark":"#00294f","angle":81.9,"snapDist":4,"label":1}},{"type":"Feature","geometry":{"type":"Point","coordinates":[16.991464,52.452426]},"properties":{"name":"Koziegłowy/Os. Leśne","lines":"227, 312, 322, 323, 388","arr":["227","312","322","323","388"],"terminus":1,"mode":"bus","color":"#0059a9","colorDark":"#00294f","angle":272.8,"snapDist":6,"label":1}},{"type":"Feature","geometry":{"type":"Point","coordinates":[16.992358,52.448154]},"properties":{"name":"Koziegłowy/Pływalnia","lines":"227, 312, 322, 323, 388","arr":["227","312","322","323","388"],"terminus":0,"mode":"bus","color":"#0059a9","colorDark":"#00294f","angle":274.4,"snapDist":5,"label":0}},{"type":"Feature","geometry":{"type":"Point","coordinates":[16.991049,52.445567]},"properties":{"name":"Koziegłowy/Szkoła","lines":"227, 322, 323, 341, 388, 396","arr":["227","322","323","341","388","396"],"terminus":1,"mode":"bus","color":"#0059a9","colorDark":"#00294f","angle":226.1,"snapDist":4,"label":1}},{"type":"Feature","geometry":{"type":"Point","coordinates":[16.990005,52.44368]},"properties":{"name":"Koziegłowy/Os. Karolin","lines":"227, 320, 321, 322, 323, 341","arr":["227","320","321","322","323","341"],"terminus":0,"mode":"bus","color":"#0059a9","colorDark":"#00294f","angle":313.4,"snapDist":5,"label":0}},{"type":"Feature","geometry":{"type":"Point","coordinates":[16.982069,52.43937]},"properties":{"name":"Karolin PKM","lines":"227, 312, 320, 321, 322, 323, 341, 342","arr":["227","312","320","321","322","323","341","342"],"terminus":0,"mode":"bus","color":"#0059a9","colorDark":"#00294f","angle":269.5,"snapDist":5,"label":0}},{"type":"Feature","geometry":{"type":"Point","coordinates":[16.980145,52.434811]},"properties":{"name":"Czerwonacka","lines":"227, 312, 320, 321, 322, 323, 341, 342","arr":["227","312","320","321","322","323","341","342"],"terminus":0,"mode":"bus","color":"#0059a9","colorDark":"#00294f","angle":274.2,"snapDist":7,"label":0}},{"type":"Feature","geometry":{"type":"Point","coordinates":[16.97906,52.430359]},"properties":{"name":"Gdyńska","lines":"227, 312, 320, 321, 322, 323, 341, 342","arr":["227","312","320","321","322","323","341","342"],"terminus":0,"mode":"bus","color":"#0059a9","colorDark":"#00294f","angle":279.5,"snapDist":12,"label":0}},{"type":"Feature","geometry":{"type":"Point","coordinates":[16.984779,52.447449]},"properties":{"name":"Koziegłowy/Żołnierzy Niezłomnych","lines":"312, 341","arr":["312","341"],"terminus":0,"mode":"bus","color":"#0059a9","colorDark":"#00294f","angle":172.3,"snapDist":1,"label":1}},{"type":"Feature","geometry":{"type":"Point","coordinates":[16.991975,52.453412]},"properties":{"name":"Koziegłowy/Os. Leśne","lines":"312, 322, 323","arr":["312","322","323"],"terminus":0,"mode":"bus","color":"#0059a9","colorDark":"#00294f","angle":115.9,"snapDist":6,"label":0}},{"type":"Feature","geometry":{"type":"Point","coordinates":[16.996206,52.458539]},"properties":{"name":"Czerwonak/Cmentarz","lines":"312, 323","arr":["312","323"],"terminus":0,"mode":"bus","color":"#0059a9","colorDark":"#00294f","angle":110.7,"snapDist":3,"label":0}},{"type":"Feature","geometry":{"type":"Point","coordinates":[16.997471,52.464644]},"properties":{"name":"Czerwonak/Błękitna","lines":"312","arr":["312"],"terminus":0,"mode":"bus","color":"#0059a9","colorDark":"#00294f","angle":15.4,"snapDist":5,"label":1}},{"type":"Feature","geometry":{"type":"Point","coordinates":[16.99105,52.46493]},"properties":{"name":"Czerwonak/Zalesie","lines":"312","arr":["312"],"terminus":0,"mode":"bus","color":"#0059a9","colorDark":"#00294f","angle":355.5,"snapDist":2,"label":1}},{"type":"Feature","geometry":{"type":"Point","coordinates":[16.981661,52.464312]},"properties":{"name":"Czerwonak/Szkolna","lines":"312, 341, 342","arr":["312","341","342"],"terminus":0,"mode":"bus","color":"#0059a9","colorDark":"#00294f","angle":71,"snapDist":8,"label":1}},{"type":"Feature","geometry":{"type":"Point","coordinates":[16.980221,52.468138]},"properties":{"name":"Czerwonak/PKM","lines":"312, 341, 342, 396","arr":["312","341","342","396"],"terminus":0,"mode":"bus","color":"#0059a9","colorDark":"#00294f","angle":85.6,"snapDist":12,"label":0}},{"type":"Feature","geometry":{"type":"Point","coordinates":[16.979372,52.475302]},"properties":{"name":"Czerwonak/Kręta","lines":"312, 341, 342, 394, 396","arr":["312","341","342","394","396"],"terminus":0,"mode":"bus","color":"#0059a9","colorDark":"#00294f","angle":85.4,"snapDist":7,"label":1}},{"type":"Feature","geometry":{"type":"Point","coordinates":[16.978662,52.480816]},"properties":{"name":"Czerwonak/Os. Przylesie PKM","lines":"312, 341, 342, 394, 396","arr":["312","341","342","394","396"],"terminus":0,"mode":"bus","color":"#0059a9","colorDark":"#00294f","angle":85.5,"snapDist":6,"label":1}},{"type":"Feature","geometry":{"type":"Point","coordinates":[16.977972,52.486406]},"properties":{"name":"Czerwonak/Elewator","lines":"312, 341, 342, 394, 396","arr":["312","341","342","394","396"],"terminus":0,"mode":"bus","color":"#0059a9","colorDark":"#00294f","angle":86.1,"snapDist":6,"label":1}},{"type":"Feature","geometry":{"type":"Point","coordinates":[16.976595,52.497832]},"properties":{"name":"Miękowo/Kolejowa","lines":"312, 341, 342, 394, 396","arr":["312","341","342","394","396"],"terminus":0,"mode":"bus","color":"#0059a9","colorDark":"#00294f","angle":85.7,"snapDist":7,"label":1}},{"type":"Feature","geometry":{"type":"Point","coordinates":[16.975973,52.503015]},"properties":{"name":"Owińska/Gospodarstwo Ogrodnicze","lines":"312, 341, 342, 396","arr":["312","341","342","396"],"terminus":0,"mode":"bus","color":"#0059a9","colorDark":"#00294f","angle":85.2,"snapDist":6,"label":1}},{"type":"Feature","geometry":{"type":"Point","coordinates":[16.977827,52.511021]},"properties":{"name":"Owińska/Parkowa","lines":"312, 342, 392, 396","arr":["312","342","392","396"],"terminus":0,"mode":"bus","color":"#0059a9","colorDark":"#00294f","angle":204.2,"snapDist":5,"label":1}},{"type":"Feature","geometry":{"type":"Point","coordinates":[16.986781,52.511977]},"properties":{"name":"Owińska/PKM","lines":"312, 342, 392, 396","arr":["312","342","392","396"],"terminus":1,"mode":"bus","color":"#0059a9","colorDark":"#00294f","angle":67.8,"snapDist":8,"label":1}},{"type":"Feature","geometry":{"type":"Point","coordinates":[16.985411,52.516844]},"properties":{"name":"Owińska/Lipowa","lines":"312, 342, 396","arr":["312","342","396"],"terminus":0,"mode":"bus","color":"#0059a9","colorDark":"#00294f","angle":85.4,"snapDist":5,"label":1}},{"type":"Feature","geometry":{"type":"Point","coordinates":[16.975127,52.51661]},"properties":{"name":"Owińska/Ks. Piotrowskiego","lines":"312, 342, 392","arr":["312","342","392"],"terminus":0,"mode":"bus","color":"#0059a9","colorDark":"#00294f","angle":349.1,"snapDist":6,"label":1}},{"type":"Feature","geometry":{"type":"Point","coordinates":[16.979519,52.533065]},"properties":{"name":"Bolechowo/Przejazd","lines":"312, 342","arr":["312","342"],"terminus":0,"mode":"bus","color":"#0059a9","colorDark":"#00294f","angle":114.4,"snapDist":7,"label":1}},{"type":"Feature","geometry":{"type":"Point","coordinates":[16.985353,52.543139]},"properties":{"name":"Bolechowo/Poligonowa","lines":"312, 342","arr":["312","342"],"terminus":0,"mode":"bus","color":"#0059a9","colorDark":"#00294f","angle":343.6,"snapDist":6,"label":1}},{"type":"Feature","geometry":{"type":"Point","coordinates":[16.974661,52.541215]},"properties":{"name":"Bolechowo-Os./Szkoła","lines":"312, 342, 397","arr":["312","342","397"],"terminus":0,"mode":"bus","color":"#0059a9","colorDark":"#00294f","angle":343.6,"snapDist":6,"label":1}},{"type":"Feature","geometry":{"type":"Point","coordinates":[16.96593,52.541868]},"properties":{"name":"Promnice/Północna","lines":"312","arr":["312"],"terminus":0,"mode":"bus","color":"#0059a9","colorDark":"#00294f","angle":74.8,"snapDist":2,"label":1}},{"type":"Feature","geometry":{"type":"Point","coordinates":[16.964064,52.545579]},"properties":{"name":"Promnice/Świerkowa","lines":"312","arr":["312"],"terminus":0,"mode":"bus","color":"#0059a9","colorDark":"#00294f","angle":71.5,"snapDist":3,"label":1}},{"type":"Feature","geometry":{"type":"Point","coordinates":[16.961647,52.551183]},"properties":{"name":"Promnice/Klonowa","lines":"312","arr":["312"],"terminus":1,"mode":"bus","color":"#0059a9","colorDark":"#00294f","angle":81.2,"snapDist":10,"label":1}},{"type":"Feature","geometry":{"type":"Point","coordinates":[16.96586,52.544614]},"properties":{"name":"Promnice/Sosnowa","lines":"312","arr":["312"],"terminus":0,"mode":"bus","color":"#0059a9","colorDark":"#00294f","angle":251.6,"snapDist":2,"label":1}},{"type":"Feature","geometry":{"type":"Point","coordinates":[16.97251,52.541709]},"properties":{"name":"Bolechowo-Os./Wojska Polskiego","lines":"312, 341, 342, 348","arr":["312","341","342","348"],"terminus":0,"mode":"bus","color":"#0059a9","colorDark":"#00294f","angle":273,"snapDist":3,"label":1}},{"type":"Feature","geometry":{"type":"Point","coordinates":[16.973227,52.540959]},"properties":{"name":"Bolechowo-Os./Szkoła","lines":"312, 342, 397","arr":["312","342","397"],"terminus":0,"mode":"bus","color":"#0059a9","colorDark":"#00294f","angle":163.7,"snapDist":3,"label":0}},{"type":"Feature","geometry":{"type":"Point","coordinates":[16.986749,52.542802]},"properties":{"name":"Bolechowo/Poligonowa","lines":"312, 342","arr":["312","342"],"terminus":0,"mode":"bus","color":"#0059a9","colorDark":"#00294f","angle":294.6,"snapDist":7,"label":0}},{"type":"Feature","geometry":{"type":"Point","coordinates":[16.980179,52.533946]},"properties":{"name":"Bolechowo/Przejazd","lines":"312, 342","arr":["312","342"],"terminus":0,"mode":"bus","color":"#0059a9","colorDark":"#00294f","angle":294.6,"snapDist":7,"label":0}},{"type":"Feature","geometry":{"type":"Point","coordinates":[16.975586,52.516665]},"properties":{"name":"Owińska/Ks. Piotrowskiego","lines":"312, 342, 392","arr":["312","342","392"],"terminus":0,"mode":"bus","color":"#0059a9","colorDark":"#00294f","angle":-10.6,"snapDist":6,"label":0}},{"type":"Feature","geometry":{"type":"Point","coordinates":[16.985288,52.517425]},"properties":{"name":"Owińska/Lipowa","lines":"312, 342, 396","arr":["312","342","396"],"terminus":0,"mode":"bus","color":"#0059a9","colorDark":"#00294f","angle":261.6,"snapDist":6,"label":0}},{"type":"Feature","geometry":{"type":"Point","coordinates":[16.987145,52.511899]},"properties":{"name":"Owińska/PKM","lines":"312, 342, 392, 396","arr":["312","342","392","396"],"terminus":1,"mode":"bus","color":"#0059a9","colorDark":"#00294f","angle":299,"snapDist":3,"label":0}},{"type":"Feature","geometry":{"type":"Point","coordinates":[16.977116,52.511218]},"properties":{"name":"Owińska/Parkowa","lines":"312, 342, 392, 396","arr":["312","342","392","396"],"terminus":0,"mode":"bus","color":"#0059a9","colorDark":"#00294f","angle":24.8,"snapDist":6,"label":0}},{"type":"Feature","geometry":{"type":"Point","coordinates":[16.975919,52.50343]},"properties":{"name":"Owińska/Gospodarstwo Ogrodnicze","lines":"312, 341, 342, 396","arr":["312","341","342","396"],"terminus":0,"mode":"bus","color":"#0059a9","colorDark":"#00294f","angle":266.3,"snapDist":7,"label":0}},{"type":"Feature","geometry":{"type":"Point","coordinates":[16.97648,52.498833]},"properties":{"name":"Miękowo/Kolejowa","lines":"312, 341, 342, 396","arr":["312","341","342","396"],"terminus":0,"mode":"bus","color":"#0059a9","colorDark":"#00294f","angle":266.8,"snapDist":7,"label":0}},{"type":"Feature","geometry":{"type":"Point","coordinates":[16.978029,52.485944]},"properties":{"name":"Czerwonak/Elewator","lines":"312, 341, 342, 394, 396","arr":["312","341","342","394","396"],"terminus":0,"mode":"bus","color":"#0059a9","colorDark":"#00294f","angle":265.8,"snapDist":7,"label":0}},{"type":"Feature","geometry":{"type":"Point","coordinates":[16.978695,52.480548]},"properties":{"name":"Czerwonak/Os. Przylesie PKM","lines":"312, 341, 342, 394, 396","arr":["312","341","342","394","396"],"terminus":0,"mode":"bus","color":"#0059a9","colorDark":"#00294f","angle":265.7,"snapDist":7,"label":0}},{"type":"Feature","geometry":{"type":"Point","coordinates":[16.97953,52.47409]},"properties":{"name":"Czerwonak/Kręta","lines":"312, 341, 342, 394, 396","arr":["312","341","342","394","396"],"terminus":0,"mode":"bus","color":"#0059a9","colorDark":"#00294f","angle":265.9,"snapDist":9,"label":0}},{"type":"Feature","geometry":{"type":"Point","coordinates":[16.980174,52.468953]},"properties":{"name":"Czerwonak/PKM","lines":"312, 341, 342, 388, 394, 396","arr":["312","341","342","388","394","396"],"terminus":1,"mode":"bus","color":"#0059a9","colorDark":"#00294f","angle":265.4,"snapDist":8,"label":1}},{"type":"Feature","geometry":{"type":"Point","coordinates":[16.981198,52.465144]},"properties":{"name":"Czerwonak/Szkolna","lines":"312, 341, 342, 388, 396","arr":["312","341","342","388","396"],"terminus":0,"mode":"bus","color":"#0059a9","colorDark":"#00294f","angle":251,"snapDist":4,"label":0}},{"type":"Feature","geometry":{"type":"Point","coordinates":[16.991491,52.464952]},"properties":{"name":"Czerwonak/Zalesie","lines":"312","arr":["312"],"terminus":0,"mode":"bus","color":"#0059a9","colorDark":"#00294f","angle":174.7,"snapDist":0,"label":0}},{"type":"Feature","geometry":{"type":"Point","coordinates":[16.996525,52.464803]},"properties":{"name":"Czerwonak/Błękitna","lines":"312","arr":["312"],"terminus":0,"mode":"bus","color":"#0059a9","colorDark":"#00294f","angle":195.4,"snapDist":1,"label":0}},{"type":"Feature","geometry":{"type":"Point","coordinates":[16.995532,52.458154]},"properties":{"name":"Czerwonak/Cmentarz","lines":"312, 322, 323","arr":["312","322","323"],"terminus":1,"mode":"bus","color":"#0059a9","colorDark":"#00294f","angle":303.6,"snapDist":3,"label":1}},{"type":"Feature","geometry":{"type":"Point","coordinates":[16.993557,52.457588]},"properties":{"name":"Czerwonak/Św. Wojciecha","lines":"312, 322, 323, 388","arr":["312","322","323","388"],"terminus":0,"mode":"bus","color":"#0059a9","colorDark":"#00294f","angle":268.8,"snapDist":16,"label":1}},{"type":"Feature","geometry":{"type":"Point","coordinates":[16.98952,52.446582]},"properties":{"name":"Koziegłowy/Szkoła","lines":"312, 341","arr":["312","341"],"terminus":0,"mode":"bus","color":"#0059a9","colorDark":"#00294f","angle":50.5,"snapDist":1,"label":0}},{"type":"Feature","geometry":{"type":"Point","coordinates":[16.983654,52.446447]},"properties":{"name":"Koziegłowy/Żołnierzy Niezłomnych","lines":"312, 342","arr":["312","342"],"terminus":0,"mode":"bus","color":"#0059a9","colorDark":"#00294f","angle":273.9,"snapDist":5,"label":0}},{"type":"Feature","geometry":{"type":"Point","coordinates":[17.020811,52.465302]},"properties":{"name":"Kicin/Pętla","lines":"320, 321, 323, 388, 396","arr":["320","321","323","388","396"],"terminus":1,"mode":"bus","color":"#0059a9","colorDark":"#00294f","angle":319.9,"snapDist":3,"label":1}},{"type":"Feature","geometry":{"type":"Point","coordinates":[17.018586,52.46292]},"properties":{"name":"Kicin/Szkoła","lines":"320, 321, 323, 396","arr":["320","321","323","396"],"terminus":0,"mode":"bus","color":"#0059a9","colorDark":"#00294f","angle":285.9,"snapDist":6,"label":1}},{"type":"Feature","geometry":{"type":"Point","coordinates":[17.016926,52.457609]},"properties":{"name":"Kicin/Jonschera","lines":"320, 321, 396","arr":["320","321","396"],"terminus":0,"mode":"bus","color":"#0059a9","colorDark":"#00294f","angle":312.3,"snapDist":3,"label":1}},{"type":"Feature","geometry":{"type":"Point","coordinates":[17.003054,52.449623]},"properties":{"name":"Koziegłowy/Działki","lines":"320, 321, 396","arr":["320","321","396"],"terminus":0,"mode":"bus","color":"#0059a9","colorDark":"#00294f","angle":323.8,"snapDist":3,"label":1}},{"type":"Feature","geometry":{"type":"Point","coordinates":[16.995681,52.447055]},"properties":{"name":"Koziegłowy/Krótka","lines":"320, 321, 396","arr":["320","321","396"],"terminus":0,"mode":"bus","color":"#0059a9","colorDark":"#00294f","angle":334.6,"snapDist":7,"label":1}},{"type":"Feature","geometry":{"type":"Point","coordinates":[16.99664,52.447329]},"properties":{"name":"Koziegłowy/Krótka","lines":"320, 321, 388, 396","arr":["320","321","388","396"],"terminus":0,"mode":"bus","color":"#0059a9","colorDark":"#00294f","angle":158,"snapDist":0,"label":0}},{"type":"Feature","geometry":{"type":"Point","coordinates":[17.000936,52.447993]},"properties":{"name":"Koziegłowy/Taczaka I","lines":"320","arr":["320"],"terminus":0,"mode":"bus","color":"#0059a9","colorDark":"#00294f","angle":75.1,"snapDist":4,"label":1}},{"type":"Feature","geometry":{"type":"Point","coordinates":[17.002958,52.443366]},"properties":{"name":"Koziegłowy/Taczaka II","lines":"320","arr":["320"],"terminus":0,"mode":"bus","color":"#0059a9","colorDark":"#00294f","angle":254.8,"snapDist":3,"label":1}},{"type":"Feature","geometry":{"type":"Point","coordinates":[17.000104,52.44143]},"properties":{"name":"Koziegłowy/Zakłady Drobiarskie","lines":"320","arr":["320"],"terminus":0,"mode":"bus","color":"#0059a9","colorDark":"#00294f","angle":169,"snapDist":4,"label":1}},{"type":"Feature","geometry":{"type":"Point","coordinates":[17.002802,52.443722]},"properties":{"name":"Koziegłowy/Taczaka II","lines":"320","arr":["320"],"terminus":0,"mode":"bus","color":"#0059a9","colorDark":"#00294f","angle":254.8,"snapDist":3,"label":0}},{"type":"Feature","geometry":{"type":"Point","coordinates":[17.00109,52.447639]},"properties":{"name":"Koziegłowy/Taczaka I","lines":"320","arr":["320"],"terminus":0,"mode":"bus","color":"#0059a9","colorDark":"#00294f","angle":75.6,"snapDist":3,"label":0}},{"type":"Feature","geometry":{"type":"Point","coordinates":[17.005139,52.4506]},"properties":{"name":"Koziegłowy/Działki","lines":"320, 321, 388, 396","arr":["320","321","388","396"],"terminus":0,"mode":"bus","color":"#0059a9","colorDark":"#00294f","angle":142.2,"snapDist":3,"label":0}},{"type":"Feature","geometry":{"type":"Point","coordinates":[17.016655,52.457427]},"properties":{"name":"Kicin/Jonschera","lines":"320, 321, 388, 396","arr":["320","321","388","396"],"terminus":0,"mode":"bus","color":"#0059a9","colorDark":"#00294f","angle":132.3,"snapDist":3,"label":0}},{"type":"Feature","geometry":{"type":"Point","coordinates":[17.018897,52.463448]},"properties":{"name":"Kicin/Szkoła","lines":"320, 321, 323, 388, 396","arr":["320","321","323","388","396"],"terminus":0,"mode":"bus","color":"#0059a9","colorDark":"#00294f","angle":110,"snapDist":5,"label":0}},{"type":"Feature","geometry":{"type":"Point","coordinates":[17.021268,52.465536]},"properties":{"name":"Kicin/Pętla","lines":"320, 321, 323, 388, 396","arr":["320","321","323","388","396"],"terminus":1,"mode":"bus","color":"#0059a9","colorDark":"#00294f","angle":140.6,"snapDist":5,"label":0}},{"type":"Feature","geometry":{"type":"Point","coordinates":[16.903672,52.437809]},"properties":{"name":"Wrzoska Szpitale","lines":"321","arr":["321"],"terminus":1,"mode":"bus","color":"#0059a9","colorDark":"#00294f","angle":198.2,"snapDist":1,"label":0}},{"type":"Feature","geometry":{"type":"Point","coordinates":[16.91187,52.441284]},"properties":{"name":"Piątkowska","lines":"322","arr":["322"],"terminus":1,"mode":"bus","color":"#0059a9","colorDark":"#00294f","angle":277.8,"snapDist":3,"label":1}},{"type":"Feature","geometry":{"type":"Point","coordinates":[17.136167,52.515652]},"properties":{"name":"Tuczno/Pętla","lines":"323","arr":["323"],"terminus":1,"mode":"bus","color":"#0059a9","colorDark":"#00294f","angle":144.1,"snapDist":37,"label":1}},{"type":"Feature","geometry":{"type":"Point","coordinates":[17.106431,52.497409]},"properties":{"name":"Karłowice/Pętla","lines":"323, 493","arr":["323","493"],"terminus":1,"mode":"bus","color":"#0059a9","colorDark":"#00294f","angle":73.5,"snapDist":15,"label":1}},{"type":"Feature","geometry":{"type":"Point","coordinates":[17.100348,52.494075]},"properties":{"name":"Karłowice/Dwór","lines":"323, 493","arr":["323","493"],"terminus":0,"mode":"bus","color":"#0059a9","colorDark":"#00294f","angle":304.6,"snapDist":2,"label":1}},{"type":"Feature","geometry":{"type":"Point","coordinates":[17.09593,52.491426]},"properties":{"name":"Dębogóra/Kasztanowa","lines":"323, 388","arr":["323","388"],"terminus":0,"mode":"bus","color":"#0059a9","colorDark":"#00294f","angle":75.6,"snapDist":3,"label":1}},{"type":"Feature","geometry":{"type":"Point","coordinates":[17.09206,52.497434]},"properties":{"name":"Dębogóra/Leśna","lines":"323, 388","arr":["323","388"],"terminus":0,"mode":"bus","color":"#0059a9","colorDark":"#00294f","angle":104.4,"snapDist":6,"label":1}},{"type":"Feature","geometry":{"type":"Point","coordinates":[17.082475,52.498591]},"properties":{"name":"Dębogóra/Dąbrówki","lines":"323, 388","arr":["323","388"],"terminus":1,"mode":"bus","color":"#0059a9","colorDark":"#00294f","angle":15.1,"snapDist":6,"label":1}},{"type":"Feature","geometry":{"type":"Point","coordinates":[17.07568,52.498986]},"properties":{"name":"Dębogóra/Wiązowa","lines":"323, 388","arr":["323","388"],"terminus":0,"mode":"bus","color":"#0059a9","colorDark":"#00294f","angle":3.5,"snapDist":3,"label":1}},{"type":"Feature","geometry":{"type":"Point","coordinates":[17.067322,52.493776]},"properties":{"name":"Mielno/Leśna","lines":"323, 388","arr":["323","388"],"terminus":0,"mode":"bus","color":"#0059a9","colorDark":"#00294f","angle":282.2,"snapDist":1,"label":1}},{"type":"Feature","geometry":{"type":"Point","coordinates":[17.059655,52.489532]},"properties":{"name":"Kliny/Brzozowa","lines":"323, 388","arr":["323","388"],"terminus":0,"mode":"bus","color":"#0059a9","colorDark":"#00294f","angle":301.1,"snapDist":2,"label":1}},{"type":"Feature","geometry":{"type":"Point","coordinates":[17.056721,52.485494]},"properties":{"name":"Kliny/Cmentarz Ewangelicki","lines":"323, 388","arr":["323","388"],"terminus":0,"mode":"bus","color":"#0059a9","colorDark":"#00294f","angle":283.7,"snapDist":6,"label":1}},{"type":"Feature","geometry":{"type":"Point","coordinates":[17.041508,52.478162]},"properties":{"name":"Kliny/Orla","lines":"323, 388","arr":["323","388"],"terminus":0,"mode":"bus","color":"#0059a9","colorDark":"#00294f","angle":326.6,"snapDist":3,"label":1}},{"type":"Feature","geometry":{"type":"Point","coordinates":[17.033044,52.475574]},"properties":{"name":"Kliny/Trakt","lines":"323, 388","arr":["323","388"],"terminus":0,"mode":"bus","color":"#0059a9","colorDark":"#00294f","angle":311.4,"snapDist":3,"label":1}},{"type":"Feature","geometry":{"type":"Point","coordinates":[17.025786,52.46979]},"properties":{"name":"Kicin/Rolna","lines":"323, 388","arr":["323","388"],"terminus":0,"mode":"bus","color":"#0059a9","colorDark":"#00294f","angle":295.3,"snapDist":3,"label":1}},{"type":"Feature","geometry":{"type":"Point","coordinates":[17.007149,52.463044]},"properties":{"name":"Kicin/Prosta","lines":"323","arr":["323"],"terminus":0,"mode":"bus","color":"#0059a9","colorDark":"#00294f","angle":14.3,"snapDist":4,"label":1}},{"type":"Feature","geometry":{"type":"Point","coordinates":[17.000672,52.464103]},"properties":{"name":"Czerwonak/Rondo Spachacza","lines":"323","arr":["323"],"terminus":0,"mode":"bus","color":"#0059a9","colorDark":"#00294f","angle":15,"snapDist":4,"label":1}},{"type":"Feature","geometry":{"type":"Point","coordinates":[17.001109,52.46403]},"properties":{"name":"Czerwonak/Rondo Spachacza","lines":"323","arr":["323"],"terminus":0,"mode":"bus","color":"#0059a9","colorDark":"#00294f","angle":195.2,"snapDist":7,"label":0}},{"type":"Feature","geometry":{"type":"Point","coordinates":[17.010364,52.462539]},"properties":{"name":"Kicin/Prosta","lines":"323","arr":["323"],"terminus":0,"mode":"bus","color":"#0059a9","colorDark":"#00294f","angle":194.6,"snapDist":2,"label":1}},{"type":"Feature","geometry":{"type":"Point","coordinates":[17.025666,52.46963]},"properties":{"name":"Kicin/Rolna","lines":"323, 388","arr":["323","388"],"terminus":0,"mode":"bus","color":"#0059a9","colorDark":"#00294f","angle":115,"snapDist":3,"label":0}},{"type":"Feature","geometry":{"type":"Point","coordinates":[17.035387,52.476325]},"properties":{"name":"Kliny/Trakt","lines":"323, 388","arr":["323","388"],"terminus":0,"mode":"bus","color":"#0059a9","colorDark":"#00294f","angle":169.4,"snapDist":3,"label":0}},{"type":"Feature","geometry":{"type":"Point","coordinates":[17.042077,52.478392]},"properties":{"name":"Kliny/Orla","lines":"323, 388","arr":["323","388"],"terminus":0,"mode":"bus","color":"#0059a9","colorDark":"#00294f","angle":146.6,"snapDist":3,"label":0}},{"type":"Feature","geometry":{"type":"Point","coordinates":[17.057397,52.486348]},"properties":{"name":"Kliny/Cmentarz Ewangelicki","lines":"323, 388","arr":["323","388"],"terminus":0,"mode":"bus","color":"#0059a9","colorDark":"#00294f","angle":120.9,"snapDist":6,"label":0}},{"type":"Feature","geometry":{"type":"Point","coordinates":[17.060003,52.489856]},"properties":{"name":"Kliny/Brzozowa","lines":"323, 388","arr":["323","388"],"terminus":0,"mode":"bus","color":"#0059a9","colorDark":"#00294f","angle":123.2,"snapDist":2,"label":0}},{"type":"Feature","geometry":{"type":"Point","coordinates":[17.067179,52.493396]},"properties":{"name":"Mielno/Leśna","lines":"323","arr":["323"],"terminus":0,"mode":"bus","color":"#0059a9","colorDark":"#00294f","angle":102.8,"snapDist":1,"label":0}},{"type":"Feature","geometry":{"type":"Point","coordinates":[17.076152,52.498969]},"properties":{"name":"Dębogóra/Wiązowa","lines":"323","arr":["323"],"terminus":0,"mode":"bus","color":"#0059a9","colorDark":"#00294f","angle":183.5,"snapDist":3,"label":0}},{"type":"Feature","geometry":{"type":"Point","coordinates":[17.082874,52.49853]},"properties":{"name":"Dębogóra/Dąbrówki","lines":"323","arr":["323"],"terminus":0,"mode":"bus","color":"#0059a9","colorDark":"#00294f","angle":193.7,"snapDist":1,"label":0}},{"type":"Feature","geometry":{"type":"Point","coordinates":[17.092398,52.497337]},"properties":{"name":"Dębogóra/Leśna","lines":"323","arr":["323"],"terminus":0,"mode":"bus","color":"#0059a9","colorDark":"#00294f","angle":206,"snapDist":1,"label":0}},{"type":"Feature","geometry":{"type":"Point","coordinates":[17.095713,52.49093]},"properties":{"name":"Dębogóra/Kasztanowa","lines":"323, 493","arr":["323","493"],"terminus":0,"mode":"bus","color":"#0059a9","colorDark":"#00294f","angle":315.5,"snapDist":4,"label":0}},{"type":"Feature","geometry":{"type":"Point","coordinates":[17.091931,52.487666]},"properties":{"name":"Wierzonka/Szkoła","lines":"323, 493","arr":["323","493"],"terminus":0,"mode":"bus","color":"#0059a9","colorDark":"#00294f","angle":249.7,"snapDist":3,"label":1}},{"type":"Feature","geometry":{"type":"Point","coordinates":[17.09513,52.478023]},"properties":{"name":"Wierzonka/Pętla","lines":"323, 388, 493","arr":["323","388","493"],"terminus":0,"mode":"bus","color":"#0059a9","colorDark":"#00294f","angle":181.6,"snapDist":2,"label":1}},{"type":"Feature","geometry":{"type":"Point","coordinates":[17.092077,52.487417]},"properties":{"name":"Wierzonka/Szkoła","lines":"323, 388, 493","arr":["323","388","493"],"terminus":0,"mode":"bus","color":"#0059a9","colorDark":"#00294f","angle":249.9,"snapDist":1,"label":0}},{"type":"Feature","geometry":{"type":"Point","coordinates":[17.096479,52.491387]},"properties":{"name":"Dębogóra/Kasztanowa","lines":"323, 493","arr":["323","493"],"terminus":0,"mode":"bus","color":"#0059a9","colorDark":"#00294f","angle":135.6,"snapDist":3,"label":0}},{"type":"Feature","geometry":{"type":"Point","coordinates":[17.101298,52.494831]},"properties":{"name":"Karłowice/Dwór","lines":"323, 493","arr":["323","493"],"terminus":0,"mode":"bus","color":"#0059a9","colorDark":"#00294f","angle":132.7,"snapDist":4,"label":0}},{"type":"Feature","geometry":{"type":"Point","coordinates":[17.10664,52.497406]},"properties":{"name":"Karłowice/Pętla","lines":"323, 493","arr":["323","493"],"terminus":1,"mode":"bus","color":"#0059a9","colorDark":"#00294f","angle":135.3,"snapDist":3,"label":0}},{"type":"Feature","geometry":{"type":"Point","coordinates":[16.984135,52.448489]},"properties":{"name":"Koziegłowy/Żołnierzy Niezłomnych","lines":"341, 342","arr":["341","342"],"terminus":0,"mode":"bus","color":"#0059a9","colorDark":"#00294f","angle":94.4,"snapDist":6,"label":0}},{"type":"Feature","geometry":{"type":"Point","coordinates":[16.984392,52.455543]},"properties":{"name":"Koziegłowy/Lipowa","lines":"341, 342","arr":["341","342"],"terminus":0,"mode":"bus","color":"#0059a9","colorDark":"#00294f","angle":83.8,"snapDist":7,"label":1}},{"type":"Feature","geometry":{"type":"Point","coordinates":[16.975302,52.513028]},"properties":{"name":"Owińska/Pałac","lines":"341, 392","arr":["341","392"],"terminus":0,"mode":"bus","color":"#0059a9","colorDark":"#00294f","angle":55.2,"snapDist":8,"label":1}},{"type":"Feature","geometry":{"type":"Point","coordinates":[16.974505,52.517234]},"properties":{"name":"Owińska/Ks. Piotrowskiego","lines":"341","arr":["341"],"terminus":0,"mode":"bus","color":"#0059a9","colorDark":"#00294f","angle":99.2,"snapDist":4,"label":0}},{"type":"Feature","geometry":{"type":"Point","coordinates":[16.976978,52.53364]},"properties":{"name":"Bolechowo-Os./Ogrodowa","lines":"341","arr":["341"],"terminus":0,"mode":"bus","color":"#0059a9","colorDark":"#00294f","angle":68.9,"snapDist":3,"label":1}},{"type":"Feature","geometry":{"type":"Point","coordinates":[16.97249,52.541451]},"properties":{"name":"Bolechowo-Os./Wojska Polskiego","lines":"341, 342, 348","arr":["341","342","348"],"terminus":0,"mode":"bus","color":"#0059a9","colorDark":"#00294f","angle":92.8,"snapDist":4,"label":0}},{"type":"Feature","geometry":{"type":"Point","coordinates":[16.972882,52.5461]},"properties":{"name":"Bolechowo-Os./Fabryka Autobusów","lines":"341, 342, 348","arr":["341","342","348"],"terminus":0,"mode":"bus","color":"#0059a9","colorDark":"#00294f","angle":93.1,"snapDist":4,"label":1}},{"type":"Feature","geometry":{"type":"Point","coordinates":[16.973444,52.550502]},"properties":{"name":"Bolechowo-Os./Kasztanowa","lines":"341, 342, 348","arr":["341","342","348"],"terminus":0,"mode":"bus","color":"#0059a9","colorDark":"#00294f","angle":99.6,"snapDist":3,"label":1}},{"type":"Feature","geometry":{"type":"Point","coordinates":[16.980791,52.560176]},"properties":{"name":"Szlachęcin/","lines":"341, 342, 348","arr":["341","342","348"],"terminus":0,"mode":"bus","color":"#0059a9","colorDark":"#00294f","angle":135.8,"snapDist":3,"label":1}},{"type":"Feature","geometry":{"type":"Point","coordinates":[16.989487,52.564711]},"properties":{"name":"M. Goślina/Leśna","lines":"341, 342, 348","arr":["341","342","348"],"terminus":0,"mode":"bus","color":"#0059a9","colorDark":"#00294f","angle":141.9,"snapDist":3,"label":1}},{"type":"Feature","geometry":{"type":"Point","coordinates":[16.995522,52.567442]},"properties":{"name":"M. Goślina/Nowy Rynek","lines":"341, 342, 348","arr":["341","342","348"],"terminus":0,"mode":"bus","color":"#0059a9","colorDark":"#00294f","angle":211.7,"snapDist":6,"label":1}},{"type":"Feature","geometry":{"type":"Point","coordinates":[17.002563,52.566506]},"properties":{"name":"M. Goślina/Modrzewiowa","lines":"341, 342, 348","arr":["341","342","348"],"terminus":0,"mode":"bus","color":"#0059a9","colorDark":"#00294f","angle":197.8,"snapDist":6,"label":1}},{"type":"Feature","geometry":{"type":"Point","coordinates":[17.007883,52.571105]},"properties":{"name":"M. Goślina/Cmentarz","lines":"341, 342, 348","arr":["341","342","348"],"terminus":0,"mode":"bus","color":"#0059a9","colorDark":"#00294f","angle":113.3,"snapDist":4,"label":1}},{"type":"Feature","geometry":{"type":"Point","coordinates":[17.009574,52.573045]},"properties":{"name":"M. Goślina/Poznańska","lines":"341, 342, 348","arr":["341","342","348"],"terminus":0,"mode":"bus","color":"#0059a9","colorDark":"#00294f","angle":195.3,"snapDist":2,"label":1}},{"type":"Feature","geometry":{"type":"Point","coordinates":[17.015105,52.574856]},"properties":{"name":"M. Goślina/PKM","lines":"341, 342, 348","arr":["341","342","348"],"terminus":0,"mode":"bus","color":"#0059a9","colorDark":"#00294f","angle":110.5,"snapDist":4,"label":1}},{"type":"Feature","geometry":{"type":"Point","coordinates":[17.018071,52.578561]},"properties":{"name":"M. Goślina/Polna","lines":"341, 342, 348","arr":["341","342","348"],"terminus":0,"mode":"bus","color":"#0059a9","colorDark":"#00294f","angle":108.6,"snapDist":2,"label":1}},{"type":"Feature","geometry":{"type":"Point","coordinates":[17.01753,52.584347]},"properties":{"name":"M. Goślina/Okrężna","lines":"341, 342, 348","arr":["341","342","348"],"terminus":0,"mode":"bus","color":"#0059a9","colorDark":"#00294f","angle":116.8,"snapDist":7,"label":1}},{"type":"Feature","geometry":{"type":"Point","coordinates":[17.014858,52.585966]},"properties":{"name":"Przebędowo/Park","lines":"341, 342, 348","arr":["341","342","348"],"terminus":0,"mode":"bus","color":"#0059a9","colorDark":"#00294f","angle":25.3,"snapDist":3,"label":1}},{"type":"Feature","geometry":{"type":"Point","coordinates":[17.00978,52.587188]},"properties":{"name":"Przebędowo/Pętla","lines":"341, 342, 348","arr":["341","342","348"],"terminus":1,"mode":"bus","color":"#0059a9","colorDark":"#00294f","angle":158.9,"snapDist":5,"label":1}},{"type":"Feature","geometry":{"type":"Point","coordinates":[17.014035,52.586204]},"properties":{"name":"Przebędowo/Park","lines":"341, 342, 348","arr":["341","342","348"],"terminus":0,"mode":"bus","color":"#0059a9","colorDark":"#00294f","angle":205.3,"snapDist":3,"label":0}},{"type":"Feature","geometry":{"type":"Point","coordinates":[17.016648,52.583281]},"properties":{"name":"M. Goślina/Okrężna","lines":"341, 342, 348","arr":["341","342","348"],"terminus":0,"mode":"bus","color":"#0059a9","colorDark":"#00294f","angle":296.7,"snapDist":7,"label":0}},{"type":"Feature","geometry":{"type":"Point","coordinates":[17.017846,52.578197]},"properties":{"name":"M. Goślina/Polna","lines":"341, 342, 348","arr":["341","342","348"],"terminus":0,"mode":"bus","color":"#0059a9","colorDark":"#00294f","angle":293.3,"snapDist":3,"label":0}},{"type":"Feature","geometry":{"type":"Point","coordinates":[17.015398,52.575231]},"properties":{"name":"M. Goślina/PKM","lines":"341, 342, 348","arr":["341","342","348"],"terminus":0,"mode":"bus","color":"#0059a9","colorDark":"#00294f","angle":311.5,"snapDist":3,"label":0}},{"type":"Feature","geometry":{"type":"Point","coordinates":[17.011051,52.573629]},"properties":{"name":"M. Goślina/Poznańska","lines":"341, 342, 348","arr":["341","342","348"],"terminus":0,"mode":"bus","color":"#0059a9","colorDark":"#00294f","angle":349.8,"snapDist":2,"label":0}},{"type":"Feature","geometry":{"type":"Point","coordinates":[17.007942,52.571202]},"properties":{"name":"M. Goślina/Cmentarz","lines":"341, 342, 348","arr":["341","342","348"],"terminus":0,"mode":"bus","color":"#0059a9","colorDark":"#00294f","angle":290.3,"snapDist":4,"label":0}},{"type":"Feature","geometry":{"type":"Point","coordinates":[16.999286,52.56666]},"properties":{"name":"M. Goślina/Kręta","lines":"341, 342, 348","arr":["341","342","348"],"terminus":0,"mode":"bus","color":"#0059a9","colorDark":"#00294f","angle":0.2,"snapDist":6,"label":1}},{"type":"Feature","geometry":{"type":"Point","coordinates":[16.990925,52.565447]},"properties":{"name":"M. Goślina/Leśna","lines":"341, 342, 348","arr":["341","342","348"],"terminus":0,"mode":"bus","color":"#0059a9","colorDark":"#00294f","angle":337,"snapDist":3,"label":0}},{"type":"Feature","geometry":{"type":"Point","coordinates":[16.980348,52.559913]},"properties":{"name":"Szlachęcin/","lines":"341, 342, 348","arr":["341","342","348"],"terminus":0,"mode":"bus","color":"#0059a9","colorDark":"#00294f","angle":315.8,"snapDist":3,"label":0}},{"type":"Feature","geometry":{"type":"Point","coordinates":[16.973413,52.55039]},"properties":{"name":"Bolechowo-Os./Kasztanowa","lines":"341, 342, 348","arr":["341","342","348"],"terminus":0,"mode":"bus","color":"#0059a9","colorDark":"#00294f","angle":279.6,"snapDist":4,"label":0}},{"type":"Feature","geometry":{"type":"Point","coordinates":[16.972897,52.546271]},"properties":{"name":"Bolechowo-Os./Fabryka Autobusów","lines":"341, 342, 348","arr":["341","342","348"],"terminus":0,"mode":"bus","color":"#0059a9","colorDark":"#00294f","angle":273.1,"snapDist":4,"label":0}},{"type":"Feature","geometry":{"type":"Point","coordinates":[16.977237,52.533226]},"properties":{"name":"Bolechowo-Os./Ogrodowa","lines":"341","arr":["341"],"terminus":0,"mode":"bus","color":"#0059a9","colorDark":"#00294f","angle":249.2,"snapDist":3,"label":0}},{"type":"Feature","geometry":{"type":"Point","coordinates":[16.974466,52.517084]},"properties":{"name":"Owińska/Ks. Piotrowskiego","lines":"341","arr":["341"],"terminus":0,"mode":"bus","color":"#0059a9","colorDark":"#00294f","angle":278.8,"snapDist":4,"label":0}},{"type":"Feature","geometry":{"type":"Point","coordinates":[16.974612,52.513641]},"properties":{"name":"Owińska/Pałac","lines":"341, 392","arr":["341","392"],"terminus":0,"mode":"bus","color":"#0059a9","colorDark":"#00294f","angle":235.6,"snapDist":8,"label":0}},{"type":"Feature","geometry":{"type":"Point","coordinates":[16.982826,52.462257]},"properties":{"name":"Czerwonak/Szkolna","lines":"341, 342, 388","arr":["341","342","388"],"terminus":0,"mode":"bus","color":"#0059a9","colorDark":"#00294f","angle":250.9,"snapDist":7,"label":1}},{"type":"Feature","geometry":{"type":"Point","coordinates":[16.984541,52.454067]},"properties":{"name":"Koziegłowy/Lipowa","lines":"341, 342","arr":["341","342"],"terminus":0,"mode":"bus","color":"#0059a9","colorDark":"#00294f","angle":269.3,"snapDist":7,"label":0}},{"type":"Feature","geometry":{"type":"Point","coordinates":[16.965787,52.54132]},"properties":{"name":"Promnice/Północna","lines":"348, 397","arr":["348","397"],"terminus":0,"mode":"bus","color":"#0059a9","colorDark":"#00294f","angle":5.2,"snapDist":6,"label":0}},{"type":"Feature","geometry":{"type":"Point","coordinates":[16.947181,52.544976]},"properties":{"name":"Biedrusko/Park","lines":"348, 397, 911","arr":["348","397","911"],"terminus":1,"mode":"bus","color":"#0059a9","colorDark":"#00294f","angle":222.6,"snapDist":4,"label":1}},{"type":"Feature","geometry":{"type":"Point","coordinates":[16.944738,52.54074]},"properties":{"name":"Biedrusko/Jednostka Wojskowa","lines":"348, 911","arr":["348","911"],"terminus":0,"mode":"bus","color":"#0059a9","colorDark":"#00294f","angle":278.5,"snapDist":8,"label":1}},{"type":"Feature","geometry":{"type":"Point","coordinates":[16.943445,52.535923]},"properties":{"name":"Biedrusko/Jesionowa","lines":"348, 911","arr":["348","911"],"terminus":0,"mode":"bus","color":"#0059a9","colorDark":"#00294f","angle":276.2,"snapDist":2,"label":1}},{"type":"Feature","geometry":{"type":"Point","coordinates":[16.939458,52.514828]},"properties":{"name":"Biedrusko/Młyn","lines":"348, 911","arr":["348","911"],"terminus":0,"mode":"bus","color":"#0059a9","colorDark":"#00294f","angle":260.5,"snapDist":3,"label":1}},{"type":"Feature","geometry":{"type":"Point","coordinates":[16.938807,52.500439]},"properties":{"name":"Imbirowa","lines":"348, 911","arr":["348","911"],"terminus":0,"mode":"bus","color":"#0059a9","colorDark":"#00294f","angle":214.3,"snapDist":8,"label":1}},{"type":"Feature","geometry":{"type":"Point","coordinates":[16.940035,52.499922]},"properties":{"name":"Imbirowa","lines":"348, 911","arr":["348","911"],"terminus":0,"mode":"bus","color":"#0059a9","colorDark":"#00294f","angle":34.1,"snapDist":6,"label":0}},{"type":"Feature","geometry":{"type":"Point","coordinates":[16.939389,52.515081]},"properties":{"name":"Biedrusko/Młyn","lines":"348, 911","arr":["348","911"],"terminus":0,"mode":"bus","color":"#0059a9","colorDark":"#00294f","angle":80.5,"snapDist":3,"label":0}},{"type":"Feature","geometry":{"type":"Point","coordinates":[16.943658,52.536396]},"properties":{"name":"Biedrusko/Jesionowa","lines":"348, 911","arr":["348","911"],"terminus":0,"mode":"bus","color":"#0059a9","colorDark":"#00294f","angle":98.7,"snapDist":5,"label":0}},{"type":"Feature","geometry":{"type":"Point","coordinates":[16.944659,52.540396]},"properties":{"name":"Biedrusko/Jednostka Wojskowa","lines":"348, 911","arr":["348","911"],"terminus":0,"mode":"bus","color":"#0059a9","colorDark":"#00294f","angle":98,"snapDist":4,"label":0}},{"type":"Feature","geometry":{"type":"Point","coordinates":[16.965547,52.541335]},"properties":{"name":"Promnice/Północna","lines":"348, 397","arr":["348","397"],"terminus":0,"mode":"bus","color":"#0059a9","colorDark":"#00294f","angle":186,"snapDist":3,"label":0}},{"type":"Feature","geometry":{"type":"Point","coordinates":[17.01065,52.467925]},"properties":{"name":"Kicin/Nowe Osiedle","lines":"388, 396","arr":["388","396"],"terminus":0,"mode":"bus","color":"#0059a9","colorDark":"#00294f","angle":33.4,"snapDist":1,"label":1}},{"type":"Feature","geometry":{"type":"Point","coordinates":[16.999455,52.470803]},"properties":{"name":"Czerwonak/Zdroje","lines":"388, 396","arr":["388","396"],"terminus":0,"mode":"bus","color":"#0059a9","colorDark":"#00294f","angle":19.7,"snapDist":4,"label":1}},{"type":"Feature","geometry":{"type":"Point","coordinates":[16.995887,52.470904]},"properties":{"name":"Czerwonak/Gajowa","lines":"388, 396","arr":["388","396"],"terminus":0,"mode":"bus","color":"#0059a9","colorDark":"#00294f","angle":3.6,"snapDist":3,"label":1}},{"type":"Feature","geometry":{"type":"Point","coordinates":[16.988887,52.471656]},"properties":{"name":"Czerwonak/Urząd Gminy","lines":"388, 396","arr":["388","396"],"terminus":0,"mode":"bus","color":"#0059a9","colorDark":"#00294f","angle":349.9,"snapDist":3,"label":1}},{"type":"Feature","geometry":{"type":"Point","coordinates":[16.98359,52.465787]},"properties":{"name":"Czerwonak/Szkolna","lines":"388, 396","arr":["388","396"],"terminus":0,"mode":"bus","color":"#0059a9","colorDark":"#00294f","angle":307.9,"snapDist":2,"label":0}},{"type":"Feature","geometry":{"type":"Point","coordinates":[16.979987,52.468785]},"properties":{"name":"Czerwonak/PKM","lines":"388, 394","arr":["388","394"],"terminus":1,"mode":"bus","color":"#0059a9","colorDark":"#00294f","angle":-99.3,"snapDist":25,"label":0}},{"type":"Feature","geometry":{"type":"Point","coordinates":[16.986592,52.460696]},"properties":{"name":"Czerwonak/Jagiełły","lines":"388","arr":["388"],"terminus":0,"mode":"bus","color":"#0059a9","colorDark":"#00294f","angle":22.2,"snapDist":7,"label":1}},{"type":"Feature","geometry":{"type":"Point","coordinates":[17.067421,52.491725]},"properties":{"name":"Mielno/Łąkowa","lines":"388","arr":["388"],"terminus":0,"mode":"bus","color":"#0059a9","colorDark":"#00294f","angle":227.9,"snapDist":6,"label":1}},{"type":"Feature","geometry":{"type":"Point","coordinates":[17.069467,52.490672]},"properties":{"name":"Mielno/Lisia","lines":"388","arr":["388"],"terminus":0,"mode":"bus","color":"#0059a9","colorDark":"#00294f","angle":218.2,"snapDist":24,"label":1}},{"type":"Feature","geometry":{"type":"Point","coordinates":[17.071932,52.489496]},"properties":{"name":"Mielno/Lisia","lines":"388","arr":["388"],"terminus":0,"mode":"bus","color":"#0059a9","colorDark":"#00294f","angle":217.8,"snapDist":4,"label":0}},{"type":"Feature","geometry":{"type":"Point","coordinates":[17.080658,52.485276]},"properties":{"name":"Wierzonka/Jednostka Wojskowa","lines":"388","arr":["388"],"terminus":0,"mode":"bus","color":"#0059a9","colorDark":"#00294f","angle":217.4,"snapDist":3,"label":1}},{"type":"Feature","geometry":{"type":"Point","coordinates":[16.987375,52.518077]},"properties":{"name":"Bolechówko/Kręta","lines":"392, 396","arr":["392","396"],"terminus":0,"mode":"bus","color":"#0059a9","colorDark":"#00294f","angle":169.9,"snapDist":3,"label":1}},{"type":"Feature","geometry":{"type":"Point","coordinates":[16.994821,52.518942]},"properties":{"name":"Bolechówko/Jodłowa","lines":"392, 396","arr":["392","396"],"terminus":0,"mode":"bus","color":"#0059a9","colorDark":"#00294f","angle":167.2,"snapDist":2,"label":1}},{"type":"Feature","geometry":{"type":"Point","coordinates":[17.004673,52.520151]},"properties":{"name":"Potasze/Klub Kogucik","lines":"392, 396","arr":["392","396"],"terminus":0,"mode":"bus","color":"#0059a9","colorDark":"#00294f","angle":167.3,"snapDist":1,"label":1}},{"type":"Feature","geometry":{"type":"Point","coordinates":[17.016834,52.522163]},"properties":{"name":"Potasze/Cedrowa","lines":"392, 396","arr":["392","396"],"terminus":0,"mode":"bus","color":"#0059a9","colorDark":"#00294f","angle":163.1,"snapDist":1,"label":1}},{"type":"Feature","geometry":{"type":"Point","coordinates":[17.025402,52.523694]},"properties":{"name":"Potasze/Wierzbowa","lines":"392, 396","arr":["392","396"],"terminus":0,"mode":"bus","color":"#0059a9","colorDark":"#00294f","angle":163.7,"snapDist":1,"label":1}},{"type":"Feature","geometry":{"type":"Point","coordinates":[17.029933,52.524469]},"properties":{"name":"Potasze/Jodłowa","lines":"392, 396","arr":["392","396"],"terminus":1,"mode":"bus","color":"#0059a9","colorDark":"#00294f","angle":163.9,"snapDist":2,"label":1}},{"type":"Feature","geometry":{"type":"Point","coordinates":[17.025163,52.523651]},"properties":{"name":"Potasze/Wierzbowa","lines":"392, 396","arr":["392","396"],"terminus":0,"mode":"bus","color":"#0059a9","colorDark":"#00294f","angle":343.7,"snapDist":3,"label":0}},{"type":"Feature","geometry":{"type":"Point","coordinates":[17.016385,52.522079]},"properties":{"name":"Potasze/Cedrowa","lines":"392, 396","arr":["392","396"],"terminus":0,"mode":"bus","color":"#0059a9","colorDark":"#00294f","angle":343.1,"snapDist":3,"label":0}},{"type":"Feature","geometry":{"type":"Point","coordinates":[17.004756,52.520162]},"properties":{"name":"Potasze/Klub Kogucik","lines":"392, 396","arr":["392","396"],"terminus":0,"mode":"bus","color":"#0059a9","colorDark":"#00294f","angle":347.3,"snapDist":3,"label":0}},{"type":"Feature","geometry":{"type":"Point","coordinates":[16.994828,52.518943]},"properties":{"name":"Bolechówko/Jodłowa","lines":"392, 396","arr":["392","396"],"terminus":0,"mode":"bus","color":"#0059a9","colorDark":"#00294f","angle":347.2,"snapDist":3,"label":0}},{"type":"Feature","geometry":{"type":"Point","coordinates":[16.987217,52.518057]},"properties":{"name":"Bolechówko/Kręta","lines":"392, 396","arr":["392","396"],"terminus":0,"mode":"bus","color":"#0059a9","colorDark":"#00294f","angle":347.1,"snapDist":3,"label":0}},{"type":"Feature","geometry":{"type":"Point","coordinates":[16.983214,52.497399]},"properties":{"name":"Miękowo/Ogrodowa","lines":"394","arr":["394"],"terminus":0,"mode":"bus","color":"#0059a9","colorDark":"#00294f","angle":187.3,"snapDist":1,"label":1}},{"type":"Feature","geometry":{"type":"Point","coordinates":[16.989518,52.490274]},"properties":{"name":"Miękowo/Stokrotkowa","lines":"394","arr":["394"],"terminus":1,"mode":"bus","color":"#0059a9","colorDark":"#00294f","angle":154.1,"snapDist":4,"label":1}},{"type":"Feature","geometry":{"type":"Point","coordinates":[16.984006,52.496779]},"properties":{"name":"Miękowo/Ogrodowa","lines":"394","arr":["394"],"terminus":0,"mode":"bus","color":"#0059a9","colorDark":"#00294f","angle":76.1,"snapDist":1,"label":0}},{"type":"Feature","geometry":{"type":"Point","coordinates":[16.977264,52.498348]},"properties":{"name":"Miękowo/Kolejowa","lines":"394","arr":["394"],"terminus":0,"mode":"bus","color":"#0059a9","colorDark":"#00294f","angle":17.4,"snapDist":0,"label":0}},{"type":"Feature","geometry":{"type":"Point","coordinates":[16.983282,52.465545]},"properties":{"name":"Czerwonak/Szkolna","lines":"396","arr":["396"],"terminus":0,"mode":"bus","color":"#0059a9","colorDark":"#00294f","angle":127.9,"snapDist":4,"label":0}},{"type":"Feature","geometry":{"type":"Point","coordinates":[16.988995,52.471668]},"properties":{"name":"Czerwonak/Urząd Gminy","lines":"396","arr":["396"],"terminus":0,"mode":"bus","color":"#0059a9","colorDark":"#00294f","angle":169.2,"snapDist":6,"label":0}},{"type":"Feature","geometry":{"type":"Point","coordinates":[16.995311,52.47095]},"properties":{"name":"Czerwonak/Gajowa","lines":"396","arr":["396"],"terminus":0,"mode":"bus","color":"#0059a9","colorDark":"#00294f","angle":194.8,"snapDist":3,"label":0}},{"type":"Feature","geometry":{"type":"Point","coordinates":[17.000794,52.470519]},"properties":{"name":"Czerwonak/Zdroje","lines":"396","arr":["396"],"terminus":0,"mode":"bus","color":"#0059a9","colorDark":"#00294f","angle":198.9,"snapDist":3,"label":0}},{"type":"Feature","geometry":{"type":"Point","coordinates":[17.011192,52.46771]},"properties":{"name":"Kicin/Nowe Osiedle","lines":"396","arr":["396"],"terminus":0,"mode":"bus","color":"#0059a9","colorDark":"#00294f","angle":212.2,"snapDist":2,"label":0}},{"type":"Feature","geometry":{"type":"Point","coordinates":[16.978471,52.540156]},"properties":{"name":"Bolechowo-Os./PKM","lines":"397","arr":["397"],"terminus":1,"mode":"bus","color":"#0059a9","colorDark":"#00294f","angle":259,"snapDist":5,"label":1}},{"type":"Feature","geometry":{"type":"Point","coordinates":[16.946805,52.545187]},"properties":{"name":"Biedrusko/Park","lines":"397, 911","arr":["397","911"],"terminus":1,"mode":"bus","color":"#0059a9","colorDark":"#00294f","angle":222.6,"snapDist":6,"label":0}},{"type":"Feature","geometry":{"type":"Point","coordinates":[16.990587,52.544236]},"properties":{"name":"Bolechowo/Pałac","lines":"397","arr":["397"],"terminus":0,"mode":"bus","color":"#0059a9","colorDark":"#00294f","angle":131.5,"snapDist":2,"label":1}},{"type":"Feature","geometry":{"type":"Point","coordinates":[16.994727,52.543274]},"properties":{"name":"Bolechowo/Kręta","lines":"397","arr":["397"],"terminus":0,"mode":"bus","color":"#0059a9","colorDark":"#00294f","angle":211.1,"snapDist":3,"label":1}},{"type":"Feature","geometry":{"type":"Point","coordinates":[17.020218,52.533946]},"properties":{"name":"Trzaskowo/Wieś","lines":"397","arr":["397"],"terminus":1,"mode":"bus","color":"#0059a9","colorDark":"#00294f","angle":225.9,"snapDist":3,"label":1}},{"type":"Feature","geometry":{"type":"Point","coordinates":[17.036499,52.437804]},"properties":{"name":"Bogucin/Ligowiec","lines":"400, 412","arr":["400","412"],"terminus":0,"mode":"bus","color":"#0059a9","colorDark":"#00294f","angle":155.2,"snapDist":11,"label":1}},{"type":"Feature","geometry":{"type":"Point","coordinates":[17.044763,52.44012]},"properties":{"name":"Janikowo/Szybowcowa","lines":"400, 412","arr":["400","412"],"terminus":0,"mode":"bus","color":"#0059a9","colorDark":"#00294f","angle":155,"snapDist":7,"label":1}},{"type":"Feature","geometry":{"type":"Point","coordinates":[17.055905,52.44079]},"properties":{"name":"Wierzenica/Mechowo","lines":"400, 412","arr":["400","412"],"terminus":0,"mode":"bus","color":"#0059a9","colorDark":"#00294f","angle":180.7,"snapDist":5,"label":1}},{"type":"Feature","geometry":{"type":"Point","coordinates":[17.076326,52.445779]},"properties":{"name":"Kobylnica/Węzeł","lines":"400, 412, 492, 493","arr":["400","412","492","493"],"terminus":1,"mode":"bus","color":"#0059a9","colorDark":"#00294f","angle":278.9,"snapDist":1,"label":1}},{"type":"Feature","geometry":{"type":"Point","coordinates":[17.074829,52.439623]},"properties":{"name":"Gruszczyn/Okrężna","lines":"400, 412, 494","arr":["400","412","494"],"terminus":0,"mode":"bus","color":"#0059a9","colorDark":"#00294f","angle":279.7,"snapDist":5,"label":1}},{"type":"Feature","geometry":{"type":"Point","coordinates":[17.072677,52.430881]},"properties":{"name":"Gruszczyn/Katarzyńska","lines":"400, 412, 416, 494","arr":["400","412","416","494"],"terminus":1,"mode":"bus","color":"#0059a9","colorDark":"#00294f","angle":267.6,"snapDist":0,"label":1}},{"type":"Feature","geometry":{"type":"Point","coordinates":[17.080952,52.420995]},"properties":{"name":"Swarzędz/Os. Kościuszkowców","lines":"400, 401, 412, 491, 494, 499","arr":["400","401","412","491","494","499"],"terminus":1,"mode":"bus","color":"#0059a9","colorDark":"#00294f","angle":342.2,"snapDist":8,"label":1}},{"type":"Feature","geometry":{"type":"Point","coordinates":[17.083072,52.416706]},"properties":{"name":"Swarzędz/Os. Czwartaków","lines":"400, 401, 412, 491, 494, 499","arr":["400","401","412","491","494","499"],"terminus":0,"mode":"bus","color":"#0059a9","colorDark":"#00294f","angle":252.5,"snapDist":7,"label":1}},{"type":"Feature","geometry":{"type":"Point","coordinates":[17.085299,52.413356]},"properties":{"name":"Swarzędz/Cieszkowskiego","lines":"400, 401, 412, 491, 494, 499","arr":["400","401","412","491","494","499"],"terminus":0,"mode":"bus","color":"#0059a9","colorDark":"#00294f","angle":276.4,"snapDist":6,"label":1}},{"type":"Feature","geometry":{"type":"Point","coordinates":[17.084352,52.408419]},"properties":{"name":"Swarzędz/Polna","lines":"400, 401, 405, 406, 484, 499","arr":["400","401","405","406","484","499"],"terminus":0,"mode":"bus","color":"#0059a9","colorDark":"#00294f","angle":267.3,"snapDist":11,"label":1}},{"type":"Feature","geometry":{"type":"Point","coordinates":[17.080827,52.401751]},"properties":{"name":"Swarzędz/Południowa","lines":"400, 405, 406, 407, 484, 494, 497, 499","arr":["400","405","406","407","484","494","497","499"],"terminus":0,"mode":"bus","color":"#0059a9","colorDark":"#00294f","angle":8.3,"snapDist":2,"label":1}},{"type":"Feature","geometry":{"type":"Point","coordinates":[17.0714,52.402183]},"properties":{"name":"Swarzędz/Tysiąclecia","lines":"400, 405, 406, 407, 484, 494, 497","arr":["400","405","406","407","484","494","497"],"terminus":0,"mode":"bus","color":"#0059a9","colorDark":"#00294f","angle":347.9,"snapDist":5,"label":1}},{"type":"Feature","geometry":{"type":"Point","coordinates":[17.064689,52.399977]},"properties":{"name":"Swarzędz/Os. Raczyńskiego","lines":"400, 405, 406, 407, 484, 494, 497","arr":["400","405","406","407","484","494","497"],"terminus":1,"mode":"bus","color":"#0059a9","colorDark":"#00294f","angle":132.3,"snapDist":7,"label":1}},{"type":"Feature","geometry":{"type":"Point","coordinates":[17.073531,52.402463]},"properties":{"name":"Swarzędz/Tysiąclecia","lines":"400, 405, 406, 407, 484, 494, 497","arr":["400","405","406","407","484","494","497"],"terminus":0,"mode":"bus","color":"#0059a9","colorDark":"#00294f","angle":167.7,"snapDist":6,"label":0}},{"type":"Feature","geometry":{"type":"Point","coordinates":[17.080506,52.401779]},"properties":{"name":"Swarzędz/Południowa","lines":"400, 405, 406, 407, 484, 494, 497, 499","arr":["400","405","406","407","484","494","497","499"],"terminus":0,"mode":"bus","color":"#0059a9","colorDark":"#00294f","angle":187.8,"snapDist":3,"label":0}},{"type":"Feature","geometry":{"type":"Point","coordinates":[17.084362,52.408304]},"properties":{"name":"Swarzędz/Polna","lines":"400, 401, 405, 484, 499","arr":["400","401","405","484","499"],"terminus":0,"mode":"bus","color":"#0059a9","colorDark":"#00294f","angle":86.4,"snapDist":10,"label":0}},{"type":"Feature","geometry":{"type":"Point","coordinates":[17.084999,52.411906]},"properties":{"name":"Swarzędz/Cieszkowskiego","lines":"400, 401, 412, 491, 494, 499","arr":["400","401","412","491","494","499"],"terminus":0,"mode":"bus","color":"#0059a9","colorDark":"#00294f","angle":97.8,"snapDist":6,"label":0}},{"type":"Feature","geometry":{"type":"Point","coordinates":[17.08266,52.41748]},"properties":{"name":"Swarzędz/Os. Czwartaków","lines":"400, 401, 412, 494, 499","arr":["400","401","412","494","499"],"terminus":0,"mode":"bus","color":"#0059a9","colorDark":"#00294f","angle":72,"snapDist":5,"label":0}},{"type":"Feature","geometry":{"type":"Point","coordinates":[17.081384,52.421077]},"properties":{"name":"Swarzędz/Os. Kościuszkowców","lines":"400, 412, 494","arr":["400","412","494"],"terminus":0,"mode":"bus","color":"#0059a9","colorDark":"#00294f","angle":162.6,"snapDist":5,"label":0}},{"type":"Feature","geometry":{"type":"Point","coordinates":[17.072937,52.432674]},"properties":{"name":"Gruszczyn/Katarzyńska","lines":"400, 412, 494","arr":["400","412","494"],"terminus":0,"mode":"bus","color":"#0059a9","colorDark":"#00294f","angle":99.5,"snapDist":9,"label":0}},{"type":"Feature","geometry":{"type":"Point","coordinates":[17.07487,52.439777]},"properties":{"name":"Gruszczyn/Okrężna","lines":"400, 412, 494","arr":["400","412","494"],"terminus":0,"mode":"bus","color":"#0059a9","colorDark":"#00294f","angle":99.2,"snapDist":3,"label":0}},{"type":"Feature","geometry":{"type":"Point","coordinates":[17.076741,52.445694]},"properties":{"name":"Kobylnica/Węzeł","lines":"400, 412, 492, 493","arr":["400","412","492","493"],"terminus":1,"mode":"bus","color":"#0059a9","colorDark":"#00294f","angle":-111.5,"snapDist":10,"label":0}},{"type":"Feature","geometry":{"type":"Point","coordinates":[17.054344,52.440802]},"properties":{"name":"Wierzenica/Mechowo","lines":"400, 412","arr":["400","412"],"terminus":0,"mode":"bus","color":"#0059a9","colorDark":"#00294f","angle":0.7,"snapDist":6,"label":0}},{"type":"Feature","geometry":{"type":"Point","coordinates":[17.043429,52.439739]},"properties":{"name":"Janikowo/Szybowcowa","lines":"400, 412","arr":["400","412"],"terminus":0,"mode":"bus","color":"#0059a9","colorDark":"#00294f","angle":335,"snapDist":4,"label":0}},{"type":"Feature","geometry":{"type":"Point","coordinates":[17.034852,52.437298]},"properties":{"name":"Bogucin/Ligowiec","lines":"400, 412","arr":["400","412"],"terminus":0,"mode":"bus","color":"#0059a9","colorDark":"#00294f","angle":335,"snapDist":5,"label":0}},{"type":"Feature","geometry":{"type":"Point","coordinates":[17.041975,52.405741]},"properties":{"name":"Sośnicka","lines":"401, 405, 406, 407","arr":["401","405","406","407"],"terminus":0,"mode":"bus","color":"#0059a9","colorDark":"#00294f","angle":205.6,"snapDist":5,"label":0}},{"type":"Feature","geometry":{"type":"Point","coordinates":[17.057981,52.404416]},"properties":{"name":"Swarzędz/Skansen","lines":"401","arr":["401"],"terminus":0,"mode":"bus","color":"#0059a9","colorDark":"#00294f","angle":167.9,"snapDist":3,"label":1}},{"type":"Feature","geometry":{"type":"Point","coordinates":[17.07598,52.407655]},"properties":{"name":"Swarzędz/Piaski","lines":"401","arr":["401"],"terminus":0,"mode":"bus","color":"#0059a9","colorDark":"#00294f","angle":189.1,"snapDist":5,"label":1}},{"type":"Feature","geometry":{"type":"Point","coordinates":[17.080812,52.421046]},"properties":{"name":"Swarzędz/Os. Kościuszkowców","lines":"401, 499","arr":["401","499"],"terminus":1,"mode":"bus","color":"#0059a9","colorDark":"#00294f","angle":72.1,"snapDist":7,"label":0}},{"type":"Feature","geometry":{"type":"Point","coordinates":[17.075214,52.40779]},"properties":{"name":"Swarzędz/Piaski","lines":"401, 490","arr":["401","490"],"terminus":0,"mode":"bus","color":"#0059a9","colorDark":"#00294f","angle":359.7,"snapDist":8,"label":0}},{"type":"Feature","geometry":{"type":"Point","coordinates":[17.058408,52.404553]},"properties":{"name":"Swarzędz/Skansen","lines":"401, 490","arr":["401","490"],"terminus":0,"mode":"bus","color":"#0059a9","colorDark":"#00294f","angle":348.5,"snapDist":6,"label":0}},{"type":"Feature","geometry":{"type":"Point","coordinates":[17.05907,52.40112]},"properties":{"name":"Swarzędz/Os. Cegielskiego","lines":"405, 406, 407, 425","arr":["405","406","407","425"],"terminus":0,"mode":"bus","color":"#0059a9","colorDark":"#00294f","angle":188.6,"snapDist":5,"label":1}},{"type":"Feature","geometry":{"type":"Point","coordinates":[17.075789,52.410567]},"properties":{"name":"Swarzędz/Rynek","lines":"405, 406, 412, 484, 485, 486, 490, 491, 494, 498","arr":["405","406","412","484","485","486","490","491","494","498"],"terminus":1,"mode":"bus","color":"#0059a9","colorDark":"#00294f","angle":285.1,"snapDist":9,"label":1}},{"type":"Feature","geometry":{"type":"Point","coordinates":[17.063296,52.399969]},"properties":{"name":"Swarzędz/Os. Raczyńskiego","lines":"405, 406, 407, 425","arr":["405","406","407","425"],"terminus":0,"mode":"bus","color":"#0059a9","colorDark":"#00294f","angle":42.8,"snapDist":7,"label":0}},{"type":"Feature","geometry":{"type":"Point","coordinates":[17.059136,52.401114]},"properties":{"name":"Swarzędz/Os. Cegielskiego","lines":"405, 406, 407, 425","arr":["405","406","407","425"],"terminus":0,"mode":"bus","color":"#0059a9","colorDark":"#00294f","angle":8.6,"snapDist":5,"label":0}},{"type":"Feature","geometry":{"type":"Point","coordinates":[17.096029,52.405319]},"properties":{"name":"Jasin/Centrum Handlowe ETC","lines":"406","arr":["406"],"terminus":1,"mode":"bus","color":"#0059a9","colorDark":"#00294f","angle":2.6,"snapDist":4,"label":1}},{"type":"Feature","geometry":{"type":"Point","coordinates":[17.082863,52.404864]},"properties":{"name":"Swarzędz/Kościuszki","lines":"406","arr":["406"],"terminus":0,"mode":"bus","color":"#0059a9","colorDark":"#00294f","angle":12.2,"snapDist":3,"label":1}},{"type":"Feature","geometry":{"type":"Point","coordinates":[17.080482,52.404917]},"properties":{"name":"Swarzędz/Kościuszki","lines":"406, 494, 498","arr":["406","494","498"],"terminus":0,"mode":"bus","color":"#0059a9","colorDark":"#00294f","angle":358.2,"snapDist":3,"label":0}},{"type":"Feature","geometry":{"type":"Point","coordinates":[17.075154,52.404644]},"properties":{"name":"Swarzędz/Dworzec Kolejowy","lines":"406, 494, 498","arr":["406","494","498"],"terminus":0,"mode":"bus","color":"#0059a9","colorDark":"#00294f","angle":358.7,"snapDist":3,"label":1}},{"type":"Feature","geometry":{"type":"Point","coordinates":[17.085531,52.401502]},"properties":{"name":"Swarzędz/Rabowicka","lines":"407, 497, 498","arr":["407","497","498"],"terminus":0,"mode":"bus","color":"#0059a9","colorDark":"#00294f","angle":185.3,"snapDist":9,"label":1}},{"type":"Feature","geometry":{"type":"Point","coordinates":[17.094318,52.400243]},"properties":{"name":"Jasin/Rabowicka I","lines":"407, 497, 498","arr":["407","497","498"],"terminus":0,"mode":"bus","color":"#0059a9","colorDark":"#00294f","angle":193.6,"snapDist":5,"label":1}},{"type":"Feature","geometry":{"type":"Point","coordinates":[17.106421,52.398431]},"properties":{"name":"Jasin/Rabowicka II","lines":"407, 497, 498","arr":["407","497","498"],"terminus":0,"mode":"bus","color":"#0059a9","colorDark":"#00294f","angle":193.9,"snapDist":5,"label":1}},{"type":"Feature","geometry":{"type":"Point","coordinates":[17.109171,52.398019]},"properties":{"name":"Jasin/Rabowicka Pętla","lines":"407","arr":["407"],"terminus":1,"mode":"bus","color":"#0059a9","colorDark":"#00294f","angle":13.3,"snapDist":5,"label":1}},{"type":"Feature","geometry":{"type":"Point","coordinates":[17.105367,52.39859]},"properties":{"name":"Jasin/Rabowicka II","lines":"407","arr":["407"],"terminus":0,"mode":"bus","color":"#0059a9","colorDark":"#00294f","angle":13.9,"snapDist":3,"label":0}},{"type":"Feature","geometry":{"type":"Point","coordinates":[17.096653,52.399899]},"properties":{"name":"Jasin/Rabowicka III","lines":"407","arr":["407"],"terminus":0,"mode":"bus","color":"#0059a9","colorDark":"#00294f","angle":13.6,"snapDist":3,"label":1}},{"type":"Feature","geometry":{"type":"Point","coordinates":[17.092711,52.400485]},"properties":{"name":"Jasin/Rabowicka I","lines":"407","arr":["407"],"terminus":0,"mode":"bus","color":"#0059a9","colorDark":"#00294f","angle":13.7,"snapDist":3,"label":0}},{"type":"Feature","geometry":{"type":"Point","coordinates":[17.085378,52.401511]},"properties":{"name":"Swarzędz/Rabowicka","lines":"407","arr":["407"],"terminus":0,"mode":"bus","color":"#0059a9","colorDark":"#00294f","angle":4.8,"snapDist":2,"label":0}},{"type":"Feature","geometry":{"type":"Point","coordinates":[17.080747,52.445643]},"properties":{"name":"Kobylnica/Stacja","lines":"412, 494","arr":["412","494"],"terminus":1,"mode":"bus","color":"#0059a9","colorDark":"#00294f","angle":-23.5,"snapDist":23,"label":1}},{"type":"Feature","geometry":{"type":"Point","coordinates":[17.073275,52.404518]},"properties":{"name":"Swarzędz/Węzeł Przesiadkowy","lines":"412, 484, 485, 486, 490, 491, 498","arr":["412","484","485","486","490","491","498"],"terminus":1,"mode":"bus","color":"#0059a9","colorDark":"#00294f","angle":107.4,"snapDist":9,"label":1}},{"type":"Feature","geometry":{"type":"Point","coordinates":[17.073259,52.404487]},"properties":{"name":"Swarzędz/Węzeł Przesiadkowy","lines":"412, 484, 485, 486, 490, 491, 498","arr":["412","484","485","486","490","491","498"],"terminus":1,"mode":"bus","color":"#0059a9","colorDark":"#00294f","angle":107.4,"snapDist":19,"label":0}},{"type":"Feature","geometry":{"type":"Point","coordinates":[17.069837,52.429366]},"properties":{"name":"Gruszczyn/Mechowska","lines":"416","arr":["416"],"terminus":0,"mode":"bus","color":"#0059a9","colorDark":"#00294f","angle":330.5,"snapDist":4,"label":1}},{"type":"Feature","geometry":{"type":"Point","coordinates":[17.065011,52.427672]},"properties":{"name":"Gruszczyn/Zielińska","lines":"416","arr":["416"],"terminus":0,"mode":"bus","color":"#0059a9","colorDark":"#00294f","angle":330,"snapDist":2,"label":1}},{"type":"Feature","geometry":{"type":"Point","coordinates":[17.064037,52.426059]},"properties":{"name":"Rybitwy","lines":"416","arr":["416"],"terminus":0,"mode":"bus","color":"#0059a9","colorDark":"#00294f","angle":243.7,"snapDist":1,"label":1}},{"type":"Feature","geometry":{"type":"Point","coordinates":[17.065059,52.424515]},"properties":{"name":"Perkoza","lines":"416","arr":["416"],"terminus":0,"mode":"bus","color":"#0059a9","colorDark":"#00294f","angle":257.3,"snapDist":5,"label":1}},{"type":"Feature","geometry":{"type":"Point","coordinates":[17.064203,52.42167]},"properties":{"name":"Leśniczówka Zieliniec","lines":"416","arr":["416"],"terminus":0,"mode":"bus","color":"#0059a9","colorDark":"#00294f","angle":270.3,"snapDist":1,"label":1}},{"type":"Feature","geometry":{"type":"Point","coordinates":[17.053988,52.414203]},"properties":{"name":"Darniowa","lines":"416","arr":["416"],"terminus":0,"mode":"bus","color":"#0059a9","colorDark":"#00294f","angle":357.8,"snapDist":7,"label":1}},{"type":"Feature","geometry":{"type":"Point","coordinates":[17.048293,52.413111]},"properties":{"name":"Warpińska","lines":"416","arr":["416"],"terminus":0,"mode":"bus","color":"#0059a9","colorDark":"#00294f","angle":60.7,"snapDist":1,"label":1}},{"type":"Feature","geometry":{"type":"Point","coordinates":[17.04816,52.413255]},"properties":{"name":"Warpińska","lines":"416","arr":["416"],"terminus":0,"mode":"bus","color":"#0059a9","colorDark":"#00294f","angle":240.7,"snapDist":1,"label":0}},{"type":"Feature","geometry":{"type":"Point","coordinates":[17.054369,52.414212]},"properties":{"name":"Darniowa","lines":"416","arr":["416"],"terminus":0,"mode":"bus","color":"#0059a9","colorDark":"#00294f","angle":177.8,"snapDist":5,"label":0}},{"type":"Feature","geometry":{"type":"Point","coordinates":[17.064206,52.421469]},"properties":{"name":"Leśniczówka Zieliniec","lines":"416","arr":["416"],"terminus":0,"mode":"bus","color":"#0059a9","colorDark":"#00294f","angle":89.3,"snapDist":5,"label":0}},{"type":"Feature","geometry":{"type":"Point","coordinates":[17.064964,52.424798]},"properties":{"name":"Perkoza","lines":"416","arr":["416"],"terminus":0,"mode":"bus","color":"#0059a9","colorDark":"#00294f","angle":79.3,"snapDist":6,"label":0}},{"type":"Feature","geometry":{"type":"Point","coordinates":[17.063918,52.426207]},"properties":{"name":"Rybitwy","lines":"416","arr":["416"],"terminus":0,"mode":"bus","color":"#0059a9","colorDark":"#00294f","angle":63.7,"snapDist":0,"label":0}},{"type":"Feature","geometry":{"type":"Point","coordinates":[17.070626,52.429589]},"properties":{"name":"Gruszczyn/Mechowska","lines":"416","arr":["416"],"terminus":0,"mode":"bus","color":"#0059a9","colorDark":"#00294f","angle":166.7,"snapDist":2,"label":0}},{"type":"Feature","geometry":{"type":"Point","coordinates":[17.060269,52.383286]},"properties":{"name":"Zalasewo/Os. Leśne","lines":"425, 484, 497, 499","arr":["425","484","497","499"],"terminus":1,"mode":"bus","color":"#0059a9","colorDark":"#00294f","angle":-22.3,"snapDist":28,"label":1}},{"type":"Feature","geometry":{"type":"Point","coordinates":[17.067184,52.382122]},"properties":{"name":"Zalasewo/Transportowa","lines":"425, 497, 499","arr":["425","497","499"],"terminus":0,"mode":"bus","color":"#0059a9","colorDark":"#00294f","angle":117,"snapDist":5,"label":1}},{"type":"Feature","geometry":{"type":"Point","coordinates":[17.068663,52.384858]},"properties":{"name":"Zalasewo/Heweliusza Szkoła","lines":"425, 497, 499","arr":["425","497","499"],"terminus":0,"mode":"bus","color":"#0059a9","colorDark":"#00294f","angle":90.3,"snapDist":5,"label":1}},{"type":"Feature","geometry":{"type":"Point","coordinates":[17.068687,52.388314]},"properties":{"name":"Zalasewo/Os. Zamoyskiego","lines":"425, 497, 499","arr":["425","497","499"],"terminus":0,"mode":"bus","color":"#0059a9","colorDark":"#00294f","angle":90.3,"snapDist":5,"label":1}},{"type":"Feature","geometry":{"type":"Point","coordinates":[17.068842,52.392886]},"properties":{"name":"Zalasewo/Planetarna Szkoła","lines":"425, 497, 499","arr":["425","497","499"],"terminus":0,"mode":"bus","color":"#0059a9","colorDark":"#00294f","angle":92.3,"snapDist":5,"label":1}},{"type":"Feature","geometry":{"type":"Point","coordinates":[17.070425,52.398045]},"properties":{"name":"Swarzędz/Kupiecka","lines":"425, 484, 494, 497, 499","arr":["425","484","494","497","499"],"terminus":0,"mode":"bus","color":"#0059a9","colorDark":"#00294f","angle":14.3,"snapDist":8,"label":1}},{"type":"Feature","geometry":{"type":"Point","coordinates":[17.05593,52.401146]},"properties":{"name":"Swarzędz/Przybylskiego","lines":"425","arr":["425"],"terminus":0,"mode":"bus","color":"#0059a9","colorDark":"#00294f","angle":-99.9,"snapDist":13,"label":1}},{"type":"Feature","geometry":{"type":"Point","coordinates":[17.047084,52.399049]},"properties":{"name":"Swarzędz/Szumana","lines":"425","arr":["425"],"terminus":0,"mode":"bus","color":"#0059a9","colorDark":"#00294f","angle":320.7,"snapDist":3,"label":1}},{"type":"Feature","geometry":{"type":"Point","coordinates":[17.031599,52.389578]},"properties":{"name":"Borówki","lines":"425","arr":["425"],"terminus":0,"mode":"bus","color":"#0059a9","colorDark":"#00294f","angle":309.9,"snapDist":5,"label":1}},{"type":"Feature","geometry":{"type":"Point","coordinates":[16.968347,52.387902]},"properties":{"name":"Os. Lecha I","lines":"425, 431, 432, 433, 501, 502, 503, 511, 512, 560, 561","arr":["425","431","432","433","501","502","503","511","512","560","561"],"terminus":0,"mode":"bus","color":"#0059a9","colorDark":"#00294f","angle":53.7,"snapDist":11,"label":1}},{"type":"Feature","geometry":{"type":"Point","coordinates":[16.956302,52.393711]},"properties":{"name":"Os. Jagiellońskie","lines":"425, 431, 432, 433, 501, 502, 503, 511, 512, 560","arr":["425","431","432","433","501","502","503","511","512","560"],"terminus":0,"mode":"bus","color":"#0059a9","colorDark":"#00294f","angle":208.2,"snapDist":12,"label":0}},{"type":"Feature","geometry":{"type":"Point","coordinates":[16.967962,52.387876]},"properties":{"name":"Os. Lecha I","lines":"425, 431, 432, 433, 501, 502, 503, 511, 512, 560","arr":["425","431","432","433","501","502","503","511","512","560"],"terminus":0,"mode":"bus","color":"#0059a9","colorDark":"#00294f","angle":233.3,"snapDist":12,"label":0}},{"type":"Feature","geometry":{"type":"Point","coordinates":[17.031729,52.389673]},"properties":{"name":"Borówki","lines":"425","arr":["425"],"terminus":0,"mode":"bus","color":"#0059a9","colorDark":"#00294f","angle":129.9,"snapDist":6,"label":0}},{"type":"Feature","geometry":{"type":"Point","coordinates":[17.046291,52.398667]},"properties":{"name":"Swarzędz/Szumana","lines":"425","arr":["425"],"terminus":0,"mode":"bus","color":"#0059a9","colorDark":"#00294f","angle":145.5,"snapDist":2,"label":0}},{"type":"Feature","geometry":{"type":"Point","coordinates":[17.055618,52.401323]},"properties":{"name":"Swarzędz/Przybylskiego","lines":"425","arr":["425"],"terminus":0,"mode":"bus","color":"#0059a9","colorDark":"#00294f","angle":79.4,"snapDist":4,"label":0}},{"type":"Feature","geometry":{"type":"Point","coordinates":[17.064773,52.399151]},"properties":{"name":"Swarzędz/Os. Raczyńskiego","lines":"425, 484, 494, 497, 499","arr":["425","484","494","497","499"],"terminus":0,"mode":"bus","color":"#0059a9","colorDark":"#00294f","angle":219.5,"snapDist":7,"label":0}},{"type":"Feature","geometry":{"type":"Point","coordinates":[17.070969,52.397623]},"properties":{"name":"Swarzędz/Kupiecka","lines":"425, 497","arr":["425","497"],"terminus":0,"mode":"bus","color":"#0059a9","colorDark":"#00294f","angle":288.1,"snapDist":9,"label":0}},{"type":"Feature","geometry":{"type":"Point","coordinates":[17.068789,52.391816]},"properties":{"name":"Zalasewo/Planetarna Szkoła","lines":"425, 497, 499","arr":["425","497","499"],"terminus":0,"mode":"bus","color":"#0059a9","colorDark":"#00294f","angle":270.8,"snapDist":5,"label":0}},{"type":"Feature","geometry":{"type":"Point","coordinates":[17.068693,52.388723]},"properties":{"name":"Zalasewo/Os. Zamoyskiego","lines":"425, 497, 499","arr":["425","497","499"],"terminus":0,"mode":"bus","color":"#0059a9","colorDark":"#00294f","angle":270.7,"snapDist":4,"label":0}},{"type":"Feature","geometry":{"type":"Point","coordinates":[17.068665,52.385079]},"properties":{"name":"Zalasewo/Heweliusza Szkoła","lines":"425, 497, 499","arr":["425","497","499"],"terminus":0,"mode":"bus","color":"#0059a9","colorDark":"#00294f","angle":270.1,"snapDist":5,"label":0}},{"type":"Feature","geometry":{"type":"Point","coordinates":[17.067323,52.38229]},"properties":{"name":"Zalasewo/Transportowa","lines":"425, 497, 499","arr":["425","497","499"],"terminus":0,"mode":"bus","color":"#0059a9","colorDark":"#00294f","angle":297.4,"snapDist":5,"label":0}},{"type":"Feature","geometry":{"type":"Point","coordinates":[17.060356,52.383516]},"properties":{"name":"Zalasewo/Os. Leśne","lines":"425, 484, 497, 499","arr":["425","484","497","499"],"terminus":1,"mode":"bus","color":"#0059a9","colorDark":"#00294f","angle":33.4,"snapDist":1,"label":0}},{"type":"Feature","geometry":{"type":"Point","coordinates":[17.171862,52.333357]},"properties":{"name":"Kleszczewo/Park","lines":"431, 432, 488","arr":["431","432","488"],"terminus":1,"mode":"bus","color":"#0059a9","colorDark":"#00294f","angle":243,"snapDist":3,"label":1}},{"type":"Feature","geometry":{"type":"Point","coordinates":[17.167459,52.334763]},"properties":{"name":"Kleszczewo/Węzeł","lines":"431, 432, 488","arr":["431","432","488"],"terminus":0,"mode":"bus","color":"#0059a9","colorDark":"#00294f","angle":238.7,"snapDist":4,"label":1}},{"type":"Feature","geometry":{"type":"Point","coordinates":[17.153281,52.347501]},"properties":{"name":"Trzek/Topolowa","lines":"431","arr":["431"],"terminus":0,"mode":"bus","color":"#0059a9","colorDark":"#00294f","angle":44.8,"snapDist":2,"label":1}},{"type":"Feature","geometry":{"type":"Point","coordinates":[17.146664,52.351575]},"properties":{"name":"Tanibórz/Wschód","lines":"431","arr":["431"],"terminus":0,"mode":"bus","color":"#0059a9","colorDark":"#00294f","angle":45.3,"snapDist":27,"label":1}},{"type":"Feature","geometry":{"type":"Point","coordinates":[17.131662,52.359752]},"properties":{"name":"Gowarzewo/Czereśniowa","lines":"431, 433","arr":["431","433"],"terminus":1,"mode":"bus","color":"#0059a9","colorDark":"#00294f","angle":323.9,"snapDist":4,"label":1}},{"type":"Feature","geometry":{"type":"Point","coordinates":[17.12373,52.357556]},"properties":{"name":"Gowarzewo/Al. Kasztanowa","lines":"431, 433","arr":["431","433"],"terminus":0,"mode":"bus","color":"#0059a9","colorDark":"#00294f","angle":335.7,"snapDist":7,"label":1}},{"type":"Feature","geometry":{"type":"Point","coordinates":[17.115624,52.355074]},"properties":{"name":"Gowarzewo/Jesienna","lines":"431, 433","arr":["431","433"],"terminus":0,"mode":"bus","color":"#0059a9","colorDark":"#00294f","angle":324.7,"snapDist":3,"label":1}},{"type":"Feature","geometry":{"type":"Point","coordinates":[17.107443,52.351528]},"properties":{"name":"Gowarzewo/Śnieżna","lines":"431, 432, 433","arr":["431","432","433"],"terminus":0,"mode":"bus","color":"#0059a9","colorDark":"#00294f","angle":324.6,"snapDist":5,"label":1}},{"type":"Feature","geometry":{"type":"Point","coordinates":[17.099441,52.34855]},"properties":{"name":"Tulce/Krańcowa","lines":"431, 432, 433","arr":["431","432","433"],"terminus":0,"mode":"bus","color":"#0059a9","colorDark":"#00294f","angle":335.3,"snapDist":5,"label":1}},{"type":"Feature","geometry":{"type":"Point","coordinates":[17.091551,52.345161]},"properties":{"name":"Tulce/Zadęby","lines":"431, 432, 433","arr":["431","432","433"],"terminus":0,"mode":"bus","color":"#0059a9","colorDark":"#00294f","angle":323.7,"snapDist":3,"label":1}},{"type":"Feature","geometry":{"type":"Point","coordinates":[17.08058,52.341999]},"properties":{"name":"Tulce/Kościół","lines":"431, 432, 433","arr":["431","432","433"],"terminus":0,"mode":"bus","color":"#0059a9","colorDark":"#00294f","angle":346.6,"snapDist":4,"label":1}},{"type":"Feature","geometry":{"type":"Point","coordinates":[17.072305,52.344289]},"properties":{"name":"Tulce/Leśna","lines":"431, 432, 433","arr":["431","432","433"],"terminus":0,"mode":"bus","color":"#0059a9","colorDark":"#00294f","angle":16.1,"snapDist":6,"label":1}},{"type":"Feature","geometry":{"type":"Point","coordinates":[17.067325,52.344891]},"properties":{"name":"Tulce/Szkoła","lines":"431, 432, 433","arr":["431","432","433"],"terminus":0,"mode":"bus","color":"#0059a9","colorDark":"#00294f","angle":196.3,"snapDist":1,"label":1}},{"type":"Feature","geometry":{"type":"Point","coordinates":[17.062167,52.346102]},"properties":{"name":"Tulce/Przylesie","lines":"431, 432, 433","arr":["431","432","433"],"terminus":0,"mode":"bus","color":"#0059a9","colorDark":"#00294f","angle":18,"snapDist":5,"label":1}},{"type":"Feature","geometry":{"type":"Point","coordinates":[17.041194,52.350533]},"properties":{"name":"Przyjemna","lines":"431, 432, 433","arr":["431","432","433"],"terminus":0,"mode":"bus","color":"#0059a9","colorDark":"#00294f","angle":13.8,"snapDist":3,"label":1}},{"type":"Feature","geometry":{"type":"Point","coordinates":[17.029166,52.355138]},"properties":{"name":"Gospodarska","lines":"431, 432, 433","arr":["431","432","433"],"terminus":0,"mode":"bus","color":"#0059a9","colorDark":"#00294f","angle":218.4,"snapDist":0,"label":0}},{"type":"Feature","geometry":{"type":"Point","coordinates":[17.040899,52.350577]},"properties":{"name":"Przyjemna","lines":"431, 432, 433","arr":["431","432","433"],"terminus":0,"mode":"bus","color":"#0059a9","colorDark":"#00294f","angle":193.8,"snapDist":3,"label":0}},{"type":"Feature","geometry":{"type":"Point","coordinates":[17.062883,52.345964]},"properties":{"name":"Tulce/Przylesie","lines":"431, 432, 433","arr":["431","432","433"],"terminus":0,"mode":"bus","color":"#0059a9","colorDark":"#00294f","angle":197.3,"snapDist":6,"label":0}},{"type":"Feature","geometry":{"type":"Point","coordinates":[17.073109,52.344147]},"properties":{"name":"Tulce/Leśna","lines":"431, 432, 433","arr":["431","432","433"],"terminus":0,"mode":"bus","color":"#0059a9","colorDark":"#00294f","angle":196.1,"snapDist":6,"label":0}},{"type":"Feature","geometry":{"type":"Point","coordinates":[17.081351,52.342107]},"properties":{"name":"Tulce/Kościół","lines":"431, 432, 433","arr":["431","432","433"],"terminus":0,"mode":"bus","color":"#0059a9","colorDark":"#00294f","angle":166.9,"snapDist":3,"label":0}},{"type":"Feature","geometry":{"type":"Point","coordinates":[17.091746,52.345248]},"properties":{"name":"Tulce/Zadęby","lines":"431, 432, 433","arr":["431","432","433"],"terminus":0,"mode":"bus","color":"#0059a9","colorDark":"#00294f","angle":143.7,"snapDist":3,"label":0}},{"type":"Feature","geometry":{"type":"Point","coordinates":[17.101353,52.349092]},"properties":{"name":"Tulce/Krańcowa","lines":"431, 432, 433","arr":["431","432","433"],"terminus":0,"mode":"bus","color":"#0059a9","colorDark":"#00294f","angle":154.8,"snapDist":6,"label":0}},{"type":"Feature","geometry":{"type":"Point","coordinates":[17.108291,52.351896]},"properties":{"name":"Gowarzewo/Śnieżna","lines":"431, 432, 433","arr":["431","432","433"],"terminus":0,"mode":"bus","color":"#0059a9","colorDark":"#00294f","angle":144.6,"snapDist":4,"label":0}},{"type":"Feature","geometry":{"type":"Point","coordinates":[17.11621,52.355329]},"properties":{"name":"Gowarzewo/Jesienna","lines":"431, 433","arr":["431","433"],"terminus":0,"mode":"bus","color":"#0059a9","colorDark":"#00294f","angle":144.8,"snapDist":3,"label":0}},{"type":"Feature","geometry":{"type":"Point","coordinates":[17.124116,52.357662]},"properties":{"name":"Gowarzewo/Al. Kasztanowa","lines":"431, 433","arr":["431","433"],"terminus":0,"mode":"bus","color":"#0059a9","colorDark":"#00294f","angle":156,"snapDist":3,"label":0}},{"type":"Feature","geometry":{"type":"Point","coordinates":[17.130648,52.359449]},"properties":{"name":"Gowarzewo/Czereśniowa","lines":"431, 433","arr":["431","433"],"terminus":1,"mode":"bus","color":"#0059a9","colorDark":"#00294f","angle":155.7,"snapDist":6,"label":0}},{"type":"Feature","geometry":{"type":"Point","coordinates":[17.14698,52.35138]},"properties":{"name":"Tanibórz/Wschód","lines":"431","arr":["431"],"terminus":0,"mode":"bus","color":"#0059a9","colorDark":"#00294f","angle":225.3,"snapDist":4,"label":0}},{"type":"Feature","geometry":{"type":"Point","coordinates":[17.153776,52.347184]},"properties":{"name":"Trzek/Topolowa","lines":"431","arr":["431"],"terminus":0,"mode":"bus","color":"#0059a9","colorDark":"#00294f","angle":231.2,"snapDist":2,"label":0}},{"type":"Feature","geometry":{"type":"Point","coordinates":[17.166663,52.336298]},"properties":{"name":"Kleszczewo/Szkoła I","lines":"431, 432, 488","arr":["431","432","488"],"terminus":0,"mode":"bus","color":"#0059a9","colorDark":"#00294f","angle":240.1,"snapDist":6,"label":1}},{"type":"Feature","geometry":{"type":"Point","coordinates":[17.160621,52.327684]},"properties":{"name":"Bylin/Stacja benzynowa","lines":"432, 488","arr":["432","488"],"terminus":0,"mode":"bus","color":"#0059a9","colorDark":"#00294f","angle":297.6,"snapDist":4,"label":1}},{"type":"Feature","geometry":{"type":"Point","coordinates":[17.147163,52.320838]},"properties":{"name":"Nagradowice/Ośrodek Zdrowia","lines":"432","arr":["432"],"terminus":0,"mode":"bus","color":"#0059a9","colorDark":"#00294f","angle":105.8,"snapDist":12,"label":1}},{"type":"Feature","geometry":{"type":"Point","coordinates":[17.125028,52.326288]},"properties":{"name":"Komorniki gm.Kleszczewo/Bylin","lines":"432","arr":["432"],"terminus":0,"mode":"bus","color":"#0059a9","colorDark":"#00294f","angle":33.3,"snapDist":2,"label":1}},{"type":"Feature","geometry":{"type":"Point","coordinates":[17.111092,52.330611]},"properties":{"name":"Komorniki gm.Kleszczewo/OSP","lines":"432","arr":["432"],"terminus":0,"mode":"bus","color":"#0059a9","colorDark":"#00294f","angle":18.1,"snapDist":3,"label":1}},{"type":"Feature","geometry":{"type":"Point","coordinates":[17.111046,52.333386]},"properties":{"name":"Komorniki gm.Kleszczewo/RSP","lines":"432","arr":["432"],"terminus":0,"mode":"bus","color":"#0059a9","colorDark":"#00294f","angle":58.1,"snapDist":5,"label":1}},{"type":"Feature","geometry":{"type":"Point","coordinates":[17.111957,52.341827]},"properties":{"name":"Komorniki gm.Kleszczewo/Zadęby","lines":"432","arr":["432"],"terminus":0,"mode":"bus","color":"#0059a9","colorDark":"#00294f","angle":106.1,"snapDist":3,"label":1}},{"type":"Feature","geometry":{"type":"Point","coordinates":[17.113594,52.345357]},"properties":{"name":"Tanibórz/Zachód","lines":"432","arr":["432"],"terminus":0,"mode":"bus","color":"#0059a9","colorDark":"#00294f","angle":92.4,"snapDist":2,"label":1}},{"type":"Feature","geometry":{"type":"Point","coordinates":[17.111852,52.353282]},"properties":{"name":"Gowarzewo/Jesionowa","lines":"432","arr":["432"],"terminus":0,"mode":"bus","color":"#0059a9","colorDark":"#00294f","angle":87,"snapDist":3,"label":1}},{"type":"Feature","geometry":{"type":"Point","coordinates":[17.111866,52.353121]},"properties":{"name":"Gowarzewo/Jesionowa","lines":"432","arr":["432"],"terminus":0,"mode":"bus","color":"#0059a9","colorDark":"#00294f","angle":267,"snapDist":3,"label":0}},{"type":"Feature","geometry":{"type":"Point","coordinates":[17.113461,52.345956]},"properties":{"name":"Tanibórz/Zachód","lines":"432","arr":["432"],"terminus":0,"mode":"bus","color":"#0059a9","colorDark":"#00294f","angle":255.9,"snapDist":3,"label":0}},{"type":"Feature","geometry":{"type":"Point","coordinates":[17.112035,52.341984]},"properties":{"name":"Komorniki gm.Kleszczewo/Zadęby","lines":"432","arr":["432"],"terminus":0,"mode":"bus","color":"#0059a9","colorDark":"#00294f","angle":286.9,"snapDist":2,"label":0}},{"type":"Feature","geometry":{"type":"Point","coordinates":[17.111175,52.332622]},"properties":{"name":"Komorniki gm.Kleszczewo/RSP","lines":"432","arr":["432"],"terminus":0,"mode":"bus","color":"#0059a9","colorDark":"#00294f","angle":283.9,"snapDist":2,"label":0}},{"type":"Feature","geometry":{"type":"Point","coordinates":[17.111474,52.330535]},"properties":{"name":"Komorniki gm.Kleszczewo/OSP","lines":"432","arr":["432"],"terminus":0,"mode":"bus","color":"#0059a9","colorDark":"#00294f","angle":198.1,"snapDist":3,"label":0}},{"type":"Feature","geometry":{"type":"Point","coordinates":[17.124729,52.326408]},"properties":{"name":"Komorniki gm.Kleszczewo/Bylin","lines":"432","arr":["432"],"terminus":0,"mode":"bus","color":"#0059a9","colorDark":"#00294f","angle":214.3,"snapDist":3,"label":0}},{"type":"Feature","geometry":{"type":"Point","coordinates":[17.147147,52.320803]},"properties":{"name":"Nagradowice/Ośrodek Zdrowia","lines":"432","arr":["432"],"terminus":0,"mode":"bus","color":"#0059a9","colorDark":"#00294f","angle":202.1,"snapDist":23,"label":0}},{"type":"Feature","geometry":{"type":"Point","coordinates":[17.149824,52.32017]},"properties":{"name":"Nagradowice/Park","lines":"432, 488","arr":["432","488"],"terminus":0,"mode":"bus","color":"#0059a9","colorDark":"#00294f","angle":200.1,"snapDist":6,"label":1}},{"type":"Feature","geometry":{"type":"Point","coordinates":[17.160647,52.327715]},"properties":{"name":"Bylin/Stacja benzynowa","lines":"432, 488","arr":["432","488"],"terminus":0,"mode":"bus","color":"#0059a9","colorDark":"#00294f","angle":117.6,"snapDist":4,"label":0}},{"type":"Feature","geometry":{"type":"Point","coordinates":[17.06708,52.381204]},"properties":{"name":"Zalasewo/Transportowa","lines":"484","arr":["484"],"terminus":0,"mode":"bus","color":"#0059a9","colorDark":"#00294f","angle":204.1,"snapDist":0,"label":0}},{"type":"Feature","geometry":{"type":"Point","coordinates":[17.071347,52.375424]},"properties":{"name":"Garby Wielkie/Akacjowa","lines":"484, 494","arr":["484","494"],"terminus":0,"mode":"bus","color":"#0059a9","colorDark":"#00294f","angle":306.1,"snapDist":3,"label":1}},{"type":"Feature","geometry":{"type":"Point","coordinates":[17.074069,52.372287]},"properties":{"name":"Garby Wielkie/Pętla","lines":"484, 494","arr":["484","494"],"terminus":0,"mode":"bus","color":"#0059a9","colorDark":"#00294f","angle":95.6,"snapDist":2,"label":1}},{"type":"Feature","geometry":{"type":"Point","coordinates":[17.071336,52.374667]},"properties":{"name":"Garby Wielkie/Akacjowa","lines":"484, 494","arr":["484","494"],"terminus":0,"mode":"bus","color":"#0059a9","colorDark":"#00294f","angle":222.9,"snapDist":2,"label":0}},{"type":"Feature","geometry":{"type":"Point","coordinates":[17.073482,52.382624]},"properties":{"name":"Zalasewo/Spacerowa","lines":"484, 494","arr":["484","494"],"terminus":0,"mode":"bus","color":"#0059a9","colorDark":"#00294f","angle":99.1,"snapDist":1,"label":1}},{"type":"Feature","geometry":{"type":"Point","coordinates":[17.074439,52.386073]},"properties":{"name":"Zalasewo/Ukośna","lines":"484, 494","arr":["484","494"],"terminus":0,"mode":"bus","color":"#0059a9","colorDark":"#00294f","angle":-80.6,"snapDist":10,"label":1}},{"type":"Feature","geometry":{"type":"Point","coordinates":[17.075695,52.390623]},"properties":{"name":"Zalasewo/Glebowa","lines":"484, 494","arr":["484","494"],"terminus":0,"mode":"bus","color":"#0059a9","colorDark":"#00294f","angle":99.7,"snapDist":2,"label":1}},{"type":"Feature","geometry":{"type":"Point","coordinates":[17.0759,52.396695]},"properties":{"name":"Swarzędz/Zielona","lines":"484, 494, 499","arr":["484","494","499"],"terminus":0,"mode":"bus","color":"#0059a9","colorDark":"#00294f","angle":24,"snapDist":3,"label":1}},{"type":"Feature","geometry":{"type":"Point","coordinates":[17.072537,52.397601]},"properties":{"name":"Swarzędz/Kupiecka","lines":"484, 494, 499","arr":["484","494","499"],"terminus":0,"mode":"bus","color":"#0059a9","colorDark":"#00294f","angle":203.8,"snapDist":5,"label":0}},{"type":"Feature","geometry":{"type":"Point","coordinates":[17.077103,52.395375]},"properties":{"name":"Swarzędz/Warzywna","lines":"484, 494","arr":["484","494"],"terminus":0,"mode":"bus","color":"#0059a9","colorDark":"#00294f","angle":280.3,"snapDist":7,"label":1}},{"type":"Feature","geometry":{"type":"Point","coordinates":[17.075357,52.389596]},"properties":{"name":"Zalasewo/Glebowa","lines":"484, 494","arr":["484","494"],"terminus":0,"mode":"bus","color":"#0059a9","colorDark":"#00294f","angle":288.3,"snapDist":0,"label":0}},{"type":"Feature","geometry":{"type":"Point","coordinates":[17.074088,52.384785]},"properties":{"name":"Zalasewo/Ukośna","lines":"484, 494","arr":["484","494"],"terminus":0,"mode":"bus","color":"#0059a9","colorDark":"#00294f","angle":280.9,"snapDist":2,"label":0}},{"type":"Feature","geometry":{"type":"Point","coordinates":[17.072207,52.381066]},"properties":{"name":"Zalasewo/Spacerowa","lines":"484, 494","arr":["484","494"],"terminus":0,"mode":"bus","color":"#0059a9","colorDark":"#00294f","angle":311.1,"snapDist":2,"label":0}},{"type":"Feature","geometry":{"type":"Point","coordinates":[17.065842,52.381648]},"properties":{"name":"Zalasewo/Transportowa","lines":"484","arr":["484"],"terminus":0,"mode":"bus","color":"#0059a9","colorDark":"#00294f","angle":20.4,"snapDist":0,"label":0}},{"type":"Feature","geometry":{"type":"Point","coordinates":[17.276763,52.47946]},"properties":{"name":"Pobiedziska/Dworzec","lines":"485","arr":["485"],"terminus":1,"mode":"bus","color":"#0059a9","colorDark":"#00294f","angle":73,"snapDist":12,"label":1}},{"type":"Feature","geometry":{"type":"Point","coordinates":[17.238206,52.474749]},"properties":{"name":"Pobiedziska/Letnisko Leśne","lines":"485","arr":["485"],"terminus":0,"mode":"bus","color":"#0059a9","colorDark":"#00294f","angle":353.2,"snapDist":1,"label":1}},{"type":"Feature","geometry":{"type":"Point","coordinates":[17.211519,52.471573]},"properties":{"name":"Promno/Stacja","lines":"485","arr":["485"],"terminus":0,"mode":"bus","color":"#0059a9","colorDark":"#00294f","angle":344.9,"snapDist":13,"label":1}},{"type":"Feature","geometry":{"type":"Point","coordinates":[17.171418,52.469337]},"properties":{"name":"Jerzykowo/pl. Piastowski","lines":"485","arr":["485"],"terminus":0,"mode":"bus","color":"#0059a9","colorDark":"#00294f","angle":358.1,"snapDist":7,"label":1}},{"type":"Feature","geometry":{"type":"Point","coordinates":[17.169944,52.466608]},"properties":{"name":"Biskupice/Stacja","lines":"485","arr":["485"],"terminus":0,"mode":"bus","color":"#0059a9","colorDark":"#00294f","angle":276.9,"snapDist":8,"label":1}},{"type":"Feature","geometry":{"type":"Point","coordinates":[17.167084,52.45896]},"properties":{"name":"Biskupice/Przylesie","lines":"485","arr":["485"],"terminus":0,"mode":"bus","color":"#0059a9","colorDark":"#00294f","angle":282.7,"snapDist":3,"label":1}},{"type":"Feature","geometry":{"type":"Point","coordinates":[17.163518,52.455561]},"properties":{"name":"Jankowo/Młyn","lines":"485","arr":["485"],"terminus":0,"mode":"bus","color":"#0059a9","colorDark":"#00294f","angle":294.6,"snapDist":4,"label":1}},{"type":"Feature","geometry":{"type":"Point","coordinates":[17.169456,52.444217]},"properties":{"name":"Jankowo/","lines":"485","arr":["485"],"terminus":0,"mode":"bus","color":"#0059a9","colorDark":"#00294f","angle":240.5,"snapDist":7,"label":1}},{"type":"Feature","geometry":{"type":"Point","coordinates":[17.156093,52.423777]},"properties":{"name":"Sarbinowo/Dzika","lines":"485, 486","arr":["485","486"],"terminus":0,"mode":"bus","color":"#0059a9","colorDark":"#00294f","angle":2.8,"snapDist":3,"label":1}},{"type":"Feature","geometry":{"type":"Point","coordinates":[17.141392,52.419836]},"properties":{"name":"Łowęcin/II (Poprzeczna)","lines":"485, 486","arr":["485","486"],"terminus":0,"mode":"bus","color":"#0059a9","colorDark":"#00294f","angle":347.7,"snapDist":3,"label":1}},{"type":"Feature","geometry":{"type":"Point","coordinates":[17.132948,52.418679]},"properties":{"name":"Łowęcin/Sarbinowska","lines":"485, 486","arr":["485","486"],"terminus":0,"mode":"bus","color":"#0059a9","colorDark":"#00294f","angle":337.5,"snapDist":3,"label":1}},{"type":"Feature","geometry":{"type":"Point","coordinates":[17.121524,52.41395]},"properties":{"name":"Łowęcin/Lipowa","lines":"485, 486","arr":["485","486"],"terminus":0,"mode":"bus","color":"#0059a9","colorDark":"#00294f","angle":284.7,"snapDist":2,"label":1}},{"type":"Feature","geometry":{"type":"Point","coordinates":[17.116363,52.413187]},"properties":{"name":"Łowęcin/Szkolna","lines":"485, 486","arr":["485","486"],"terminus":0,"mode":"bus","color":"#0059a9","colorDark":"#00294f","angle":15.9,"snapDist":2,"label":1}},{"type":"Feature","geometry":{"type":"Point","coordinates":[17.106267,52.409397]},"properties":{"name":"Jasin/Tulipanowa","lines":"485, 486","arr":["485","486"],"terminus":0,"mode":"bus","color":"#0059a9","colorDark":"#00294f","angle":317.9,"snapDist":2,"label":1}},{"type":"Feature","geometry":{"type":"Point","coordinates":[17.098641,52.407675]},"properties":{"name":"Jasin/Sołecka","lines":"485, 486","arr":["485","486"],"terminus":0,"mode":"bus","color":"#0059a9","colorDark":"#00294f","angle":19.9,"snapDist":3,"label":1}},{"type":"Feature","geometry":{"type":"Point","coordinates":[17.091695,52.409045]},"properties":{"name":"Swarzędz/Sporna","lines":"485, 486","arr":["485","486"],"terminus":0,"mode":"bus","color":"#0059a9","colorDark":"#00294f","angle":14.4,"snapDist":3,"label":1}},{"type":"Feature","geometry":{"type":"Point","coordinates":[17.086586,52.409343]},"properties":{"name":"Swarzędz/Wrzesińska","lines":"485, 486","arr":["485","486"],"terminus":0,"mode":"bus","color":"#0059a9","colorDark":"#00294f","angle":2.6,"snapDist":3,"label":1}},{"type":"Feature","geometry":{"type":"Point","coordinates":[17.085519,52.409373]},"properties":{"name":"Swarzędz/Wrzesińska","lines":"485, 486","arr":["485","486"],"terminus":0,"mode":"bus","color":"#0059a9","colorDark":"#00294f","angle":182.7,"snapDist":2,"label":0}},{"type":"Feature","geometry":{"type":"Point","coordinates":[17.091717,52.409042]},"properties":{"name":"Swarzędz/Sporna","lines":"485, 486","arr":["485","486"],"terminus":0,"mode":"bus","color":"#0059a9","colorDark":"#00294f","angle":194,"snapDist":2,"label":0}},{"type":"Feature","geometry":{"type":"Point","coordinates":[17.098403,52.407728]},"properties":{"name":"Jasin/Sołecka","lines":"485, 486","arr":["485","486"],"terminus":0,"mode":"bus","color":"#0059a9","colorDark":"#00294f","angle":199.9,"snapDist":3,"label":0}},{"type":"Feature","geometry":{"type":"Point","coordinates":[17.104696,52.40853]},"properties":{"name":"Jasin/Tulipanowa","lines":"485, 486","arr":["485","486"],"terminus":0,"mode":"bus","color":"#0059a9","colorDark":"#00294f","angle":137.9,"snapDist":2,"label":0}},{"type":"Feature","geometry":{"type":"Point","coordinates":[17.115981,52.413253]},"properties":{"name":"Łowęcin/Szkolna","lines":"485, 486","arr":["485","486"],"terminus":0,"mode":"bus","color":"#0059a9","colorDark":"#00294f","angle":195.9,"snapDist":2,"label":0}},{"type":"Feature","geometry":{"type":"Point","coordinates":[17.121433,52.413617]},"properties":{"name":"Łowęcin/Lipowa","lines":"485, 486","arr":["485","486"],"terminus":0,"mode":"bus","color":"#0059a9","colorDark":"#00294f","angle":98.4,"snapDist":2,"label":0}},{"type":"Feature","geometry":{"type":"Point","coordinates":[17.133299,52.418753]},"properties":{"name":"Łowęcin/Sarbinowska","lines":"485, 486","arr":["485","486"],"terminus":0,"mode":"bus","color":"#0059a9","colorDark":"#00294f","angle":162.5,"snapDist":1,"label":0}},{"type":"Feature","geometry":{"type":"Point","coordinates":[17.141592,52.419863]},"properties":{"name":"Łowęcin/II (Poprzeczna)","lines":"485, 486","arr":["485","486"],"terminus":0,"mode":"bus","color":"#0059a9","colorDark":"#00294f","angle":165.6,"snapDist":2,"label":0}},{"type":"Feature","geometry":{"type":"Point","coordinates":[17.156412,52.423767]},"properties":{"name":"Sarbinowo/Dzika","lines":"485, 486","arr":["485","486"],"terminus":0,"mode":"bus","color":"#0059a9","colorDark":"#00294f","angle":182.8,"snapDist":1,"label":0}},{"type":"Feature","geometry":{"type":"Point","coordinates":[17.169017,52.44469]},"properties":{"name":"Jankowo/","lines":"485","arr":["485"],"terminus":0,"mode":"bus","color":"#0059a9","colorDark":"#00294f","angle":-119.5,"snapDist":6,"label":0}},{"type":"Feature","geometry":{"type":"Point","coordinates":[17.163592,52.45566]},"properties":{"name":"Jankowo/Młyn","lines":"485","arr":["485"],"terminus":0,"mode":"bus","color":"#0059a9","colorDark":"#00294f","angle":114.6,"snapDist":1,"label":0}},{"type":"Feature","geometry":{"type":"Point","coordinates":[17.166825,52.458258]},"properties":{"name":"Biskupice/Przylesie","lines":"485","arr":["485"],"terminus":0,"mode":"bus","color":"#0059a9","colorDark":"#00294f","angle":102.7,"snapDist":3,"label":0}},{"type":"Feature","geometry":{"type":"Point","coordinates":[17.169038,52.462617]},"properties":{"name":"Biskupice/Główna","lines":"485","arr":["485"],"terminus":0,"mode":"bus","color":"#0059a9","colorDark":"#00294f","angle":-79.9,"snapDist":9,"label":1}},{"type":"Feature","geometry":{"type":"Point","coordinates":[17.21437,52.47194]},"properties":{"name":"Promno/Stacja","lines":"485","arr":["485"],"terminus":0,"mode":"bus","color":"#0059a9","colorDark":"#00294f","angle":-13.5,"snapDist":11,"label":0}},{"type":"Feature","geometry":{"type":"Point","coordinates":[17.240879,52.47485]},"properties":{"name":"Pobiedziska/Letnisko Leśne","lines":"485","arr":["485"],"terminus":0,"mode":"bus","color":"#0059a9","colorDark":"#00294f","angle":-6.6,"snapDist":9,"label":0}},{"type":"Feature","geometry":{"type":"Point","coordinates":[17.16301,52.380884]},"properties":{"name":"Siekierki Wielkie/Kościół","lines":"486","arr":["486"],"terminus":1,"mode":"bus","color":"#0059a9","colorDark":"#00294f","angle":332.9,"snapDist":6,"label":1}},{"type":"Feature","geometry":{"type":"Point","coordinates":[17.159981,52.386923]},"properties":{"name":"Siekierki Wielkie/Miodowa","lines":"486","arr":["486"],"terminus":0,"mode":"bus","color":"#0059a9","colorDark":"#00294f","angle":69.2,"snapDist":2,"label":1}},{"type":"Feature","geometry":{"type":"Point","coordinates":[17.157051,52.392906]},"properties":{"name":"Paczkowo/Polna","lines":"486","arr":["486"],"terminus":0,"mode":"bus","color":"#0059a9","colorDark":"#00294f","angle":101.6,"snapDist":1,"label":1}},{"type":"Feature","geometry":{"type":"Point","coordinates":[17.158559,52.396137]},"properties":{"name":"Paczkowo/Ogrodowa","lines":"486","arr":["486"],"terminus":0,"mode":"bus","color":"#0059a9","colorDark":"#00294f","angle":108.3,"snapDist":3,"label":1}},{"type":"Feature","geometry":{"type":"Point","coordinates":[17.15885,52.397877]},"properties":{"name":"Paczkowo/PKM","lines":"486","arr":["486"],"terminus":0,"mode":"bus","color":"#0059a9","colorDark":"#00294f","angle":54.6,"snapDist":1,"label":1}},{"type":"Feature","geometry":{"type":"Point","coordinates":[17.159001,52.400106]},"properties":{"name":"Paczkowo/Wiosenna","lines":"486","arr":["486"],"terminus":0,"mode":"bus","color":"#0059a9","colorDark":"#00294f","angle":99.1,"snapDist":5,"label":1}},{"type":"Feature","geometry":{"type":"Point","coordinates":[17.158897,52.402216]},"properties":{"name":"Paczkowo/Szkoła (Dworska)","lines":"486","arr":["486"],"terminus":0,"mode":"bus","color":"#0059a9","colorDark":"#00294f","angle":76.7,"snapDist":2,"label":1}},{"type":"Feature","geometry":{"type":"Point","coordinates":[17.157716,52.405204]},"properties":{"name":"Paczkowo/1 (Sarbinowska)","lines":"486","arr":["486"],"terminus":0,"mode":"bus","color":"#0059a9","colorDark":"#00294f","angle":76.4,"snapDist":0,"label":1}},{"type":"Feature","geometry":{"type":"Point","coordinates":[17.155028,52.414888]},"properties":{"name":"Sarbinowo/II (Dobrepole)","lines":"486","arr":["486"],"terminus":0,"mode":"bus","color":"#0059a9","colorDark":"#00294f","angle":94.5,"snapDist":1,"label":1}},{"type":"Feature","geometry":{"type":"Point","coordinates":[17.155554,52.419395]},"properties":{"name":"Sarbinowo/I (Chmielna)","lines":"486","arr":["486"],"terminus":0,"mode":"bus","color":"#0059a9","colorDark":"#00294f","angle":93.6,"snapDist":1,"label":1}},{"type":"Feature","geometry":{"type":"Point","coordinates":[17.155549,52.41934]},"properties":{"name":"Sarbinowo/I (Chmielna)","lines":"486","arr":["486"],"terminus":0,"mode":"bus","color":"#0059a9","colorDark":"#00294f","angle":273.6,"snapDist":5,"label":0}},{"type":"Feature","geometry":{"type":"Point","coordinates":[17.154994,52.414623]},"properties":{"name":"Sarbinowo/II (Dobrepole)","lines":"486","arr":["486"],"terminus":0,"mode":"bus","color":"#0059a9","colorDark":"#00294f","angle":274.6,"snapDist":3,"label":0}},{"type":"Feature","geometry":{"type":"Point","coordinates":[17.157645,52.405379]},"properties":{"name":"Paczkowo/1 (Sarbinowska)","lines":"486","arr":["486"],"terminus":0,"mode":"bus","color":"#0059a9","colorDark":"#00294f","angle":256.1,"snapDist":5,"label":0}},{"type":"Feature","geometry":{"type":"Point","coordinates":[17.158868,52.402292]},"properties":{"name":"Paczkowo/Szkoła (Dworska)","lines":"486","arr":["486"],"terminus":0,"mode":"bus","color":"#0059a9","colorDark":"#00294f","angle":256.6,"snapDist":3,"label":0}},{"type":"Feature","geometry":{"type":"Point","coordinates":[17.158873,52.399652]},"properties":{"name":"Paczkowo/Wiosenna","lines":"486","arr":["486"],"terminus":0,"mode":"bus","color":"#0059a9","colorDark":"#00294f","angle":280.1,"snapDist":2,"label":0}},{"type":"Feature","geometry":{"type":"Point","coordinates":[17.158141,52.395281]},"properties":{"name":"Paczkowo/Ogrodowa","lines":"486","arr":["486"],"terminus":0,"mode":"bus","color":"#0059a9","colorDark":"#00294f","angle":285.9,"snapDist":1,"label":0}},{"type":"Feature","geometry":{"type":"Point","coordinates":[17.157,52.392755]},"properties":{"name":"Paczkowo/Polna","lines":"486","arr":["486"],"terminus":0,"mode":"bus","color":"#0059a9","colorDark":"#00294f","angle":281.1,"snapDist":3,"label":0}},{"type":"Feature","geometry":{"type":"Point","coordinates":[17.159873,52.387096]},"properties":{"name":"Siekierki Wielkie/Miodowa","lines":"486","arr":["486"],"terminus":0,"mode":"bus","color":"#0059a9","colorDark":"#00294f","angle":249.2,"snapDist":3,"label":0}},{"type":"Feature","geometry":{"type":"Point","coordinates":[17.223512,52.303005]},"properties":{"name":"Markowice/Centrum","lines":"488","arr":["488"],"terminus":1,"mode":"bus","color":"#0059a9","colorDark":"#00294f","angle":100.2,"snapDist":36,"label":1}},{"type":"Feature","geometry":{"type":"Point","coordinates":[17.218138,52.301027]},"properties":{"name":"Markowice/I","lines":"488","arr":["488"],"terminus":0,"mode":"bus","color":"#0059a9","colorDark":"#00294f","angle":342.5,"snapDist":2,"label":1}},{"type":"Feature","geometry":{"type":"Point","coordinates":[17.194835,52.295926]},"properties":{"name":"Krerowo/Pałac","lines":"488","arr":["488"],"terminus":0,"mode":"bus","color":"#0059a9","colorDark":"#00294f","angle":279.1,"snapDist":7,"label":1}},{"type":"Feature","geometry":{"type":"Point","coordinates":[17.193115,52.289331]},"properties":{"name":"Krerowo/Kościół","lines":"488","arr":["488"],"terminus":0,"mode":"bus","color":"#0059a9","colorDark":"#00294f","angle":291.8,"snapDist":2,"label":1}},{"type":"Feature","geometry":{"type":"Point","coordinates":[17.184487,52.289987]},"properties":{"name":"Krerowo/Cmentarz","lines":"488","arr":["488"],"terminus":0,"mode":"bus","color":"#0059a9","colorDark":"#00294f","angle":11.9,"snapDist":2,"label":1}},{"type":"Feature","geometry":{"type":"Point","coordinates":[17.172275,52.292033]},"properties":{"name":"Zimin/Nowy Świat","lines":"488","arr":["488"],"terminus":0,"mode":"bus","color":"#0059a9","colorDark":"#00294f","angle":19,"snapDist":2,"label":1}},{"type":"Feature","geometry":{"type":"Point","coordinates":[17.158232,52.294536]},"properties":{"name":"Zimin/Świetlica OSP","lines":"488","arr":["488"],"terminus":0,"mode":"bus","color":"#0059a9","colorDark":"#00294f","angle":27.1,"snapDist":6,"label":1}},{"type":"Feature","geometry":{"type":"Point","coordinates":[17.151758,52.295514]},"properties":{"name":"Zimin/Szkoła","lines":"488","arr":["488"],"terminus":0,"mode":"bus","color":"#0059a9","colorDark":"#00294f","angle":169.2,"snapDist":13,"label":1}},{"type":"Feature","geometry":{"type":"Point","coordinates":[17.13922,52.296777]},"properties":{"name":"Śródka/III","lines":"488","arr":["488"],"terminus":0,"mode":"bus","color":"#0059a9","colorDark":"#00294f","angle":11.6,"snapDist":3,"label":1}},{"type":"Feature","geometry":{"type":"Point","coordinates":[17.131985,52.29768]},"properties":{"name":"Śródka/II","lines":"488","arr":["488"],"terminus":0,"mode":"bus","color":"#0059a9","colorDark":"#00294f","angle":10.2,"snapDist":2,"label":1}},{"type":"Feature","geometry":{"type":"Point","coordinates":[17.126682,52.29833]},"properties":{"name":"Śródka/I","lines":"488","arr":["488"],"terminus":0,"mode":"bus","color":"#0059a9","colorDark":"#00294f","angle":11.1,"snapDist":2,"label":1}},{"type":"Feature","geometry":{"type":"Point","coordinates":[17.123007,52.299821]},"properties":{"name":"Śródka/Skrzyżowanie","lines":"488","arr":["488"],"terminus":0,"mode":"bus","color":"#0059a9","colorDark":"#00294f","angle":105.6,"snapDist":5,"label":1}},{"type":"Feature","geometry":{"type":"Point","coordinates":[17.131491,52.30657]},"properties":{"name":"Krzyżowniki/Boisko","lines":"488","arr":["488"],"terminus":0,"mode":"bus","color":"#0059a9","colorDark":"#00294f","angle":122,"snapDist":5,"label":1}},{"type":"Feature","geometry":{"type":"Point","coordinates":[17.140751,52.310959]},"properties":{"name":"Krzyżowniki/Wiadukt","lines":"488","arr":["488"],"terminus":0,"mode":"bus","color":"#0059a9","colorDark":"#00294f","angle":146,"snapDist":4,"label":1}},{"type":"Feature","geometry":{"type":"Point","coordinates":[17.140557,52.310877]},"properties":{"name":"Krzyżowniki/Wiadukt","lines":"488","arr":["488"],"terminus":0,"mode":"bus","color":"#0059a9","colorDark":"#00294f","angle":324.5,"snapDist":3,"label":0}},{"type":"Feature","geometry":{"type":"Point","coordinates":[17.128596,52.303565]},"properties":{"name":"Krzyżowniki/Pętla","lines":"488","arr":["488"],"terminus":0,"mode":"bus","color":"#0059a9","colorDark":"#00294f","angle":339.7,"snapDist":2,"label":1}},{"type":"Feature","geometry":{"type":"Point","coordinates":[17.123024,52.299858]},"properties":{"name":"Śródka/Skrzyżowanie","lines":"488","arr":["488"],"terminus":0,"mode":"bus","color":"#0059a9","colorDark":"#00294f","angle":285.6,"snapDist":4,"label":0}},{"type":"Feature","geometry":{"type":"Point","coordinates":[17.128508,52.298112]},"properties":{"name":"Śródka/I","lines":"488","arr":["488"],"terminus":0,"mode":"bus","color":"#0059a9","colorDark":"#00294f","angle":191.1,"snapDist":3,"label":0}},{"type":"Feature","geometry":{"type":"Point","coordinates":[17.131677,52.29772]},"properties":{"name":"Śródka/II","lines":"488","arr":["488"],"terminus":0,"mode":"bus","color":"#0059a9","colorDark":"#00294f","angle":191.5,"snapDist":3,"label":0}},{"type":"Feature","geometry":{"type":"Point","coordinates":[17.13838,52.296883]},"properties":{"name":"Śródka/III","lines":"488","arr":["488"],"terminus":0,"mode":"bus","color":"#0059a9","colorDark":"#00294f","angle":193.2,"snapDist":2,"label":0}},{"type":"Feature","geometry":{"type":"Point","coordinates":[17.159094,52.294243]},"properties":{"name":"Zimin/Świetlica OSP","lines":"488","arr":["488"],"terminus":0,"mode":"bus","color":"#0059a9","colorDark":"#00294f","angle":210.6,"snapDist":5,"label":0}},{"type":"Feature","geometry":{"type":"Point","coordinates":[17.171656,52.292163]},"properties":{"name":"Zimin/Nowy Świat","lines":"488","arr":["488"],"terminus":0,"mode":"bus","color":"#0059a9","colorDark":"#00294f","angle":198.8,"snapDist":3,"label":0}},{"type":"Feature","geometry":{"type":"Point","coordinates":[17.184951,52.289923]},"properties":{"name":"Krerowo/Cmentarz","lines":"488","arr":["488"],"terminus":0,"mode":"bus","color":"#0059a9","colorDark":"#00294f","angle":192.9,"snapDist":2,"label":0}},{"type":"Feature","geometry":{"type":"Point","coordinates":[17.193327,52.289999]},"properties":{"name":"Krerowo/Kościół","lines":"488","arr":["488"],"terminus":0,"mode":"bus","color":"#0059a9","colorDark":"#00294f","angle":98.7,"snapDist":8,"label":0}},{"type":"Feature","geometry":{"type":"Point","coordinates":[17.194722,52.295496]},"properties":{"name":"Krerowo/Pałac","lines":"488","arr":["488"],"terminus":0,"mode":"bus","color":"#0059a9","colorDark":"#00294f","angle":99.1,"snapDist":3,"label":0}},{"type":"Feature","geometry":{"type":"Point","coordinates":[17.218054,52.301011]},"properties":{"name":"Markowice/I","lines":"488","arr":["488"],"terminus":0,"mode":"bus","color":"#0059a9","colorDark":"#00294f","angle":162.5,"snapDist":3,"label":0}},{"type":"Feature","geometry":{"type":"Point","coordinates":[17.048364,52.407768]},"properties":{"name":"Swarzędz/Działkowa I","lines":"490","arr":["490"],"terminus":0,"mode":"bus","color":"#0059a9","colorDark":"#00294f","angle":188,"snapDist":2,"label":1}},{"type":"Feature","geometry":{"type":"Point","coordinates":[17.056994,52.409388]},"properties":{"name":"Swarzędz/Działkowa II","lines":"490","arr":["490"],"terminus":0,"mode":"bus","color":"#0059a9","colorDark":"#00294f","angle":160,"snapDist":1,"label":1}},{"type":"Feature","geometry":{"type":"Point","coordinates":[17.061845,52.409513]},"properties":{"name":"Swarzędz/Stawna","lines":"490","arr":["490"],"terminus":0,"mode":"bus","color":"#0059a9","colorDark":"#00294f","angle":188.7,"snapDist":1,"label":1}},{"type":"Feature","geometry":{"type":"Point","coordinates":[17.068915,52.409284]},"properties":{"name":"Swarzędz/Hala","lines":"490","arr":["490"],"terminus":0,"mode":"bus","color":"#0059a9","colorDark":"#00294f","angle":160.7,"snapDist":2,"label":1}},{"type":"Feature","geometry":{"type":"Point","coordinates":[17.088431,52.416739]},"properties":{"name":"Swarzędz/Cybińska","lines":"491","arr":["491"],"terminus":0,"mode":"bus","color":"#0059a9","colorDark":"#00294f","angle":142,"snapDist":1,"label":1}},{"type":"Feature","geometry":{"type":"Point","coordinates":[17.095724,52.420705]},"properties":{"name":"Gortatowo/Cmentarz","lines":"491","arr":["491"],"terminus":0,"mode":"bus","color":"#0059a9","colorDark":"#00294f","angle":135.7,"snapDist":2,"label":1}},{"type":"Feature","geometry":{"type":"Point","coordinates":[17.102576,52.424628]},"properties":{"name":"Gortatowo/Dożynkowa","lines":"491","arr":["491"],"terminus":0,"mode":"bus","color":"#0059a9","colorDark":"#00294f","angle":160.1,"snapDist":4,"label":1}},{"type":"Feature","geometry":{"type":"Point","coordinates":[17.110023,52.426107]},"properties":{"name":"Gortatowo/Świetlica","lines":"491","arr":["491"],"terminus":1,"mode":"bus","color":"#0059a9","colorDark":"#00294f","angle":119.3,"snapDist":0,"label":1}},{"type":"Feature","geometry":{"type":"Point","coordinates":[17.105438,52.426727]},"properties":{"name":"Gortatowo/Fabryczna","lines":"491","arr":["491"],"terminus":0,"mode":"bus","color":"#0059a9","colorDark":"#00294f","angle":323.7,"snapDist":6,"label":1}},{"type":"Feature","geometry":{"type":"Point","coordinates":[17.101966,52.424443]},"properties":{"name":"Gortatowo/Dożynkowa","lines":"491","arr":["491"],"terminus":0,"mode":"bus","color":"#0059a9","colorDark":"#00294f","angle":147.9,"snapDist":2,"label":0}},{"type":"Feature","geometry":{"type":"Point","coordinates":[17.095563,52.420609]},"properties":{"name":"Gortatowo/Cmentarz","lines":"491","arr":["491"],"terminus":0,"mode":"bus","color":"#0059a9","colorDark":"#00294f","angle":135.7,"snapDist":4,"label":0}},{"type":"Feature","geometry":{"type":"Point","coordinates":[17.08859,52.416815]},"properties":{"name":"Swarzędz/Cybińska","lines":"491","arr":["491"],"terminus":0,"mode":"bus","color":"#0059a9","colorDark":"#00294f","angle":322,"snapDist":1,"label":0}},{"type":"Feature","geometry":{"type":"Point","coordinates":[17.123358,52.453589]},"properties":{"name":"Uzarzewo/Pętla (Pałac)","lines":"492","arr":["492"],"terminus":1,"mode":"bus","color":"#0059a9","colorDark":"#00294f","angle":57.8,"snapDist":32,"label":1}},{"type":"Feature","geometry":{"type":"Point","coordinates":[17.120208,52.455875]},"properties":{"name":"Uzarzewo/ Przejazd Kolejowy","lines":"492","arr":["492"],"terminus":0,"mode":"bus","color":"#0059a9","colorDark":"#00294f","angle":45.2,"snapDist":6,"label":1}},{"type":"Feature","geometry":{"type":"Point","coordinates":[17.111576,52.460377]},"properties":{"name":"Uzarzewo/Skrzyżowanie","lines":"492","arr":["492"],"terminus":0,"mode":"bus","color":"#0059a9","colorDark":"#00294f","angle":336,"snapDist":6,"label":1}},{"type":"Feature","geometry":{"type":"Point","coordinates":[17.096181,52.45324]},"properties":{"name":"Kobylnica/Leśna","lines":"492","arr":["492"],"terminus":0,"mode":"bus","color":"#0059a9","colorDark":"#00294f","angle":321.6,"snapDist":6,"label":1}},{"type":"Feature","geometry":{"type":"Point","coordinates":[17.079689,52.447344]},"properties":{"name":"Kobylnica/Szkoła","lines":"492","arr":["492"],"terminus":0,"mode":"bus","color":"#0059a9","colorDark":"#00294f","angle":331.5,"snapDist":6,"label":1}},{"type":"Feature","geometry":{"type":"Point","coordinates":[17.081833,52.448065]},"properties":{"name":"Kobylnica/Szkoła","lines":"492","arr":["492"],"terminus":0,"mode":"bus","color":"#0059a9","colorDark":"#00294f","angle":150.6,"snapDist":6,"label":0}},{"type":"Feature","geometry":{"type":"Point","coordinates":[17.099154,52.454687]},"properties":{"name":"Kobylnica/Leśna","lines":"492","arr":["492"],"terminus":0,"mode":"bus","color":"#0059a9","colorDark":"#00294f","angle":141.5,"snapDist":5,"label":1}},{"type":"Feature","geometry":{"type":"Point","coordinates":[17.112831,52.460351]},"properties":{"name":"Uzarzewo/Skrzyżowanie","lines":"492","arr":["492"],"terminus":0,"mode":"bus","color":"#0059a9","colorDark":"#00294f","angle":224.8,"snapDist":3,"label":0}},{"type":"Feature","geometry":{"type":"Point","coordinates":[17.120634,52.455613]},"properties":{"name":"Uzarzewo/ Przejazd Kolejowy","lines":"492","arr":["492"],"terminus":0,"mode":"bus","color":"#0059a9","colorDark":"#00294f","angle":225.2,"snapDist":6,"label":0}},{"type":"Feature","geometry":{"type":"Point","coordinates":[17.123575,52.453374]},"properties":{"name":"Uzarzewo/Pętla (Pałac)","lines":"492","arr":["492"],"terminus":1,"mode":"bus","color":"#0059a9","colorDark":"#00294f","angle":238.8,"snapDist":1,"label":0}},{"type":"Feature","geometry":{"type":"Point","coordinates":[17.094909,52.477754]},"properties":{"name":"Wierzonka/Pętla","lines":"493","arr":["493"],"terminus":0,"mode":"bus","color":"#0059a9","colorDark":"#00294f","angle":316.3,"snapDist":1,"label":0}},{"type":"Feature","geometry":{"type":"Point","coordinates":[17.073424,52.466386]},"properties":{"name":"Wierzenica/Cmentarz","lines":"493","arr":["493"],"terminus":0,"mode":"bus","color":"#0059a9","colorDark":"#00294f","angle":304,"snapDist":2,"label":1}},{"type":"Feature","geometry":{"type":"Point","coordinates":[17.069788,52.462653]},"properties":{"name":"Wierzenica/Kościół","lines":"493","arr":["493"],"terminus":0,"mode":"bus","color":"#0059a9","colorDark":"#00294f","angle":335,"snapDist":3,"label":1}},{"type":"Feature","geometry":{"type":"Point","coordinates":[17.069433,52.460544]},"properties":{"name":"Wierzenica/Dwór","lines":"493","arr":["493"],"terminus":0,"mode":"bus","color":"#0059a9","colorDark":"#00294f","angle":220.4,"snapDist":4,"label":1}},{"type":"Feature","geometry":{"type":"Point","coordinates":[17.069103,52.460716]},"properties":{"name":"Wierzenica/Dwór","lines":"493","arr":["493"],"terminus":0,"mode":"bus","color":"#0059a9","colorDark":"#00294f","angle":-139.6,"snapDist":8,"label":0}},{"type":"Feature","geometry":{"type":"Point","coordinates":[17.069876,52.462684]},"properties":{"name":"Wierzenica/Kościół","lines":"493","arr":["493"],"terminus":0,"mode":"bus","color":"#0059a9","colorDark":"#00294f","angle":148.1,"snapDist":5,"label":0}},{"type":"Feature","geometry":{"type":"Point","coordinates":[17.073554,52.466501]},"properties":{"name":"Wierzenica/Cmentarz","lines":"493","arr":["493"],"terminus":0,"mode":"bus","color":"#0059a9","colorDark":"#00294f","angle":125.5,"snapDist":1,"label":0}},{"type":"Feature","geometry":{"type":"Point","coordinates":[17.075099,52.404643]},"properties":{"name":"Swarzędz/Dworzec Kolejowy","lines":"494, 498","arr":["494","498"],"terminus":0,"mode":"bus","color":"#0059a9","colorDark":"#00294f","angle":179.2,"snapDist":1,"label":0}},{"type":"Feature","geometry":{"type":"Point","coordinates":[17.081065,52.404928]},"properties":{"name":"Swarzędz/Kościuszki","lines":"494, 498","arr":["494","498"],"terminus":0,"mode":"bus","color":"#0059a9","colorDark":"#00294f","angle":178.2,"snapDist":5,"label":0}},{"type":"Feature","geometry":{"type":"Point","coordinates":[17.073861,52.370353]},"properties":{"name":"Garby Wielkie/Tulecka","lines":"494","arr":["494"],"terminus":0,"mode":"bus","color":"#0059a9","colorDark":"#00294f","angle":263.2,"snapDist":2,"label":1}},{"type":"Feature","geometry":{"type":"Point","coordinates":[17.069676,52.361717]},"properties":{"name":"Garby Małe/Pętla","lines":"494","arr":["494"],"terminus":1,"mode":"bus","color":"#0059a9","colorDark":"#00294f","angle":179.8,"snapDist":2,"label":1}},{"type":"Feature","geometry":{"type":"Point","coordinates":[17.075196,52.3614]},"properties":{"name":"Garby Małe/Tulecka","lines":"494","arr":["494"],"terminus":0,"mode":"bus","color":"#0059a9","colorDark":"#00294f","angle":90.6,"snapDist":2,"label":1}},{"type":"Feature","geometry":{"type":"Point","coordinates":[17.073921,52.37005]},"properties":{"name":"Garby Wielkie/Tulecka","lines":"494","arr":["494"],"terminus":0,"mode":"bus","color":"#0059a9","colorDark":"#00294f","angle":82.7,"snapDist":4,"label":0}},{"type":"Feature","geometry":{"type":"Point","coordinates":[17.081172,52.445755]},"properties":{"name":"Kobylnica/Stacja","lines":"494","arr":["494"],"terminus":1,"mode":"bus","color":"#0059a9","colorDark":"#00294f","angle":156.5,"snapDist":5,"label":0}},{"type":"Feature","geometry":{"type":"Point","coordinates":[17.110478,52.397676]},"properties":{"name":"Jasin/Rabowicka Pętla","lines":"497, 498","arr":["497","498"],"terminus":0,"mode":"bus","color":"#0059a9","colorDark":"#00294f","angle":231.9,"snapDist":2,"label":0}},{"type":"Feature","geometry":{"type":"Point","coordinates":[17.119109,52.390689]},"properties":{"name":"Rabowice/Bukowa","lines":"497, 498","arr":["497","498"],"terminus":0,"mode":"bus","color":"#0059a9","colorDark":"#00294f","angle":235.4,"snapDist":1,"label":1}},{"type":"Feature","geometry":{"type":"Point","coordinates":[17.118019,52.389649]},"properties":{"name":"Rabowice/Świetlica","lines":"497, 498","arr":["497","498"],"terminus":0,"mode":"bus","color":"#0059a9","colorDark":"#00294f","angle":314.5,"snapDist":3,"label":1}},{"type":"Feature","geometry":{"type":"Point","coordinates":[17.116783,52.386655]},"properties":{"name":"Rabowice/Dębowa","lines":"497, 498","arr":["497","498"],"terminus":0,"mode":"bus","color":"#0059a9","colorDark":"#00294f","angle":274.2,"snapDist":3,"label":1}},{"type":"Feature","geometry":{"type":"Point","coordinates":[17.105509,52.387195]},"properties":{"name":"Rabowice/Świerkowe Tarasy","lines":"497, 498","arr":["497","498"],"terminus":0,"mode":"bus","color":"#0059a9","colorDark":"#00294f","angle":5.2,"snapDist":1,"label":1}},{"type":"Feature","geometry":{"type":"Point","coordinates":[17.096572,52.387763]},"properties":{"name":"Rabowice/Średzka","lines":"497, 498","arr":["497","498"],"terminus":0,"mode":"bus","color":"#0059a9","colorDark":"#00294f","angle":6.3,"snapDist":3,"label":1}},{"type":"Feature","geometry":{"type":"Point","coordinates":[17.097301,52.385176]},"properties":{"name":"Kruszewnia/Os. Izabelin","lines":"497, 498","arr":["497","498"],"terminus":0,"mode":"bus","color":"#0059a9","colorDark":"#00294f","angle":237.2,"snapDist":3,"label":1}},{"type":"Feature","geometry":{"type":"Point","coordinates":[17.10224,52.376189]},"properties":{"name":"Kruszewnia/Złotopolska","lines":"497, 498","arr":["497","498"],"terminus":0,"mode":"bus","color":"#0059a9","colorDark":"#00294f","angle":285.2,"snapDist":4,"label":1}},{"type":"Feature","geometry":{"type":"Point","coordinates":[17.103028,52.374662]},"properties":{"name":"Kruszewnia/Pętla","lines":"497, 498","arr":["497","498"],"terminus":1,"mode":"bus","color":"#0059a9","colorDark":"#00294f","angle":79,"snapDist":6,"label":1}},{"type":"Feature","geometry":{"type":"Point","coordinates":[17.10346,52.379383]},"properties":{"name":"Kruszewnia/Czarnoleska","lines":"497, 498","arr":["497","498"],"terminus":0,"mode":"bus","color":"#0059a9","colorDark":"#00294f","angle":50.4,"snapDist":1,"label":1}},{"type":"Feature","geometry":{"type":"Point","coordinates":[17.097022,52.385428]},"properties":{"name":"Kruszewnia/Os. Izabelin","lines":"497, 498","arr":["497","498"],"terminus":0,"mode":"bus","color":"#0059a9","colorDark":"#00294f","angle":55.2,"snapDist":2,"label":0}},{"type":"Feature","geometry":{"type":"Point","coordinates":[17.093372,52.388948]},"properties":{"name":"Zalasewo/Olszynowa","lines":"497, 498","arr":["497","498"],"terminus":0,"mode":"bus","color":"#0059a9","colorDark":"#00294f","angle":78.8,"snapDist":2,"label":1}},{"type":"Feature","geometry":{"type":"Point","coordinates":[17.091421,52.392508]},"properties":{"name":"Zalasewo/Os. Europejskie","lines":"497, 498","arr":["497","498"],"terminus":0,"mode":"bus","color":"#0059a9","colorDark":"#00294f","angle":57.6,"snapDist":2,"label":1}},{"type":"Feature","geometry":{"type":"Point","coordinates":[17.084228,52.400521]},"properties":{"name":"Swarzędz/Pogodna/Średzka","lines":"497, 498","arr":["497","498"],"terminus":0,"mode":"bus","color":"#0059a9","colorDark":"#00294f","angle":59.9,"snapDist":3,"label":1}},{"type":"Feature","geometry":{"type":"Point","coordinates":[17.068321,52.395407]},"properties":{"name":"Swarzędz/Armii Poznań/Szkoła","lines":"499","arr":["499"],"terminus":0,"mode":"bus","color":"#0059a9","colorDark":"#00294f","angle":12.3,"snapDist":3,"label":1}},{"type":"Feature","geometry":{"type":"Point","coordinates":[17.059376,52.395153]},"properties":{"name":"Swarzędz/Armii Poznań/Żurawia","lines":"499","arr":["499"],"terminus":0,"mode":"bus","color":"#0059a9","colorDark":"#00294f","angle":346.7,"snapDist":2,"label":1}},{"type":"Feature","geometry":{"type":"Point","coordinates":[17.059403,52.397595]},"properties":{"name":"Swarzędz/Orla/Geremka","lines":"499","arr":["499"],"terminus":0,"mode":"bus","color":"#0059a9","colorDark":"#00294f","angle":164,"snapDist":5,"label":1}},{"type":"Feature","geometry":{"type":"Point","coordinates":[17.077528,52.396985]},"properties":{"name":"Swarzędz/Okrężna","lines":"499","arr":["499"],"terminus":0,"mode":"bus","color":"#0059a9","colorDark":"#00294f","angle":89.4,"snapDist":2,"label":1}},{"type":"Feature","geometry":{"type":"Point","coordinates":[17.077897,52.399572]},"properties":{"name":"Swarzędz/Pogodna/Kórnicka","lines":"499","arr":["499"],"terminus":0,"mode":"bus","color":"#0059a9","colorDark":"#00294f","angle":96.6,"snapDist":2,"label":1}},{"type":"Feature","geometry":{"type":"Point","coordinates":[17.077899,52.399582]},"properties":{"name":"Swarzędz/Pogodna/Kórnicka","lines":"499","arr":["499"],"terminus":0,"mode":"bus","color":"#0059a9","colorDark":"#00294f","angle":277.5,"snapDist":2,"label":0}},{"type":"Feature","geometry":{"type":"Point","coordinates":[17.077524,52.396813]},"properties":{"name":"Swarzędz/Okrężna","lines":"499","arr":["499"],"terminus":0,"mode":"bus","color":"#0059a9","colorDark":"#00294f","angle":274.8,"snapDist":2,"label":0}},{"type":"Feature","geometry":{"type":"Point","coordinates":[17.063424,52.399136]},"properties":{"name":"Swarzędz/Os. Raczyńskiego","lines":"499","arr":["499"],"terminus":0,"mode":"bus","color":"#0059a9","colorDark":"#00294f","angle":311.9,"snapDist":6,"label":0}},{"type":"Feature","geometry":{"type":"Point","coordinates":[17.05717,52.396781]},"properties":{"name":"Swarzędz/Orla/Geremka","lines":"499","arr":["499"],"terminus":0,"mode":"bus","color":"#0059a9","colorDark":"#00294f","angle":260.1,"snapDist":1,"label":0}},{"type":"Feature","geometry":{"type":"Point","coordinates":[17.059326,52.395146]},"properties":{"name":"Swarzędz/Armii Poznań/Żurawia","lines":"499","arr":["499"],"terminus":0,"mode":"bus","color":"#0059a9","colorDark":"#00294f","angle":166.7,"snapDist":2,"label":0}},{"type":"Feature","geometry":{"type":"Point","coordinates":[17.066807,52.395573]},"properties":{"name":"Swarzędz/Armii Poznań/Szkoła","lines":"499","arr":["499"],"terminus":0,"mode":"bus","color":"#0059a9","colorDark":"#00294f","angle":186.3,"snapDist":5,"label":0}},{"type":"Feature","geometry":{"type":"Point","coordinates":[17.010562,52.335729]},"properties":{"name":"Świątniczki","lines":"501, 502, 503, 560","arr":["501","502","503","560"],"terminus":0,"mode":"bus","color":"#0059a9","colorDark":"#00294f","angle":210.6,"snapDist":2,"label":1}},{"type":"Feature","geometry":{"type":"Point","coordinates":[17.030068,52.321786]},"properties":{"name":"Koninko/Węzeł","lines":"501, 502, 503, 511, 512, 560","arr":["501","502","503","511","512","560"],"terminus":0,"mode":"bus","color":"#0059a9","colorDark":"#00294f","angle":76.7,"snapDist":2,"label":1}},{"type":"Feature","geometry":{"type":"Point","coordinates":[17.031016,52.315532]},"properties":{"name":"Koninko/Magazynowa","lines":"501, 502, 503, 511, 560","arr":["501","502","503","511","560"],"terminus":0,"mode":"bus","color":"#0059a9","colorDark":"#00294f","angle":223.5,"snapDist":3,"label":1}},{"type":"Feature","geometry":{"type":"Point","coordinates":[17.0458,52.310844]},"properties":{"name":"Gądki/Węzeł","lines":"501, 511, 512, 560","arr":["501","511","512","560"],"terminus":0,"mode":"bus","color":"#0059a9","colorDark":"#00294f","angle":243.6,"snapDist":1,"label":1}},{"type":"Feature","geometry":{"type":"Point","coordinates":[17.051733,52.295798]},"properties":{"name":"Robakowo/Węzeł","lines":"501, 560, 599","arr":["501","560","599"],"terminus":0,"mode":"bus","color":"#0059a9","colorDark":"#00294f","angle":243.1,"snapDist":2,"label":1}},{"type":"Feature","geometry":{"type":"Point","coordinates":[17.069676,52.266802]},"properties":{"name":"Skrzynki/Jeziorna","lines":"501, 560, 599","arr":["501","560","599"],"terminus":0,"mode":"bus","color":"#0059a9","colorDark":"#00294f","angle":248.2,"snapDist":2,"label":1}},{"type":"Feature","geometry":{"type":"Point","coordinates":[17.082293,52.252984]},"properties":{"name":"Kórnik/Reja","lines":"501, 502, 560, 590, 591, 598, 599","arr":["501","502","560","590","591","598","599"],"terminus":1,"mode":"bus","color":"#0059a9","colorDark":"#00294f","angle":237.6,"snapDist":8,"label":1}},{"type":"Feature","geometry":{"type":"Point","coordinates":[17.084435,52.251082]},"properties":{"name":"Kórnik/Poprzeczna","lines":"501, 502, 560, 590, 591, 598, 599, 699","arr":["501","502","560","590","591","598","599","699"],"terminus":0,"mode":"bus","color":"#0059a9","colorDark":"#00294f","angle":235.4,"snapDist":4,"label":1}},{"type":"Feature","geometry":{"type":"Point","coordinates":[17.088279,52.24788]},"properties":{"name":"Kórnik/Pl. Niepodległości","lines":"501, 502, 560, 580, 582, 590, 591, 598, 599, 699","arr":["501","502","560","580","582","590","591","598","599","699"],"terminus":1,"mode":"bus","color":"#0059a9","colorDark":"#00294f","angle":230.4,"snapDist":6,"label":1}},{"type":"Feature","geometry":{"type":"Point","coordinates":[17.089667,52.24143]},"properties":{"name":"Kórnik/Prowent","lines":"501, 560, 580, 598","arr":["501","560","580","598"],"terminus":0,"mode":"bus","color":"#0059a9","colorDark":"#00294f","angle":256.5,"snapDist":4,"label":1}},{"type":"Feature","geometry":{"type":"Point","coordinates":[17.094654,52.234813]},"properties":{"name":"Kórnik/Bnin Armii Krajowej","lines":"501, 502, 560, 580, 598","arr":["501","502","560","580","598"],"terminus":0,"mode":"bus","color":"#0059a9","colorDark":"#00294f","angle":245.3,"snapDist":4,"label":1}},{"type":"Feature","geometry":{"type":"Point","coordinates":[17.095458,52.230801]},"properties":{"name":"Kórnik/Bnin Rynek","lines":"501, 502, 560, 590, 598","arr":["501","502","560","590","598"],"terminus":0,"mode":"bus","color":"#0059a9","colorDark":"#00294f","angle":317.2,"snapDist":3,"label":1}},{"type":"Feature","geometry":{"type":"Point","coordinates":[17.09102,52.225711]},"properties":{"name":"Kórnik/Bnin Witosa","lines":"501, 502, 560, 590","arr":["501","502","560","590"],"terminus":0,"mode":"bus","color":"#0059a9","colorDark":"#00294f","angle":295.4,"snapDist":4,"label":1}},{"type":"Feature","geometry":{"type":"Point","coordinates":[17.087051,52.222866]},"properties":{"name":"Kórnik/Bnin Osiedle","lines":"501, 502, 560, 590, 595, 598","arr":["501","502","560","590","595","598"],"terminus":1,"mode":"bus","color":"#0059a9","colorDark":"#00294f","angle":248.8,"snapDist":7,"label":1}},{"type":"Feature","geometry":{"type":"Point","coordinates":[17.076511,52.218735]},"properties":{"name":"Błażejewo/Os. Przylesie","lines":"501, 590, 598","arr":["501","590","598"],"terminus":1,"mode":"bus","color":"#0059a9","colorDark":"#00294f","angle":323.7,"snapDist":4,"label":1}},{"type":"Feature","geometry":{"type":"Point","coordinates":[17.075997,52.218506]},"properties":{"name":"Błażejewo/Os. Przylesie","lines":"501, 502, 590, 595, 598","arr":["501","502","590","595","598"],"terminus":1,"mode":"bus","color":"#0059a9","colorDark":"#00294f","angle":145.4,"snapDist":4,"label":0}},{"type":"Feature","geometry":{"type":"Point","coordinates":[17.091717,52.226609]},"properties":{"name":"Kórnik/Bnin Witosa","lines":"501, 502, 560, 590","arr":["501","502","560","590"],"terminus":0,"mode":"bus","color":"#0059a9","colorDark":"#00294f","angle":115.9,"snapDist":4,"label":0}},{"type":"Feature","geometry":{"type":"Point","coordinates":[17.09627,52.231269]},"properties":{"name":"Kórnik/Bnin Rynek","lines":"501, 502, 560, 580, 590, 598","arr":["501","502","560","580","590","598"],"terminus":0,"mode":"bus","color":"#0059a9","colorDark":"#00294f","angle":125.9,"snapDist":15,"label":0}},{"type":"Feature","geometry":{"type":"Point","coordinates":[17.094183,52.235436]},"properties":{"name":"Kórnik/Bnin Armii Krajowej","lines":"501, 502, 560, 561, 580, 598","arr":["501","502","560","561","580","598"],"terminus":0,"mode":"bus","color":"#0059a9","colorDark":"#00294f","angle":65.1,"snapDist":4,"label":0}},{"type":"Feature","geometry":{"type":"Point","coordinates":[17.089789,52.241121]},"properties":{"name":"Kórnik/Prowent","lines":"501, 560, 561, 580, 598","arr":["501","560","561","580","598"],"terminus":0,"mode":"bus","color":"#0059a9","colorDark":"#00294f","angle":76.5,"snapDist":4,"label":0}},{"type":"Feature","geometry":{"type":"Point","coordinates":[17.087555,52.248423]},"properties":{"name":"Kórnik/Pl. Niepodległości","lines":"501, 502, 560, 561, 580, 582, 590, 592, 598, 599, 699","arr":["501","502","560","561","580","582","590","592","598","599","699"],"terminus":1,"mode":"bus","color":"#0059a9","colorDark":"#00294f","angle":50,"snapDist":6,"label":0}},{"type":"Feature","geometry":{"type":"Point","coordinates":[17.085053,52.250539]},"properties":{"name":"Kórnik/Poprzeczna","lines":"501, 502, 560, 561, 590, 591, 592, 598, 599, 699","arr":["501","502","560","561","590","591","592","598","599","699"],"terminus":0,"mode":"bus","color":"#0059a9","colorDark":"#00294f","angle":55.7,"snapDist":4,"label":0}},{"type":"Feature","geometry":{"type":"Point","coordinates":[17.081841,52.253438]},"properties":{"name":"Kórnik/Reja","lines":"501, 502, 560, 561, 590, 591, 592, 598, 599","arr":["501","502","560","561","590","591","592","598","599"],"terminus":1,"mode":"bus","color":"#0059a9","colorDark":"#00294f","angle":59.7,"snapDist":7,"label":0}},{"type":"Feature","geometry":{"type":"Point","coordinates":[17.069958,52.266861]},"properties":{"name":"Skrzynki/Jeziorna","lines":"501, 560, 561, 599","arr":["501","560","561","599"],"terminus":0,"mode":"bus","color":"#0059a9","colorDark":"#00294f","angle":64.7,"snapDist":11,"label":0}},{"type":"Feature","geometry":{"type":"Point","coordinates":[17.051234,52.296745]},"properties":{"name":"Robakowo/Węzeł","lines":"501, 511, 512, 560, 561","arr":["501","511","512","560","561"],"terminus":0,"mode":"bus","color":"#0059a9","colorDark":"#00294f","angle":47.8,"snapDist":10,"label":0}},{"type":"Feature","geometry":{"type":"Point","coordinates":[17.046677,52.31181]},"properties":{"name":"Gądki/Węzeł","lines":"501, 502, 503, 512, 560, 561","arr":["501","502","503","512","560","561"],"terminus":0,"mode":"bus","color":"#0059a9","colorDark":"#00294f","angle":63.9,"snapDist":7,"label":0}},{"type":"Feature","geometry":{"type":"Point","coordinates":[17.010747,52.33591]},"properties":{"name":"Świątniczki","lines":"501, 502, 503, 560, 561","arr":["501","502","503","560","561"],"terminus":0,"mode":"bus","color":"#0059a9","colorDark":"#00294f","angle":30,"snapDist":11,"label":0}},{"type":"Feature","geometry":{"type":"Point","coordinates":[17.053819,52.30991]},"properties":{"name":"Gądki/Spedycyjna","lines":"502, 503","arr":["502","503"],"terminus":0,"mode":"bus","color":"#0059a9","colorDark":"#00294f","angle":203.4,"snapDist":6,"label":1}},{"type":"Feature","geometry":{"type":"Point","coordinates":[17.070483,52.308918]},"properties":{"name":"Robakowo/Szkolna Rondo","lines":"502","arr":["502"],"terminus":0,"mode":"bus","color":"#0059a9","colorDark":"#00294f","angle":211,"snapDist":6,"label":1}},{"type":"Feature","geometry":{"type":"Point","coordinates":[17.074662,52.307356]},"properties":{"name":"Robakowo/Szeroka","lines":"502","arr":["502"],"terminus":0,"mode":"bus","color":"#0059a9","colorDark":"#00294f","angle":219,"snapDist":6,"label":1}},{"type":"Feature","geometry":{"type":"Point","coordinates":[17.081759,52.304445]},"properties":{"name":"Dachowa/Kręta","lines":"502, 592","arr":["502","592"],"terminus":0,"mode":"bus","color":"#0059a9","colorDark":"#00294f","angle":223.4,"snapDist":3,"label":1}},{"type":"Feature","geometry":{"type":"Point","coordinates":[17.088007,52.302355]},"properties":{"name":"Dachowa/Wiatrakowa","lines":"502, 503, 592","arr":["502","503","592"],"terminus":0,"mode":"bus","color":"#0059a9","colorDark":"#00294f","angle":127,"snapDist":3,"label":1}},{"type":"Feature","geometry":{"type":"Point","coordinates":[17.09812,52.303861]},"properties":{"name":"Dachowa/Okrężna","lines":"502, 503, 592","arr":["502","503","592"],"terminus":0,"mode":"bus","color":"#0059a9","colorDark":"#00294f","angle":212.5,"snapDist":3,"label":1}},{"type":"Feature","geometry":{"type":"Point","coordinates":[17.098445,52.297364]},"properties":{"name":"Dachowa/Klonowa","lines":"502, 503","arr":["502","503"],"terminus":0,"mode":"bus","color":"#0059a9","colorDark":"#00294f","angle":268.2,"snapDist":3,"label":1}},{"type":"Feature","geometry":{"type":"Point","coordinates":[17.099084,52.296191]},"properties":{"name":"Dachowa/Klonowa","lines":"502, 503, 592","arr":["502","503","592"],"terminus":0,"mode":"bus","color":"#0059a9","colorDark":"#00294f","angle":210.9,"snapDist":3,"label":0}},{"type":"Feature","geometry":{"type":"Point","coordinates":[17.106853,52.293182]},"properties":{"name":"Szczodrzykowo/Poznańska","lines":"502, 503, 592","arr":["502","503","592"],"terminus":0,"mode":"bus","color":"#0059a9","colorDark":"#00294f","angle":212.1,"snapDist":3,"label":1}},{"type":"Feature","geometry":{"type":"Point","coordinates":[17.10702,52.283403]},"properties":{"name":"Szczodrzykowo/Ogrodowa","lines":"502, 591","arr":["502","591"],"terminus":0,"mode":"bus","color":"#0059a9","colorDark":"#00294f","angle":304.4,"snapDist":4,"label":1}},{"type":"Feature","geometry":{"type":"Point","coordinates":[17.104422,52.280727]},"properties":{"name":"Szczodrzykowo/Kórnik PKM","lines":"502, 590, 591","arr":["502","590","591"],"terminus":0,"mode":"bus","color":"#0059a9","colorDark":"#00294f","angle":296.1,"snapDist":6,"label":0}},{"type":"Feature","geometry":{"type":"Point","coordinates":[17.097891,52.270302]},"properties":{"name":"Dziećmierowo/Leśna","lines":"502, 590, 591","arr":["502","590","591"],"terminus":0,"mode":"bus","color":"#0059a9","colorDark":"#00294f","angle":275.4,"snapDist":3,"label":1}},{"type":"Feature","geometry":{"type":"Point","coordinates":[17.097813,52.265543]},"properties":{"name":"Dziećmierowo/Słoneczna","lines":"502, 590, 591","arr":["502","590","591"],"terminus":0,"mode":"bus","color":"#0059a9","colorDark":"#00294f","angle":288,"snapDist":3,"label":1}},{"type":"Feature","geometry":{"type":"Point","coordinates":[17.096163,52.259186]},"properties":{"name":"Dziećmierowo/Polna","lines":"502, 590, 591","arr":["502","590","591"],"terminus":0,"mode":"bus","color":"#0059a9","colorDark":"#00294f","angle":276.7,"snapDist":3,"label":1}},{"type":"Feature","geometry":{"type":"Point","coordinates":[17.096226,52.245085]},"properties":{"name":"Kórnik/Parkowa Instytut","lines":"502, 590","arr":["502","590"],"terminus":0,"mode":"bus","color":"#0059a9","colorDark":"#00294f","angle":263.6,"snapDist":3,"label":1}},{"type":"Feature","geometry":{"type":"Point","coordinates":[17.096137,52.241648]},"properties":{"name":"Kórnik/Modrzewiowa","lines":"502","arr":["502"],"terminus":0,"mode":"bus","color":"#0059a9","colorDark":"#00294f","angle":275.4,"snapDist":3,"label":1}},{"type":"Feature","geometry":{"type":"Point","coordinates":[17.093922,52.237849]},"properties":{"name":"Kórnik/Zamkowa","lines":"502","arr":["502"],"terminus":0,"mode":"bus","color":"#0059a9","colorDark":"#00294f","angle":305.6,"snapDist":3,"label":1}},{"type":"Feature","geometry":{"type":"Point","coordinates":[17.096221,52.242242]},"properties":{"name":"Kórnik/Modrzewiowa","lines":"502","arr":["502"],"terminus":0,"mode":"bus","color":"#0059a9","colorDark":"#00294f","angle":95.5,"snapDist":3,"label":0}},{"type":"Feature","geometry":{"type":"Point","coordinates":[17.096172,52.245341]},"properties":{"name":"Kórnik/Parkowa Instytut","lines":"502, 590","arr":["502","590"],"terminus":0,"mode":"bus","color":"#0059a9","colorDark":"#00294f","angle":-98.4,"snapDist":14,"label":0}},{"type":"Feature","geometry":{"type":"Point","coordinates":[17.091068,52.252299]},"properties":{"name":"Kórnik/Szkoła nr 1","lines":"502, 590, 591, 592, 699","arr":["502","590","591","592","699"],"terminus":1,"mode":"bus","color":"#0059a9","colorDark":"#00294f","angle":136.3,"snapDist":4,"label":1}},{"type":"Feature","geometry":{"type":"Point","coordinates":[17.096192,52.259339]},"properties":{"name":"Dziećmierowo/Polna","lines":"502, 590, 591, 592","arr":["502","590","591","592"],"terminus":0,"mode":"bus","color":"#0059a9","colorDark":"#00294f","angle":96.7,"snapDist":3,"label":0}},{"type":"Feature","geometry":{"type":"Point","coordinates":[17.098168,52.266851]},"properties":{"name":"Dziećmierowo/Słoneczna","lines":"502, 590, 591, 592","arr":["502","590","591","592"],"terminus":0,"mode":"bus","color":"#0059a9","colorDark":"#00294f","angle":91.4,"snapDist":6,"label":0}},{"type":"Feature","geometry":{"type":"Point","coordinates":[17.097988,52.270918]},"properties":{"name":"Dziećmierowo/Leśna","lines":"502, 590, 591, 592","arr":["502","590","591","592"],"terminus":0,"mode":"bus","color":"#0059a9","colorDark":"#00294f","angle":95.5,"snapDist":3,"label":0}},{"type":"Feature","geometry":{"type":"Point","coordinates":[17.104678,52.281049]},"properties":{"name":"Szczodrzykowo/Kórnik PKM","lines":"502, 590, 591, 592","arr":["502","590","591","592"],"terminus":0,"mode":"bus","color":"#0059a9","colorDark":"#00294f","angle":115.9,"snapDist":3,"label":0}},{"type":"Feature","geometry":{"type":"Point","coordinates":[17.106594,52.283023]},"properties":{"name":"Szczodrzykowo/Ogrodowa","lines":"502, 591, 592","arr":["502","591","592"],"terminus":0,"mode":"bus","color":"#0059a9","colorDark":"#00294f","angle":124.4,"snapDist":2,"label":0}},{"type":"Feature","geometry":{"type":"Point","coordinates":[17.108066,52.292707]},"properties":{"name":"Szczodrzykowo/Poznańska","lines":"502, 503, 592","arr":["502","503","592"],"terminus":0,"mode":"bus","color":"#0059a9","colorDark":"#00294f","angle":32.8,"snapDist":2,"label":0}},{"type":"Feature","geometry":{"type":"Point","coordinates":[17.098429,52.297675]},"properties":{"name":"Dachowa/Klonowa","lines":"502, 503, 592","arr":["502","503","592"],"terminus":0,"mode":"bus","color":"#0059a9","colorDark":"#00294f","angle":88.2,"snapDist":2,"label":0}},{"type":"Feature","geometry":{"type":"Point","coordinates":[17.097736,52.304021]},"properties":{"name":"Dachowa/Okrężna","lines":"502, 503, 592","arr":["502","503","592"],"terminus":0,"mode":"bus","color":"#0059a9","colorDark":"#00294f","angle":34.9,"snapDist":3,"label":0}},{"type":"Feature","geometry":{"type":"Point","coordinates":[17.087849,52.302227]},"properties":{"name":"Dachowa/Wiatrakowa","lines":"502, 503, 592","arr":["502","503","592"],"terminus":0,"mode":"bus","color":"#0059a9","colorDark":"#00294f","angle":307,"snapDist":2,"label":0}},{"type":"Feature","geometry":{"type":"Point","coordinates":[17.086467,52.301788]},"properties":{"name":"Dachowa/Tęczowa","lines":"502, 592","arr":["502","592"],"terminus":0,"mode":"bus","color":"#0059a9","colorDark":"#00294f","angle":41.9,"snapDist":0,"label":1}},{"type":"Feature","geometry":{"type":"Point","coordinates":[17.082359,52.304103]},"properties":{"name":"Dachowa/Kręta","lines":"502, 592","arr":["502","592"],"terminus":0,"mode":"bus","color":"#0059a9","colorDark":"#00294f","angle":42.9,"snapDist":2,"label":0}},{"type":"Feature","geometry":{"type":"Point","coordinates":[17.075572,52.30685]},"properties":{"name":"Robakowo/Szeroka","lines":"502, 592","arr":["502","592"],"terminus":0,"mode":"bus","color":"#0059a9","colorDark":"#00294f","angle":40.4,"snapDist":6,"label":0}},{"type":"Feature","geometry":{"type":"Point","coordinates":[17.069469,52.309291]},"properties":{"name":"Robakowo/Szkolna Rondo","lines":"502","arr":["502"],"terminus":0,"mode":"bus","color":"#0059a9","colorDark":"#00294f","angle":31,"snapDist":6,"label":0}},{"type":"Feature","geometry":{"type":"Point","coordinates":[17.066948,52.309857]},"properties":{"name":"Robakowo/Szkolna Rondo","lines":"502, 503","arr":["502","503"],"terminus":0,"mode":"bus","color":"#0059a9","colorDark":"#00294f","angle":345.1,"snapDist":5,"label":1}},{"type":"Feature","geometry":{"type":"Point","coordinates":[17.052452,52.310277]},"properties":{"name":"Gądki/Spedycyjna","lines":"502, 503","arr":["502","503"],"terminus":0,"mode":"bus","color":"#0059a9","colorDark":"#00294f","angle":23.6,"snapDist":7,"label":0}},{"type":"Feature","geometry":{"type":"Point","coordinates":[17.056401,52.300985]},"properties":{"name":"Robakowo/Szkoła","lines":"503, 592","arr":["503","592"],"terminus":1,"mode":"bus","color":"#0059a9","colorDark":"#00294f","angle":302.1,"snapDist":0,"label":1}},{"type":"Feature","geometry":{"type":"Point","coordinates":[17.064109,52.298125]},"properties":{"name":"Robakowo/Przyjazna","lines":"503","arr":["503"],"terminus":0,"mode":"bus","color":"#0059a9","colorDark":"#00294f","angle":219.4,"snapDist":9,"label":1}},{"type":"Feature","geometry":{"type":"Point","coordinates":[17.073096,52.293704]},"properties":{"name":"Robakowo/Nowina","lines":"503","arr":["503"],"terminus":0,"mode":"bus","color":"#0059a9","colorDark":"#00294f","angle":218.6,"snapDist":4,"label":1}},{"type":"Feature","geometry":{"type":"Point","coordinates":[17.079685,52.291889]},"properties":{"name":"Dachowa/Cisowa","lines":"503","arr":["503"],"terminus":0,"mode":"bus","color":"#0059a9","colorDark":"#00294f","angle":205.5,"snapDist":3,"label":1}},{"type":"Feature","geometry":{"type":"Point","coordinates":[17.097718,52.296681]},"properties":{"name":"Dachowa/Klonowa","lines":"503","arr":["503"],"terminus":0,"mode":"bus","color":"#0059a9","colorDark":"#00294f","angle":31.2,"snapDist":3,"label":0}},{"type":"Feature","geometry":{"type":"Point","coordinates":[17.105178,52.284507]},"properties":{"name":"Szczodrzykowo/Szkoła","lines":"503","arr":["503"],"terminus":1,"mode":"bus","color":"#0059a9","colorDark":"#00294f","angle":30.7,"snapDist":1,"label":1}},{"type":"Feature","geometry":{"type":"Point","coordinates":[17.087756,52.301063]},"properties":{"name":"Dachowa/Tęczowa","lines":"503","arr":["503"],"terminus":0,"mode":"bus","color":"#0059a9","colorDark":"#00294f","angle":222.7,"snapDist":6,"label":0}},{"type":"Feature","geometry":{"type":"Point","coordinates":[17.079286,52.292005]},"properties":{"name":"Dachowa/Cisowa","lines":"503","arr":["503"],"terminus":0,"mode":"bus","color":"#0059a9","colorDark":"#00294f","angle":25.5,"snapDist":3,"label":0}},{"type":"Feature","geometry":{"type":"Point","coordinates":[17.072588,52.293952]},"properties":{"name":"Robakowo/Nowina","lines":"503","arr":["503"],"terminus":0,"mode":"bus","color":"#0059a9","colorDark":"#00294f","angle":38.6,"snapDist":4,"label":0}},{"type":"Feature","geometry":{"type":"Point","coordinates":[17.064681,52.297838]},"properties":{"name":"Robakowo/Przyjazna","lines":"503","arr":["503"],"terminus":0,"mode":"bus","color":"#0059a9","colorDark":"#00294f","angle":39.4,"snapDist":6,"label":0}},{"type":"Feature","geometry":{"type":"Point","coordinates":[17.012672,52.340254]},"properties":{"name":"Krzesinki","lines":"511, 512","arr":["511","512"],"terminus":0,"mode":"bus","color":"#0059a9","colorDark":"#00294f","angle":238.7,"snapDist":8,"label":1}},{"type":"Feature","geometry":{"type":"Point","coordinates":[17.015169,52.337735]},"properties":{"name":"Podjaryszki","lines":"511, 512","arr":["511","512"],"terminus":0,"mode":"bus","color":"#0059a9","colorDark":"#00294f","angle":238.9,"snapDist":7,"label":1}},{"type":"Feature","geometry":{"type":"Point","coordinates":[17.019115,52.333751]},"properties":{"name":"Jaryszki/Działki","lines":"511, 512","arr":["511","512"],"terminus":0,"mode":"bus","color":"#0059a9","colorDark":"#00294f","angle":238.9,"snapDist":6,"label":1}},{"type":"Feature","geometry":{"type":"Point","coordinates":[17.028502,52.331621]},"properties":{"name":"Żerniki/Fabryczna Panattoni Park","lines":"511, 512","arr":["511","512"],"terminus":0,"mode":"bus","color":"#0059a9","colorDark":"#00294f","angle":206.6,"snapDist":4,"label":1}},{"type":"Feature","geometry":{"type":"Point","coordinates":[17.035675,52.32942]},"properties":{"name":"Żerniki/Fabryczna DHL Supply Chain","lines":"511, 512","arr":["511","512"],"terminus":0,"mode":"bus","color":"#0059a9","colorDark":"#00294f","angle":206.6,"snapDist":2,"label":1}},{"type":"Feature","geometry":{"type":"Point","coordinates":[17.042719,52.326879]},"properties":{"name":"Żerniki/Skrzyżowanie","lines":"511, 512","arr":["511","512"],"terminus":0,"mode":"bus","color":"#0059a9","colorDark":"#00294f","angle":235.3,"snapDist":8,"label":1}},{"type":"Feature","geometry":{"type":"Point","coordinates":[17.045137,52.290363]},"properties":{"name":"Borówiec/Dębowa","lines":"511","arr":["511"],"terminus":0,"mode":"bus","color":"#0059a9","colorDark":"#00294f","angle":245.9,"snapDist":3,"label":1}},{"type":"Feature","geometry":{"type":"Point","coordinates":[17.046394,52.286834]},"properties":{"name":"Borówiec/Rekreacyjna","lines":"511","arr":["511"],"terminus":0,"mode":"bus","color":"#0059a9","colorDark":"#00294f","angle":253.3,"snapDist":6,"label":1}},{"type":"Feature","geometry":{"type":"Point","coordinates":[17.045227,52.282926]},"properties":{"name":"Borówiec/Łąkowa","lines":"511","arr":["511"],"terminus":0,"mode":"bus","color":"#0059a9","colorDark":"#00294f","angle":285.4,"snapDist":3,"label":1}},{"type":"Feature","geometry":{"type":"Point","coordinates":[17.047304,52.277328]},"properties":{"name":"Borówiec/Szkoła","lines":"511, 512, 599","arr":["511","512","599"],"terminus":1,"mode":"bus","color":"#0059a9","colorDark":"#00294f","angle":36.5,"snapDist":7,"label":1}},{"type":"Feature","geometry":{"type":"Point","coordinates":[17.038244,52.280619]},"properties":{"name":"Borówiec/Deszczowa","lines":"511, 512","arr":["511","512"],"terminus":0,"mode":"bus","color":"#0059a9","colorDark":"#00294f","angle":5,"snapDist":3,"label":1}},{"type":"Feature","geometry":{"type":"Point","coordinates":[17.026918,52.280542]},"properties":{"name":"Borówiec/Pod Borem","lines":"511, 512","arr":["511","512"],"terminus":0,"mode":"bus","color":"#0059a9","colorDark":"#00294f","angle":8.7,"snapDist":6,"label":1}},{"type":"Feature","geometry":{"type":"Point","coordinates":[17.02046,52.281262]},"properties":{"name":"Borówiec/Kurkowa","lines":"511, 512","arr":["511","512"],"terminus":0,"mode":"bus","color":"#0059a9","colorDark":"#00294f","angle":13.9,"snapDist":0,"label":1}},{"type":"Feature","geometry":{"type":"Point","coordinates":[17.012065,52.282659]},"properties":{"name":"Borówiec/Borówkowa","lines":"511, 512","arr":["511","512"],"terminus":0,"mode":"bus","color":"#0059a9","colorDark":"#00294f","angle":27.3,"snapDist":7,"label":1}},{"type":"Feature","geometry":{"type":"Point","coordinates":[17.006613,52.284023]},"properties":{"name":"Kamionki/Lisia","lines":"511, 512","arr":["511","512"],"terminus":0,"mode":"bus","color":"#0059a9","colorDark":"#00294f","angle":13.8,"snapDist":3,"label":1}},{"type":"Feature","geometry":{"type":"Point","coordinates":[16.999362,52.285079]},"properties":{"name":"Kamionki/Lotnicza","lines":"511, 512","arr":["511","512"],"terminus":0,"mode":"bus","color":"#0059a9","colorDark":"#00294f","angle":9.9,"snapDist":3,"label":1}},{"type":"Feature","geometry":{"type":"Point","coordinates":[16.994573,52.286241]},"properties":{"name":"Kamionki/Pętla","lines":"511, 512, 527, 599","arr":["511","512","527","599"],"terminus":1,"mode":"bus","color":"#0059a9","colorDark":"#00294f","angle":268.9,"snapDist":3,"label":1}},{"type":"Feature","geometry":{"type":"Point","coordinates":[17.000389,52.289632]},"properties":{"name":"Kamionki/Nad Kople","lines":"511, 512","arr":["511","512"],"terminus":0,"mode":"bus","color":"#0059a9","colorDark":"#00294f","angle":95.5,"snapDist":5,"label":1}},{"type":"Feature","geometry":{"type":"Point","coordinates":[17.004703,52.293969]},"properties":{"name":"Szczytniki/Szczelinka","lines":"511, 512","arr":["511","512"],"terminus":0,"mode":"bus","color":"#0059a9","colorDark":"#00294f","angle":134.6,"snapDist":5,"label":1}},{"type":"Feature","geometry":{"type":"Point","coordinates":[17.011328,52.299472]},"properties":{"name":"Szczytniki/Sarnia","lines":"511, 512","arr":["511","512"],"terminus":0,"mode":"bus","color":"#0059a9","colorDark":"#00294f","angle":142.9,"snapDist":1,"label":1}},{"type":"Feature","geometry":{"type":"Point","coordinates":[17.014863,52.301133]},"properties":{"name":"Szczytniki/Nad Wodą","lines":"511, 512","arr":["511","512"],"terminus":0,"mode":"bus","color":"#0059a9","colorDark":"#00294f","angle":142.7,"snapDist":6,"label":1}},{"type":"Feature","geometry":{"type":"Point","coordinates":[17.010368,52.304473]},"properties":{"name":"Szczytniki/Pętla","lines":"511, 512, 599","arr":["511","512","599"],"terminus":1,"mode":"bus","color":"#0059a9","colorDark":"#00294f","angle":354.1,"snapDist":4,"label":1}},{"type":"Feature","geometry":{"type":"Point","coordinates":[17.014847,52.301125]},"properties":{"name":"Szczytniki/Nad Wodą","lines":"511, 512","arr":["511","512"],"terminus":0,"mode":"bus","color":"#0059a9","colorDark":"#00294f","angle":322.7,"snapDist":3,"label":0}},{"type":"Feature","geometry":{"type":"Point","coordinates":[17.011323,52.29947]},"properties":{"name":"Szczytniki/Sarnia","lines":"511, 512, 599","arr":["511","512","599"],"terminus":0,"mode":"bus","color":"#0059a9","colorDark":"#00294f","angle":322.9,"snapDist":5,"label":0}},{"type":"Feature","geometry":{"type":"Point","coordinates":[17.004193,52.293657]},"properties":{"name":"Szczytniki/Szczelinka","lines":"511, 512, 599","arr":["511","512","599"],"terminus":0,"mode":"bus","color":"#0059a9","colorDark":"#00294f","angle":315.6,"snapDist":4,"label":0}},{"type":"Feature","geometry":{"type":"Point","coordinates":[17.000318,52.289256]},"properties":{"name":"Kamionki/Nad Kople","lines":"511, 512, 599","arr":["511","512","599"],"terminus":0,"mode":"bus","color":"#0059a9","colorDark":"#00294f","angle":276.9,"snapDist":1,"label":0}},{"type":"Feature","geometry":{"type":"Point","coordinates":[17.000132,52.284986]},"properties":{"name":"Kamionki/Lotnicza","lines":"511, 512, 599","arr":["511","512","599"],"terminus":0,"mode":"bus","color":"#0059a9","colorDark":"#00294f","angle":192.9,"snapDist":3,"label":0}},{"type":"Feature","geometry":{"type":"Point","coordinates":[17.006183,52.284087]},"properties":{"name":"Kamionki/Lisia","lines":"511, 512, 599","arr":["511","512","599"],"terminus":0,"mode":"bus","color":"#0059a9","colorDark":"#00294f","angle":193.9,"snapDist":4,"label":0}},{"type":"Feature","geometry":{"type":"Point","coordinates":[17.014156,52.282193]},"properties":{"name":"Borówiec/Borówkowa","lines":"511, 512, 599","arr":["511","512","599"],"terminus":0,"mode":"bus","color":"#0059a9","colorDark":"#00294f","angle":193,"snapDist":7,"label":0}},{"type":"Feature","geometry":{"type":"Point","coordinates":[17.020859,52.281202]},"properties":{"name":"Borówiec/Kurkowa","lines":"511, 512, 599","arr":["511","512","599"],"terminus":0,"mode":"bus","color":"#0059a9","colorDark":"#00294f","angle":193.9,"snapDist":0,"label":0}},{"type":"Feature","geometry":{"type":"Point","coordinates":[17.027624,52.280475]},"properties":{"name":"Borówiec/Pod Borem","lines":"511, 512, 599","arr":["511","512","599"],"terminus":0,"mode":"bus","color":"#0059a9","colorDark":"#00294f","angle":188.8,"snapDist":7,"label":0}},{"type":"Feature","geometry":{"type":"Point","coordinates":[17.037991,52.280632]},"properties":{"name":"Borówiec/Deszczowa","lines":"511, 512, 599","arr":["511","512","599"],"terminus":0,"mode":"bus","color":"#0059a9","colorDark":"#00294f","angle":185,"snapDist":3,"label":0}},{"type":"Feature","geometry":{"type":"Point","coordinates":[17.045225,52.282922]},"properties":{"name":"Borówiec/Łąkowa","lines":"511, 599","arr":["511","599"],"terminus":0,"mode":"bus","color":"#0059a9","colorDark":"#00294f","angle":105.4,"snapDist":3,"label":0}},{"type":"Feature","geometry":{"type":"Point","coordinates":[17.046229,52.287194]},"properties":{"name":"Borówiec/Rekreacyjna","lines":"511, 599","arr":["511","599"],"terminus":0,"mode":"bus","color":"#0059a9","colorDark":"#00294f","angle":76.8,"snapDist":6,"label":0}},{"type":"Feature","geometry":{"type":"Point","coordinates":[17.04493,52.290645]},"properties":{"name":"Borówiec/Dębowa","lines":"511, 599","arr":["511","599"],"terminus":0,"mode":"bus","color":"#0059a9","colorDark":"#00294f","angle":66.4,"snapDist":3,"label":0}},{"type":"Feature","geometry":{"type":"Point","coordinates":[17.050434,52.299297]},"properties":{"name":"Gądki/PKM","lines":"511, 512, 599","arr":["511","512","599"],"terminus":0,"mode":"bus","color":"#0059a9","colorDark":"#00294f","angle":250.3,"snapDist":7,"label":1}},{"type":"Feature","geometry":{"type":"Point","coordinates":[17.031197,52.315427]},"properties":{"name":"Koninko/Magazynowa","lines":"511","arr":["511"],"terminus":0,"mode":"bus","color":"#0059a9","colorDark":"#00294f","angle":43.5,"snapDist":3,"label":0}},{"type":"Feature","geometry":{"type":"Point","coordinates":[17.023919,52.319762]},"properties":{"name":"Koninko/Drukarska","lines":"511","arr":["511"],"terminus":0,"mode":"bus","color":"#0059a9","colorDark":"#00294f","angle":51.4,"snapDist":4,"label":1}},{"type":"Feature","geometry":{"type":"Point","coordinates":[17.016175,52.329937]},"properties":{"name":"Jaryszki/Składowa","lines":"511","arr":["511"],"terminus":0,"mode":"bus","color":"#0059a9","colorDark":"#00294f","angle":126.9,"snapDist":3,"label":1}},{"type":"Feature","geometry":{"type":"Point","coordinates":[17.0097,52.335835]},"properties":{"name":"Nad Krzesinką","lines":"511","arr":["511"],"terminus":0,"mode":"bus","color":"#0059a9","colorDark":"#00294f","angle":29.7,"snapDist":3,"label":1}},{"type":"Feature","geometry":{"type":"Point","coordinates":[17.045218,52.292699]},"properties":{"name":"Borówiec/Las","lines":"512, 599","arr":["512","599"],"terminus":0,"mode":"bus","color":"#0059a9","colorDark":"#00294f","angle":40.2,"snapDist":1,"label":1}},{"type":"Feature","geometry":{"type":"Point","coordinates":[17.030353,52.299917]},"properties":{"name":"Koninko/Las","lines":"512, 599","arr":["512","599"],"terminus":0,"mode":"bus","color":"#0059a9","colorDark":"#00294f","angle":35.4,"snapDist":3,"label":1}},{"type":"Feature","geometry":{"type":"Point","coordinates":[17.020445,52.306663]},"properties":{"name":"Koninko/Lazurowa","lines":"512, 599","arr":["512","599"],"terminus":0,"mode":"bus","color":"#0059a9","colorDark":"#00294f","angle":44.8,"snapDist":2,"label":1}},{"type":"Feature","geometry":{"type":"Point","coordinates":[17.016307,52.309049]},"properties":{"name":"Koninko/Dziennikarska","lines":"512, 599","arr":["512","599"],"terminus":0,"mode":"bus","color":"#0059a9","colorDark":"#00294f","angle":323.4,"snapDist":3,"label":1}},{"type":"Feature","geometry":{"type":"Point","coordinates":[17.013595,52.306425]},"properties":{"name":"Koninko/Pisarska","lines":"512, 599","arr":["512","599"],"terminus":0,"mode":"bus","color":"#0059a9","colorDark":"#00294f","angle":300.1,"snapDist":3,"label":1}},{"type":"Feature","geometry":{"type":"Point","coordinates":[17.014005,52.306858]},"properties":{"name":"Koninko/Pisarska","lines":"512","arr":["512"],"terminus":0,"mode":"bus","color":"#0059a9","colorDark":"#00294f","angle":-59.9,"snapDist":8,"label":0}},{"type":"Feature","geometry":{"type":"Point","coordinates":[17.016361,52.309074]},"properties":{"name":"Koninko/Dziennikarska","lines":"512","arr":["512"],"terminus":0,"mode":"bus","color":"#0059a9","colorDark":"#00294f","angle":143.4,"snapDist":5,"label":0}},{"type":"Feature","geometry":{"type":"Point","coordinates":[17.021307,52.306147]},"properties":{"name":"Koninko/Lazurowa","lines":"512","arr":["512"],"terminus":0,"mode":"bus","color":"#0059a9","colorDark":"#00294f","angle":224.2,"snapDist":5,"label":0}},{"type":"Feature","geometry":{"type":"Point","coordinates":[17.030843,52.29974]},"properties":{"name":"Koninko/Las","lines":"512","arr":["512"],"terminus":0,"mode":"bus","color":"#0059a9","colorDark":"#00294f","angle":209.2,"snapDist":3,"label":0}},{"type":"Feature","geometry":{"type":"Point","coordinates":[17.044961,52.292838]},"properties":{"name":"Borówiec/Las","lines":"512","arr":["512"],"terminus":0,"mode":"bus","color":"#0059a9","colorDark":"#00294f","angle":222.5,"snapDist":8,"label":0}},{"type":"Feature","geometry":{"type":"Point","coordinates":[17.043045,52.326594]},"properties":{"name":"Żerniki/Skrzyżowanie","lines":"512","arr":["512"],"terminus":0,"mode":"bus","color":"#0059a9","colorDark":"#00294f","angle":-125,"snapDist":7,"label":0}},{"type":"Feature","geometry":{"type":"Point","coordinates":[17.034702,52.329719]},"properties":{"name":"Żerniki/Fabryczna DHL Supply Chain","lines":"512","arr":["512"],"terminus":0,"mode":"bus","color":"#0059a9","colorDark":"#00294f","angle":26.7,"snapDist":2,"label":0}},{"type":"Feature","geometry":{"type":"Point","coordinates":[17.027782,52.331841]},"properties":{"name":"Żerniki/Fabryczna Panattoni Park","lines":"512","arr":["512"],"terminus":0,"mode":"bus","color":"#0059a9","colorDark":"#00294f","angle":-153.4,"snapDist":9,"label":0}},{"type":"Feature","geometry":{"type":"Point","coordinates":[17.018784,52.334086]},"properties":{"name":"Jaryszki/Działki","lines":"512","arr":["512"],"terminus":0,"mode":"bus","color":"#0059a9","colorDark":"#00294f","angle":58.8,"snapDist":4,"label":0}},{"type":"Feature","geometry":{"type":"Point","coordinates":[17.015172,52.337733]},"properties":{"name":"Podjaryszki","lines":"512","arr":["512"],"terminus":0,"mode":"bus","color":"#0059a9","colorDark":"#00294f","angle":58.9,"snapDist":5,"label":0}},{"type":"Feature","geometry":{"type":"Point","coordinates":[17.012669,52.340257]},"properties":{"name":"Krzesinki","lines":"512","arr":["512"],"terminus":0,"mode":"bus","color":"#0059a9","colorDark":"#00294f","angle":58.7,"snapDist":6,"label":0}},{"type":"Feature","geometry":{"type":"Point","coordinates":[16.986617,52.286823]},"properties":{"name":"Kamionki/Polna","lines":"527","arr":["527"],"terminus":0,"mode":"bus","color":"#0059a9","colorDark":"#00294f","angle":28.2,"snapDist":2,"label":1}},{"type":"Feature","geometry":{"type":"Point","coordinates":[16.981669,52.288376]},"properties":{"name":"Kamionki/Łąkowa","lines":"527","arr":["527"],"terminus":0,"mode":"bus","color":"#0059a9","colorDark":"#00294f","angle":23.4,"snapDist":3,"label":1}},{"type":"Feature","geometry":{"type":"Point","coordinates":[16.978782,52.289151]},"properties":{"name":"Kamionki/Platanowa","lines":"527","arr":["527"],"terminus":0,"mode":"bus","color":"#0059a9","colorDark":"#00294f","angle":23.8,"snapDist":3,"label":1}},{"type":"Feature","geometry":{"type":"Point","coordinates":[16.974039,52.290711]},"properties":{"name":"Kamionki/Stokrotkowa","lines":"527","arr":["527"],"terminus":0,"mode":"bus","color":"#0059a9","colorDark":"#00294f","angle":29.2,"snapDist":1,"label":1}},{"type":"Feature","geometry":{"type":"Point","coordinates":[16.968341,52.292601]},"properties":{"name":"Daszewice/Lipowa","lines":"527","arr":["527"],"terminus":0,"mode":"bus","color":"#0059a9","colorDark":"#00294f","angle":32.8,"snapDist":3,"label":1}},{"type":"Feature","geometry":{"type":"Point","coordinates":[16.962718,52.295719]},"properties":{"name":"Daszewice/Pętla","lines":"527","arr":["527"],"terminus":0,"mode":"bus","color":"#0059a9","colorDark":"#00294f","angle":47.2,"snapDist":6,"label":1}},{"type":"Feature","geometry":{"type":"Point","coordinates":[16.958015,52.299371]},"properties":{"name":"Daszewice/Piotrowska","lines":"527","arr":["527"],"terminus":0,"mode":"bus","color":"#0059a9","colorDark":"#00294f","angle":50.3,"snapDist":3,"label":1}},{"type":"Feature","geometry":{"type":"Point","coordinates":[16.953294,52.302409]},"properties":{"name":"Daszewice/Leśna","lines":"527","arr":["527"],"terminus":0,"mode":"bus","color":"#0059a9","colorDark":"#00294f","angle":46,"snapDist":3,"label":1}},{"type":"Feature","geometry":{"type":"Point","coordinates":[16.937935,52.311575]},"properties":{"name":"Babki/Jednostka Wojskowa","lines":"527","arr":["527"],"terminus":0,"mode":"bus","color":"#0059a9","colorDark":"#00294f","angle":39.7,"snapDist":2,"label":1}},{"type":"Feature","geometry":{"type":"Point","coordinates":[16.935984,52.31366]},"properties":{"name":"Babki/Ośrodek Zdrowia","lines":"527","arr":["527"],"terminus":0,"mode":"bus","color":"#0059a9","colorDark":"#00294f","angle":44.1,"snapDist":4,"label":1}},{"type":"Feature","geometry":{"type":"Point","coordinates":[16.930444,52.317694]},"properties":{"name":"Babki/","lines":"527","arr":["527"],"terminus":0,"mode":"bus","color":"#0059a9","colorDark":"#00294f","angle":46,"snapDist":3,"label":1}},{"type":"Feature","geometry":{"type":"Point","coordinates":[16.922332,52.319781]},"properties":{"name":"Czapury/Gromadzka","lines":"527","arr":["527"],"terminus":0,"mode":"bus","color":"#0059a9","colorDark":"#00294f","angle":341.7,"snapDist":3,"label":1}},{"type":"Feature","geometry":{"type":"Point","coordinates":[16.911792,52.31448]},"properties":{"name":"Czapury/Szkoła","lines":"527","arr":["527"],"terminus":0,"mode":"bus","color":"#0059a9","colorDark":"#00294f","angle":280.6,"snapDist":5,"label":1}},{"type":"Feature","geometry":{"type":"Point","coordinates":[16.910508,52.310263]},"properties":{"name":"Czapury/Warta","lines":"527","arr":["527"],"terminus":0,"mode":"bus","color":"#0059a9","colorDark":"#00294f","angle":-79.3,"snapDist":6,"label":1}},{"type":"Feature","geometry":{"type":"Point","coordinates":[16.909031,52.306465]},"properties":{"name":"Wiórek/Podleśna","lines":"527","arr":["527"],"terminus":0,"mode":"bus","color":"#0059a9","colorDark":"#00294f","angle":-76.1,"snapDist":11,"label":1}},{"type":"Feature","geometry":{"type":"Point","coordinates":[16.907594,52.303565]},"properties":{"name":"Wiórek/Pętla","lines":"527, 698, 699","arr":["527","698","699"],"terminus":0,"mode":"bus","color":"#0059a9","colorDark":"#00294f","angle":19.4,"snapDist":2,"label":1}},{"type":"Feature","geometry":{"type":"Point","coordinates":[16.909388,52.307271]},"properties":{"name":"Wiórek/Podleśna","lines":"527","arr":["527"],"terminus":0,"mode":"bus","color":"#0059a9","colorDark":"#00294f","angle":106.5,"snapDist":9,"label":0}},{"type":"Feature","geometry":{"type":"Point","coordinates":[16.910075,52.308854]},"properties":{"name":"Czapury/Warta","lines":"527","arr":["527"],"terminus":0,"mode":"bus","color":"#0059a9","colorDark":"#00294f","angle":100.9,"snapDist":8,"label":0}},{"type":"Feature","geometry":{"type":"Point","coordinates":[16.911628,52.313948]},"properties":{"name":"Czapury/Szkoła","lines":"527","arr":["527"],"terminus":0,"mode":"bus","color":"#0059a9","colorDark":"#00294f","angle":100.7,"snapDist":8,"label":0}},{"type":"Feature","geometry":{"type":"Point","coordinates":[16.912895,52.318015]},"properties":{"name":"Czapury/Głuszynka","lines":"527","arr":["527"],"terminus":0,"mode":"bus","color":"#0059a9","colorDark":"#00294f","angle":101,"snapDist":3,"label":1}},{"type":"Feature","geometry":{"type":"Point","coordinates":[16.912492,52.323026]},"properties":{"name":"Czapury/Leśna","lines":"527","arr":["527"],"terminus":0,"mode":"bus","color":"#0059a9","colorDark":"#00294f","angle":65.6,"snapDist":3,"label":1}},{"type":"Feature","geometry":{"type":"Point","coordinates":[16.910677,52.326132]},"properties":{"name":"Czapury/Dębowa","lines":"527","arr":["527"],"terminus":0,"mode":"bus","color":"#0059a9","colorDark":"#00294f","angle":79.1,"snapDist":3,"label":1}},{"type":"Feature","geometry":{"type":"Point","coordinates":[16.911032,52.330982]},"properties":{"name":"Czapury/Stacja Energetyczna","lines":"527","arr":["527"],"terminus":0,"mode":"bus","color":"#0059a9","colorDark":"#00294f","angle":98.1,"snapDist":3,"label":1}},{"type":"Feature","geometry":{"type":"Point","coordinates":[16.911902,52.334089]},"properties":{"name":"Rydzowa","lines":"527","arr":["527"],"terminus":0,"mode":"bus","color":"#0059a9","colorDark":"#00294f","angle":103.5,"snapDist":4,"label":1}},{"type":"Feature","geometry":{"type":"Point","coordinates":[16.91758,52.341568]},"properties":{"name":"Starołęka Wielka","lines":"527","arr":["527"],"terminus":0,"mode":"bus","color":"#0059a9","colorDark":"#00294f","angle":304.7,"snapDist":4,"label":0}},{"type":"Feature","geometry":{"type":"Point","coordinates":[16.912004,52.33435]},"properties":{"name":"Rydzowa","lines":"527","arr":["527"],"terminus":0,"mode":"bus","color":"#0059a9","colorDark":"#00294f","angle":283.5,"snapDist":3,"label":0}},{"type":"Feature","geometry":{"type":"Point","coordinates":[16.911094,52.331248]},"properties":{"name":"Czapury/Stacja Energetyczna","lines":"527","arr":["527"],"terminus":0,"mode":"bus","color":"#0059a9","colorDark":"#00294f","angle":278.1,"snapDist":3,"label":0}},{"type":"Feature","geometry":{"type":"Point","coordinates":[16.911662,52.32415]},"properties":{"name":"Czapury/Leśna","lines":"527","arr":["527"],"terminus":0,"mode":"bus","color":"#0059a9","colorDark":"#00294f","angle":245.8,"snapDist":3,"label":0}},{"type":"Feature","geometry":{"type":"Point","coordinates":[16.912985,52.318303]},"properties":{"name":"Czapury/Głuszynka","lines":"527","arr":["527"],"terminus":0,"mode":"bus","color":"#0059a9","colorDark":"#00294f","angle":280.8,"snapDist":3,"label":0}},{"type":"Feature","geometry":{"type":"Point","coordinates":[16.921801,52.319667]},"properties":{"name":"Czapury/Gromadzka","lines":"527","arr":["527"],"terminus":0,"mode":"bus","color":"#0059a9","colorDark":"#00294f","angle":160.3,"snapDist":3,"label":0}},{"type":"Feature","geometry":{"type":"Point","coordinates":[16.931434,52.316922]},"properties":{"name":"Babki/","lines":"527","arr":["527"],"terminus":0,"mode":"bus","color":"#0059a9","colorDark":"#00294f","angle":238.4,"snapDist":3,"label":0}},{"type":"Feature","geometry":{"type":"Point","coordinates":[16.936276,52.313485]},"properties":{"name":"Babki/Ośrodek Zdrowia","lines":"527","arr":["527"],"terminus":0,"mode":"bus","color":"#0059a9","colorDark":"#00294f","angle":225,"snapDist":3,"label":0}},{"type":"Feature","geometry":{"type":"Point","coordinates":[16.937776,52.311656]},"properties":{"name":"Babki/Jednostka Wojskowa","lines":"527","arr":["527"],"terminus":0,"mode":"bus","color":"#0059a9","colorDark":"#00294f","angle":219.7,"snapDist":3,"label":0}},{"type":"Feature","geometry":{"type":"Point","coordinates":[16.953933,52.30201]},"properties":{"name":"Daszewice/Leśna","lines":"527","arr":["527"],"terminus":0,"mode":"bus","color":"#0059a9","colorDark":"#00294f","angle":224.7,"snapDist":4,"label":0}},{"type":"Feature","geometry":{"type":"Point","coordinates":[16.958365,52.299116]},"properties":{"name":"Daszewice/Piotrowska","lines":"527","arr":["527"],"terminus":0,"mode":"bus","color":"#0059a9","colorDark":"#00294f","angle":230.1,"snapDist":3,"label":0}},{"type":"Feature","geometry":{"type":"Point","coordinates":[16.962425,52.295909]},"properties":{"name":"Daszewice/Pętla","lines":"527","arr":["527"],"terminus":0,"mode":"bus","color":"#0059a9","colorDark":"#00294f","angle":226.8,"snapDist":6,"label":0}},{"type":"Feature","geometry":{"type":"Point","coordinates":[16.967994,52.29274]},"properties":{"name":"Daszewice/Lipowa","lines":"527","arr":["527"],"terminus":0,"mode":"bus","color":"#0059a9","colorDark":"#00294f","angle":211.8,"snapDist":3,"label":0}},{"type":"Feature","geometry":{"type":"Point","coordinates":[16.974723,52.290479]},"properties":{"name":"Kamionki/Stokrotkowa","lines":"527","arr":["527"],"terminus":0,"mode":"bus","color":"#0059a9","colorDark":"#00294f","angle":209.4,"snapDist":2,"label":0}},{"type":"Feature","geometry":{"type":"Point","coordinates":[16.978284,52.289286]},"properties":{"name":"Kamionki/Platanowa","lines":"527","arr":["527"],"terminus":0,"mode":"bus","color":"#0059a9","colorDark":"#00294f","angle":206.6,"snapDist":4,"label":0}},{"type":"Feature","geometry":{"type":"Point","coordinates":[16.981823,52.288332]},"properties":{"name":"Kamionki/Łąkowa","lines":"527","arr":["527"],"terminus":0,"mode":"bus","color":"#0059a9","colorDark":"#00294f","angle":206,"snapDist":3,"label":0}},{"type":"Feature","geometry":{"type":"Point","coordinates":[16.988708,52.286083]},"properties":{"name":"Kamionki/Polna","lines":"527","arr":["527"],"terminus":0,"mode":"bus","color":"#0059a9","colorDark":"#00294f","angle":200.7,"snapDist":3,"label":0}},{"type":"Feature","geometry":{"type":"Point","coordinates":[17.093525,52.228319]},"properties":{"name":"Kórnik/Bnin Błażejewska","lines":"560","arr":["560"],"terminus":0,"mode":"bus","color":"#0059a9","colorDark":"#00294f","angle":211.4,"snapDist":6,"label":1}},{"type":"Feature","geometry":{"type":"Point","coordinates":[17.09616,52.223328]},"properties":{"name":"Kórnik/Bnin Wierzbowa","lines":"560","arr":["560"],"terminus":0,"mode":"bus","color":"#0059a9","colorDark":"#00294f","angle":243.9,"snapDist":2,"label":1}},{"type":"Feature","geometry":{"type":"Point","coordinates":[17.098315,52.217253]},"properties":{"name":"Błażejewo/Mikołajczyka I","lines":"560","arr":["560"],"terminus":0,"mode":"bus","color":"#0059a9","colorDark":"#00294f","angle":274.2,"snapDist":2,"label":1}},{"type":"Feature","geometry":{"type":"Point","coordinates":[17.100936,52.210752]},"properties":{"name":"Błażejewo/Mikołajczyka II","lines":"560","arr":["560"],"terminus":0,"mode":"bus","color":"#0059a9","colorDark":"#00294f","angle":262,"snapDist":3,"label":1}},{"type":"Feature","geometry":{"type":"Point","coordinates":[17.103628,52.204195]},"properties":{"name":"Błażejewko/Działkowa","lines":"560","arr":["560"],"terminus":0,"mode":"bus","color":"#0059a9","colorDark":"#00294f","angle":238.2,"snapDist":3,"label":1}},{"type":"Feature","geometry":{"type":"Point","coordinates":[17.107664,52.199289]},"properties":{"name":"Błażejewko/Pętla","lines":"560","arr":["560"],"terminus":0,"mode":"bus","color":"#0059a9","colorDark":"#00294f","angle":221.4,"snapDist":2,"label":1}},{"type":"Feature","geometry":{"type":"Point","coordinates":[17.12284,52.183796]},"properties":{"name":"Jeziory Wielkie/Wieś","lines":"560","arr":["560"],"terminus":0,"mode":"bus","color":"#0059a9","colorDark":"#00294f","angle":186.1,"snapDist":6,"label":1}},{"type":"Feature","geometry":{"type":"Point","coordinates":[17.132433,52.182919]},"properties":{"name":"Jeziory Wielkie/","lines":"560","arr":["560"],"terminus":0,"mode":"bus","color":"#0059a9","colorDark":"#00294f","angle":205.8,"snapDist":3,"label":1}},{"type":"Feature","geometry":{"type":"Point","coordinates":[17.140655,52.174016]},"properties":{"name":"Jeziory Wielkie/Doliwiec Leśny","lines":"560","arr":["560"],"terminus":0,"mode":"bus","color":"#0059a9","colorDark":"#00294f","angle":239.7,"snapDist":6,"label":1}},{"type":"Feature","geometry":{"type":"Point","coordinates":[17.147642,52.167505]},"properties":{"name":"Jeziory Małe/","lines":"560","arr":["560"],"terminus":0,"mode":"bus","color":"#0059a9","colorDark":"#00294f","angle":220.2,"snapDist":3,"label":1}},{"type":"Feature","geometry":{"type":"Point","coordinates":[17.153743,52.164074]},"properties":{"name":"Łękno/","lines":"560","arr":["560"],"terminus":0,"mode":"bus","color":"#0059a9","colorDark":"#00294f","angle":232.8,"snapDist":7,"label":1}},{"type":"Feature","geometry":{"type":"Point","coordinates":[17.159608,52.157173]},"properties":{"name":"Zaniemyśl/Rynek","lines":"560","arr":["560"],"terminus":0,"mode":"bus","color":"#0059a9","colorDark":"#00294f","angle":235.6,"snapDist":6,"label":1}},{"type":"Feature","geometry":{"type":"Point","coordinates":[17.165525,52.151696]},"properties":{"name":"Zaniemyśl/Kościół","lines":"560, 561","arr":["560","561"],"terminus":1,"mode":"bus","color":"#0059a9","colorDark":"#00294f","angle":200.7,"snapDist":4,"label":1}},{"type":"Feature","geometry":{"type":"Point","coordinates":[17.159598,52.157182]},"properties":{"name":"Zaniemyśl/Rynek","lines":"560, 561","arr":["560","561"],"terminus":0,"mode":"bus","color":"#0059a9","colorDark":"#00294f","angle":55.6,"snapDist":6,"label":0}},{"type":"Feature","geometry":{"type":"Point","coordinates":[17.154458,52.163502]},"properties":{"name":"Łękno/","lines":"560, 561","arr":["560","561"],"terminus":0,"mode":"bus","color":"#0059a9","colorDark":"#00294f","angle":52.1,"snapDist":6,"label":0}},{"type":"Feature","geometry":{"type":"Point","coordinates":[17.148453,52.167088]},"properties":{"name":"Jeziory Małe/","lines":"560, 561","arr":["560","561"],"terminus":0,"mode":"bus","color":"#0059a9","colorDark":"#00294f","angle":39.9,"snapDist":3,"label":0}},{"type":"Feature","geometry":{"type":"Point","coordinates":[17.14009,52.174611]},"properties":{"name":"Jeziory Wielkie/Doliwiec Leśny","lines":"560, 561","arr":["560","561"],"terminus":0,"mode":"bus","color":"#0059a9","colorDark":"#00294f","angle":59.8,"snapDist":6,"label":0}},{"type":"Feature","geometry":{"type":"Point","coordinates":[17.133039,52.183035]},"properties":{"name":"Jeziory Wielkie/","lines":"560, 561, 580","arr":["560","561","580"],"terminus":0,"mode":"bus","color":"#0059a9","colorDark":"#00294f","angle":315.8,"snapDist":2,"label":0}},{"type":"Feature","geometry":{"type":"Point","coordinates":[17.123888,52.183727]},"properties":{"name":"Jeziory Wielkie/Wieś","lines":"560, 580","arr":["560","580"],"terminus":0,"mode":"bus","color":"#0059a9","colorDark":"#00294f","angle":7.1,"snapDist":4,"label":0}},{"type":"Feature","geometry":{"type":"Point","coordinates":[17.10765,52.199304]},"properties":{"name":"Błażejewko/Pętla","lines":"560, 580","arr":["560","580"],"terminus":0,"mode":"bus","color":"#0059a9","colorDark":"#00294f","angle":66,"snapDist":3,"label":0}},{"type":"Feature","geometry":{"type":"Point","coordinates":[17.103436,52.204384]},"properties":{"name":"Błażejewko/Działkowa","lines":"560, 580","arr":["560","580"],"terminus":0,"mode":"bus","color":"#0059a9","colorDark":"#00294f","angle":58.2,"snapDist":3,"label":0}},{"type":"Feature","geometry":{"type":"Point","coordinates":[17.100806,52.211138]},"properties":{"name":"Błażejewo/Mikołajczyka II","lines":"560, 580","arr":["560","580"],"terminus":0,"mode":"bus","color":"#0059a9","colorDark":"#00294f","angle":67.6,"snapDist":15,"label":0}},{"type":"Feature","geometry":{"type":"Point","coordinates":[17.098294,52.217077]},"properties":{"name":"Błażejewo/Mikołajczyka I","lines":"560, 580","arr":["560","580"],"terminus":0,"mode":"bus","color":"#0059a9","colorDark":"#00294f","angle":94.2,"snapDist":4,"label":0}},{"type":"Feature","geometry":{"type":"Point","coordinates":[17.096275,52.223185]},"properties":{"name":"Kórnik/Bnin Wierzbowa","lines":"560, 580","arr":["560","580"],"terminus":0,"mode":"bus","color":"#0059a9","colorDark":"#00294f","angle":63.9,"snapDist":3,"label":0}},{"type":"Feature","geometry":{"type":"Point","coordinates":[17.093923,52.227588]},"properties":{"name":"Kórnik/Bnin Błażejewska","lines":"560, 580","arr":["560","580"],"terminus":0,"mode":"bus","color":"#0059a9","colorDark":"#00294f","angle":67.4,"snapDist":3,"label":0}},{"type":"Feature","geometry":{"type":"Point","coordinates":[17.130681,52.192145]},"properties":{"name":"Prusinowo/Południe","lines":"561","arr":["561"],"terminus":0,"mode":"bus","color":"#0059a9","colorDark":"#00294f","angle":75.5,"snapDist":4,"label":1}},{"type":"Feature","geometry":{"type":"Point","coordinates":[17.12652,52.199264]},"properties":{"name":"Prusinowo/Wieś","lines":"561","arr":["561"],"terminus":0,"mode":"bus","color":"#0059a9","colorDark":"#00294f","angle":57.1,"snapDist":3,"label":1}},{"type":"Feature","geometry":{"type":"Point","coordinates":[17.116744,52.214212]},"properties":{"name":"Biernatki/Jarzębinowa","lines":"561","arr":["561"],"terminus":0,"mode":"bus","color":"#0059a9","colorDark":"#00294f","angle":64.8,"snapDist":6,"label":1}},{"type":"Feature","geometry":{"type":"Point","coordinates":[17.110943,52.221695]},"properties":{"name":"Biernatki/Ośrodek","lines":"561","arr":["561"],"terminus":0,"mode":"bus","color":"#0059a9","colorDark":"#00294f","angle":65,"snapDist":7,"label":1}},{"type":"Feature","geometry":{"type":"Point","coordinates":[17.106439,52.227135]},"properties":{"name":"Biernatki/Laskowa","lines":"561","arr":["561"],"terminus":0,"mode":"bus","color":"#0059a9","colorDark":"#00294f","angle":57.6,"snapDist":6,"label":1}},{"type":"Feature","geometry":{"type":"Point","coordinates":[17.103446,52.230171]},"properties":{"name":"Biernatki/Dębiecka","lines":"561","arr":["561"],"terminus":0,"mode":"bus","color":"#0059a9","colorDark":"#00294f","angle":56.3,"snapDist":3,"label":1}},{"type":"Feature","geometry":{"type":"Point","coordinates":[17.096174,52.233882]},"properties":{"name":"Kórnik/Bnin Biernacka","lines":"580, 590","arr":["580","590"],"terminus":0,"mode":"bus","color":"#0059a9","colorDark":"#00294f","angle":159.3,"snapDist":4,"label":1}},{"type":"Feature","geometry":{"type":"Point","coordinates":[17.103379,52.230232]},"properties":{"name":"Biernatki/Dębiecka","lines":"580","arr":["580"],"terminus":0,"mode":"bus","color":"#0059a9","colorDark":"#00294f","angle":235.9,"snapDist":3,"label":0}},{"type":"Feature","geometry":{"type":"Point","coordinates":[17.107133,52.226401]},"properties":{"name":"Biernatki/Laskowa","lines":"580","arr":["580"],"terminus":0,"mode":"bus","color":"#0059a9","colorDark":"#00294f","angle":240.9,"snapDist":3,"label":0}},{"type":"Feature","geometry":{"type":"Point","coordinates":[17.111221,52.221335]},"properties":{"name":"Biernatki/Ośrodek","lines":"580","arr":["580"],"terminus":0,"mode":"bus","color":"#0059a9","colorDark":"#00294f","angle":244.6,"snapDist":6,"label":0}},{"type":"Feature","geometry":{"type":"Point","coordinates":[17.117296,52.213508]},"properties":{"name":"Biernatki/Jarzębinowa","lines":"580","arr":["580"],"terminus":0,"mode":"bus","color":"#0059a9","colorDark":"#00294f","angle":244.8,"snapDist":6,"label":0}},{"type":"Feature","geometry":{"type":"Point","coordinates":[17.126433,52.199345]},"properties":{"name":"Prusinowo/Wieś","lines":"580","arr":["580"],"terminus":0,"mode":"bus","color":"#0059a9","colorDark":"#00294f","angle":237.1,"snapDist":4,"label":0}},{"type":"Feature","geometry":{"type":"Point","coordinates":[17.130686,52.192133]},"properties":{"name":"Prusinowo/Południe","lines":"580","arr":["580"],"terminus":0,"mode":"bus","color":"#0059a9","colorDark":"#00294f","angle":252.6,"snapDist":2,"label":0}},{"type":"Feature","geometry":{"type":"Point","coordinates":[17.267177,52.22836]},"properties":{"name":"Środa Wielkopolska/Dworzec PKS","lines":"582","arr":["582"],"terminus":1,"mode":"bus","color":"#0059a9","colorDark":"#00294f","angle":207.2,"snapDist":33,"label":1}},{"type":"Feature","geometry":{"type":"Point","coordinates":[17.27678,52.225124]},"properties":{"name":"Środa Wielkopolska/20 Października","lines":"582","arr":["582"],"terminus":0,"mode":"bus","color":"#0059a9","colorDark":"#00294f","angle":216.6,"snapDist":3,"label":1}},{"type":"Feature","geometry":{"type":"Point","coordinates":[17.281279,52.222145]},"properties":{"name":"Środa Wielkopolska/Niedziałkowskiego/Almarco","lines":"582","arr":["582"],"terminus":0,"mode":"bus","color":"#0059a9","colorDark":"#00294f","angle":285.2,"snapDist":19,"label":1}},{"type":"Feature","geometry":{"type":"Point","coordinates":[17.255138,52.21082]},"properties":{"name":"Pętkowo/","lines":"582","arr":["582"],"terminus":0,"mode":"bus","color":"#0059a9","colorDark":"#00294f","angle":5.1,"snapDist":9,"label":1}},{"type":"Feature","geometry":{"type":"Point","coordinates":[17.21839,52.217456]},"properties":{"name":"Słupia Wielka/","lines":"582","arr":["582"],"terminus":0,"mode":"bus","color":"#0059a9","colorDark":"#00294f","angle":-139.3,"snapDist":14,"label":1}},{"type":"Feature","geometry":{"type":"Point","coordinates":[17.213824,52.220427]},"properties":{"name":"Słupia Wielka/Szkoła","lines":"582","arr":["582"],"terminus":0,"mode":"bus","color":"#0059a9","colorDark":"#00294f","angle":-132.4,"snapDist":10,"label":1}},{"type":"Feature","geometry":{"type":"Point","coordinates":[17.197977,52.230299]},"properties":{"name":"Koszuty/","lines":"582","arr":["582"],"terminus":0,"mode":"bus","color":"#0059a9","colorDark":"#00294f","angle":0.7,"snapDist":9,"label":1}},{"type":"Feature","geometry":{"type":"Point","coordinates":[17.157583,52.238354]},"properties":{"name":"Dębiec/Skrzyżowanie","lines":"582","arr":["582"],"terminus":0,"mode":"bus","color":"#0059a9","colorDark":"#00294f","angle":19.1,"snapDist":1,"label":1}},{"type":"Feature","geometry":{"type":"Point","coordinates":[17.130754,52.243611]},"properties":{"name":"Trzebisławki/DK","lines":"582","arr":["582"],"terminus":0,"mode":"bus","color":"#0059a9","colorDark":"#00294f","angle":12.2,"snapDist":1,"label":1}},{"type":"Feature","geometry":{"type":"Point","coordinates":[17.090649,52.252055]},"properties":{"name":"Kórnik/Szkoła nr 1","lines":"582","arr":["582"],"terminus":1,"mode":"bus","color":"#0059a9","colorDark":"#00294f","angle":316.4,"snapDist":6,"label":0}},{"type":"Feature","geometry":{"type":"Point","coordinates":[17.137909,52.248118]},"properties":{"name":"Trzebisławki/Wieś","lines":"582","arr":["582"],"terminus":0,"mode":"bus","color":"#0059a9","colorDark":"#00294f","angle":24.5,"snapDist":10,"label":1}},{"type":"Feature","geometry":{"type":"Point","coordinates":[17.133349,52.243157]},"properties":{"name":"Trzebisławki/DK","lines":"582","arr":["582"],"terminus":0,"mode":"bus","color":"#0059a9","colorDark":"#00294f","angle":195.1,"snapDist":2,"label":0}},{"type":"Feature","geometry":{"type":"Point","coordinates":[17.153694,52.235596]},"properties":{"name":"Dębiec/Wieś","lines":"582","arr":["582"],"terminus":0,"mode":"bus","color":"#0059a9","colorDark":"#00294f","angle":236.8,"snapDist":17,"label":1}},{"type":"Feature","geometry":{"type":"Point","coordinates":[17.15842,52.238175]},"properties":{"name":"Dębiec/Skrzyżowanie","lines":"582","arr":["582"],"terminus":0,"mode":"bus","color":"#0059a9","colorDark":"#00294f","angle":199.8,"snapDist":2,"label":0}},{"type":"Feature","geometry":{"type":"Point","coordinates":[17.199622,52.229895]},"properties":{"name":"Koszuty/","lines":"582","arr":["582"],"terminus":0,"mode":"bus","color":"#0059a9","colorDark":"#00294f","angle":-131.8,"snapDist":7,"label":0}},{"type":"Feature","geometry":{"type":"Point","coordinates":[17.213217,52.220833]},"properties":{"name":"Słupia Wielka/Szkoła","lines":"582","arr":["582"],"terminus":0,"mode":"bus","color":"#0059a9","colorDark":"#00294f","angle":227.6,"snapDist":10,"label":0}},{"type":"Feature","geometry":{"type":"Point","coordinates":[17.21941,52.216917]},"properties":{"name":"Słupia Wielka/","lines":"582","arr":["582"],"terminus":0,"mode":"bus","color":"#0059a9","colorDark":"#00294f","angle":221.3,"snapDist":8,"label":0}},{"type":"Feature","geometry":{"type":"Point","coordinates":[17.256003,52.21077]},"properties":{"name":"Pętkowo/","lines":"582","arr":["582"],"terminus":0,"mode":"bus","color":"#0059a9","colorDark":"#00294f","angle":5.9,"snapDist":12,"label":0}},{"type":"Feature","geometry":{"type":"Point","coordinates":[17.278928,52.217133]},"properties":{"name":"Środa Wielkopolska/Niedziałkowskiego/Działki","lines":"582","arr":["582"],"terminus":0,"mode":"bus","color":"#0059a9","colorDark":"#00294f","angle":-74.2,"snapDist":19,"label":1}},{"type":"Feature","geometry":{"type":"Point","coordinates":[17.281396,52.222496]},"properties":{"name":"Środa Wielkopolska/Niedziałkowskiego/Almarco","lines":"582","arr":["582"],"terminus":0,"mode":"bus","color":"#0059a9","colorDark":"#00294f","angle":-75.4,"snapDist":17,"label":0}},{"type":"Feature","geometry":{"type":"Point","coordinates":[17.277487,52.2248]},"properties":{"name":"Środa Wielkopolska/20 Października","lines":"582","arr":["582"],"terminus":0,"mode":"bus","color":"#0059a9","colorDark":"#00294f","angle":37.2,"snapDist":4,"label":0}},{"type":"Feature","geometry":{"type":"Point","coordinates":[17.104384,52.281505]},"properties":{"name":"Szczodrzykowo/Kórnik PKM","lines":"590","arr":["590"],"terminus":1,"mode":"bus","color":"#0059a9","colorDark":"#00294f","angle":209.9,"snapDist":5,"label":1}},{"type":"Feature","geometry":{"type":"Point","coordinates":[17.099669,52.23995]},"properties":{"name":"Kórnik/Celichowskiego","lines":"590","arr":["590"],"terminus":0,"mode":"bus","color":"#0059a9","colorDark":"#00294f","angle":240.1,"snapDist":2,"label":1}},{"type":"Feature","geometry":{"type":"Point","coordinates":[17.102839,52.235705]},"properties":{"name":"Biernatki/Gawrycha","lines":"590","arr":["590"],"terminus":0,"mode":"bus","color":"#0059a9","colorDark":"#00294f","angle":256.4,"snapDist":3,"label":1}},{"type":"Feature","geometry":{"type":"Point","coordinates":[17.103268,52.231528]},"properties":{"name":"Biernatki/Laskowa","lines":"590","arr":["590"],"terminus":0,"mode":"bus","color":"#0059a9","colorDark":"#00294f","angle":341.8,"snapDist":1,"label":1}},{"type":"Feature","geometry":{"type":"Point","coordinates":[17.104515,52.23229]},"properties":{"name":"Biernatki/Laskowa","lines":"590","arr":["590"],"terminus":0,"mode":"bus","color":"#0059a9","colorDark":"#00294f","angle":72.9,"snapDist":1,"label":0}},{"type":"Feature","geometry":{"type":"Point","coordinates":[17.102626,52.236226]},"properties":{"name":"Biernatki/Gawrycha","lines":"590","arr":["590"],"terminus":0,"mode":"bus","color":"#0059a9","colorDark":"#00294f","angle":75.3,"snapDist":0,"label":0}},{"type":"Feature","geometry":{"type":"Point","coordinates":[17.099224,52.240423]},"properties":{"name":"Kórnik/Celichowskiego","lines":"590","arr":["590"],"terminus":0,"mode":"bus","color":"#0059a9","colorDark":"#00294f","angle":60.4,"snapDist":0,"label":0}},{"type":"Feature","geometry":{"type":"Point","coordinates":[17.169847,52.269098]},"properties":{"name":"Kromolice/Pętla","lines":"591","arr":["591"],"terminus":1,"mode":"bus","color":"#0059a9","colorDark":"#00294f","angle":306,"snapDist":15,"label":1}},{"type":"Feature","geometry":{"type":"Point","coordinates":[17.173424,52.266211]},"properties":{"name":"Kromolice/Skrzyżowanie","lines":"591","arr":["591"],"terminus":0,"mode":"bus","color":"#0059a9","colorDark":"#00294f","angle":232.5,"snapDist":12,"label":1}},{"type":"Feature","geometry":{"type":"Point","coordinates":[17.166371,52.262212]},"properties":{"name":"Trzebisławki/Skrzyżowanie","lines":"591","arr":["591"],"terminus":0,"mode":"bus","color":"#0059a9","colorDark":"#00294f","angle":21.1,"snapDist":0,"label":1}},{"type":"Feature","geometry":{"type":"Point","coordinates":[17.156931,52.26444]},"properties":{"name":"Pierzchno/PKP (Stacja)","lines":"591","arr":["591"],"terminus":0,"mode":"bus","color":"#0059a9","colorDark":"#00294f","angle":20.7,"snapDist":4,"label":1}},{"type":"Feature","geometry":{"type":"Point","coordinates":[17.147534,52.268145]},"properties":{"name":"Pierzchno/Jagrol","lines":"591","arr":["591"],"terminus":0,"mode":"bus","color":"#0059a9","colorDark":"#00294f","angle":-118,"snapDist":7,"label":1}},{"type":"Feature","geometry":{"type":"Point","coordinates":[17.14457,52.271227]},"properties":{"name":"Pierzchno/I","lines":"591","arr":["591"],"terminus":0,"mode":"bus","color":"#0059a9","colorDark":"#00294f","angle":-120.6,"snapDist":8,"label":1}},{"type":"Feature","geometry":{"type":"Point","coordinates":[17.12966,52.279815]},"properties":{"name":"Runowo/","lines":"591","arr":["591"],"terminus":0,"mode":"bus","color":"#0059a9","colorDark":"#00294f","angle":43.6,"snapDist":5,"label":1}},{"type":"Feature","geometry":{"type":"Point","coordinates":[17.121279,52.281811]},"properties":{"name":"Runowo/Wieś","lines":"591","arr":["591"],"terminus":0,"mode":"bus","color":"#0059a9","colorDark":"#00294f","angle":-150.3,"snapDist":14,"label":1}},{"type":"Feature","geometry":{"type":"Point","coordinates":[17.102789,52.285285]},"properties":{"name":"Szczodrzykowo/Szkoła","lines":"591, 592","arr":["591","592"],"terminus":1,"mode":"bus","color":"#0059a9","colorDark":"#00294f","angle":155.6,"snapDist":3,"label":0}},{"type":"Feature","geometry":{"type":"Point","coordinates":[17.08449,52.256987]},"properties":{"name":"Kórnik/TFP","lines":"591","arr":["591"],"terminus":0,"mode":"bus","color":"#0059a9","colorDark":"#00294f","angle":6.8,"snapDist":2,"label":1}},{"type":"Feature","geometry":{"type":"Point","coordinates":[17.084876,52.256959]},"properties":{"name":"Kórnik/TFP","lines":"591","arr":["591"],"terminus":0,"mode":"bus","color":"#0059a9","colorDark":"#00294f","angle":186.8,"snapDist":1,"label":0}},{"type":"Feature","geometry":{"type":"Point","coordinates":[17.121904,52.281546]},"properties":{"name":"Runowo/Wieś","lines":"591","arr":["591"],"terminus":0,"mode":"bus","color":"#0059a9","colorDark":"#00294f","angle":216,"snapDist":15,"label":0}},{"type":"Feature","geometry":{"type":"Point","coordinates":[17.145123,52.27066]},"properties":{"name":"Pierzchno/I","lines":"591","arr":["591"],"terminus":0,"mode":"bus","color":"#0059a9","colorDark":"#00294f","angle":238.9,"snapDist":9,"label":0}},{"type":"Feature","geometry":{"type":"Point","coordinates":[17.147962,52.267668]},"properties":{"name":"Pierzchno/Jagrol","lines":"591","arr":["591"],"terminus":0,"mode":"bus","color":"#0059a9","colorDark":"#00294f","angle":241,"snapDist":7,"label":0}},{"type":"Feature","geometry":{"type":"Point","coordinates":[17.16725,52.262217]},"properties":{"name":"Trzebisławki/Skrzyżowanie","lines":"591","arr":["591"],"terminus":0,"mode":"bus","color":"#0059a9","colorDark":"#00294f","angle":-47.1,"snapDist":15,"label":0}},{"type":"Feature","geometry":{"type":"Point","coordinates":[17.07411,52.310572]},"properties":{"name":"Robakowo/Wiejska","lines":"592","arr":["592"],"terminus":0,"mode":"bus","color":"#0059a9","colorDark":"#00294f","angle":212.6,"snapDist":1,"label":1}},{"type":"Feature","geometry":{"type":"Point","coordinates":[17.074814,52.310297]},"properties":{"name":"Robakowo/Wiejska","lines":"592","arr":["592"],"terminus":0,"mode":"bus","color":"#0059a9","colorDark":"#00294f","angle":32.6,"snapDist":0,"label":0}},{"type":"Feature","geometry":{"type":"Point","coordinates":[17.047962,52.221466]},"properties":{"name":"Konarskie/Skrzyżowanie","lines":"595, 598","arr":["595","598"],"terminus":1,"mode":"bus","color":"#0059a9","colorDark":"#00294f","angle":310.7,"snapDist":3,"label":1}},{"type":"Feature","geometry":{"type":"Point","coordinates":[17.020915,52.209389]},"properties":{"name":"Radzewo/Strażnica","lines":"595, 598","arr":["595","598"],"terminus":0,"mode":"bus","color":"#0059a9","colorDark":"#00294f","angle":212.6,"snapDist":7,"label":1}},{"type":"Feature","geometry":{"type":"Point","coordinates":[17.020587,52.210664]},"properties":{"name":"Radzewo/Szkoła","lines":"595, 598","arr":["595","598"],"terminus":0,"mode":"bus","color":"#0059a9","colorDark":"#00294f","angle":-95.2,"snapDist":32,"label":1}},{"type":"Feature","geometry":{"type":"Point","coordinates":[17.021087,52.209317]},"properties":{"name":"Radzewo/Strażnica","lines":"595, 598","arr":["595","598"],"terminus":0,"mode":"bus","color":"#0059a9","colorDark":"#00294f","angle":-143.2,"snapDist":8,"label":0}},{"type":"Feature","geometry":{"type":"Point","coordinates":[17.030991,52.203177]},"properties":{"name":"Radzewo/Pomorska","lines":"595, 598","arr":["595","598"],"terminus":0,"mode":"bus","color":"#0059a9","colorDark":"#00294f","angle":230.7,"snapDist":9,"label":1}},{"type":"Feature","geometry":{"type":"Point","coordinates":[17.050033,52.188673]},"properties":{"name":"Czmoń/Os. Radosne","lines":"595, 598","arr":["595","598"],"terminus":0,"mode":"bus","color":"#0059a9","colorDark":"#00294f","angle":253.8,"snapDist":3,"label":1}},{"type":"Feature","geometry":{"type":"Point","coordinates":[17.053245,52.18307]},"properties":{"name":"Czmoń/Świerkowa","lines":"595, 598","arr":["595","598"],"terminus":1,"mode":"bus","color":"#0059a9","colorDark":"#00294f","angle":311.5,"snapDist":27,"label":1}},{"type":"Feature","geometry":{"type":"Point","coordinates":[17.087093,52.22914]},"properties":{"name":"Kórnik/Bnin Konarska","lines":"598","arr":["598"],"terminus":0,"mode":"bus","color":"#0059a9","colorDark":"#00294f","angle":345.6,"snapDist":1,"label":1}},{"type":"Feature","geometry":{"type":"Point","coordinates":[17.079667,52.227972]},"properties":{"name":"Kórnik/Bnin Radosna","lines":"598","arr":["598"],"terminus":0,"mode":"bus","color":"#0059a9","colorDark":"#00294f","angle":345.8,"snapDist":4,"label":1}},{"type":"Feature","geometry":{"type":"Point","coordinates":[17.051578,52.185557]},"properties":{"name":"Czmoń/Lipowa","lines":"598","arr":["598"],"terminus":0,"mode":"bus","color":"#0059a9","colorDark":"#00294f","angle":-94.8,"snapDist":8,"label":1}},{"type":"Feature","geometry":{"type":"Point","coordinates":[17.050279,52.188156]},"properties":{"name":"Czmoń/Os. Radosne","lines":"598","arr":["598"],"terminus":0,"mode":"bus","color":"#0059a9","colorDark":"#00294f","angle":73.8,"snapDist":3,"label":0}},{"type":"Feature","geometry":{"type":"Point","coordinates":[17.048192,52.221629]},"properties":{"name":"Konarskie/Skrzyżowanie","lines":"598","arr":["598"],"terminus":0,"mode":"bus","color":"#0059a9","colorDark":"#00294f","angle":130.7,"snapDist":0,"label":0}},{"type":"Feature","geometry":{"type":"Point","coordinates":[17.057487,52.222812]},"properties":{"name":"Czołowo/Kórnicka","lines":"598","arr":["598"],"terminus":0,"mode":"bus","color":"#0059a9","colorDark":"#00294f","angle":157.2,"snapDist":3,"label":1}},{"type":"Feature","geometry":{"type":"Point","coordinates":[17.080535,52.228106]},"properties":{"name":"Kórnik/Bnin Radosna","lines":"598","arr":["598"],"terminus":0,"mode":"bus","color":"#0059a9","colorDark":"#00294f","angle":165.8,"snapDist":3,"label":0}},{"type":"Feature","geometry":{"type":"Point","coordinates":[17.050095,52.29988]},"properties":{"name":"Gądki/PKM","lines":"599","arr":["599"],"terminus":0,"mode":"bus","color":"#0059a9","colorDark":"#00294f","angle":70.5,"snapDist":8,"label":0}},{"type":"Feature","geometry":{"type":"Point","coordinates":[16.901352,52.352585]},"properties":{"name":"Luboń/Dębiecka","lines":"602, 603, 651","arr":["602","603","651"],"terminus":0,"mode":"bus","color":"#0059a9","colorDark":"#00294f","angle":290.1,"snapDist":6,"label":1}},{"type":"Feature","geometry":{"type":"Point","coordinates":[16.896392,52.348124]},"properties":{"name":"Luboń/Zespół Szkół","lines":"602, 603, 651","arr":["602","603","651"],"terminus":0,"mode":"bus","color":"#0059a9","colorDark":"#00294f","angle":301.6,"snapDist":3,"label":1}},{"type":"Feature","geometry":{"type":"Point","coordinates":[16.892313,52.340079]},"properties":{"name":"Luboń/Ratajskiego","lines":"602, 603, 651, 690, PKS","arr":["602","603","651","690","PKS"],"terminus":0,"mode":"bus","color":"#0059a9","colorDark":"#00294f","angle":284.5,"snapDist":3,"label":1}},{"type":"Feature","geometry":{"type":"Point","coordinates":[16.889035,52.332094]},"properties":{"name":"Luboń/Park Siewcy","lines":"602, 603, 651, 690","arr":["602","603","651","690"],"terminus":0,"mode":"bus","color":"#0059a9","colorDark":"#00294f","angle":281.6,"snapDist":2,"label":1}},{"type":"Feature","geometry":{"type":"Point","coordinates":[16.887516,52.32546]},"properties":{"name":"Luboń/Rutkiewicz","lines":"602, 603, 651, 690","arr":["602","603","651","690"],"terminus":0,"mode":"bus","color":"#0059a9","colorDark":"#00294f","angle":276.1,"snapDist":2,"label":1}},{"type":"Feature","geometry":{"type":"Point","coordinates":[16.886171,52.321641]},"properties":{"name":"Luboń/Lasek","lines":"602, 603, 651, 690","arr":["602","603","651","690"],"terminus":0,"mode":"bus","color":"#0059a9","colorDark":"#00294f","angle":288.4,"snapDist":1,"label":1}},{"type":"Feature","geometry":{"type":"Point","coordinates":[16.882305,52.316229]},"properties":{"name":"Łęczyca/Dworcowa","lines":"602, 603, 614, 690, 789","arr":["602","603","614","690","789"],"terminus":1,"mode":"bus","color":"#0059a9","colorDark":"#00294f","angle":-73.4,"snapDist":13,"label":1}},{"type":"Feature","geometry":{"type":"Point","coordinates":[16.886725,52.322586]},"properties":{"name":"Luboń/Lasek","lines":"602, 603, 651, 690","arr":["602","603","651","690"],"terminus":0,"mode":"bus","color":"#0059a9","colorDark":"#00294f","angle":109.8,"snapDist":1,"label":0}},{"type":"Feature","geometry":{"type":"Point","coordinates":[16.887656,52.326255]},"properties":{"name":"Luboń/Rutkiewicz","lines":"602, 603, 651, 690","arr":["602","603","651","690"],"terminus":0,"mode":"bus","color":"#0059a9","colorDark":"#00294f","angle":96.3,"snapDist":2,"label":0}},{"type":"Feature","geometry":{"type":"Point","coordinates":[16.889454,52.333281]},"properties":{"name":"Luboń/Park Siewcy","lines":"602, 603, 651, 690","arr":["602","603","651","690"],"terminus":0,"mode":"bus","color":"#0059a9","colorDark":"#00294f","angle":102.4,"snapDist":1,"label":0}},{"type":"Feature","geometry":{"type":"Point","coordinates":[16.891582,52.338454]},"properties":{"name":"Luboń/Ratajskiego","lines":"602, 603, 651, 690, PKS","arr":["602","603","651","690","PKS"],"terminus":0,"mode":"bus","color":"#0059a9","colorDark":"#00294f","angle":106.7,"snapDist":4,"label":0}},{"type":"Feature","geometry":{"type":"Point","coordinates":[16.897012,52.348728]},"properties":{"name":"Luboń/Zespół Szkół","lines":"602, 603, 651","arr":["602","603","651"],"terminus":0,"mode":"bus","color":"#0059a9","colorDark":"#00294f","angle":121.9,"snapDist":3,"label":0}},{"type":"Feature","geometry":{"type":"Point","coordinates":[16.901687,52.35319]},"properties":{"name":"Luboń/Dębiecka","lines":"602, 603, 610, 651","arr":["602","603","610","651"],"terminus":0,"mode":"bus","color":"#0059a9","colorDark":"#00294f","angle":107.2,"snapDist":4,"label":0}},{"type":"Feature","geometry":{"type":"Point","coordinates":[16.930682,52.387426]},"properties":{"name":"Droga Dębińska","lines":"603","arr":["603"],"terminus":0,"mode":"bus","color":"#0059a9","colorDark":"#00294f","angle":283.9,"snapDist":7,"label":1}},{"type":"Feature","geometry":{"type":"Point","coordinates":[16.92897,52.383192]},"properties":{"name":"Hetmańska Wiadukt","lines":"603","arr":["603"],"terminus":0,"mode":"bus","color":"#0059a9","colorDark":"#00294f","angle":283.9,"snapDist":9,"label":0}},{"type":"Feature","geometry":{"type":"Point","coordinates":[16.927096,52.378575]},"properties":{"name":"Dębina","lines":"603","arr":["603"],"terminus":0,"mode":"bus","color":"#0059a9","colorDark":"#00294f","angle":283.8,"snapDist":8,"label":1}},{"type":"Feature","geometry":{"type":"Point","coordinates":[16.918494,52.37236]},"properties":{"name":"Piastowska","lines":"603","arr":["603"],"terminus":0,"mode":"bus","color":"#0059a9","colorDark":"#00294f","angle":151.3,"snapDist":12,"label":0}},{"type":"Feature","geometry":{"type":"Point","coordinates":[16.926729,52.377663]},"properties":{"name":"Dębina","lines":"603","arr":["603"],"terminus":0,"mode":"bus","color":"#0059a9","colorDark":"#00294f","angle":103.6,"snapDist":5,"label":0}},{"type":"Feature","geometry":{"type":"Point","coordinates":[16.928554,52.382175]},"properties":{"name":"Hetmańska Wiadukt","lines":"603","arr":["603"],"terminus":0,"mode":"bus","color":"#0059a9","colorDark":"#00294f","angle":103.7,"snapDist":5,"label":0}},{"type":"Feature","geometry":{"type":"Point","coordinates":[16.930519,52.387023]},"properties":{"name":"Droga Dębińska","lines":"603","arr":["603"],"terminus":0,"mode":"bus","color":"#0059a9","colorDark":"#00294f","angle":103.9,"snapDist":4,"label":0}},{"type":"Feature","geometry":{"type":"Point","coordinates":[16.891037,52.354277]},"properties":{"name":"Luboń/Factory Outlet","lines":"610","arr":["610"],"terminus":0,"mode":"bus","color":"#0059a9","colorDark":"#00294f","angle":4.6,"snapDist":0,"label":1}},{"type":"Feature","geometry":{"type":"Point","coordinates":[16.881396,52.348673]},"properties":{"name":"Luboń/Os. Lubonianka","lines":"610, 614","arr":["610","614"],"terminus":0,"mode":"bus","color":"#0059a9","colorDark":"#00294f","angle":199.1,"snapDist":5,"label":1}},{"type":"Feature","geometry":{"type":"Point","coordinates":[16.890546,52.348107]},"properties":{"name":"Luboń/Streicha","lines":"610, 614, 690","arr":["610","614","690"],"terminus":0,"mode":"bus","color":"#0059a9","colorDark":"#00294f","angle":251.2,"snapDist":4,"label":1}},{"type":"Feature","geometry":{"type":"Point","coordinates":[16.892298,52.344082]},"properties":{"name":"Luboń/PKM","lines":"610","arr":["610"],"terminus":0,"mode":"bus","color":"#0059a9","colorDark":"#00294f","angle":280.1,"snapDist":1,"label":1}},{"type":"Feature","geometry":{"type":"Point","coordinates":[16.890143,52.339974]},"properties":{"name":"Luboń/Dworcowa","lines":"610","arr":["610"],"terminus":0,"mode":"bus","color":"#0059a9","colorDark":"#00294f","angle":6.7,"snapDist":4,"label":1}},{"type":"Feature","geometry":{"type":"Point","coordinates":[16.881636,52.340155]},"properties":{"name":"Luboń/Żeromskiego","lines":"610","arr":["610"],"terminus":0,"mode":"bus","color":"#0059a9","colorDark":"#00294f","angle":356.9,"snapDist":0,"label":1}},{"type":"Feature","geometry":{"type":"Point","coordinates":[16.875584,52.339605]},"properties":{"name":"Luboń/Targowa","lines":"610","arr":["610"],"terminus":0,"mode":"bus","color":"#0059a9","colorDark":"#00294f","angle":352.7,"snapDist":1,"label":1}},{"type":"Feature","geometry":{"type":"Point","coordinates":[16.874568,52.343035]},"properties":{"name":"Luboń/Wojska Polskiego","lines":"610","arr":["610"],"terminus":0,"mode":"bus","color":"#0059a9","colorDark":"#00294f","angle":355.8,"snapDist":1,"label":1}},{"type":"Feature","geometry":{"type":"Point","coordinates":[16.867615,52.342746]},"properties":{"name":"Luboń/Szkolna","lines":"610","arr":["610"],"terminus":0,"mode":"bus","color":"#0059a9","colorDark":"#00294f","angle":356.9,"snapDist":1,"label":1}},{"type":"Feature","geometry":{"type":"Point","coordinates":[16.861946,52.342521]},"properties":{"name":"Luboń/Kołłątaja","lines":"610","arr":["610"],"terminus":0,"mode":"bus","color":"#0059a9","colorDark":"#00294f","angle":356.3,"snapDist":3,"label":1}},{"type":"Feature","geometry":{"type":"Point","coordinates":[16.856371,52.342291]},"properties":{"name":"Luboń/Klonowa","lines":"610","arr":["610"],"terminus":0,"mode":"bus","color":"#0059a9","colorDark":"#00294f","angle":356.1,"snapDist":0,"label":1}},{"type":"Feature","geometry":{"type":"Point","coordinates":[16.851115,52.344665]},"properties":{"name":"Luboń/Traugutta","lines":"610, 702","arr":["610","702"],"terminus":0,"mode":"bus","color":"#0059a9","colorDark":"#00294f","angle":175.4,"snapDist":2,"label":1}},{"type":"Feature","geometry":{"type":"Point","coordinates":[16.854363,52.345109]},"properties":{"name":"Luboń/Żabikowo","lines":"610, 616, 690, 702","arr":["610","616","690","702"],"terminus":1,"mode":"bus","color":"#0059a9","colorDark":"#00294f","angle":47.2,"snapDist":3,"label":1}},{"type":"Feature","geometry":{"type":"Point","coordinates":[16.860867,52.349388]},"properties":{"name":"Luboń/Pl. Bojanowskiego","lines":"610, 611, 616, 690, 702","arr":["610","611","616","690","702"],"terminus":0,"mode":"bus","color":"#0059a9","colorDark":"#00294f","angle":134.1,"snapDist":2,"label":1}},{"type":"Feature","geometry":{"type":"Point","coordinates":[16.865293,52.352045]},"properties":{"name":"Luboń/Unijna","lines":"610, 611, 616, 690, 702","arr":["610","611","616","690","702"],"terminus":0,"mode":"bus","color":"#0059a9","colorDark":"#00294f","angle":135.2,"snapDist":5,"label":1}},{"type":"Feature","geometry":{"type":"Point","coordinates":[16.859923,52.355407]},"properties":{"name":"Uradzka","lines":"610, 616, 702","arr":["610","616","702"],"terminus":0,"mode":"bus","color":"#0059a9","colorDark":"#00294f","angle":37.4,"snapDist":5,"label":1}},{"type":"Feature","geometry":{"type":"Point","coordinates":[16.853703,52.359277]},"properties":{"name":"Kotowo","lines":"610, 616, 702, 703, 707","arr":["610","616","702","703","707"],"terminus":0,"mode":"bus","color":"#0059a9","colorDark":"#00294f","angle":132.6,"snapDist":8,"label":1}},{"type":"Feature","geometry":{"type":"Point","coordinates":[16.853682,52.359262]},"properties":{"name":"Kotowo","lines":"610, 616, 702","arr":["610","616","702"],"terminus":0,"mode":"bus","color":"#0059a9","colorDark":"#00294f","angle":312.6,"snapDist":3,"label":0}},{"type":"Feature","geometry":{"type":"Point","coordinates":[16.858957,52.355855]},"properties":{"name":"Uradzka","lines":"610, 616, 702","arr":["610","616","702"],"terminus":0,"mode":"bus","color":"#0059a9","colorDark":"#00294f","angle":217.1,"snapDist":4,"label":0}},{"type":"Feature","geometry":{"type":"Point","coordinates":[16.865356,52.35216]},"properties":{"name":"Luboń/Unijna","lines":"610, 611, 616, 690, 702","arr":["610","611","616","690","702"],"terminus":0,"mode":"bus","color":"#0059a9","colorDark":"#00294f","angle":315.3,"snapDist":5,"label":0}},{"type":"Feature","geometry":{"type":"Point","coordinates":[16.861467,52.349761]},"properties":{"name":"Luboń/Pl. Bojanowskiego","lines":"610, 611, 616, 690, 702","arr":["610","611","616","690","702"],"terminus":0,"mode":"bus","color":"#0059a9","colorDark":"#00294f","angle":315.1,"snapDist":2,"label":0}},{"type":"Feature","geometry":{"type":"Point","coordinates":[16.854263,52.345046]},"properties":{"name":"Luboń/Żabikowo","lines":"610, 611, 616, 690, 702","arr":["610","611","616","690","702"],"terminus":1,"mode":"bus","color":"#0059a9","colorDark":"#00294f","angle":227.7,"snapDist":0,"label":0}},{"type":"Feature","geometry":{"type":"Point","coordinates":[16.848963,52.344155]},"properties":{"name":"Luboń/Traugutta","lines":"610","arr":["610"],"terminus":0,"mode":"bus","color":"#0059a9","colorDark":"#00294f","angle":257.8,"snapDist":1,"label":0}},{"type":"Feature","geometry":{"type":"Point","coordinates":[16.856739,52.342307]},"properties":{"name":"Luboń/Klonowa","lines":"610","arr":["610"],"terminus":0,"mode":"bus","color":"#0059a9","colorDark":"#00294f","angle":175.9,"snapDist":0,"label":0}},{"type":"Feature","geometry":{"type":"Point","coordinates":[16.861518,52.342504]},"properties":{"name":"Luboń/Kołłątaja","lines":"610","arr":["610"],"terminus":0,"mode":"bus","color":"#0059a9","colorDark":"#00294f","angle":176.3,"snapDist":3,"label":0}},{"type":"Feature","geometry":{"type":"Point","coordinates":[16.868103,52.342764]},"properties":{"name":"Luboń/Szkolna","lines":"610","arr":["610"],"terminus":0,"mode":"bus","color":"#0059a9","colorDark":"#00294f","angle":175.8,"snapDist":0,"label":0}},{"type":"Feature","geometry":{"type":"Point","coordinates":[16.874953,52.342688]},"properties":{"name":"Luboń/Wojska Polskiego","lines":"610, 614, 701","arr":["610","614","701"],"terminus":0,"mode":"bus","color":"#0059a9","colorDark":"#00294f","angle":304.8,"snapDist":1,"label":0}},{"type":"Feature","geometry":{"type":"Point","coordinates":[16.877086,52.339718]},"properties":{"name":"Luboń/Targowa","lines":"610","arr":["610"],"terminus":0,"mode":"bus","color":"#0059a9","colorDark":"#00294f","angle":173,"snapDist":2,"label":0}},{"type":"Feature","geometry":{"type":"Point","coordinates":[16.88292,52.340194]},"properties":{"name":"Luboń/Żeromskiego","lines":"610","arr":["610"],"terminus":0,"mode":"bus","color":"#0059a9","colorDark":"#00294f","angle":176.6,"snapDist":1,"label":0}},{"type":"Feature","geometry":{"type":"Point","coordinates":[16.888952,52.340059]},"properties":{"name":"Luboń/Dworcowa","lines":"610","arr":["610"],"terminus":0,"mode":"bus","color":"#0059a9","colorDark":"#00294f","angle":186.7,"snapDist":2,"label":0}},{"type":"Feature","geometry":{"type":"Point","coordinates":[16.892158,52.345197]},"properties":{"name":"Luboń/PKM","lines":"610","arr":["610"],"terminus":0,"mode":"bus","color":"#0059a9","colorDark":"#00294f","angle":71.2,"snapDist":2,"label":0}},{"type":"Feature","geometry":{"type":"Point","coordinates":[16.890258,52.348625]},"properties":{"name":"Luboń/Streicha","lines":"610, 614, 690","arr":["610","614","690"],"terminus":0,"mode":"bus","color":"#0059a9","colorDark":"#00294f","angle":71.7,"snapDist":2,"label":0}},{"type":"Feature","geometry":{"type":"Point","coordinates":[16.881007,52.349075]},"properties":{"name":"Luboń/Os. Lubonianka","lines":"610, 611, 614, 701","arr":["610","611","614","701"],"terminus":0,"mode":"bus","color":"#0059a9","colorDark":"#00294f","angle":104.6,"snapDist":3,"label":0}},{"type":"Feature","geometry":{"type":"Point","coordinates":[16.891787,52.35424]},"properties":{"name":"Luboń/Factory Outlet","lines":"610","arr":["610"],"terminus":0,"mode":"bus","color":"#0059a9","colorDark":"#00294f","angle":184.6,"snapDist":2,"label":0}},{"type":"Feature","geometry":{"type":"Point","coordinates":[16.884461,52.356338]},"properties":{"name":"Świerczewo","lines":"611, 614, 701","arr":["611","614","701"],"terminus":0,"mode":"bus","color":"#0059a9","colorDark":"#00294f","angle":285.8,"snapDist":7,"label":0}},{"type":"Feature","geometry":{"type":"Point","coordinates":[16.882744,52.352718]},"properties":{"name":"Luboń/Puszkina","lines":"611, 614, 701","arr":["611","614","701"],"terminus":0,"mode":"bus","color":"#0059a9","colorDark":"#00294f","angle":286.2,"snapDist":2,"label":1}},{"type":"Feature","geometry":{"type":"Point","coordinates":[16.880655,52.348161]},"properties":{"name":"Luboń/Os. Lubonianka","lines":"611, 701","arr":["611","701"],"terminus":0,"mode":"bus","color":"#0059a9","colorDark":"#00294f","angle":282.4,"snapDist":1,"label":0}},{"type":"Feature","geometry":{"type":"Point","coordinates":[16.877292,52.346313]},"properties":{"name":"Luboń/Straż Pożarna","lines":"611, 690","arr":["611","690"],"terminus":0,"mode":"bus","color":"#0059a9","colorDark":"#00294f","angle":49.2,"snapDist":2,"label":1}},{"type":"Feature","geometry":{"type":"Point","coordinates":[16.872372,52.348926]},"properties":{"name":"Luboń/Sikorskiego","lines":"611, 690","arr":["611","690"],"terminus":0,"mode":"bus","color":"#0059a9","colorDark":"#00294f","angle":41,"snapDist":1,"label":1}},{"type":"Feature","geometry":{"type":"Point","coordinates":[16.873298,52.348427]},"properties":{"name":"Luboń/Sikorskiego","lines":"611, 690","arr":["611","690"],"terminus":0,"mode":"bus","color":"#0059a9","colorDark":"#00294f","angle":221.2,"snapDist":2,"label":0}},{"type":"Feature","geometry":{"type":"Point","coordinates":[16.878966,52.346284]},"properties":{"name":"Luboń/Straż Pożarna","lines":"611, 701","arr":["611","701"],"terminus":0,"mode":"bus","color":"#0059a9","colorDark":"#00294f","angle":128.3,"snapDist":4,"label":0}},{"type":"Feature","geometry":{"type":"Point","coordinates":[16.8828,52.352836]},"properties":{"name":"Luboń/Puszkina","lines":"611, 614, 701","arr":["611","614","701"],"terminus":0,"mode":"bus","color":"#0059a9","colorDark":"#00294f","angle":106.2,"snapDist":2,"label":0}},{"type":"Feature","geometry":{"type":"Point","coordinates":[16.888131,52.377327]},"properties":{"name":"Przełęcz","lines":"614, 701","arr":["614","701"],"terminus":0,"mode":"bus","color":"#0059a9","colorDark":"#00294f","angle":203.1,"snapDist":6,"label":1}},{"type":"Feature","geometry":{"type":"Point","coordinates":[16.891777,52.344519]},"properties":{"name":"Luboń/PKM","lines":"614, 690","arr":["614","690"],"terminus":0,"mode":"bus","color":"#0059a9","colorDark":"#00294f","angle":341.1,"snapDist":7,"label":0}},{"type":"Feature","geometry":{"type":"Point","coordinates":[16.886351,52.346305]},"properties":{"name":"Luboń/Okrzei","lines":"614, 690","arr":["614","690"],"terminus":0,"mode":"bus","color":"#0059a9","colorDark":"#00294f","angle":341.6,"snapDist":2,"label":1}},{"type":"Feature","geometry":{"type":"Point","coordinates":[16.882867,52.345594]},"properties":{"name":"Luboń/Jana Pawła II","lines":"614, 690","arr":["614","690"],"terminus":0,"mode":"bus","color":"#0059a9","colorDark":"#00294f","angle":341.4,"snapDist":1,"label":1}},{"type":"Feature","geometry":{"type":"Point","coordinates":[16.882079,52.343102]},"properties":{"name":"Luboń/Wschodnia","lines":"614, 690","arr":["614","690"],"terminus":0,"mode":"bus","color":"#0059a9","colorDark":"#00294f","angle":359.8,"snapDist":2,"label":1}},{"type":"Feature","geometry":{"type":"Point","coordinates":[16.874645,52.338354]},"properties":{"name":"Luboń/Targowa","lines":"614, 690, 701","arr":["614","690","701"],"terminus":0,"mode":"bus","color":"#0059a9","colorDark":"#00294f","angle":262.8,"snapDist":1,"label":0}},{"type":"Feature","geometry":{"type":"Point","coordinates":[16.875857,52.33387]},"properties":{"name":"Luboń/Parkowa","lines":"614, 690, 701","arr":["614","690","701"],"terminus":0,"mode":"bus","color":"#0059a9","colorDark":"#00294f","angle":255.9,"snapDist":0,"label":1}},{"type":"Feature","geometry":{"type":"Point","coordinates":[16.877194,52.330502]},"properties":{"name":"Luboń/Kurowskiego","lines":"614, 690, 701","arr":["614","690","701"],"terminus":0,"mode":"bus","color":"#0059a9","colorDark":"#00294f","angle":267,"snapDist":3,"label":1}},{"type":"Feature","geometry":{"type":"Point","coordinates":[16.878499,52.326672]},"properties":{"name":"Luboń/Ośrodek Kultury","lines":"614, 690, 701","arr":["614","690","701"],"terminus":0,"mode":"bus","color":"#0059a9","colorDark":"#00294f","angle":247.8,"snapDist":1,"label":1}},{"type":"Feature","geometry":{"type":"Point","coordinates":[16.879385,52.324774]},"properties":{"name":"Luboń/Podgórna","lines":"614, 690, 701","arr":["614","690","701"],"terminus":0,"mode":"bus","color":"#0059a9","colorDark":"#00294f","angle":264.6,"snapDist":0,"label":1}},{"type":"Feature","geometry":{"type":"Point","coordinates":[16.878999,52.321953]},"properties":{"name":"Luboń/Kwiatowa","lines":"614, 690","arr":["614","690"],"terminus":0,"mode":"bus","color":"#0059a9","colorDark":"#00294f","angle":355.8,"snapDist":4,"label":1}},{"type":"Feature","geometry":{"type":"Point","coordinates":[16.873128,52.321648]},"properties":{"name":"Luboń/Polna","lines":"614, 690","arr":["614","690"],"terminus":0,"mode":"bus","color":"#0059a9","colorDark":"#00294f","angle":354.3,"snapDist":5,"label":1}},{"type":"Feature","geometry":{"type":"Point","coordinates":[16.881071,52.320781]},"properties":{"name":"Luboń/Kręta","lines":"614","arr":["614"],"terminus":0,"mode":"bus","color":"#0059a9","colorDark":"#00294f","angle":158.7,"snapDist":1,"label":0}},{"type":"Feature","geometry":{"type":"Point","coordinates":[16.880666,52.320471]},"properties":{"name":"Luboń/Kręta","lines":"614, 690, 701","arr":["614","690","701"],"terminus":1,"mode":"bus","color":"#0059a9","colorDark":"#00294f","angle":-107.2,"snapDist":8,"label":1}},{"type":"Feature","geometry":{"type":"Point","coordinates":[16.873672,52.321681]},"properties":{"name":"Luboń/Polna","lines":"614, 690","arr":["614","690"],"terminus":0,"mode":"bus","color":"#0059a9","colorDark":"#00294f","angle":174.3,"snapDist":4,"label":0}},{"type":"Feature","geometry":{"type":"Point","coordinates":[16.879367,52.32197]},"properties":{"name":"Luboń/Kwiatowa","lines":"614, 690","arr":["614","690"],"terminus":0,"mode":"bus","color":"#0059a9","colorDark":"#00294f","angle":175.9,"snapDist":4,"label":0}},{"type":"Feature","geometry":{"type":"Point","coordinates":[16.879335,52.32508]},"properties":{"name":"Luboń/Podgórna","lines":"614, 690, 701","arr":["614","690","701"],"terminus":0,"mode":"bus","color":"#0059a9","colorDark":"#00294f","angle":83.3,"snapDist":0,"label":0}},{"type":"Feature","geometry":{"type":"Point","coordinates":[16.877492,52.328338]},"properties":{"name":"Luboń/Ośrodek Kultury","lines":"614, 690, 701","arr":["614","690","701"],"terminus":0,"mode":"bus","color":"#0059a9","colorDark":"#00294f","angle":76.4,"snapDist":0,"label":0}},{"type":"Feature","geometry":{"type":"Point","coordinates":[16.877155,52.330823]},"properties":{"name":"Luboń/Kurowskiego","lines":"614, 690, 701","arr":["614","690","701"],"terminus":0,"mode":"bus","color":"#0059a9","colorDark":"#00294f","angle":81.8,"snapDist":4,"label":0}},{"type":"Feature","geometry":{"type":"Point","coordinates":[16.875632,52.334379]},"properties":{"name":"Luboń/Parkowa","lines":"614, 690, 701","arr":["614","690","701"],"terminus":0,"mode":"bus","color":"#0059a9","colorDark":"#00294f","angle":74.8,"snapDist":2,"label":0}},{"type":"Feature","geometry":{"type":"Point","coordinates":[16.874549,52.338822]},"properties":{"name":"Luboń/Targowa","lines":"614, 690, 701","arr":["614","690","701"],"terminus":0,"mode":"bus","color":"#0059a9","colorDark":"#00294f","angle":82.8,"snapDist":0,"label":0}},{"type":"Feature","geometry":{"type":"Point","coordinates":[16.875925,52.343048]},"properties":{"name":"Luboń/Wojska Polskiego","lines":"614, 690","arr":["614","690"],"terminus":0,"mode":"bus","color":"#0059a9","colorDark":"#00294f","angle":179.1,"snapDist":3,"label":0}},{"type":"Feature","geometry":{"type":"Point","coordinates":[16.885317,52.343169]},"properties":{"name":"Luboń/Wschodnia","lines":"614","arr":["614"],"terminus":0,"mode":"bus","color":"#0059a9","colorDark":"#00294f","angle":-14.8,"snapDist":14,"label":0}},{"type":"Feature","geometry":{"type":"Point","coordinates":[16.891645,52.344492]},"properties":{"name":"Luboń/PKM","lines":"614, 690","arr":["614","690"],"terminus":0,"mode":"bus","color":"#0059a9","colorDark":"#00294f","angle":-18.9,"snapDist":7,"label":0}},{"type":"Feature","geometry":{"type":"Point","coordinates":[16.90124,52.370839]},"properties":{"name":"Dębiec PKM","lines":"614, 701","arr":["614","701"],"terminus":0,"mode":"bus","color":"#0059a9","colorDark":"#00294f","angle":305.9,"snapDist":5,"label":0}},{"type":"Feature","geometry":{"type":"Point","coordinates":[16.888601,52.377205]},"properties":{"name":"Przełęcz","lines":"614, 701","arr":["614","701"],"terminus":0,"mode":"bus","color":"#0059a9","colorDark":"#00294f","angle":22.8,"snapDist":6,"label":0}},{"type":"Feature","geometry":{"type":"Point","coordinates":[16.882727,52.377932]},"properties":{"name":"Rakoniewicka","lines":"614, 701","arr":["614","701"],"terminus":0,"mode":"bus","color":"#0059a9","colorDark":"#00294f","angle":4.3,"snapDist":1,"label":0}},{"type":"Feature","geometry":{"type":"Point","coordinates":[16.882722,52.31611]},"properties":{"name":"Łęczyca/Dworcowa","lines":"651, PKS","arr":["651","PKS"],"terminus":0,"mode":"bus","color":"#0059a9","colorDark":"#00294f","angle":286.9,"snapDist":34,"label":0}},{"type":"Feature","geometry":{"type":"Point","coordinates":[16.873114,52.306258]},"properties":{"name":"Łęczyca/Łęczycka","lines":"651, PKS","arr":["651","PKS"],"terminus":0,"mode":"bus","color":"#0059a9","colorDark":"#00294f","angle":299.4,"snapDist":2,"label":1}},{"type":"Feature","geometry":{"type":"Point","coordinates":[16.868654,52.303209]},"properties":{"name":"Łęczyca/WPN","lines":"651","arr":["651"],"terminus":0,"mode":"bus","color":"#0059a9","colorDark":"#00294f","angle":306.3,"snapDist":2,"label":1}},{"type":"Feature","geometry":{"type":"Point","coordinates":[16.868397,52.294575]},"properties":{"name":"Puszczykowo/PKM","lines":"651","arr":["651"],"terminus":0,"mode":"bus","color":"#0059a9","colorDark":"#00294f","angle":2.1,"snapDist":5,"label":1}},{"type":"Feature","geometry":{"type":"Point","coordinates":[16.861524,52.292665]},"properties":{"name":"Puszczykowo/Źródlana","lines":"651","arr":["651"],"terminus":0,"mode":"bus","color":"#0059a9","colorDark":"#00294f","angle":298.7,"snapDist":6,"label":1}},{"type":"Feature","geometry":{"type":"Point","coordinates":[16.858852,52.289697]},"properties":{"name":"Puszczykowo/Wiosenna","lines":"651","arr":["651"],"terminus":0,"mode":"bus","color":"#0059a9","colorDark":"#00294f","angle":298.8,"snapDist":6,"label":1}},{"type":"Feature","geometry":{"type":"Point","coordinates":[16.856243,52.286802]},"properties":{"name":"Puszczykowo/Kościelna","lines":"651","arr":["651"],"terminus":0,"mode":"bus","color":"#0059a9","colorDark":"#00294f","angle":298.9,"snapDist":8,"label":1}},{"type":"Feature","geometry":{"type":"Point","coordinates":[16.851291,52.281202]},"properties":{"name":"Puszczykowo/Rondo Heigelmanna","lines":"651","arr":["651"],"terminus":0,"mode":"bus","color":"#0059a9","colorDark":"#00294f","angle":297.9,"snapDist":6,"label":1}},{"type":"Feature","geometry":{"type":"Point","coordinates":[16.85392,52.276871]},"properties":{"name":"Puszczykowo/Piaskowa","lines":"651","arr":["651"],"terminus":0,"mode":"bus","color":"#0059a9","colorDark":"#00294f","angle":278.3,"snapDist":6,"label":1}},{"type":"Feature","geometry":{"type":"Point","coordinates":[16.858928,52.273113]},"properties":{"name":"Puszczykowo/Libelta","lines":"651, 699","arr":["651","699"],"terminus":0,"mode":"bus","color":"#0059a9","colorDark":"#00294f","angle":274.9,"snapDist":5,"label":1}},{"type":"Feature","geometry":{"type":"Point","coordinates":[16.86125,52.272281]},"properties":{"name":"Puszczykowo/Puszczykówko PKM","lines":"651, 699","arr":["651","699"],"terminus":0,"mode":"bus","color":"#0059a9","colorDark":"#00294f","angle":198.4,"snapDist":2,"label":1}},{"type":"Feature","geometry":{"type":"Point","coordinates":[16.868498,52.272093]},"properties":{"name":"Puszczykowo/3 Maja","lines":"651","arr":["651"],"terminus":0,"mode":"bus","color":"#0059a9","colorDark":"#00294f","angle":152.4,"snapDist":4,"label":1}},{"type":"Feature","geometry":{"type":"Point","coordinates":[16.872773,52.266045]},"properties":{"name":"Puszczykowo/Nadwarciańska","lines":"651","arr":["651"],"terminus":0,"mode":"bus","color":"#0059a9","colorDark":"#00294f","angle":269,"snapDist":6,"label":1}},{"type":"Feature","geometry":{"type":"Point","coordinates":[16.870206,52.264242]},"properties":{"name":"Puszczykowo/Niwka Szpital","lines":"651, 699","arr":["651","699"],"terminus":0,"mode":"bus","color":"#0059a9","colorDark":"#00294f","angle":189.3,"snapDist":6,"label":1}},{"type":"Feature","geometry":{"type":"Point","coordinates":[16.851567,52.251202]},"properties":{"name":"Mosina/Rzeczypospolitej Mosińskiej","lines":"651, 698, 699","arr":["651","698","699"],"terminus":0,"mode":"bus","color":"#0059a9","colorDark":"#00294f","angle":292.8,"snapDist":2,"label":1}},{"type":"Feature","geometry":{"type":"Point","coordinates":[16.847532,52.243393]},"properties":{"name":"Mosina/Rondo","lines":"651, 692, 698, 699","arr":["651","692","698","699"],"terminus":0,"mode":"bus","color":"#0059a9","colorDark":"#00294f","angle":260.7,"snapDist":3,"label":1}},{"type":"Feature","geometry":{"type":"Point","coordinates":[16.85156,52.241359]},"properties":{"name":"Mosina/Dworzec Kolejowy","lines":"651, 691, 692, 693, PKS","arr":["651","691","692","693","PKS"],"terminus":1,"mode":"bus","color":"#0059a9","colorDark":"#00294f","angle":253,"snapDist":6,"label":1}},{"type":"Feature","geometry":{"type":"Point","coordinates":[16.851638,52.24147]},"properties":{"name":"Mosina/Dworzec Kolejowy","lines":"651, 693, 694, 698, 699, PKS","arr":["651","693","694","698","699","PKS"],"terminus":1,"mode":"bus","color":"#0059a9","colorDark":"#00294f","angle":32.1,"snapDist":5,"label":0}},{"type":"Feature","geometry":{"type":"Point","coordinates":[16.847546,52.243342]},"properties":{"name":"Mosina/Rondo","lines":"651, 692, 698, 699","arr":["651","692","698","699"],"terminus":0,"mode":"bus","color":"#0059a9","colorDark":"#00294f","angle":80.7,"snapDist":4,"label":0}},{"type":"Feature","geometry":{"type":"Point","coordinates":[16.851444,52.251022]},"properties":{"name":"Mosina/Rzeczypospolitej Mosińskiej","lines":"651","arr":["651"],"terminus":0,"mode":"bus","color":"#0059a9","colorDark":"#00294f","angle":112.8,"snapDist":3,"label":0}},{"type":"Feature","geometry":{"type":"Point","coordinates":[16.872786,52.265668]},"properties":{"name":"Puszczykowo/Nadwarciańska","lines":"651","arr":["651"],"terminus":0,"mode":"bus","color":"#0059a9","colorDark":"#00294f","angle":88.4,"snapDist":6,"label":0}},{"type":"Feature","geometry":{"type":"Point","coordinates":[16.86871,52.272161]},"properties":{"name":"Puszczykowo/3 Maja","lines":"651","arr":["651"],"terminus":0,"mode":"bus","color":"#0059a9","colorDark":"#00294f","angle":332.7,"snapDist":3,"label":0}},{"type":"Feature","geometry":{"type":"Point","coordinates":[16.86199,52.272131]},"properties":{"name":"Puszczykowo/Puszczykówko PKM","lines":"651, 699","arr":["651","699"],"terminus":0,"mode":"bus","color":"#0059a9","colorDark":"#00294f","angle":18.4,"snapDist":3,"label":0}},{"type":"Feature","geometry":{"type":"Point","coordinates":[16.858135,52.274526]},"properties":{"name":"Puszczykowo/Libelta","lines":"651, 699","arr":["651","699"],"terminus":0,"mode":"bus","color":"#0059a9","colorDark":"#00294f","angle":4.6,"snapDist":5,"label":0}},{"type":"Feature","geometry":{"type":"Point","coordinates":[16.853991,52.278254]},"properties":{"name":"Puszczykowo/Piaskowa","lines":"651","arr":["651"],"terminus":0,"mode":"bus","color":"#0059a9","colorDark":"#00294f","angle":67.7,"snapDist":8,"label":0}},{"type":"Feature","geometry":{"type":"Point","coordinates":[16.851344,52.280539]},"properties":{"name":"Puszczykowo/Rondo Heigelmanna","lines":"651, 699","arr":["651","699"],"terminus":0,"mode":"bus","color":"#0059a9","colorDark":"#00294f","angle":49.8,"snapDist":5,"label":0}},{"type":"Feature","geometry":{"type":"Point","coordinates":[16.855236,52.285671]},"properties":{"name":"Puszczykowo/Kościelna","lines":"651","arr":["651"],"terminus":0,"mode":"bus","color":"#0059a9","colorDark":"#00294f","angle":118.5,"snapDist":7,"label":0}},{"type":"Feature","geometry":{"type":"Point","coordinates":[16.85814,52.288911]},"properties":{"name":"Puszczykowo/Wiosenna","lines":"651","arr":["651"],"terminus":0,"mode":"bus","color":"#0059a9","colorDark":"#00294f","angle":118.6,"snapDist":7,"label":0}},{"type":"Feature","geometry":{"type":"Point","coordinates":[16.862103,52.293301]},"properties":{"name":"Puszczykowo/Źródlana","lines":"651","arr":["651"],"terminus":0,"mode":"bus","color":"#0059a9","colorDark":"#00294f","angle":118.8,"snapDist":6,"label":0}},{"type":"Feature","geometry":{"type":"Point","coordinates":[16.869122,52.294558]},"properties":{"name":"Puszczykowo/PKM","lines":"651","arr":["651"],"terminus":0,"mode":"bus","color":"#0059a9","colorDark":"#00294f","angle":182.6,"snapDist":4,"label":0}},{"type":"Feature","geometry":{"type":"Point","coordinates":[16.867934,52.30254]},"properties":{"name":"Łęczyca/WPN","lines":"651","arr":["651"],"terminus":0,"mode":"bus","color":"#0059a9","colorDark":"#00294f","angle":122.5,"snapDist":2,"label":0}},{"type":"Feature","geometry":{"type":"Point","coordinates":[16.877477,52.308878]},"properties":{"name":"Łęczyca/Łęczycka","lines":"651, PKS","arr":["651","PKS"],"terminus":0,"mode":"bus","color":"#0059a9","colorDark":"#00294f","angle":125.5,"snapDist":3,"label":1}},{"type":"Feature","geometry":{"type":"Point","coordinates":[16.881657,52.315822]},"properties":{"name":"Łęczyca/Dworcowa","lines":"651, PKS","arr":["651","PKS"],"terminus":0,"mode":"bus","color":"#0059a9","colorDark":"#00294f","angle":107.7,"snapDist":3,"label":0}},{"type":"Feature","geometry":{"type":"Point","coordinates":[16.870184,52.339517]},"properties":{"name":"Luboń/Poznańska","lines":"690","arr":["690"],"terminus":0,"mode":"bus","color":"#0059a9","colorDark":"#00294f","angle":0.1,"snapDist":0,"label":1}},{"type":"Feature","geometry":{"type":"Point","coordinates":[16.864149,52.339214]},"properties":{"name":"Luboń/Poprzeczna","lines":"690","arr":["690"],"terminus":0,"mode":"bus","color":"#0059a9","colorDark":"#00294f","angle":351.6,"snapDist":1,"label":1}},{"type":"Feature","geometry":{"type":"Point","coordinates":[16.860341,52.340016]},"properties":{"name":"Luboń/Komornicka","lines":"690","arr":["690"],"terminus":0,"mode":"bus","color":"#0059a9","colorDark":"#00294f","angle":3.7,"snapDist":0,"label":1}},{"type":"Feature","geometry":{"type":"Point","coordinates":[16.85629,52.340745]},"properties":{"name":"Luboń/Długa","lines":"690","arr":["690"],"terminus":0,"mode":"bus","color":"#0059a9","colorDark":"#00294f","angle":23.7,"snapDist":1,"label":1}},{"type":"Feature","geometry":{"type":"Point","coordinates":[16.849975,52.349244]},"properties":{"name":"Luboń/Cmentarz","lines":"690","arr":["690"],"terminus":0,"mode":"bus","color":"#0059a9","colorDark":"#00294f","angle":30.1,"snapDist":1,"label":1}},{"type":"Feature","geometry":{"type":"Point","coordinates":[16.838483,52.354173]},"properties":{"name":"Sycowska Centrum Handlowe","lines":"690, 703","arr":["690","703"],"terminus":0,"mode":"bus","color":"#0059a9","colorDark":"#00294f","angle":99.3,"snapDist":6,"label":0}},{"type":"Feature","geometry":{"type":"Point","coordinates":[16.850615,52.349012]},"properties":{"name":"Luboń/Cmentarz","lines":"690","arr":["690"],"terminus":0,"mode":"bus","color":"#0059a9","colorDark":"#00294f","angle":30.4,"snapDist":3,"label":0}},{"type":"Feature","geometry":{"type":"Point","coordinates":[16.877908,52.345315]},"properties":{"name":"Luboń/Straż Pożarna","lines":"690, 701","arr":["690","701"],"terminus":0,"mode":"bus","color":"#0059a9","colorDark":"#00294f","angle":303.6,"snapDist":3,"label":0}},{"type":"Feature","geometry":{"type":"Point","coordinates":[16.882674,52.343433]},"properties":{"name":"Luboń/Wschodnia","lines":"690","arr":["690"],"terminus":0,"mode":"bus","color":"#0059a9","colorDark":"#00294f","angle":64,"snapDist":3,"label":0}},{"type":"Feature","geometry":{"type":"Point","coordinates":[16.882513,52.345532]},"properties":{"name":"Luboń/Jana Pawła II","lines":"690","arr":["690"],"terminus":0,"mode":"bus","color":"#0059a9","colorDark":"#00294f","angle":167.8,"snapDist":2,"label":0}},{"type":"Feature","geometry":{"type":"Point","coordinates":[16.88697,52.346431]},"properties":{"name":"Luboń/Okrzei","lines":"690","arr":["690"],"terminus":0,"mode":"bus","color":"#0059a9","colorDark":"#00294f","angle":161.6,"snapDist":2,"label":0}},{"type":"Feature","geometry":{"type":"Point","coordinates":[16.897625,52.348158]},"properties":{"name":"Luboń/Zespół Szkół","lines":"690","arr":["690"],"terminus":0,"mode":"bus","color":"#0059a9","colorDark":"#00294f","angle":205.3,"snapDist":1,"label":0}},{"type":"Feature","geometry":{"type":"Point","coordinates":[16.901525,52.346679]},"properties":{"name":"Luboń/Rzeczna","lines":"690","arr":["690"],"terminus":0,"mode":"bus","color":"#0059a9","colorDark":"#00294f","angle":270.3,"snapDist":4,"label":1}},{"type":"Feature","geometry":{"type":"Point","coordinates":[16.897944,52.344427]},"properties":{"name":"Luboń/Strumykowa","lines":"690","arr":["690"],"terminus":0,"mode":"bus","color":"#0059a9","colorDark":"#00294f","angle":357.5,"snapDist":2,"label":1}},{"type":"Feature","geometry":{"type":"Point","coordinates":[16.898401,52.344439]},"properties":{"name":"Luboń/Strumykowa","lines":"690","arr":["690"],"terminus":0,"mode":"bus","color":"#0059a9","colorDark":"#00294f","angle":177.7,"snapDist":0,"label":0}},{"type":"Feature","geometry":{"type":"Point","coordinates":[16.901512,52.346994]},"properties":{"name":"Luboń/Rzeczna","lines":"690","arr":["690"],"terminus":0,"mode":"bus","color":"#0059a9","colorDark":"#00294f","angle":87.3,"snapDist":2,"label":0}},{"type":"Feature","geometry":{"type":"Point","coordinates":[16.897233,52.348272]},"properties":{"name":"Luboń/Zespół Szkół","lines":"690","arr":["690"],"terminus":0,"mode":"bus","color":"#0059a9","colorDark":"#00294f","angle":25.1,"snapDist":3,"label":0}},{"type":"Feature","geometry":{"type":"Point","coordinates":[16.875792,52.343426]},"properties":{"name":"Luboń/Wojska Polskiego","lines":"690, 701","arr":["690","701"],"terminus":0,"mode":"bus","color":"#0059a9","colorDark":"#00294f","angle":124.4,"snapDist":2,"label":0}},{"type":"Feature","geometry":{"type":"Point","coordinates":[16.854521,52.341209]},"properties":{"name":"Luboń/Długa","lines":"690","arr":["690"],"terminus":0,"mode":"bus","color":"#0059a9","colorDark":"#00294f","angle":202,"snapDist":2,"label":0}},{"type":"Feature","geometry":{"type":"Point","coordinates":[16.859086,52.340046]},"properties":{"name":"Luboń/Komornicka","lines":"690","arr":["690"],"terminus":0,"mode":"bus","color":"#0059a9","colorDark":"#00294f","angle":183.9,"snapDist":0,"label":0}},{"type":"Feature","geometry":{"type":"Point","coordinates":[16.864886,52.339283]},"properties":{"name":"Luboń/Poprzeczna","lines":"690","arr":["690"],"terminus":0,"mode":"bus","color":"#0059a9","colorDark":"#00294f","angle":171.3,"snapDist":0,"label":0}},{"type":"Feature","geometry":{"type":"Point","coordinates":[16.869682,52.339517]},"properties":{"name":"Luboń/Poznańska","lines":"690","arr":["690"],"terminus":0,"mode":"bus","color":"#0059a9","colorDark":"#00294f","angle":180.1,"snapDist":0,"label":0}},{"type":"Feature","geometry":{"type":"Point","coordinates":[16.756271,52.212324]},"properties":{"name":"Bolesławiec/Wlkp. Indyk","lines":"691","arr":["691"],"terminus":1,"mode":"bus","color":"#0059a9","colorDark":"#00294f","angle":179.1,"snapDist":3,"label":1}},{"type":"Feature","geometry":{"type":"Point","coordinates":[16.769788,52.212451]},"properties":{"name":"Bolesławiec/","lines":"691","arr":["691"],"terminus":0,"mode":"bus","color":"#0059a9","colorDark":"#00294f","angle":179.3,"snapDist":2,"label":1}},{"type":"Feature","geometry":{"type":"Point","coordinates":[16.786573,52.208068]},"properties":{"name":"Borkowice/Pętla","lines":"691","arr":["691"],"terminus":0,"mode":"bus","color":"#0059a9","colorDark":"#00294f","angle":4,"snapDist":5,"label":1}},{"type":"Feature","geometry":{"type":"Point","coordinates":[16.797982,52.210867]},"properties":{"name":"Borkowice/Łubinowa","lines":"691","arr":["691"],"terminus":0,"mode":"bus","color":"#0059a9","colorDark":"#00294f","angle":22.3,"snapDist":17,"label":1}},{"type":"Feature","geometry":{"type":"Point","coordinates":[16.821649,52.211391]},"properties":{"name":"Drużyna/Piaskowa","lines":"691","arr":["691"],"terminus":0,"mode":"bus","color":"#0059a9","colorDark":"#00294f","angle":187.7,"snapDist":1,"label":1}},{"type":"Feature","geometry":{"type":"Point","coordinates":[16.832269,52.222768]},"properties":{"name":"Krosno/Szkoła","lines":"691","arr":["691"],"terminus":0,"mode":"bus","color":"#0059a9","colorDark":"#00294f","angle":111.2,"snapDist":8,"label":1}},{"type":"Feature","geometry":{"type":"Point","coordinates":[16.829704,52.224105]},"properties":{"name":"Krosno/Piaskowa/Tylna","lines":"691","arr":["691"],"terminus":0,"mode":"bus","color":"#0059a9","colorDark":"#00294f","angle":22.8,"snapDist":3,"label":1}},{"type":"Feature","geometry":{"type":"Point","coordinates":[16.82573,52.226546]},"properties":{"name":"Krosno/Piaskowa/Nektarowa","lines":"691","arr":["691"],"terminus":0,"mode":"bus","color":"#0059a9","colorDark":"#00294f","angle":53.1,"snapDist":4,"label":1}},{"type":"Feature","geometry":{"type":"Point","coordinates":[16.825342,52.227602]},"properties":{"name":"Krosno/Piaskowa/Nektarowa","lines":"691","arr":["691"],"terminus":0,"mode":"bus","color":"#0059a9","colorDark":"#00294f","angle":113.1,"snapDist":1,"label":0}},{"type":"Feature","geometry":{"type":"Point","coordinates":[16.827068,52.230016]},"properties":{"name":"Krosno/Polna","lines":"691","arr":["691"],"terminus":0,"mode":"bus","color":"#0059a9","colorDark":"#00294f","angle":115.2,"snapDist":3,"label":1}},{"type":"Feature","geometry":{"type":"Point","coordinates":[16.829929,52.233357]},"properties":{"name":"Mosina/Strzelecka Szkoła","lines":"691","arr":["691"],"terminus":0,"mode":"bus","color":"#0059a9","colorDark":"#00294f","angle":142.3,"snapDist":16,"label":1}},{"type":"Feature","geometry":{"type":"Point","coordinates":[16.835834,52.232361]},"properties":{"name":"Mosina/Krasickiego","lines":"691","arr":["691"],"terminus":0,"mode":"bus","color":"#0059a9","colorDark":"#00294f","angle":201.4,"snapDist":2,"label":1}},{"type":"Feature","geometry":{"type":"Point","coordinates":[16.839688,52.232305]},"properties":{"name":"Mosina/Leszczyńska/Cisowa","lines":"691","arr":["691"],"terminus":0,"mode":"bus","color":"#0059a9","colorDark":"#00294f","angle":117.8,"snapDist":3,"label":1}},{"type":"Feature","geometry":{"type":"Point","coordinates":[16.842306,52.235377]},"properties":{"name":"Mosina/Leszczyńska/Długa","lines":"691","arr":["691"],"terminus":0,"mode":"bus","color":"#0059a9","colorDark":"#00294f","angle":117.8,"snapDist":0,"label":1}},{"type":"Feature","geometry":{"type":"Point","coordinates":[16.844805,52.238311]},"properties":{"name":"Mosina/Leszczyńska/Dębowa","lines":"691","arr":["691"],"terminus":0,"mode":"bus","color":"#0059a9","colorDark":"#00294f","angle":117.6,"snapDist":3,"label":1}},{"type":"Feature","geometry":{"type":"Point","coordinates":[16.844565,52.238032]},"properties":{"name":"Mosina/Leszczyńska/Dębowa","lines":"691, 694","arr":["691","694"],"terminus":0,"mode":"bus","color":"#0059a9","colorDark":"#00294f","angle":297.8,"snapDist":3,"label":0}},{"type":"Feature","geometry":{"type":"Point","coordinates":[16.842166,52.235213]},"properties":{"name":"Mosina/Leszczyńska/Długa","lines":"691, 694","arr":["691","694"],"terminus":0,"mode":"bus","color":"#0059a9","colorDark":"#00294f","angle":297.3,"snapDist":2,"label":0}},{"type":"Feature","geometry":{"type":"Point","coordinates":[16.835307,52.232484]},"properties":{"name":"Mosina/Krasickiego","lines":"691","arr":["691"],"terminus":0,"mode":"bus","color":"#0059a9","colorDark":"#00294f","angle":20.8,"snapDist":1,"label":0}},{"type":"Feature","geometry":{"type":"Point","coordinates":[16.829722,52.233259]},"properties":{"name":"Mosina/Strzelecka Szkoła","lines":"691","arr":["691"],"terminus":0,"mode":"bus","color":"#0059a9","colorDark":"#00294f","angle":322,"snapDist":0,"label":0}},{"type":"Feature","geometry":{"type":"Point","coordinates":[16.826584,52.229362]},"properties":{"name":"Krosno/Polna","lines":"691","arr":["691"],"terminus":0,"mode":"bus","color":"#0059a9","colorDark":"#00294f","angle":112.1,"snapDist":10,"label":0}},{"type":"Feature","geometry":{"type":"Point","coordinates":[16.826574,52.225861]},"properties":{"name":"Krosno/Piaskowa/Nektarowa","lines":"691","arr":["691"],"terminus":0,"mode":"bus","color":"#0059a9","colorDark":"#00294f","angle":53.1,"snapDist":9,"label":0}},{"type":"Feature","geometry":{"type":"Point","coordinates":[16.830901,52.223797]},"properties":{"name":"Krosno/Piaskowa/Tylna","lines":"691","arr":["691"],"terminus":0,"mode":"bus","color":"#0059a9","colorDark":"#00294f","angle":203.3,"snapDist":5,"label":0}},{"type":"Feature","geometry":{"type":"Point","coordinates":[16.832529,52.223168]},"properties":{"name":"Krosno/Szkoła","lines":"691","arr":["691"],"terminus":0,"mode":"bus","color":"#0059a9","colorDark":"#00294f","angle":291.5,"snapDist":3,"label":0}},{"type":"Feature","geometry":{"type":"Point","coordinates":[16.822456,52.211328]},"properties":{"name":"Drużyna/Piaskowa","lines":"691","arr":["691"],"terminus":0,"mode":"bus","color":"#0059a9","colorDark":"#00294f","angle":7.1,"snapDist":1,"label":0}},{"type":"Feature","geometry":{"type":"Point","coordinates":[16.797164,52.211072]},"properties":{"name":"Borkowice/Łubinowa","lines":"691","arr":["691"],"terminus":0,"mode":"bus","color":"#0059a9","colorDark":"#00294f","angle":22.3,"snapDist":13,"label":0}},{"type":"Feature","geometry":{"type":"Point","coordinates":[16.782662,52.209411]},"properties":{"name":"Bolesławiec/","lines":"691","arr":["691"],"terminus":0,"mode":"bus","color":"#0059a9","colorDark":"#00294f","angle":117.7,"snapDist":3,"label":1}},{"type":"Feature","geometry":{"type":"Point","coordinates":[16.757903,52.228987]},"properties":{"name":"Dymaczewo Nowe/Wspólna","lines":"692","arr":["692"],"terminus":1,"mode":"bus","color":"#0059a9","colorDark":"#00294f","angle":95.7,"snapDist":5,"label":1}},{"type":"Feature","geometry":{"type":"Point","coordinates":[16.761689,52.228858]},"properties":{"name":"Dymaczewo Nowe/Prusak","lines":"692","arr":["692"],"terminus":0,"mode":"bus","color":"#0059a9","colorDark":"#00294f","angle":219,"snapDist":5,"label":1}},{"type":"Feature","geometry":{"type":"Point","coordinates":[16.776022,52.229398]},"properties":{"name":"Dymaczewo Stare/Szkolna","lines":"692","arr":["692"],"terminus":0,"mode":"bus","color":"#0059a9","colorDark":"#00294f","angle":98.9,"snapDist":1,"label":1}},{"type":"Feature","geometry":{"type":"Point","coordinates":[16.80508,52.231352]},"properties":{"name":"Krosinko/Grzybowa","lines":"692","arr":["692"],"terminus":0,"mode":"bus","color":"#0059a9","colorDark":"#00294f","angle":158.7,"snapDist":1,"label":1}},{"type":"Feature","geometry":{"type":"Point","coordinates":[16.816722,52.23418]},"properties":{"name":"Krosinko/Wiejska","lines":"692","arr":["692"],"terminus":0,"mode":"bus","color":"#0059a9","colorDark":"#00294f","angle":159.4,"snapDist":6,"label":1}},{"type":"Feature","geometry":{"type":"Point","coordinates":[16.828615,52.240132]},"properties":{"name":"Mosina/Jeziorna","lines":"692","arr":["692"],"terminus":0,"mode":"bus","color":"#0059a9","colorDark":"#00294f","angle":313.9,"snapDist":3,"label":1}},{"type":"Feature","geometry":{"type":"Point","coordinates":[16.841004,52.244959]},"properties":{"name":"Mosina/Stadion","lines":"692","arr":["692"],"terminus":0,"mode":"bus","color":"#0059a9","colorDark":"#00294f","angle":149.4,"snapDist":1,"label":1}},{"type":"Feature","geometry":{"type":"Point","coordinates":[16.84143,52.245112]},"properties":{"name":"Mosina/Stadion","lines":"692","arr":["692"],"terminus":0,"mode":"bus","color":"#0059a9","colorDark":"#00294f","angle":329.4,"snapDist":1,"label":0}},{"type":"Feature","geometry":{"type":"Point","coordinates":[16.814933,52.233752]},"properties":{"name":"Krosinko/Wiejska","lines":"692","arr":["692"],"terminus":0,"mode":"bus","color":"#0059a9","colorDark":"#00294f","angle":338.2,"snapDist":7,"label":0}},{"type":"Feature","geometry":{"type":"Point","coordinates":[16.806098,52.231557]},"properties":{"name":"Krosinko/Grzybowa","lines":"692","arr":["692"],"terminus":0,"mode":"bus","color":"#0059a9","colorDark":"#00294f","angle":343.8,"snapDist":2,"label":0}},{"type":"Feature","geometry":{"type":"Point","coordinates":[16.9494,52.208649]},"properties":{"name":"Krajkowo/Pętla","lines":"693","arr":["693"],"terminus":1,"mode":"bus","color":"#0059a9","colorDark":"#00294f","angle":202.1,"snapDist":2,"label":1}},{"type":"Feature","geometry":{"type":"Point","coordinates":[16.939204,52.210655]},"properties":{"name":"Krajkowo/","lines":"693","arr":["693"],"terminus":0,"mode":"bus","color":"#0059a9","colorDark":"#00294f","angle":11.9,"snapDist":0,"label":1}},{"type":"Feature","geometry":{"type":"Point","coordinates":[16.920737,52.213224]},"properties":{"name":"Baranowo./","lines":"693","arr":["693"],"terminus":0,"mode":"bus","color":"#0059a9","colorDark":"#00294f","angle":23.8,"snapDist":4,"label":1}},{"type":"Feature","geometry":{"type":"Point","coordinates":[16.892733,52.211423]},"properties":{"name":"Sowinki/Pętla","lines":"693","arr":["693"],"terminus":0,"mode":"bus","color":"#0059a9","colorDark":"#00294f","angle":-40,"snapDist":14,"label":1}},{"type":"Feature","geometry":{"type":"Point","coordinates":[16.88127,52.237298]},"properties":{"name":"Sowiniec/","lines":"693","arr":["693"],"terminus":0,"mode":"bus","color":"#0059a9","colorDark":"#00294f","angle":-88.9,"snapDist":30,"label":1}},{"type":"Feature","geometry":{"type":"Point","coordinates":[16.856421,52.242745]},"properties":{"name":"Mosina/Sowiniecka/Szkoła","lines":"693","arr":["693"],"terminus":0,"mode":"bus","color":"#0059a9","colorDark":"#00294f","angle":31.7,"snapDist":5,"label":1}},{"type":"Feature","geometry":{"type":"Point","coordinates":[16.921549,52.213005]},"properties":{"name":"Baranowo./","lines":"693","arr":["693"],"terminus":0,"mode":"bus","color":"#0059a9","colorDark":"#00294f","angle":203.8,"snapDist":6,"label":0}},{"type":"Feature","geometry":{"type":"Point","coordinates":[16.838695,52.231139]},"properties":{"name":"Mosina/Leszczyńska/Ogrodowa","lines":"694","arr":["694"],"terminus":0,"mode":"bus","color":"#0059a9","colorDark":"#00294f","angle":297.6,"snapDist":1,"label":1}},{"type":"Feature","geometry":{"type":"Point","coordinates":[16.835668,52.226516]},"properties":{"name":"Krosno/Leśna","lines":"694","arr":["694"],"terminus":0,"mode":"bus","color":"#0059a9","colorDark":"#00294f","angle":112.5,"snapDist":3,"label":1}},{"type":"Feature","geometry":{"type":"Point","coordinates":[16.840451,52.226801]},"properties":{"name":"Krosno/Krosińska/Leśna","lines":"694","arr":["694"],"terminus":0,"mode":"bus","color":"#0059a9","colorDark":"#00294f","angle":112.5,"snapDist":3,"label":1}},{"type":"Feature","geometry":{"type":"Point","coordinates":[16.843542,52.229102]},"properties":{"name":"Krosno/Krosińska/Nadleśna","lines":"694","arr":["694"],"terminus":0,"mode":"bus","color":"#0059a9","colorDark":"#00294f","angle":147.5,"snapDist":2,"label":1}},{"type":"Feature","geometry":{"type":"Point","coordinates":[16.848504,52.230859]},"properties":{"name":"Mosina/Krosińska/Sosnowa","lines":"694","arr":["694"],"terminus":0,"mode":"bus","color":"#0059a9","colorDark":"#00294f","angle":149.8,"snapDist":2,"label":1}},{"type":"Feature","geometry":{"type":"Point","coordinates":[16.851783,52.229291]},"properties":{"name":"Mosina/Śremska/Jasna","lines":"694, PKS","arr":["694","PKS"],"terminus":0,"mode":"bus","color":"#0059a9","colorDark":"#00294f","angle":257.1,"snapDist":4,"label":1}},{"type":"Feature","geometry":{"type":"Point","coordinates":[16.850722,52.23198]},"properties":{"name":"Mosina/Śremska/Leśmiana","lines":"694","arr":["694"],"terminus":0,"mode":"bus","color":"#0059a9","colorDark":"#00294f","angle":79.6,"snapDist":4,"label":1}},{"type":"Feature","geometry":{"type":"Point","coordinates":[16.850037,52.234419]},"properties":{"name":"Mosina/Śremska/GS","lines":"694","arr":["694"],"terminus":0,"mode":"bus","color":"#0059a9","colorDark":"#00294f","angle":79.4,"snapDist":5,"label":1}},{"type":"Feature","geometry":{"type":"Point","coordinates":[16.98477,52.214731]},"properties":{"name":"Radzewice/Długa","lines":"698, 699","arr":["698","699"],"terminus":1,"mode":"bus","color":"#0059a9","colorDark":"#00294f","angle":37.1,"snapDist":4,"label":1}},{"type":"Feature","geometry":{"type":"Point","coordinates":[16.975767,52.220595]},"properties":{"name":"Radzewice/Długa/Sportowa","lines":"698, 699","arr":["698","699"],"terminus":0,"mode":"bus","color":"#0059a9","colorDark":"#00294f","angle":57.5,"snapDist":3,"label":1}},{"type":"Feature","geometry":{"type":"Point","coordinates":[16.958522,52.226551]},"properties":{"name":"Świątniki/Śremska/Wierzbowa","lines":"698, 699","arr":["698","699"],"terminus":0,"mode":"bus","color":"#0059a9","colorDark":"#00294f","angle":2.4,"snapDist":1,"label":1}},{"type":"Feature","geometry":{"type":"Point","coordinates":[16.947842,52.229579]},"properties":{"name":"Świątniki/I","lines":"698, 699","arr":["698","699"],"terminus":0,"mode":"bus","color":"#0059a9","colorDark":"#00294f","angle":41.6,"snapDist":18,"label":1}},{"type":"Feature","geometry":{"type":"Point","coordinates":[16.933718,52.234832]},"properties":{"name":"Rogalin/Muzeum","lines":"698, 699","arr":["698","699"],"terminus":0,"mode":"bus","color":"#0059a9","colorDark":"#00294f","angle":49.1,"snapDist":4,"label":1}},{"type":"Feature","geometry":{"type":"Point","coordinates":[16.898614,52.249667]},"properties":{"name":"Rogalinek/Mostowa","lines":"698, 699","arr":["698","699"],"terminus":0,"mode":"bus","color":"#0059a9","colorDark":"#00294f","angle":46.1,"snapDist":2,"label":1}},{"type":"Feature","geometry":{"type":"Point","coordinates":[16.851076,52.250486]},"properties":{"name":"Mosina/Rzeczypospolitej Mosińskiej","lines":"698, 699","arr":["698","699"],"terminus":0,"mode":"bus","color":"#0059a9","colorDark":"#00294f","angle":112.8,"snapDist":3,"label":0}},{"type":"Feature","geometry":{"type":"Point","coordinates":[16.898009,52.250057]},"properties":{"name":"Rogalinek/Mostowa","lines":"698, 699","arr":["698","699"],"terminus":0,"mode":"bus","color":"#0059a9","colorDark":"#00294f","angle":226.9,"snapDist":3,"label":0}},{"type":"Feature","geometry":{"type":"Point","coordinates":[16.904816,52.260612]},"properties":{"name":"Sasinowo/","lines":"698, 699","arr":["698","699"],"terminus":0,"mode":"bus","color":"#0059a9","colorDark":"#00294f","angle":8.6,"snapDist":2,"label":1}},{"type":"Feature","geometry":{"type":"Point","coordinates":[16.933063,52.235207]},"properties":{"name":"Rogalin/Muzeum","lines":"698, 699","arr":["698","699"],"terminus":0,"mode":"bus","color":"#0059a9","colorDark":"#00294f","angle":219.3,"snapDist":3,"label":0}},{"type":"Feature","geometry":{"type":"Point","coordinates":[16.94808,52.229874]},"properties":{"name":"Świątniki/I","lines":"698, 699","arr":["698","699"],"terminus":0,"mode":"bus","color":"#0059a9","colorDark":"#00294f","angle":-168.2,"snapDist":12,"label":0}},{"type":"Feature","geometry":{"type":"Point","coordinates":[16.959393,52.226527]},"properties":{"name":"Świątniki/Śremska/Wierzbowa","lines":"698, 699","arr":["698","699"],"terminus":0,"mode":"bus","color":"#0059a9","colorDark":"#00294f","angle":182.6,"snapDist":1,"label":0}},{"type":"Feature","geometry":{"type":"Point","coordinates":[16.965626,52.225424]},"properties":{"name":"Świątniki/Śremska/Widokowa","lines":"698, 699","arr":["698","699"],"terminus":0,"mode":"bus","color":"#0059a9","colorDark":"#00294f","angle":193.4,"snapDist":1,"label":1}},{"type":"Feature","geometry":{"type":"Point","coordinates":[16.976635,52.219805]},"properties":{"name":"Radzewice/Długa/Sportowa","lines":"698, 699","arr":["698","699"],"terminus":0,"mode":"bus","color":"#0059a9","colorDark":"#00294f","angle":236.3,"snapDist":8,"label":0}},{"type":"Feature","geometry":{"type":"Point","coordinates":[17.041138,52.240611]},"properties":{"name":"Czołowo/Wieś","lines":"699","arr":["699"],"terminus":0,"mode":"bus","color":"#0059a9","colorDark":"#00294f","angle":201.6,"snapDist":3,"label":1}},{"type":"Feature","geometry":{"type":"Point","coordinates":[17.007713,52.239508]},"properties":{"name":"Mieczewo/","lines":"699","arr":["699"],"terminus":0,"mode":"bus","color":"#0059a9","colorDark":"#00294f","angle":351.7,"snapDist":8,"label":1}},{"type":"Feature","geometry":{"type":"Point","coordinates":[16.900136,52.249212]},"properties":{"name":"Rogalinek/Skrzyżowanie","lines":"699","arr":["699"],"terminus":0,"mode":"bus","color":"#0059a9","colorDark":"#00294f","angle":-34,"snapDist":8,"label":1}},{"type":"Feature","geometry":{"type":"Point","coordinates":[16.846391,52.277577]},"properties":{"name":"Puszczykowo/Jarosławska","lines":"699, PKS","arr":["699","PKS"],"terminus":0,"mode":"bus","color":"#0059a9","colorDark":"#00294f","angle":292.4,"snapDist":2,"label":1}},{"type":"Feature","geometry":{"type":"Point","coordinates":[16.848841,52.25682]},"properties":{"name":"Mosina/Czarnokurz","lines":"699, PKS","arr":["699","PKS"],"terminus":0,"mode":"bus","color":"#0059a9","colorDark":"#00294f","angle":251.4,"snapDist":0,"label":1}},{"type":"Feature","geometry":{"type":"Point","coordinates":[16.848394,52.257606]},"properties":{"name":"Mosina/Czarnokurz","lines":"699, PKS","arr":["699","PKS"],"terminus":0,"mode":"bus","color":"#0059a9","colorDark":"#00294f","angle":69.7,"snapDist":1,"label":0}},{"type":"Feature","geometry":{"type":"Point","coordinates":[16.848131,52.280096]},"properties":{"name":"Puszczykowo/Jarosławska","lines":"699, PKS","arr":["699","PKS"],"terminus":0,"mode":"bus","color":"#0059a9","colorDark":"#00294f","angle":110.1,"snapDist":1,"label":1}},{"type":"Feature","geometry":{"type":"Point","coordinates":[16.878191,52.320124]},"properties":{"name":"Luboń/Kręta","lines":"701","arr":["701"],"terminus":0,"mode":"bus","color":"#0059a9","colorDark":"#00294f","angle":334.8,"snapDist":1,"label":0}},{"type":"Feature","geometry":{"type":"Point","coordinates":[16.870302,52.317598]},"properties":{"name":"Wiry/Nowa","lines":"701","arr":["701"],"terminus":0,"mode":"bus","color":"#0059a9","colorDark":"#00294f","angle":314,"snapDist":1,"label":1}},{"type":"Feature","geometry":{"type":"Point","coordinates":[16.867785,52.316096]},"properties":{"name":"Wiry/PKM I","lines":"701","arr":["701"],"terminus":0,"mode":"bus","color":"#0059a9","colorDark":"#00294f","angle":315.9,"snapDist":1,"label":1}},{"type":"Feature","geometry":{"type":"Point","coordinates":[16.860539,52.315521]},"properties":{"name":"Wiry/Laskowska","lines":"701","arr":["701"],"terminus":0,"mode":"bus","color":"#0059a9","colorDark":"#00294f","angle":37.5,"snapDist":2,"label":1}},{"type":"Feature","geometry":{"type":"Point","coordinates":[16.854237,52.319653]},"properties":{"name":"Wiry/Kościół","lines":"701","arr":["701"],"terminus":0,"mode":"bus","color":"#0059a9","colorDark":"#00294f","angle":48,"snapDist":3,"label":1}},{"type":"Feature","geometry":{"type":"Point","coordinates":[16.851361,52.321178]},"properties":{"name":"Wiry/Kościół","lines":"701, 789","arr":["701","789"],"terminus":0,"mode":"bus","color":"#0059a9","colorDark":"#00294f","angle":38.9,"snapDist":3,"label":1}},{"type":"Feature","geometry":{"type":"Point","coordinates":[16.843522,52.326668]},"properties":{"name":"Wiry/Wirowska","lines":"701, 789","arr":["701","789"],"terminus":0,"mode":"bus","color":"#0059a9","colorDark":"#00294f","angle":31.5,"snapDist":1,"label":1}},{"type":"Feature","geometry":{"type":"Point","coordinates":[16.836402,52.329646]},"properties":{"name":"Wiry/Brzoskwiniowa","lines":"701, 789","arr":["701","789"],"terminus":0,"mode":"bus","color":"#0059a9","colorDark":"#00294f","angle":40.9,"snapDist":1,"label":1}},{"type":"Feature","geometry":{"type":"Point","coordinates":[16.830729,52.333583]},"properties":{"name":"Komorniki/Jałowcowa","lines":"701, 789","arr":["701","789"],"terminus":0,"mode":"bus","color":"#0059a9","colorDark":"#00294f","angle":48.5,"snapDist":2,"label":1}},{"type":"Feature","geometry":{"type":"Point","coordinates":[16.823754,52.336283]},"properties":{"name":"Komorniki/Granica","lines":"701, 702","arr":["701","702"],"terminus":0,"mode":"bus","color":"#0059a9","colorDark":"#00294f","angle":7.7,"snapDist":1,"label":1}},{"type":"Feature","geometry":{"type":"Point","coordinates":[16.814864,52.338789]},"properties":{"name":"Komorniki/Nowa","lines":"701, 702, 703, 707","arr":["701","702","703","707"],"terminus":0,"mode":"bus","color":"#0059a9","colorDark":"#00294f","angle":319.7,"snapDist":2,"label":1}},{"type":"Feature","geometry":{"type":"Point","coordinates":[16.807116,52.335474]},"properties":{"name":"Komorniki/Centrum","lines":"701, 703, 707, 789","arr":["701","703","707","789"],"terminus":0,"mode":"bus","color":"#0059a9","colorDark":"#00294f","angle":319.9,"snapDist":16,"label":1}},{"type":"Feature","geometry":{"type":"Point","coordinates":[16.803145,52.3296]},"properties":{"name":"Komorniki/Jeziorna","lines":"701","arr":["701"],"terminus":1,"mode":"bus","color":"#0059a9","colorDark":"#00294f","angle":178,"snapDist":9,"label":1}},{"type":"Feature","geometry":{"type":"Point","coordinates":[16.807213,52.335521]},"properties":{"name":"Komorniki/Centrum","lines":"701, 703, 707, 789","arr":["701","703","707","789"],"terminus":0,"mode":"bus","color":"#0059a9","colorDark":"#00294f","angle":143.5,"snapDist":7,"label":0}},{"type":"Feature","geometry":{"type":"Point","coordinates":[16.816611,52.338089]},"properties":{"name":"Komorniki/Nowa","lines":"701, 702","arr":["701","702"],"terminus":0,"mode":"bus","color":"#0059a9","colorDark":"#00294f","angle":231.7,"snapDist":4,"label":0}},{"type":"Feature","geometry":{"type":"Point","coordinates":[16.825305,52.336155]},"properties":{"name":"Komorniki/Granica","lines":"701, 702","arr":["701","702"],"terminus":0,"mode":"bus","color":"#0059a9","colorDark":"#00294f","angle":187.2,"snapDist":1,"label":0}},{"type":"Feature","geometry":{"type":"Point","coordinates":[16.829932,52.334143]},"properties":{"name":"Komorniki/Jałowcowa","lines":"701, 789","arr":["701","789"],"terminus":0,"mode":"bus","color":"#0059a9","colorDark":"#00294f","angle":229.2,"snapDist":1,"label":0}},{"type":"Feature","geometry":{"type":"Point","coordinates":[16.8369,52.329383]},"properties":{"name":"Wiry/Brzoskwiniowa","lines":"701, 789","arr":["701","789"],"terminus":0,"mode":"bus","color":"#0059a9","colorDark":"#00294f","angle":220.9,"snapDist":2,"label":0}},{"type":"Feature","geometry":{"type":"Point","coordinates":[16.844224,52.326406]},"properties":{"name":"Wiry/Wirowska","lines":"701, 789","arr":["701","789"],"terminus":0,"mode":"bus","color":"#0059a9","colorDark":"#00294f","angle":215.7,"snapDist":0,"label":0}},{"type":"Feature","geometry":{"type":"Point","coordinates":[16.851444,52.321138]},"properties":{"name":"Wiry/Kościół","lines":"701, 789","arr":["701","789"],"terminus":0,"mode":"bus","color":"#0059a9","colorDark":"#00294f","angle":217.7,"snapDist":0,"label":0}},{"type":"Feature","geometry":{"type":"Point","coordinates":[16.856944,52.317615]},"properties":{"name":"Wiry/Południowa","lines":"701","arr":["701"],"terminus":0,"mode":"bus","color":"#0059a9","colorDark":"#00294f","angle":224.3,"snapDist":3,"label":1}},{"type":"Feature","geometry":{"type":"Point","coordinates":[16.863057,52.315082]},"properties":{"name":"Wiry/Laskowska","lines":"701","arr":["701"],"terminus":0,"mode":"bus","color":"#0059a9","colorDark":"#00294f","angle":183.1,"snapDist":1,"label":0}},{"type":"Feature","geometry":{"type":"Point","coordinates":[16.867138,52.315733]},"properties":{"name":"Wiry/PKM I","lines":"701","arr":["701"],"terminus":0,"mode":"bus","color":"#0059a9","colorDark":"#00294f","angle":139.4,"snapDist":1,"label":0}},{"type":"Feature","geometry":{"type":"Point","coordinates":[16.870862,52.317951]},"properties":{"name":"Wiry/Nowa","lines":"701","arr":["701"],"terminus":0,"mode":"bus","color":"#0059a9","colorDark":"#00294f","angle":134.2,"snapDist":2,"label":0}},{"type":"Feature","geometry":{"type":"Point","coordinates":[16.820129,52.324489]},"properties":{"name":"Komorniki/Os. Zielone Wzgórze","lines":"702","arr":["702"],"terminus":1,"mode":"bus","color":"#0059a9","colorDark":"#00294f","angle":114.3,"snapDist":7,"label":1}},{"type":"Feature","geometry":{"type":"Point","coordinates":[16.822252,52.327019]},"properties":{"name":"Komorniki/Truskawkowa","lines":"702","arr":["702"],"terminus":0,"mode":"bus","color":"#0059a9","colorDark":"#00294f","angle":117.3,"snapDist":6,"label":1}},{"type":"Feature","geometry":{"type":"Point","coordinates":[16.818671,52.33026]},"properties":{"name":"Komorniki/Widokowa","lines":"702","arr":["702"],"terminus":0,"mode":"bus","color":"#0059a9","colorDark":"#00294f","angle":32.3,"snapDist":4,"label":1}},{"type":"Feature","geometry":{"type":"Point","coordinates":[16.81299,52.33247]},"properties":{"name":"Komorniki/Łąkowa","lines":"702, 789","arr":["702","789"],"terminus":0,"mode":"bus","color":"#0059a9","colorDark":"#00294f","angle":30.6,"snapDist":4,"label":1}},{"type":"Feature","geometry":{"type":"Point","coordinates":[16.808383,52.335412]},"properties":{"name":"Komorniki/Zakładowa Wirenka","lines":"702, 715","arr":["702","715"],"terminus":0,"mode":"bus","color":"#0059a9","colorDark":"#00294f","angle":54.5,"snapDist":4,"label":1}},{"type":"Feature","geometry":{"type":"Point","coordinates":[16.829757,52.337293]},"properties":{"name":"Komorniki/Os. Parkowe","lines":"702","arr":["702"],"terminus":0,"mode":"bus","color":"#0059a9","colorDark":"#00294f","angle":148.1,"snapDist":3,"label":1}},{"type":"Feature","geometry":{"type":"Point","coordinates":[16.834713,52.339182]},"properties":{"name":"Komorniki/Lubońska","lines":"702","arr":["702"],"terminus":0,"mode":"bus","color":"#0059a9","colorDark":"#00294f","angle":147.7,"snapDist":1,"label":1}},{"type":"Feature","geometry":{"type":"Point","coordinates":[16.839676,52.341095]},"properties":{"name":"Komorniki/Wirowska","lines":"702","arr":["702"],"terminus":0,"mode":"bus","color":"#0059a9","colorDark":"#00294f","angle":147.8,"snapDist":2,"label":1}},{"type":"Feature","geometry":{"type":"Point","coordinates":[16.844311,52.342861]},"properties":{"name":"Luboń/Studzienna","lines":"702","arr":["702"],"terminus":0,"mode":"bus","color":"#0059a9","colorDark":"#00294f","angle":148.9,"snapDist":2,"label":1}},{"type":"Feature","geometry":{"type":"Point","coordinates":[16.847917,52.344223]},"properties":{"name":"Luboń/Traugutta","lines":"702","arr":["702"],"terminus":0,"mode":"bus","color":"#0059a9","colorDark":"#00294f","angle":328.2,"snapDist":0,"label":1}},{"type":"Feature","geometry":{"type":"Point","coordinates":[16.844601,52.342969]},"properties":{"name":"Luboń/Studzienna","lines":"702","arr":["702"],"terminus":0,"mode":"bus","color":"#0059a9","colorDark":"#00294f","angle":327.7,"snapDist":3,"label":0}},{"type":"Feature","geometry":{"type":"Point","coordinates":[16.838084,52.340486]},"properties":{"name":"Komorniki/Wirowska","lines":"702","arr":["702"],"terminus":0,"mode":"bus","color":"#0059a9","colorDark":"#00294f","angle":328.1,"snapDist":3,"label":0}},{"type":"Feature","geometry":{"type":"Point","coordinates":[16.834321,52.339031]},"properties":{"name":"Komorniki/Lubońska","lines":"702","arr":["702"],"terminus":0,"mode":"bus","color":"#0059a9","colorDark":"#00294f","angle":328.2,"snapDist":0,"label":0}},{"type":"Feature","geometry":{"type":"Point","coordinates":[16.829011,52.337008]},"properties":{"name":"Komorniki/Os. Parkowe","lines":"702","arr":["702"],"terminus":0,"mode":"bus","color":"#0059a9","colorDark":"#00294f","angle":327.8,"snapDist":0,"label":0}},{"type":"Feature","geometry":{"type":"Point","coordinates":[16.808483,52.335326]},"properties":{"name":"Komorniki/Zakładowa Wirenka","lines":"702, 715","arr":["702","715"],"terminus":0,"mode":"bus","color":"#0059a9","colorDark":"#00294f","angle":234.5,"snapDist":8,"label":0}},{"type":"Feature","geometry":{"type":"Point","coordinates":[16.81263,52.332603]},"properties":{"name":"Komorniki/Łąkowa","lines":"702, 789","arr":["702","789"],"terminus":0,"mode":"bus","color":"#0059a9","colorDark":"#00294f","angle":211.2,"snapDist":4,"label":0}},{"type":"Feature","geometry":{"type":"Point","coordinates":[16.81903,52.33012]},"properties":{"name":"Komorniki/Widokowa","lines":"702","arr":["702"],"terminus":0,"mode":"bus","color":"#0059a9","colorDark":"#00294f","angle":213.2,"snapDist":4,"label":0}},{"type":"Feature","geometry":{"type":"Point","coordinates":[16.822107,52.326849]},"properties":{"name":"Komorniki/Truskawkowa","lines":"702","arr":["702"],"terminus":0,"mode":"bus","color":"#0059a9","colorDark":"#00294f","angle":297.3,"snapDist":5,"label":0}},{"type":"Feature","geometry":{"type":"Point","coordinates":[16.820678,52.32516]},"properties":{"name":"Komorniki/Os. Zielone Wzgórze","lines":"702","arr":["702"],"terminus":1,"mode":"bus","color":"#0059a9","colorDark":"#00294f","angle":297.3,"snapDist":111,"label":0}},{"type":"Feature","geometry":{"type":"Point","coordinates":[16.85261,52.362465]},"properties":{"name":"Kowalewicka Wiadukt","lines":"703, 704, 707, 710","arr":["703","704","707","710"],"terminus":0,"mode":"bus","color":"#0059a9","colorDark":"#00294f","angle":309.4,"snapDist":6,"label":0}},{"type":"Feature","geometry":{"type":"Point","coordinates":[16.82736,52.345472]},"properties":{"name":"Komorniki/Magazynowa","lines":"703, 707","arr":["703","707"],"terminus":0,"mode":"bus","color":"#0059a9","colorDark":"#00294f","angle":320.2,"snapDist":3,"label":1}},{"type":"Feature","geometry":{"type":"Point","coordinates":[16.801618,52.329424]},"properties":{"name":"Komorniki/Jeziorna","lines":"703, 707","arr":["703","707"],"terminus":0,"mode":"bus","color":"#0059a9","colorDark":"#00294f","angle":294.2,"snapDist":3,"label":0}},{"type":"Feature","geometry":{"type":"Point","coordinates":[16.793108,52.317802]},"properties":{"name":"Szreniawa/Dworcowa","lines":"703","arr":["703"],"terminus":0,"mode":"bus","color":"#0059a9","colorDark":"#00294f","angle":294.3,"snapDist":4,"label":1}},{"type":"Feature","geometry":{"type":"Point","coordinates":[16.771952,52.299609]},"properties":{"name":"Rosnówko/Stawnego","lines":"703, 707","arr":["703","707"],"terminus":0,"mode":"bus","color":"#0059a9","colorDark":"#00294f","angle":32.1,"snapDist":1,"label":1}},{"type":"Feature","geometry":{"type":"Point","coordinates":[16.762226,52.304426]},"properties":{"name":"Rosnówko/Dom Kultury","lines":"703, 707","arr":["703","707"],"terminus":0,"mode":"bus","color":"#0059a9","colorDark":"#00294f","angle":58.4,"snapDist":4,"label":1}},{"type":"Feature","geometry":{"type":"Point","coordinates":[16.762445,52.306669]},"properties":{"name":"Rosnówko/Wichrowa","lines":"703, 707","arr":["703","707"],"terminus":0,"mode":"bus","color":"#0059a9","colorDark":"#00294f","angle":128.9,"snapDist":2,"label":1}},{"type":"Feature","geometry":{"type":"Point","coordinates":[16.770518,52.314948]},"properties":{"name":"Walerianowo/Bukowa","lines":"703, 707","arr":["703","707"],"terminus":0,"mode":"bus","color":"#0059a9","colorDark":"#00294f","angle":-64.4,"snapDist":6,"label":1}},{"type":"Feature","geometry":{"type":"Point","coordinates":[16.773426,52.318684]},"properties":{"name":"Walerianowo/Brzozowa","lines":"703, 707","arr":["703","707"],"terminus":0,"mode":"bus","color":"#0059a9","colorDark":"#00294f","angle":114.4,"snapDist":1,"label":1}},{"type":"Feature","geometry":{"type":"Point","coordinates":[16.781101,52.324993]},"properties":{"name":"Rosnowo/","lines":"703, 707","arr":["703","707"],"terminus":0,"mode":"bus","color":"#0059a9","colorDark":"#00294f","angle":135.5,"snapDist":3,"label":1}},{"type":"Feature","geometry":{"type":"Point","coordinates":[16.764791,52.329186]},"properties":{"name":"Chomęcice/Wspólna","lines":"703","arr":["703"],"terminus":0,"mode":"bus","color":"#0059a9","colorDark":"#00294f","angle":20.7,"snapDist":7,"label":1}},{"type":"Feature","geometry":{"type":"Point","coordinates":[16.757917,52.330722]},"properties":{"name":"Chomęcice/Jesionowa","lines":"703","arr":["703"],"terminus":0,"mode":"bus","color":"#0059a9","colorDark":"#00294f","angle":20,"snapDist":5,"label":1}},{"type":"Feature","geometry":{"type":"Point","coordinates":[16.746428,52.33156]},"properties":{"name":"Chomęcice/Środkowa","lines":"703","arr":["703"],"terminus":0,"mode":"bus","color":"#0059a9","colorDark":"#00294f","angle":327.1,"snapDist":3,"label":1}},{"type":"Feature","geometry":{"type":"Point","coordinates":[16.740781,52.333637]},"properties":{"name":"Chomęcice/Szkoła","lines":"703","arr":["703"],"terminus":0,"mode":"bus","color":"#0059a9","colorDark":"#00294f","angle":2.5,"snapDist":3,"label":1}},{"type":"Feature","geometry":{"type":"Point","coordinates":[16.728895,52.333869]},"properties":{"name":"Konarzewo/S5","lines":"703","arr":["703"],"terminus":0,"mode":"bus","color":"#0059a9","colorDark":"#00294f","angle":15.4,"snapDist":1,"label":1}},{"type":"Feature","geometry":{"type":"Point","coordinates":[16.72288,52.334888]},"properties":{"name":"Konarzewo/Os. 25-lecia","lines":"703","arr":["703"],"terminus":0,"mode":"bus","color":"#0059a9","colorDark":"#00294f","angle":15.4,"snapDist":6,"label":1}},{"type":"Feature","geometry":{"type":"Point","coordinates":[16.717237,52.334769]},"properties":{"name":"Konarzewo/Pętla","lines":"703, 791","arr":["703","791"],"terminus":1,"mode":"bus","color":"#0059a9","colorDark":"#00294f","angle":256.3,"snapDist":2,"label":1}},{"type":"Feature","geometry":{"type":"Point","coordinates":[16.72453,52.334608]},"properties":{"name":"Konarzewo/Os. 25-lecia","lines":"703","arr":["703"],"terminus":0,"mode":"bus","color":"#0059a9","colorDark":"#00294f","angle":195.5,"snapDist":6,"label":0}},{"type":"Feature","geometry":{"type":"Point","coordinates":[16.735234,52.333352]},"properties":{"name":"Chomęcice/S5","lines":"703","arr":["703"],"terminus":0,"mode":"bus","color":"#0059a9","colorDark":"#00294f","angle":175.5,"snapDist":3,"label":1}},{"type":"Feature","geometry":{"type":"Point","coordinates":[16.740815,52.333636]},"properties":{"name":"Chomęcice/Szkoła","lines":"703","arr":["703"],"terminus":0,"mode":"bus","color":"#0059a9","colorDark":"#00294f","angle":182.5,"snapDist":3,"label":0}},{"type":"Feature","geometry":{"type":"Point","coordinates":[16.746511,52.331593]},"properties":{"name":"Chomęcice/Środkowa","lines":"703","arr":["703"],"terminus":0,"mode":"bus","color":"#0059a9","colorDark":"#00294f","angle":147.1,"snapDist":3,"label":0}},{"type":"Feature","geometry":{"type":"Point","coordinates":[16.758383,52.330618]},"properties":{"name":"Chomęcice/Jesionowa","lines":"703","arr":["703"],"terminus":0,"mode":"bus","color":"#0059a9","colorDark":"#00294f","angle":200,"snapDist":5,"label":0}},{"type":"Feature","geometry":{"type":"Point","coordinates":[16.764363,52.329285]},"properties":{"name":"Chomęcice/Wspólna","lines":"703","arr":["703"],"terminus":0,"mode":"bus","color":"#0059a9","colorDark":"#00294f","angle":20.7,"snapDist":8,"label":0}},{"type":"Feature","geometry":{"type":"Point","coordinates":[16.780344,52.325653]},"properties":{"name":"Rosnowo/","lines":"703","arr":["703"],"terminus":0,"mode":"bus","color":"#0059a9","colorDark":"#00294f","angle":200.4,"snapDist":3,"label":0}},{"type":"Feature","geometry":{"type":"Point","coordinates":[16.774386,52.319978]},"properties":{"name":"Walerianowo/Brzozowa","lines":"703, 707","arr":["703","707"],"terminus":0,"mode":"bus","color":"#0059a9","colorDark":"#00294f","angle":294.2,"snapDist":2,"label":0}},{"type":"Feature","geometry":{"type":"Point","coordinates":[16.770173,52.314536]},"properties":{"name":"Walerianowo/Bukowa","lines":"703, 707","arr":["703","707"],"terminus":0,"mode":"bus","color":"#0059a9","colorDark":"#00294f","angle":298.3,"snapDist":5,"label":0}},{"type":"Feature","geometry":{"type":"Point","coordinates":[16.761925,52.306275]},"properties":{"name":"Rosnówko/Wichrowa","lines":"703, 707","arr":["703","707"],"terminus":0,"mode":"bus","color":"#0059a9","colorDark":"#00294f","angle":309.1,"snapDist":1,"label":0}},{"type":"Feature","geometry":{"type":"Point","coordinates":[16.763349,52.30327]},"properties":{"name":"Rosnówko/Dom Kultury","lines":"703, 707","arr":["703","707"],"terminus":0,"mode":"bus","color":"#0059a9","colorDark":"#00294f","angle":239.1,"snapDist":0,"label":0}},{"type":"Feature","geometry":{"type":"Point","coordinates":[16.772529,52.299393]},"properties":{"name":"Rosnówko/Stawnego","lines":"703, 707","arr":["703","707"],"terminus":0,"mode":"bus","color":"#0059a9","colorDark":"#00294f","angle":210.3,"snapDist":1,"label":0}},{"type":"Feature","geometry":{"type":"Point","coordinates":[16.789969,52.313695]},"properties":{"name":"Szreniawa/Nowa","lines":"703","arr":["703"],"terminus":0,"mode":"bus","color":"#0059a9","colorDark":"#00294f","angle":114.5,"snapDist":4,"label":1}},{"type":"Feature","geometry":{"type":"Point","coordinates":[16.793727,52.318637]},"properties":{"name":"Szreniawa/Dworcowa","lines":"703, 707","arr":["703","707"],"terminus":0,"mode":"bus","color":"#0059a9","colorDark":"#00294f","angle":114.3,"snapDist":2,"label":0}},{"type":"Feature","geometry":{"type":"Point","coordinates":[16.803057,52.33137]},"properties":{"name":"Komorniki/Jeziorna","lines":"703, 707","arr":["703","707"],"terminus":0,"mode":"bus","color":"#0059a9","colorDark":"#00294f","angle":114.4,"snapDist":7,"label":0}},{"type":"Feature","geometry":{"type":"Point","coordinates":[16.815738,52.339248]},"properties":{"name":"Komorniki/Nowa","lines":"703, 707","arr":["703","707"],"terminus":0,"mode":"bus","color":"#0059a9","colorDark":"#00294f","angle":139.9,"snapDist":1,"label":0}},{"type":"Feature","geometry":{"type":"Point","coordinates":[16.828478,52.345856]},"properties":{"name":"Komorniki/Magazynowa","lines":"703, 707","arr":["703","707"],"terminus":0,"mode":"bus","color":"#0059a9","colorDark":"#00294f","angle":140.3,"snapDist":5,"label":0}},{"type":"Feature","geometry":{"type":"Point","coordinates":[16.848662,52.354554]},"properties":{"name":"Modlibowskiej","lines":"703, 707","arr":["703","707"],"terminus":0,"mode":"bus","color":"#0059a9","colorDark":"#00294f","angle":122.8,"snapDist":9,"label":1}},{"type":"Feature","geometry":{"type":"Point","coordinates":[16.840976,52.355812]},"properties":{"name":"Konopackiej","lines":"704, 710","arr":["704","710"],"terminus":0,"mode":"bus","color":"#0059a9","colorDark":"#00294f","angle":298.3,"snapDist":7,"label":1}},{"type":"Feature","geometry":{"type":"Point","coordinates":[16.827437,52.352313]},"properties":{"name":"Komorniki/Kolejowa","lines":"704","arr":["704"],"terminus":0,"mode":"bus","color":"#0059a9","colorDark":"#00294f","angle":306.1,"snapDist":1,"label":1}},{"type":"Feature","geometry":{"type":"Point","coordinates":[16.817102,52.34693]},"properties":{"name":"Komorniki/Malinowa","lines":"704","arr":["704"],"terminus":0,"mode":"bus","color":"#0059a9","colorDark":"#00294f","angle":319.6,"snapDist":3,"label":1}},{"type":"Feature","geometry":{"type":"Point","coordinates":[16.813595,52.348452]},"properties":{"name":"Komorniki/Tulipanowa","lines":"704","arr":["704"],"terminus":0,"mode":"bus","color":"#0059a9","colorDark":"#00294f","angle":49.9,"snapDist":3,"label":1}},{"type":"Feature","geometry":{"type":"Point","coordinates":[16.811746,52.347791]},"properties":{"name":"Komorniki/Wiśniowa","lines":"704","arr":["704"],"terminus":0,"mode":"bus","color":"#0059a9","colorDark":"#00294f","angle":296.6,"snapDist":4,"label":1}},{"type":"Feature","geometry":{"type":"Point","coordinates":[16.805314,52.347315]},"properties":{"name":"Komorniki/Ks.Wawrzyniaka","lines":"704","arr":["704"],"terminus":0,"mode":"bus","color":"#0059a9","colorDark":"#00294f","angle":21.4,"snapDist":3,"label":1}},{"type":"Feature","geometry":{"type":"Point","coordinates":[16.802332,52.347753]},"properties":{"name":"Komorniki/Ks.Wawrzyniaka","lines":"704, 710","arr":["704","710"],"terminus":0,"mode":"bus","color":"#0059a9","colorDark":"#00294f","angle":1.6,"snapDist":2,"label":0}},{"type":"Feature","geometry":{"type":"Point","coordinates":[16.793919,52.3478]},"properties":{"name":"Komorniki/Kolumba","lines":"704, 710","arr":["704","710"],"terminus":1,"mode":"bus","color":"#0059a9","colorDark":"#00294f","angle":359.9,"snapDist":7,"label":1}},{"type":"Feature","geometry":{"type":"Point","coordinates":[16.783301,52.347809]},"properties":{"name":"Komorniki/Kryształowa","lines":"704","arr":["704"],"terminus":0,"mode":"bus","color":"#0059a9","colorDark":"#00294f","angle":359.9,"snapDist":3,"label":1}},{"type":"Feature","geometry":{"type":"Point","coordinates":[16.772516,52.348901]},"properties":{"name":"Głuchowo/Spokojna","lines":"704, 789","arr":["704","789"],"terminus":0,"mode":"bus","color":"#0059a9","colorDark":"#00294f","angle":338.1,"snapDist":6,"label":1}},{"type":"Feature","geometry":{"type":"Point","coordinates":[16.76881,52.346527]},"properties":{"name":"Głuchowo/Stawna","lines":"704, 716, 789","arr":["704","716","789"],"terminus":1,"mode":"bus","color":"#0059a9","colorDark":"#00294f","angle":8.2,"snapDist":2,"label":1}},{"type":"Feature","geometry":{"type":"Point","coordinates":[16.776927,52.344836]},"properties":{"name":"Głuchowo/Tęczowa","lines":"704, 716, 789","arr":["704","716","789"],"terminus":0,"mode":"bus","color":"#0059a9","colorDark":"#00294f","angle":186.7,"snapDist":2,"label":1}},{"type":"Feature","geometry":{"type":"Point","coordinates":[16.795033,52.340258]},"properties":{"name":"Komorniki/Topolowa","lines":"704, 716, 789","arr":["704","716","789"],"terminus":1,"mode":"bus","color":"#0059a9","colorDark":"#00294f","angle":21.7,"snapDist":7,"label":1}},{"type":"Feature","geometry":{"type":"Point","coordinates":[16.774999,52.344977]},"properties":{"name":"Głuchowo/Tęczowa","lines":"704, 716","arr":["704","716"],"terminus":0,"mode":"bus","color":"#0059a9","colorDark":"#00294f","angle":4.8,"snapDist":1,"label":0}},{"type":"Feature","geometry":{"type":"Point","coordinates":[16.771868,52.348741]},"properties":{"name":"Głuchowo/Spokojna","lines":"704, 789","arr":["704","789"],"terminus":0,"mode":"bus","color":"#0059a9","colorDark":"#00294f","angle":158,"snapDist":3,"label":0}},{"type":"Feature","geometry":{"type":"Point","coordinates":[16.782908,52.347809]},"properties":{"name":"Komorniki/Kryształowa","lines":"704","arr":["704"],"terminus":0,"mode":"bus","color":"#0059a9","colorDark":"#00294f","angle":179.9,"snapDist":1,"label":0}},{"type":"Feature","geometry":{"type":"Point","coordinates":[16.796477,52.347802]},"properties":{"name":"Komorniki/Kolumba","lines":"704, 710","arr":["704","710"],"terminus":1,"mode":"bus","color":"#0059a9","colorDark":"#00294f","angle":179.9,"snapDist":4,"label":0}},{"type":"Feature","geometry":{"type":"Point","coordinates":[16.801614,52.347764]},"properties":{"name":"Komorniki/Ks.Wawrzyniaka","lines":"704, 710","arr":["704","710"],"terminus":0,"mode":"bus","color":"#0059a9","colorDark":"#00294f","angle":181.3,"snapDist":1,"label":1}},{"type":"Feature","geometry":{"type":"Point","coordinates":[16.804698,52.347463]},"properties":{"name":"Komorniki/Ks.Wawrzyniaka","lines":"704","arr":["704"],"terminus":0,"mode":"bus","color":"#0059a9","colorDark":"#00294f","angle":201.6,"snapDist":4,"label":0}},{"type":"Feature","geometry":{"type":"Point","coordinates":[16.811677,52.347706]},"properties":{"name":"Komorniki/Wiśniowa","lines":"704","arr":["704"],"terminus":0,"mode":"bus","color":"#0059a9","colorDark":"#00294f","angle":116.3,"snapDist":4,"label":0}},{"type":"Feature","geometry":{"type":"Point","coordinates":[16.814215,52.348002]},"properties":{"name":"Komorniki/Tulipanowa","lines":"704","arr":["704"],"terminus":0,"mode":"bus","color":"#0059a9","colorDark":"#00294f","angle":229.9,"snapDist":1,"label":0}},{"type":"Feature","geometry":{"type":"Point","coordinates":[16.817102,52.34693]},"properties":{"name":"Komorniki/Malinowa","lines":"704","arr":["704"],"terminus":0,"mode":"bus","color":"#0059a9","colorDark":"#00294f","angle":139.6,"snapDist":3,"label":0}},{"type":"Feature","geometry":{"type":"Point","coordinates":[16.827324,52.352229]},"properties":{"name":"Komorniki/Kolejowa","lines":"704","arr":["704"],"terminus":0,"mode":"bus","color":"#0059a9","colorDark":"#00294f","angle":137.8,"snapDist":3,"label":0}},{"type":"Feature","geometry":{"type":"Point","coordinates":[16.841535,52.356444]},"properties":{"name":"Konopackiej","lines":"704, 710","arr":["704","710"],"terminus":0,"mode":"bus","color":"#0059a9","colorDark":"#00294f","angle":118.5,"snapDist":2,"label":0}},{"type":"Feature","geometry":{"type":"Point","coordinates":[16.792164,52.318603]},"properties":{"name":"Szreniawa/Dworcowa","lines":"707","arr":["707"],"terminus":0,"mode":"bus","color":"#0059a9","colorDark":"#00294f","angle":24.5,"snapDist":2,"label":0}},{"type":"Feature","geometry":{"type":"Point","coordinates":[16.782276,52.325213]},"properties":{"name":"Rosnowo/","lines":"707","arr":["707"],"terminus":0,"mode":"bus","color":"#0059a9","colorDark":"#00294f","angle":24,"snapDist":3,"label":0}},{"type":"Feature","geometry":{"type":"Point","coordinates":[16.767028,52.29722]},"properties":{"name":"Rosnówko/Dworcowa","lines":"707","arr":["707"],"terminus":0,"mode":"bus","color":"#0059a9","colorDark":"#00294f","angle":345.6,"snapDist":10,"label":1}},{"type":"Feature","geometry":{"type":"Point","coordinates":[16.767802,52.297014]},"properties":{"name":"Rosnówko/PKM","lines":"707","arr":["707"],"terminus":1,"mode":"bus","color":"#0059a9","colorDark":"#00294f","angle":25.1,"snapDist":4,"label":1}},{"type":"Feature","geometry":{"type":"Point","coordinates":[16.769756,52.297653]},"properties":{"name":"Rosnówko/Dworcowa","lines":"707","arr":["707"],"terminus":0,"mode":"bus","color":"#0059a9","colorDark":"#00294f","angle":165.5,"snapDist":4,"label":0}},{"type":"Feature","geometry":{"type":"Point","coordinates":[16.840299,52.367496]},"properties":{"name":"Trzebińska","lines":"710, 717","arr":["710","717"],"terminus":0,"mode":"bus","color":"#0059a9","colorDark":"#00294f","angle":347.8,"snapDist":3,"label":0}},{"type":"Feature","geometry":{"type":"Point","coordinates":[16.830803,52.366233]},"properties":{"name":"Plewiska/Słoneczna","lines":"710, 717","arr":["710","717"],"terminus":0,"mode":"bus","color":"#0059a9","colorDark":"#00294f","angle":346.8,"snapDist":3,"label":1}},{"type":"Feature","geometry":{"type":"Point","coordinates":[16.824953,52.366182]},"properties":{"name":"Plewiska/Podgórna","lines":"710, 715","arr":["710","715"],"terminus":0,"mode":"bus","color":"#0059a9","colorDark":"#00294f","angle":77.4,"snapDist":3,"label":1}},{"type":"Feature","geometry":{"type":"Point","coordinates":[16.821097,52.369405]},"properties":{"name":"Plewiska/Zachodnia","lines":"710, 715","arr":["710","715"],"terminus":0,"mode":"bus","color":"#0059a9","colorDark":"#00294f","angle":50.5,"snapDist":3,"label":1}},{"type":"Feature","geometry":{"type":"Point","coordinates":[16.817042,52.371777]},"properties":{"name":"Plewiska/Skryta","lines":"710, 715, 716, 717","arr":["710","715","716","717"],"terminus":0,"mode":"bus","color":"#0059a9","colorDark":"#00294f","angle":310.8,"snapDist":1,"label":1}},{"type":"Feature","geometry":{"type":"Point","coordinates":[16.813736,52.369434]},"properties":{"name":"Plewiska/Rynek","lines":"710, 716, 717","arr":["710","716","717"],"terminus":0,"mode":"bus","color":"#0059a9","colorDark":"#00294f","angle":310.7,"snapDist":1,"label":1}},{"type":"Feature","geometry":{"type":"Point","coordinates":[16.807895,52.365306]},"properties":{"name":"Plewiska/Straż Pożarna","lines":"710, 715, 716, 717","arr":["710","715","716","717"],"terminus":0,"mode":"bus","color":"#0059a9","colorDark":"#00294f","angle":310.4,"snapDist":5,"label":1}},{"type":"Feature","geometry":{"type":"Point","coordinates":[16.808472,52.36188]},"properties":{"name":"Plewiska/Szkoła Nr 1","lines":"710, 715, 716, 717","arr":["710","715","716","717"],"terminus":0,"mode":"bus","color":"#0059a9","colorDark":"#00294f","angle":246.7,"snapDist":0,"label":1}},{"type":"Feature","geometry":{"type":"Point","coordinates":[16.807136,52.357243]},"properties":{"name":"Plewiska/Szkolna","lines":"710, 715, 716","arr":["710","715","716"],"terminus":0,"mode":"bus","color":"#0059a9","colorDark":"#00294f","angle":282.6,"snapDist":3,"label":1}},{"type":"Feature","geometry":{"type":"Point","coordinates":[16.807619,52.358497]},"properties":{"name":"Plewiska/Szkolna","lines":"710, 715, 716","arr":["710","715","716"],"terminus":0,"mode":"bus","color":"#0059a9","colorDark":"#00294f","angle":103.5,"snapDist":4,"label":0}},{"type":"Feature","geometry":{"type":"Point","coordinates":[16.806958,52.363183]},"properties":{"name":"Plewiska/Szkoła Nr 1","lines":"710, 715, 716, 717","arr":["710","715","716","717"],"terminus":0,"mode":"bus","color":"#0059a9","colorDark":"#00294f","angle":54,"snapDist":5,"label":0}},{"type":"Feature","geometry":{"type":"Point","coordinates":[16.807954,52.365348]},"properties":{"name":"Plewiska/Straż Pożarna","lines":"710, 715, 716, 717","arr":["710","715","716","717"],"terminus":0,"mode":"bus","color":"#0059a9","colorDark":"#00294f","angle":130.1,"snapDist":4,"label":0}},{"type":"Feature","geometry":{"type":"Point","coordinates":[16.812725,52.368717]},"properties":{"name":"Plewiska/Rynek","lines":"710, 716, 717","arr":["710","716","717"],"terminus":0,"mode":"bus","color":"#0059a9","colorDark":"#00294f","angle":130.8,"snapDist":5,"label":0}},{"type":"Feature","geometry":{"type":"Point","coordinates":[16.816915,52.371687]},"properties":{"name":"Plewiska/Skryta","lines":"710, 715, 716, 717","arr":["710","715","716","717"],"terminus":0,"mode":"bus","color":"#0059a9","colorDark":"#00294f","angle":131.1,"snapDist":5,"label":0}},{"type":"Feature","geometry":{"type":"Point","coordinates":[16.821083,52.369415]},"properties":{"name":"Plewiska/Zachodnia","lines":"710, 715","arr":["710","715"],"terminus":0,"mode":"bus","color":"#0059a9","colorDark":"#00294f","angle":230.5,"snapDist":3,"label":0}},{"type":"Feature","geometry":{"type":"Point","coordinates":[16.82475,52.36659]},"properties":{"name":"Plewiska/Podgórna","lines":"710, 715","arr":["710","715"],"terminus":0,"mode":"bus","color":"#0059a9","colorDark":"#00294f","angle":241.1,"snapDist":3,"label":0}},{"type":"Feature","geometry":{"type":"Point","coordinates":[16.8319,52.366385]},"properties":{"name":"Plewiska/Słoneczna","lines":"710, 717","arr":["710","717"],"terminus":0,"mode":"bus","color":"#0059a9","colorDark":"#00294f","angle":167.4,"snapDist":3,"label":0}},{"type":"Feature","geometry":{"type":"Point","coordinates":[16.840836,52.367568]},"properties":{"name":"Trzebińska","lines":"710, 717","arr":["710","717"],"terminus":0,"mode":"bus","color":"#0059a9","colorDark":"#00294f","angle":167.6,"snapDist":3,"label":0}},{"type":"Feature","geometry":{"type":"Point","coordinates":[16.853683,52.362358]},"properties":{"name":"Kowalewicka Wiadukt","lines":"710","arr":["710"],"terminus":0,"mode":"bus","color":"#0059a9","colorDark":"#00294f","angle":117.9,"snapDist":1,"label":0}},{"type":"Feature","geometry":{"type":"Point","coordinates":[16.823573,52.377647]},"properties":{"name":"Junikowo PKM","lines":"715, 716, 717","arr":["715","716","717"],"terminus":0,"mode":"bus","color":"#0059a9","colorDark":"#00294f","angle":176.4,"snapDist":8,"label":0}},{"type":"Feature","geometry":{"type":"Point","coordinates":[16.832568,52.373917]},"properties":{"name":"Wołczyńska","lines":"715","arr":["715"],"terminus":0,"mode":"bus","color":"#0059a9","colorDark":"#00294f","angle":212.7,"snapDist":2,"label":1}},{"type":"Feature","geometry":{"type":"Point","coordinates":[16.831598,52.371403]},"properties":{"name":"Plewiska/Jarzębinowa","lines":"715","arr":["715"],"terminus":0,"mode":"bus","color":"#0059a9","colorDark":"#00294f","angle":320.1,"snapDist":1,"label":1}},{"type":"Feature","geometry":{"type":"Point","coordinates":[16.830475,52.369141]},"properties":{"name":"Plewiska/Zakładowa","lines":"715","arr":["715"],"terminus":0,"mode":"bus","color":"#0059a9","colorDark":"#00294f","angle":320.7,"snapDist":1,"label":1}},{"type":"Feature","geometry":{"type":"Point","coordinates":[16.828566,52.367017]},"properties":{"name":"Plewiska/Południowa II","lines":"715","arr":["715"],"terminus":0,"mode":"bus","color":"#0059a9","colorDark":"#00294f","angle":231.1,"snapDist":3,"label":1}},{"type":"Feature","geometry":{"type":"Point","coordinates":[16.813313,52.373173]},"properties":{"name":"Plewiska/Miętowa","lines":"715","arr":["715"],"terminus":0,"mode":"bus","color":"#0059a9","colorDark":"#00294f","angle":40.5,"snapDist":4,"label":1}},{"type":"Feature","geometry":{"type":"Point","coordinates":[16.808842,52.373388]},"properties":{"name":"Plewiska/Szkoła Nr 2","lines":"715","arr":["715"],"terminus":0,"mode":"bus","color":"#0059a9","colorDark":"#00294f","angle":310.9,"snapDist":4,"label":1}},{"type":"Feature","geometry":{"type":"Point","coordinates":[16.804054,52.370615]},"properties":{"name":"Plewiska/Szafran","lines":"715","arr":["715"],"terminus":0,"mode":"bus","color":"#0059a9","colorDark":"#00294f","angle":229.2,"snapDist":43,"label":1}},{"type":"Feature","geometry":{"type":"Point","coordinates":[16.803311,52.347076]},"properties":{"name":"Komorniki/Ks.Wawrzyniaka","lines":"715, 716","arr":["715","716"],"terminus":0,"mode":"bus","color":"#0059a9","colorDark":"#00294f","angle":282.9,"snapDist":6,"label":0}},{"type":"Feature","geometry":{"type":"Point","coordinates":[16.800469,52.339502]},"properties":{"name":"Komorniki/Ks.Malinowskiego","lines":"715, 716","arr":["715","716"],"terminus":0,"mode":"bus","color":"#0059a9","colorDark":"#00294f","angle":282.1,"snapDist":5,"label":1}},{"type":"Feature","geometry":{"type":"Point","coordinates":[16.807164,52.332485]},"properties":{"name":"Komorniki/Urząd Gminy","lines":"715, 789","arr":["715","789"],"terminus":1,"mode":"bus","color":"#0059a9","colorDark":"#00294f","angle":289.9,"snapDist":2,"label":1}},{"type":"Feature","geometry":{"type":"Point","coordinates":[16.807285,52.33269]},"properties":{"name":"Komorniki/Urząd Gminy","lines":"715, 789","arr":["715","789"],"terminus":1,"mode":"bus","color":"#0059a9","colorDark":"#00294f","angle":109.6,"snapDist":3,"label":0}},{"type":"Feature","geometry":{"type":"Point","coordinates":[16.80038,52.339246]},"properties":{"name":"Komorniki/Ks.Malinowskiego","lines":"715, 716","arr":["715","716"],"terminus":0,"mode":"bus","color":"#0059a9","colorDark":"#00294f","angle":102.7,"snapDist":5,"label":0}},{"type":"Feature","geometry":{"type":"Point","coordinates":[16.803343,52.34716]},"properties":{"name":"Komorniki/Ks.Wawrzyniaka","lines":"715, 716","arr":["715","716"],"terminus":0,"mode":"bus","color":"#0059a9","colorDark":"#00294f","angle":102.9,"snapDist":6,"label":0}},{"type":"Feature","geometry":{"type":"Point","coordinates":[16.803531,52.371012]},"properties":{"name":"Plewiska/Szafran","lines":"715","arr":["715"],"terminus":0,"mode":"bus","color":"#0059a9","colorDark":"#00294f","angle":52.2,"snapDist":3,"label":0}},{"type":"Feature","geometry":{"type":"Point","coordinates":[16.80795,52.372756]},"properties":{"name":"Plewiska/Szkoła Nr 2","lines":"715","arr":["715"],"terminus":0,"mode":"bus","color":"#0059a9","colorDark":"#00294f","angle":-49.9,"snapDist":6,"label":0}},{"type":"Feature","geometry":{"type":"Point","coordinates":[16.812434,52.373636]},"properties":{"name":"Plewiska/Miętowa","lines":"715","arr":["715"],"terminus":0,"mode":"bus","color":"#0059a9","colorDark":"#00294f","angle":220.9,"snapDist":1,"label":0}},{"type":"Feature","geometry":{"type":"Point","coordinates":[16.828176,52.367313]},"properties":{"name":"Plewiska/Południowa II","lines":"715","arr":["715"],"terminus":0,"mode":"bus","color":"#0059a9","colorDark":"#00294f","angle":51.7,"snapDist":1,"label":0}},{"type":"Feature","geometry":{"type":"Point","coordinates":[16.830471,52.369139]},"properties":{"name":"Plewiska/Zakładowa","lines":"715","arr":["715"],"terminus":0,"mode":"bus","color":"#0059a9","colorDark":"#00294f","angle":140.7,"snapDist":4,"label":0}},{"type":"Feature","geometry":{"type":"Point","coordinates":[16.832199,52.371709]},"properties":{"name":"Plewiska/Jarzębinowa","lines":"715","arr":["715"],"terminus":0,"mode":"bus","color":"#0059a9","colorDark":"#00294f","angle":140.2,"snapDist":3,"label":0}},{"type":"Feature","geometry":{"type":"Point","coordinates":[16.832136,52.374086]},"properties":{"name":"Wołczyńska","lines":"715","arr":["715"],"terminus":0,"mode":"bus","color":"#0059a9","colorDark":"#00294f","angle":32.7,"snapDist":2,"label":0}},{"type":"Feature","geometry":{"type":"Point","coordinates":[16.8228,52.375848]},"properties":{"name":"Plewiska/Wołczyńska","lines":"716, 717","arr":["716","717"],"terminus":0,"mode":"bus","color":"#0059a9","colorDark":"#00294f","angle":310.8,"snapDist":4,"label":1}},{"type":"Feature","geometry":{"type":"Point","coordinates":[16.820411,52.374157]},"properties":{"name":"Plewiska/Południowa","lines":"716, 717","arr":["716","717"],"terminus":0,"mode":"bus","color":"#0059a9","colorDark":"#00294f","angle":310.8,"snapDist":3,"label":1}},{"type":"Feature","geometry":{"type":"Point","coordinates":[16.770461,52.346045]},"properties":{"name":"Głuchowo/Stawna","lines":"716","arr":["716"],"terminus":0,"mode":"bus","color":"#0059a9","colorDark":"#00294f","angle":87.4,"snapDist":5,"label":0}},{"type":"Feature","geometry":{"type":"Point","coordinates":[16.796155,52.339971]},"properties":{"name":"Komorniki/Topolowa","lines":"716, 789","arr":["716","789"],"terminus":0,"mode":"bus","color":"#0059a9","colorDark":"#00294f","angle":201.8,"snapDist":6,"label":0}},{"type":"Feature","geometry":{"type":"Point","coordinates":[16.820062,52.373911]},"properties":{"name":"Plewiska/Południowa","lines":"716, 717","arr":["716","717"],"terminus":0,"mode":"bus","color":"#0059a9","colorDark":"#00294f","angle":131,"snapDist":5,"label":0}},{"type":"Feature","geometry":{"type":"Point","coordinates":[16.823524,52.376361]},"properties":{"name":"Plewiska/Wołczyńska","lines":"716, 717","arr":["716","717"],"terminus":0,"mode":"bus","color":"#0059a9","colorDark":"#00294f","angle":130.8,"snapDist":4,"label":0}},{"type":"Feature","geometry":{"type":"Point","coordinates":[16.81461,52.363986]},"properties":{"name":"Plewiska/Czarna Droga","lines":"717","arr":["717"],"terminus":0,"mode":"bus","color":"#0059a9","colorDark":"#00294f","angle":166.8,"snapDist":1,"label":1}},{"type":"Feature","geometry":{"type":"Point","coordinates":[16.821859,52.364987]},"properties":{"name":"Plewiska/Jantarowa","lines":"717","arr":["717"],"terminus":0,"mode":"bus","color":"#0059a9","colorDark":"#00294f","angle":167.8,"snapDist":2,"label":1}},{"type":"Feature","geometry":{"type":"Point","coordinates":[16.823557,52.36522]},"properties":{"name":"Plewiska/Jantarowa","lines":"717","arr":["717"],"terminus":0,"mode":"bus","color":"#0059a9","colorDark":"#00294f","angle":346.9,"snapDist":2,"label":0}},{"type":"Feature","geometry":{"type":"Point","coordinates":[16.815014,52.364044]},"properties":{"name":"Plewiska/Czarna Droga","lines":"717","arr":["717"],"terminus":0,"mode":"bus","color":"#0059a9","colorDark":"#00294f","angle":346.8,"snapDist":3,"label":0}},{"type":"Feature","geometry":{"type":"Point","coordinates":[16.811342,52.36284]},"properties":{"name":"Plewiska/Os. Pogodne","lines":"717","arr":["717"],"terminus":0,"mode":"bus","color":"#0059a9","colorDark":"#00294f","angle":322.3,"snapDist":1,"label":1}},{"type":"Feature","geometry":{"type":"Point","coordinates":[16.744223,52.374533]},"properties":{"name":"Palędzie/Dworzec Kolejowy","lines":"727, 795, 796, 799","arr":["727","795","796","799"],"terminus":1,"mode":"bus","color":"#0059a9","colorDark":"#00294f","angle":356.7,"snapDist":2,"label":1}},{"type":"Feature","geometry":{"type":"Point","coordinates":[16.743189,52.377754]},"properties":{"name":"Dąbrówka/Kasztanowa","lines":"727, 729, 796, 797","arr":["727","729","796","797"],"terminus":0,"mode":"bus","color":"#0059a9","colorDark":"#00294f","angle":119.9,"snapDist":3,"label":1}},{"type":"Feature","geometry":{"type":"Point","coordinates":[16.744643,52.38531]},"properties":{"name":"Dąbrówka/Parkowa","lines":"727, 729, 796, 797","arr":["727","729","796","797"],"terminus":0,"mode":"bus","color":"#0059a9","colorDark":"#00294f","angle":118.1,"snapDist":5,"label":1}},{"type":"Feature","geometry":{"type":"Point","coordinates":[16.745806,52.386751]},"properties":{"name":"Dąbrówka/Las","lines":"727, 729, 796, 797","arr":["727","729","796","797"],"terminus":0,"mode":"bus","color":"#0059a9","colorDark":"#00294f","angle":81.6,"snapDist":9,"label":1}},{"type":"Feature","geometry":{"type":"Point","coordinates":[16.750339,52.392482]},"properties":{"name":"Dąbrowa/Poprzeczna","lines":"727, 797","arr":["727","797"],"terminus":0,"mode":"bus","color":"#0059a9","colorDark":"#00294f","angle":120.7,"snapDist":4,"label":1}},{"type":"Feature","geometry":{"type":"Point","coordinates":[16.756844,52.397132]},"properties":{"name":"Dąbrowa/Leśna","lines":"727, 729, 797","arr":["727","729","797"],"terminus":0,"mode":"bus","color":"#0059a9","colorDark":"#00294f","angle":206.8,"snapDist":5,"label":1}},{"type":"Feature","geometry":{"type":"Point","coordinates":[16.763631,52.395024]},"properties":{"name":"Skórzewo/Os. Grafitowe","lines":"727, 729, 797","arr":["727","729","797"],"terminus":0,"mode":"bus","color":"#0059a9","colorDark":"#00294f","angle":206.9,"snapDist":6,"label":1}},{"type":"Feature","geometry":{"type":"Point","coordinates":[16.776943,52.390864]},"properties":{"name":"Skórzewo/Kozierowskiego Szkoła","lines":"727, 729, 797","arr":["727","729","797"],"terminus":0,"mode":"bus","color":"#0059a9","colorDark":"#00294f","angle":206.8,"snapDist":7,"label":1}},{"type":"Feature","geometry":{"type":"Point","coordinates":[16.783005,52.388671]},"properties":{"name":"Skórzewo/Os. Makowe","lines":"727, 729, 797","arr":["727","729","797"],"terminus":0,"mode":"bus","color":"#0059a9","colorDark":"#00294f","angle":212.6,"snapDist":7,"label":1}},{"type":"Feature","geometry":{"type":"Point","coordinates":[16.790646,52.391192]},"properties":{"name":"Skórzewo/Kościół","lines":"727, 729, 797","arr":["727","729","797"],"terminus":0,"mode":"bus","color":"#0059a9","colorDark":"#00294f","angle":138.8,"snapDist":8,"label":1}},{"type":"Feature","geometry":{"type":"Point","coordinates":[16.796227,52.393924]},"properties":{"name":"Skórzewo/Szarotkowa","lines":"727, 729, 797, 798","arr":["727","729","797","798"],"terminus":0,"mode":"bus","color":"#0059a9","colorDark":"#00294f","angle":138.3,"snapDist":9,"label":1}},{"type":"Feature","geometry":{"type":"Point","coordinates":[16.802393,52.397152]},"properties":{"name":"Rondo Ławickich Wydm","lines":"727, 729, 797, 798","arr":["727","729","797","798"],"terminus":1,"mode":"bus","color":"#0059a9","colorDark":"#00294f","angle":327.5,"snapDist":9,"label":1}},{"type":"Feature","geometry":{"type":"Point","coordinates":[16.795175,52.393358]},"properties":{"name":"Skórzewo/Szarotkowa","lines":"727, 729, 797, 798","arr":["727","729","797","798"],"terminus":0,"mode":"bus","color":"#0059a9","colorDark":"#00294f","angle":319,"snapDist":9,"label":0}},{"type":"Feature","geometry":{"type":"Point","coordinates":[16.790136,52.390874]},"properties":{"name":"Skórzewo/Kościół","lines":"727, 729, 797","arr":["727","729","797"],"terminus":0,"mode":"bus","color":"#0059a9","colorDark":"#00294f","angle":312,"snapDist":7,"label":0}},{"type":"Feature","geometry":{"type":"Point","coordinates":[16.78,52.389884]},"properties":{"name":"Skórzewo/Os. Makowe","lines":"727, 729, 797","arr":["727","729","797"],"terminus":0,"mode":"bus","color":"#0059a9","colorDark":"#00294f","angle":33.7,"snapDist":8,"label":1}},{"type":"Feature","geometry":{"type":"Point","coordinates":[16.777747,52.390645]},"properties":{"name":"Skórzewo/Kozierowskiego Szkoła","lines":"727, 729, 797","arr":["727","729","797"],"terminus":0,"mode":"bus","color":"#0059a9","colorDark":"#00294f","angle":24.1,"snapDist":7,"label":0}},{"type":"Feature","geometry":{"type":"Point","coordinates":[16.762892,52.395254]},"properties":{"name":"Skórzewo/Os. Grafitowe","lines":"727, 729, 797","arr":["727","729","797"],"terminus":0,"mode":"bus","color":"#0059a9","colorDark":"#00294f","angle":27,"snapDist":5,"label":0}},{"type":"Feature","geometry":{"type":"Point","coordinates":[16.755993,52.397395]},"properties":{"name":"Dąbrowa/Leśna","lines":"727, 729, 797","arr":["727","729","797"],"terminus":0,"mode":"bus","color":"#0059a9","colorDark":"#00294f","angle":27,"snapDist":4,"label":0}},{"type":"Feature","geometry":{"type":"Point","coordinates":[16.750003,52.392129]},"properties":{"name":"Dąbrowa/Poprzeczna","lines":"727, 797","arr":["727","797"],"terminus":0,"mode":"bus","color":"#0059a9","colorDark":"#00294f","angle":300.4,"snapDist":4,"label":0}},{"type":"Feature","geometry":{"type":"Point","coordinates":[16.745711,52.387171]},"properties":{"name":"Dąbrówka/Las","lines":"727, 729, 796, 797","arr":["727","729","796","797"],"terminus":0,"mode":"bus","color":"#0059a9","colorDark":"#00294f","angle":262.1,"snapDist":8,"label":0}},{"type":"Feature","geometry":{"type":"Point","coordinates":[16.743739,52.38352]},"properties":{"name":"Dąbrówka/Parkowa","lines":"727, 729, 796, 797","arr":["727","729","796","797"],"terminus":0,"mode":"bus","color":"#0059a9","colorDark":"#00294f","angle":260.5,"snapDist":7,"label":0}},{"type":"Feature","geometry":{"type":"Point","coordinates":[16.742873,52.377424]},"properties":{"name":"Dąbrówka/Kasztanowa","lines":"727, 729, 796, 797","arr":["727","729","796","797"],"terminus":0,"mode":"bus","color":"#0059a9","colorDark":"#00294f","angle":300.2,"snapDist":4,"label":0}},{"type":"Feature","geometry":{"type":"Point","coordinates":[16.739257,52.376029]},"properties":{"name":"Dąbrówka/Szkoła","lines":"727, 795, 796, 799","arr":["727","795","796","799"],"terminus":1,"mode":"bus","color":"#0059a9","colorDark":"#00294f","angle":274.2,"snapDist":5,"label":1}},{"type":"Feature","geometry":{"type":"Point","coordinates":[16.678711,52.3543]},"properties":{"name":"Dopiewo/Dworzec Kolejowy","lines":"729, 790, 791, 792, 797","arr":["729","790","791","792","797"],"terminus":1,"mode":"bus","color":"#0059a9","colorDark":"#00294f","angle":148.1,"snapDist":6,"label":1}},{"type":"Feature","geometry":{"type":"Point","coordinates":[16.676678,52.358147]},"properties":{"name":"Dopiewo/Kościół","lines":"729, 790, 792, 797","arr":["729","790","792","797"],"terminus":0,"mode":"bus","color":"#0059a9","colorDark":"#00294f","angle":130.6,"snapDist":4,"label":1}},{"type":"Feature","geometry":{"type":"Point","coordinates":[16.68374,52.359203]},"properties":{"name":"Dopiewo/Ośrodek Zdrowia","lines":"729, 797","arr":["729","797"],"terminus":0,"mode":"bus","color":"#0059a9","colorDark":"#00294f","angle":175.7,"snapDist":3,"label":0}},{"type":"Feature","geometry":{"type":"Point","coordinates":[16.689866,52.359473]},"properties":{"name":"Dopiewiec/Przejazd Kolejowy","lines":"729, 797","arr":["729","797"],"terminus":0,"mode":"bus","color":"#0059a9","colorDark":"#00294f","angle":176,"snapDist":3,"label":1}},{"type":"Feature","geometry":{"type":"Point","coordinates":[16.708777,52.35999]},"properties":{"name":"Dopiewiec/","lines":"729, 797","arr":["729","797"],"terminus":0,"mode":"bus","color":"#0059a9","colorDark":"#00294f","angle":195,"snapDist":3,"label":1}},{"type":"Feature","geometry":{"type":"Point","coordinates":[16.735852,52.369553]},"properties":{"name":"Palędzie/Leśna","lines":"729, 795, 797","arr":["729","795","797"],"terminus":0,"mode":"bus","color":"#0059a9","colorDark":"#00294f","angle":91.1,"snapDist":3,"label":1}},{"type":"Feature","geometry":{"type":"Point","coordinates":[16.738655,52.373017]},"properties":{"name":"Palędzie/Nowa","lines":"729, 795, 797","arr":["729","795","797"],"terminus":0,"mode":"bus","color":"#0059a9","colorDark":"#00294f","angle":120.1,"snapDist":3,"label":1}},{"type":"Feature","geometry":{"type":"Point","coordinates":[16.738443,52.390012]},"properties":{"name":"Zakrzewo/Zacisze","lines":"729, 796","arr":["729","796"],"terminus":0,"mode":"bus","color":"#0059a9","colorDark":"#00294f","angle":1.2,"snapDist":3,"label":1}},{"type":"Feature","geometry":{"type":"Point","coordinates":[16.726668,52.392808]},"properties":{"name":"Zakrzewo/Sportowa","lines":"729, 796","arr":["729","796"],"terminus":0,"mode":"bus","color":"#0059a9","colorDark":"#00294f","angle":51,"snapDist":3,"label":1}},{"type":"Feature","geometry":{"type":"Point","coordinates":[16.716064,52.398697]},"properties":{"name":"Zakrzewo/Świerkowa","lines":"729, 796","arr":["729","796"],"terminus":0,"mode":"bus","color":"#0059a9","colorDark":"#00294f","angle":47.8,"snapDist":3,"label":1}},{"type":"Feature","geometry":{"type":"Point","coordinates":[16.717154,52.40406]},"properties":{"name":"Zakrzewo/Bukowska","lines":"729, 796","arr":["729","796"],"terminus":0,"mode":"bus","color":"#0059a9","colorDark":"#00294f","angle":122.5,"snapDist":3,"label":1}},{"type":"Feature","geometry":{"type":"Point","coordinates":[16.719462,52.406263]},"properties":{"name":"Zakrzewo/Bukowska","lines":"729, 796","arr":["729","796"],"terminus":0,"mode":"bus","color":"#0059a9","colorDark":"#00294f","angle":173.5,"snapDist":5,"label":1}},{"type":"Feature","geometry":{"type":"Point","coordinates":[16.739825,52.403762]},"properties":{"name":"Dąbrowa/Szkolna","lines":"729, 796","arr":["729","796"],"terminus":0,"mode":"bus","color":"#0059a9","colorDark":"#00294f","angle":233.5,"snapDist":2,"label":1}},{"type":"Feature","geometry":{"type":"Point","coordinates":[16.744625,52.400901]},"properties":{"name":"Dąbrowa/Krótka","lines":"729, 796","arr":["729","796"],"terminus":1,"mode":"bus","color":"#0059a9","colorDark":"#00294f","angle":206.3,"snapDist":3,"label":1}},{"type":"Feature","geometry":{"type":"Point","coordinates":[16.744759,52.400861]},"properties":{"name":"Dąbrowa/Krótka","lines":"729, 796","arr":["729","796"],"terminus":1,"mode":"bus","color":"#0059a9","colorDark":"#00294f","angle":26.1,"snapDist":3,"label":0}},{"type":"Feature","geometry":{"type":"Point","coordinates":[16.740073,52.403565]},"properties":{"name":"Dąbrowa/Szkolna","lines":"729, 796","arr":["729","796"],"terminus":0,"mode":"bus","color":"#0059a9","colorDark":"#00294f","angle":52.6,"snapDist":4,"label":0}},{"type":"Feature","geometry":{"type":"Point","coordinates":[16.718085,52.404935]},"properties":{"name":"Zakrzewo/Bukowska","lines":"729, 796","arr":["729","796"],"terminus":0,"mode":"bus","color":"#0059a9","colorDark":"#00294f","angle":303.7,"snapDist":3,"label":0}},{"type":"Feature","geometry":{"type":"Point","coordinates":[16.716367,52.398492]},"properties":{"name":"Zakrzewo/Świerkowa","lines":"729, 796","arr":["729","796"],"terminus":0,"mode":"bus","color":"#0059a9","colorDark":"#00294f","angle":227.9,"snapDist":3,"label":0}},{"type":"Feature","geometry":{"type":"Point","coordinates":[16.725899,52.393341]},"properties":{"name":"Zakrzewo/Sportowa","lines":"729, 796","arr":["729","796"],"terminus":0,"mode":"bus","color":"#0059a9","colorDark":"#00294f","angle":224.1,"snapDist":3,"label":0}},{"type":"Feature","geometry":{"type":"Point","coordinates":[16.738885,52.390011]},"properties":{"name":"Zakrzewo/Zacisze","lines":"729, 796","arr":["729","796"],"terminus":0,"mode":"bus","color":"#0059a9","colorDark":"#00294f","angle":180.1,"snapDist":3,"label":0}},{"type":"Feature","geometry":{"type":"Point","coordinates":[16.737996,52.37232]},"properties":{"name":"Palędzie/Nowa","lines":"729, 795, 797","arr":["729","795","797"],"terminus":0,"mode":"bus","color":"#0059a9","colorDark":"#00294f","angle":299.9,"snapDist":3,"label":0}},{"type":"Feature","geometry":{"type":"Point","coordinates":[16.73582,52.369079]},"properties":{"name":"Palędzie/Leśna","lines":"729, 795, 797","arr":["729","795","797"],"terminus":0,"mode":"bus","color":"#0059a9","colorDark":"#00294f","angle":272.5,"snapDist":3,"label":0}},{"type":"Feature","geometry":{"type":"Point","coordinates":[16.709174,52.359928]},"properties":{"name":"Dopiewiec/","lines":"729, 797","arr":["729","797"],"terminus":0,"mode":"bus","color":"#0059a9","colorDark":"#00294f","angle":14.5,"snapDist":3,"label":0}},{"type":"Feature","geometry":{"type":"Point","coordinates":[16.691529,52.359546]},"properties":{"name":"Dopiewiec/Przejazd Kolejowy","lines":"729, 797","arr":["729","797"],"terminus":0,"mode":"bus","color":"#0059a9","colorDark":"#00294f","angle":355.5,"snapDist":3,"label":0}},{"type":"Feature","geometry":{"type":"Point","coordinates":[16.682532,52.359146]},"properties":{"name":"Dopiewo/Ośrodek Zdrowia","lines":"729, 797","arr":["729","797"],"terminus":0,"mode":"bus","color":"#0059a9","colorDark":"#00294f","angle":355,"snapDist":3,"label":0}},{"type":"Feature","geometry":{"type":"Point","coordinates":[16.676374,52.357931]},"properties":{"name":"Dopiewo/Kościół","lines":"729, 790, 791, 792, 797","arr":["729","790","791","792","797"],"terminus":0,"mode":"bus","color":"#0059a9","colorDark":"#00294f","angle":310.6,"snapDist":3,"label":0}},{"type":"Feature","geometry":{"type":"Point","coordinates":[16.775836,52.345269]},"properties":{"name":"Głuchowo/Tęczowa","lines":"789","arr":["789"],"terminus":0,"mode":"bus","color":"#0059a9","colorDark":"#00294f","angle":276.9,"snapDist":1,"label":0}},{"type":"Feature","geometry":{"type":"Point","coordinates":[16.803198,52.329601]},"properties":{"name":"Komorniki/Jeziorna","lines":"789","arr":["789"],"terminus":0,"mode":"bus","color":"#0059a9","colorDark":"#00294f","angle":178,"snapDist":3,"label":0}},{"type":"Feature","geometry":{"type":"Point","coordinates":[16.805512,52.32243]},"properties":{"name":"Komorniki/Os. Poetów","lines":"789","arr":["789"],"terminus":0,"mode":"bus","color":"#0059a9","colorDark":"#00294f","angle":261.1,"snapDist":0,"label":1}},{"type":"Feature","geometry":{"type":"Point","coordinates":[16.805405,52.321231]},"properties":{"name":"Komorniki/Os. Kompozytorów","lines":"789","arr":["789"],"terminus":0,"mode":"bus","color":"#0059a9","colorDark":"#00294f","angle":-178.5,"snapDist":18,"label":1}},{"type":"Feature","geometry":{"type":"Point","coordinates":[16.805221,52.323588]},"properties":{"name":"Komorniki/Os. Poetów","lines":"789","arr":["789"],"terminus":0,"mode":"bus","color":"#0059a9","colorDark":"#00294f","angle":261.1,"snapDist":2,"label":0}},{"type":"Feature","geometry":{"type":"Point","coordinates":[16.803848,52.328954]},"properties":{"name":"Komorniki/Jeziorna","lines":"789","arr":["789"],"terminus":0,"mode":"bus","color":"#0059a9","colorDark":"#00294f","angle":261.3,"snapDist":2,"label":0}},{"type":"Feature","geometry":{"type":"Point","coordinates":[16.818112,52.333062]},"properties":{"name":"Komorniki/Pasieki","lines":"789","arr":["789"],"terminus":0,"mode":"bus","color":"#0059a9","colorDark":"#00294f","angle":136.1,"snapDist":2,"label":1}},{"type":"Feature","geometry":{"type":"Point","coordinates":[16.871029,52.318765]},"properties":{"name":"Wiry/Słoneczna","lines":"789","arr":["789"],"terminus":0,"mode":"bus","color":"#0059a9","colorDark":"#00294f","angle":221.5,"snapDist":0,"label":1}},{"type":"Feature","geometry":{"type":"Point","coordinates":[16.878974,52.3165]},"properties":{"name":"Łęczyca/Pogodna","lines":"789","arr":["789"],"terminus":0,"mode":"bus","color":"#0059a9","colorDark":"#00294f","angle":219.3,"snapDist":1,"label":1}},{"type":"Feature","geometry":{"type":"Point","coordinates":[16.874338,52.314693]},"properties":{"name":"Łęczyca/Krzywa","lines":"789","arr":["789"],"terminus":0,"mode":"bus","color":"#0059a9","colorDark":"#00294f","angle":3.3,"snapDist":2,"label":1}},{"type":"Feature","geometry":{"type":"Point","coordinates":[16.868591,52.314896]},"properties":{"name":"Wiry/PKM II","lines":"789","arr":["789"],"terminus":0,"mode":"bus","color":"#0059a9","colorDark":"#00294f","angle":3.3,"snapDist":1,"label":1}},{"type":"Feature","geometry":{"type":"Point","coordinates":[16.865155,52.312013]},"properties":{"name":"Wiry/Dworcowa","lines":"789","arr":["789"],"terminus":0,"mode":"bus","color":"#0059a9","colorDark":"#00294f","angle":251.3,"snapDist":1,"label":1}},{"type":"Feature","geometry":{"type":"Point","coordinates":[16.87131,52.30869]},"properties":{"name":"Wiry/Podleśna","lines":"789","arr":["789"],"terminus":0,"mode":"bus","color":"#0059a9","colorDark":"#00294f","angle":199.6,"snapDist":0,"label":1}},{"type":"Feature","geometry":{"type":"Point","coordinates":[16.86942,52.306974]},"properties":{"name":"Łęczyca/Zdrojowa","lines":"789","arr":["789"],"terminus":0,"mode":"bus","color":"#0059a9","colorDark":"#00294f","angle":321.6,"snapDist":2,"label":1}},{"type":"Feature","geometry":{"type":"Point","coordinates":[16.866748,52.305785]},"properties":{"name":"Łęczyca/Sosnowa","lines":"789","arr":["789"],"terminus":1,"mode":"bus","color":"#0059a9","colorDark":"#00294f","angle":348.9,"snapDist":3,"label":1}},{"type":"Feature","geometry":{"type":"Point","coordinates":[16.865125,52.303289]},"properties":{"name":"Łęczyca/Podgórna I","lines":"789","arr":["789"],"terminus":0,"mode":"bus","color":"#0059a9","colorDark":"#00294f","angle":198.4,"snapDist":1,"label":1}},{"type":"Feature","geometry":{"type":"Point","coordinates":[16.868638,52.305168]},"properties":{"name":"Łęczyca/Podgórna II","lines":"789","arr":["789"],"terminus":0,"mode":"bus","color":"#0059a9","colorDark":"#00294f","angle":125.2,"snapDist":3,"label":1}},{"type":"Feature","geometry":{"type":"Point","coordinates":[16.871355,52.306955]},"properties":{"name":"Łęczyca/Polna","lines":"789","arr":["789"],"terminus":0,"mode":"bus","color":"#0059a9","colorDark":"#00294f","angle":190.8,"snapDist":2,"label":1}},{"type":"Feature","geometry":{"type":"Point","coordinates":[16.871294,52.308693]},"properties":{"name":"Wiry/Podleśna","lines":"789","arr":["789"],"terminus":0,"mode":"bus","color":"#0059a9","colorDark":"#00294f","angle":19.6,"snapDist":3,"label":0}},{"type":"Feature","geometry":{"type":"Point","coordinates":[16.864932,52.312401]},"properties":{"name":"Wiry/Dworcowa","lines":"789","arr":["789"],"terminus":0,"mode":"bus","color":"#0059a9","colorDark":"#00294f","angle":69.3,"snapDist":3,"label":0}},{"type":"Feature","geometry":{"type":"Point","coordinates":[16.866894,52.31476]},"properties":{"name":"Wiry/PKM II","lines":"789","arr":["789"],"terminus":0,"mode":"bus","color":"#0059a9","colorDark":"#00294f","angle":154.1,"snapDist":2,"label":0}},{"type":"Feature","geometry":{"type":"Point","coordinates":[16.876251,52.314589]},"properties":{"name":"Łęczyca/Krzywa","lines":"789","arr":["789"],"terminus":0,"mode":"bus","color":"#0059a9","colorDark":"#00294f","angle":185.5,"snapDist":1,"label":0}},{"type":"Feature","geometry":{"type":"Point","coordinates":[16.878245,52.316947]},"properties":{"name":"Łęczyca/Pogodna","lines":"789","arr":["789"],"terminus":0,"mode":"bus","color":"#0059a9","colorDark":"#00294f","angle":49.8,"snapDist":2,"label":0}},{"type":"Feature","geometry":{"type":"Point","coordinates":[16.870019,52.319338]},"properties":{"name":"Wiry/Słoneczna","lines":"789","arr":["789"],"terminus":0,"mode":"bus","color":"#0059a9","colorDark":"#00294f","angle":48.7,"snapDist":1,"label":0}},{"type":"Feature","geometry":{"type":"Point","coordinates":[16.817533,52.332704]},"properties":{"name":"Komorniki/Pasieki","lines":"789","arr":["789"],"terminus":0,"mode":"bus","color":"#0059a9","colorDark":"#00294f","angle":315.7,"snapDist":1,"label":0}},{"type":"Feature","geometry":{"type":"Point","coordinates":[16.775865,52.345169]},"properties":{"name":"Głuchowo/Tęczowa","lines":"789","arr":["789"],"terminus":0,"mode":"bus","color":"#0059a9","colorDark":"#00294f","angle":92.6,"snapDist":2,"label":0}},{"type":"Feature","geometry":{"type":"Point","coordinates":[16.644172,52.463363]},"properties":{"name":"Tarnowo Pdg/Termy","lines":"790, 882","arr":["790","882"],"terminus":1,"mode":"bus","color":"#0059a9","colorDark":"#00294f","angle":181.9,"snapDist":3,"label":1}},{"type":"Feature","geometry":{"type":"Point","coordinates":[16.651184,52.461338]},"properties":{"name":"Tarnowo Pdg/Liceum","lines":"790","arr":["790"],"terminus":0,"mode":"bus","color":"#0059a9","colorDark":"#00294f","angle":327.2,"snapDist":4,"label":1}},{"type":"Feature","geometry":{"type":"Point","coordinates":[16.646652,52.459042]},"properties":{"name":"Tarnowo Pdg/Piaskowa","lines":"790, 811, 812, 821","arr":["790","811","812","821"],"terminus":0,"mode":"bus","color":"#0059a9","colorDark":"#00294f","angle":327,"snapDist":6,"label":1}},{"type":"Feature","geometry":{"type":"Point","coordinates":[16.64037,52.454439]},"properties":{"name":"Jankowice/Przemysłowa","lines":"790, 812, 821","arr":["790","812","821"],"terminus":0,"mode":"bus","color":"#0059a9","colorDark":"#00294f","angle":291,"snapDist":3,"label":1}},{"type":"Feature","geometry":{"type":"Point","coordinates":[16.644416,52.439517]},"properties":{"name":"Lusówko/Szantowa","lines":"790, 821","arr":["790","821"],"terminus":0,"mode":"bus","color":"#0059a9","colorDark":"#00294f","angle":266.7,"snapDist":3,"label":1}},{"type":"Feature","geometry":{"type":"Point","coordinates":[16.644828,52.434695]},"properties":{"name":"Lusówko/Bosmańska","lines":"790, 821","arr":["790","821"],"terminus":0,"mode":"bus","color":"#0059a9","colorDark":"#00294f","angle":266.8,"snapDist":3,"label":1}},{"type":"Feature","geometry":{"type":"Point","coordinates":[16.64558,52.428384]},"properties":{"name":"Lusówko/Dopiewska","lines":"790, 811, 821","arr":["790","811","821"],"terminus":0,"mode":"bus","color":"#0059a9","colorDark":"#00294f","angle":255.4,"snapDist":4,"label":1}},{"type":"Feature","geometry":{"type":"Point","coordinates":[16.654158,52.427581]},"properties":{"name":"Lusówko/Pętla","lines":"790, 811","arr":["790","811"],"terminus":1,"mode":"bus","color":"#0059a9","colorDark":"#00294f","angle":203.4,"snapDist":0,"label":1}},{"type":"Feature","geometry":{"type":"Point","coordinates":[16.662667,52.41335]},"properties":{"name":"Sierosław/Zakręt","lines":"790","arr":["790"],"terminus":0,"mode":"bus","color":"#0059a9","colorDark":"#00294f","angle":266.7,"snapDist":3,"label":1}},{"type":"Feature","geometry":{"type":"Point","coordinates":[16.666267,52.404996]},"properties":{"name":"Sierosław/Okrężna","lines":"790","arr":["790"],"terminus":0,"mode":"bus","color":"#0059a9","colorDark":"#00294f","angle":251,"snapDist":4,"label":1}},{"type":"Feature","geometry":{"type":"Point","coordinates":[16.669982,52.402667]},"properties":{"name":"Sierosław/Prosta","lines":"790, 804","arr":["790","804"],"terminus":0,"mode":"bus","color":"#0059a9","colorDark":"#00294f","angle":163.6,"snapDist":7,"label":1}},{"type":"Feature","geometry":{"type":"Point","coordinates":[16.676402,52.403707]},"properties":{"name":"Sierosław/Kasztanowa","lines":"790, 804","arr":["790","804"],"terminus":0,"mode":"bus","color":"#0059a9","colorDark":"#00294f","angle":169,"snapDist":7,"label":1}},{"type":"Feature","geometry":{"type":"Point","coordinates":[16.675449,52.404606]},"properties":{"name":"Sierosław/Dworska","lines":"790","arr":["790"],"terminus":0,"mode":"bus","color":"#0059a9","colorDark":"#00294f","angle":271.5,"snapDist":4,"label":1}},{"type":"Feature","geometry":{"type":"Point","coordinates":[16.67451,52.403452]},"properties":{"name":"Sierosław/Kasztanowa","lines":"790, 804","arr":["790","804"],"terminus":0,"mode":"bus","color":"#0059a9","colorDark":"#00294f","angle":-13.7,"snapDist":6,"label":0}},{"type":"Feature","geometry":{"type":"Point","coordinates":[16.66703,52.402137]},"properties":{"name":"Sierosław/Prosta","lines":"790, 804","arr":["790","804"],"terminus":0,"mode":"bus","color":"#0059a9","colorDark":"#00294f","angle":343.5,"snapDist":7,"label":0}},{"type":"Feature","geometry":{"type":"Point","coordinates":[16.638017,52.396744]},"properties":{"name":"Więckowice/Szkoła","lines":"790, 792","arr":["790","792"],"terminus":1,"mode":"bus","color":"#0059a9","colorDark":"#00294f","angle":250.2,"snapDist":12,"label":1}},{"type":"Feature","geometry":{"type":"Point","coordinates":[16.638099,52.395504]},"properties":{"name":"Więckowice/Gromadzka","lines":"790, 792","arr":["790","792"],"terminus":0,"mode":"bus","color":"#0059a9","colorDark":"#00294f","angle":275.9,"snapDist":8,"label":1}},{"type":"Feature","geometry":{"type":"Point","coordinates":[16.639719,52.390668]},"properties":{"name":"Więckowice/Bloki","lines":"790, 792","arr":["790","792"],"terminus":0,"mode":"bus","color":"#0059a9","colorDark":"#00294f","angle":241.7,"snapDist":4,"label":1}},{"type":"Feature","geometry":{"type":"Point","coordinates":[16.657016,52.374906]},"properties":{"name":"Fiałkowo/","lines":"790, 792","arr":["790","792"],"terminus":0,"mode":"bus","color":"#0059a9","colorDark":"#00294f","angle":49.9,"snapDist":9,"label":1}},{"type":"Feature","geometry":{"type":"Point","coordinates":[16.659553,52.373198]},"properties":{"name":"Dopiewo/Więckowska II","lines":"790, 792","arr":["790","792"],"terminus":0,"mode":"bus","color":"#0059a9","colorDark":"#00294f","angle":53.1,"snapDist":8,"label":1}},{"type":"Feature","geometry":{"type":"Point","coordinates":[16.666418,52.367877]},"properties":{"name":"Dopiewo/Więckowska I","lines":"790, 792","arr":["790","792"],"terminus":0,"mode":"bus","color":"#0059a9","colorDark":"#00294f","angle":51.1,"snapDist":8,"label":1}},{"type":"Feature","geometry":{"type":"Point","coordinates":[16.670874,52.364509]},"properties":{"name":"Dopiewo/Kasztanowa","lines":"790, 792","arr":["790","792"],"terminus":0,"mode":"bus","color":"#0059a9","colorDark":"#00294f","angle":231.2,"snapDist":5,"label":1}},{"type":"Feature","geometry":{"type":"Point","coordinates":[16.671427,52.364088]},"properties":{"name":"Dopiewo/Kasztanowa","lines":"790, 792","arr":["790","792"],"terminus":0,"mode":"bus","color":"#0059a9","colorDark":"#00294f","angle":51.2,"snapDist":4,"label":0}},{"type":"Feature","geometry":{"type":"Point","coordinates":[16.665952,52.36823]},"properties":{"name":"Dopiewo/Więckowska I","lines":"790, 792","arr":["790","792"],"terminus":0,"mode":"bus","color":"#0059a9","colorDark":"#00294f","angle":51.1,"snapDist":13,"label":0}},{"type":"Feature","geometry":{"type":"Point","coordinates":[16.659291,52.373412]},"properties":{"name":"Dopiewo/Więckowska II","lines":"790, 792","arr":["790","792"],"terminus":0,"mode":"bus","color":"#0059a9","colorDark":"#00294f","angle":53.1,"snapDist":6,"label":0}},{"type":"Feature","geometry":{"type":"Point","coordinates":[16.656654,52.375171]},"properties":{"name":"Fiałkowo/","lines":"790, 792","arr":["790","792"],"terminus":0,"mode":"bus","color":"#0059a9","colorDark":"#00294f","angle":50.5,"snapDist":7,"label":0}},{"type":"Feature","geometry":{"type":"Point","coordinates":[16.640211,52.390124]},"properties":{"name":"Więckowice/Bloki","lines":"790, 792","arr":["790","792"],"terminus":0,"mode":"bus","color":"#0059a9","colorDark":"#00294f","angle":61,"snapDist":6,"label":0}},{"type":"Feature","geometry":{"type":"Point","coordinates":[16.638314,52.39366]},"properties":{"name":"Więckowice/Gromadzka","lines":"790, 792","arr":["790","792"],"terminus":0,"mode":"bus","color":"#0059a9","colorDark":"#00294f","angle":86.7,"snapDist":4,"label":0}},{"type":"Feature","geometry":{"type":"Point","coordinates":[16.637794,52.397083]},"properties":{"name":"Więckowice/Szkoła","lines":"790, 792","arr":["790","792"],"terminus":1,"mode":"bus","color":"#0059a9","colorDark":"#00294f","angle":67.7,"snapDist":4,"label":0}},{"type":"Feature","geometry":{"type":"Point","coordinates":[16.665738,52.401719]},"properties":{"name":"Sierosław/Działki","lines":"790, 804","arr":["790","804"],"terminus":1,"mode":"bus","color":"#0059a9","colorDark":"#00294f","angle":156.8,"snapDist":3,"label":1}},{"type":"Feature","geometry":{"type":"Point","coordinates":[16.665765,52.405854]},"properties":{"name":"Sierosław/Okrężna","lines":"790","arr":["790"],"terminus":0,"mode":"bus","color":"#0059a9","colorDark":"#00294f","angle":70.9,"snapDist":5,"label":0}},{"type":"Feature","geometry":{"type":"Point","coordinates":[16.662561,52.414435]},"properties":{"name":"Sierosław/Zakręt","lines":"790","arr":["790"],"terminus":0,"mode":"bus","color":"#0059a9","colorDark":"#00294f","angle":86.5,"snapDist":5,"label":0}},{"type":"Feature","geometry":{"type":"Point","coordinates":[16.654368,52.42754]},"properties":{"name":"Lusówko/Pętla","lines":"790","arr":["790"],"terminus":0,"mode":"bus","color":"#0059a9","colorDark":"#00294f","angle":81.1,"snapDist":5,"label":0}},{"type":"Feature","geometry":{"type":"Point","coordinates":[16.645704,52.428076]},"properties":{"name":"Lusówko/Dopiewska","lines":"790, 811, 821","arr":["790","811","821"],"terminus":0,"mode":"bus","color":"#0059a9","colorDark":"#00294f","angle":76.7,"snapDist":1,"label":0}},{"type":"Feature","geometry":{"type":"Point","coordinates":[16.644829,52.434674]},"properties":{"name":"Lusówko/Bosmańska","lines":"790, 821","arr":["790","821"],"terminus":0,"mode":"bus","color":"#0059a9","colorDark":"#00294f","angle":87.1,"snapDist":3,"label":0}},{"type":"Feature","geometry":{"type":"Point","coordinates":[16.644418,52.439495]},"properties":{"name":"Lusówko/Szantowa","lines":"790, 821","arr":["790","821"],"terminus":0,"mode":"bus","color":"#0059a9","colorDark":"#00294f","angle":86.7,"snapDist":3,"label":0}},{"type":"Feature","geometry":{"type":"Point","coordinates":[16.640786,52.455095]},"properties":{"name":"Jankowice/Przemysłowa","lines":"790, 812, 821","arr":["790","812","821"],"terminus":0,"mode":"bus","color":"#0059a9","colorDark":"#00294f","angle":111.1,"snapDist":3,"label":0}},{"type":"Feature","geometry":{"type":"Point","coordinates":[16.64541,52.458556]},"properties":{"name":"Tarnowo Pdg/Piaskowa","lines":"790, 811, 812, 821","arr":["790","811","812","821"],"terminus":0,"mode":"bus","color":"#0059a9","colorDark":"#00294f","angle":146.9,"snapDist":6,"label":0}},{"type":"Feature","geometry":{"type":"Point","coordinates":[16.655186,52.462443]},"properties":{"name":"Tarnowo Pdg/Nowa","lines":"790, 811, 812, 821","arr":["790","811","812","821"],"terminus":0,"mode":"bus","color":"#0059a9","colorDark":"#00294f","angle":146.9,"snapDist":6,"label":1}},{"type":"Feature","geometry":{"type":"Point","coordinates":[16.649492,52.463139]},"properties":{"name":"Tarnowo Pdg/OSiR","lines":"790","arr":["790"],"terminus":0,"mode":"bus","color":"#0059a9","colorDark":"#00294f","angle":4.2,"snapDist":10,"label":1}},{"type":"Feature","geometry":{"type":"Point","coordinates":[16.641809,52.463407]},"properties":{"name":"Tarnowo Pdg/Termy","lines":"790, 882","arr":["790","882"],"terminus":1,"mode":"bus","color":"#0059a9","colorDark":"#00294f","angle":1.6,"snapDist":7,"label":0}},{"type":"Feature","geometry":{"type":"Point","coordinates":[16.643362,52.321255]},"properties":{"name":"Lisówki/Wieś","lines":"791","arr":["791"],"terminus":1,"mode":"bus","color":"#0059a9","colorDark":"#00294f","angle":7,"snapDist":6,"label":1}},{"type":"Feature","geometry":{"type":"Point","coordinates":[16.649006,52.321095]},"properties":{"name":"Lisówki/Trzcielińska","lines":"791","arr":["791"],"terminus":0,"mode":"bus","color":"#0059a9","colorDark":"#00294f","angle":181.6,"snapDist":6,"label":1}},{"type":"Feature","geometry":{"type":"Point","coordinates":[16.662604,52.320825]},"properties":{"name":"Lisówki/Sowia","lines":"791","arr":["791"],"terminus":0,"mode":"bus","color":"#0059a9","colorDark":"#00294f","angle":181.8,"snapDist":1,"label":1}},{"type":"Feature","geometry":{"type":"Point","coordinates":[16.647177,52.332332]},"properties":{"name":"Lisówki/DPS","lines":"791","arr":["791"],"terminus":0,"mode":"bus","color":"#0059a9","colorDark":"#00294f","angle":-41.6,"snapDist":21,"label":1}},{"type":"Feature","geometry":{"type":"Point","coordinates":[16.673157,52.327541]},"properties":{"name":"Trzcielin/Leśne Zacisze","lines":"791","arr":["791"],"terminus":0,"mode":"bus","color":"#0059a9","colorDark":"#00294f","angle":22.8,"snapDist":10,"label":1}},{"type":"Feature","geometry":{"type":"Point","coordinates":[16.679555,52.322319]},"properties":{"name":"Trzcielin/Pętla","lines":"791","arr":["791"],"terminus":0,"mode":"bus","color":"#0059a9","colorDark":"#00294f","angle":216.9,"snapDist":8,"label":1}},{"type":"Feature","geometry":{"type":"Point","coordinates":[16.703983,52.333183]},"properties":{"name":"Konarzewo/Cmentarz","lines":"791","arr":["791"],"terminus":0,"mode":"bus","color":"#0059a9","colorDark":"#00294f","angle":159.7,"snapDist":6,"label":1}},{"type":"Feature","geometry":{"type":"Point","coordinates":[16.711249,52.334843]},"properties":{"name":"Konarzewo/Kościelna","lines":"791","arr":["791"],"terminus":0,"mode":"bus","color":"#0059a9","colorDark":"#00294f","angle":161.1,"snapDist":4,"label":1}},{"type":"Feature","geometry":{"type":"Point","coordinates":[16.711321,52.334858]},"properties":{"name":"Konarzewo/Kościelna","lines":"791","arr":["791"],"terminus":0,"mode":"bus","color":"#0059a9","colorDark":"#00294f","angle":161.1,"snapDist":6,"label":0}},{"type":"Feature","geometry":{"type":"Point","coordinates":[16.708405,52.335705]},"properties":{"name":"Konarzewo/Dopiewska","lines":"791","arr":["791"],"terminus":0,"mode":"bus","color":"#0059a9","colorDark":"#00294f","angle":34.9,"snapDist":4,"label":1}},{"type":"Feature","geometry":{"type":"Point","coordinates":[16.703993,52.337595]},"properties":{"name":"Konarzewo/Sezamkowa","lines":"791","arr":["791"],"terminus":0,"mode":"bus","color":"#0059a9","colorDark":"#00294f","angle":35.1,"snapDist":2,"label":1}},{"type":"Feature","geometry":{"type":"Point","coordinates":[16.698955,52.340647]},"properties":{"name":"Konarzewo/Perłowa","lines":"791","arr":["791"],"terminus":0,"mode":"bus","color":"#0059a9","colorDark":"#00294f","angle":46.7,"snapDist":2,"label":1}},{"type":"Feature","geometry":{"type":"Point","coordinates":[16.694885,52.343305]},"properties":{"name":"Konarzewo/Ks. Hartlieba","lines":"791","arr":["791"],"terminus":0,"mode":"bus","color":"#0059a9","colorDark":"#00294f","angle":49.7,"snapDist":5,"label":1}},{"type":"Feature","geometry":{"type":"Point","coordinates":[16.689983,52.346813]},"properties":{"name":"Dopiewo/Wyzwolenia","lines":"791","arr":["791"],"terminus":0,"mode":"bus","color":"#0059a9","colorDark":"#00294f","angle":49.4,"snapDist":5,"label":1}},{"type":"Feature","geometry":{"type":"Point","coordinates":[16.683455,52.357591]},"properties":{"name":"Dopiewo/Ośrodek Zdrowia","lines":"791, 792","arr":["791","792"],"terminus":1,"mode":"bus","color":"#0059a9","colorDark":"#00294f","angle":229.5,"snapDist":0,"label":1}},{"type":"Feature","geometry":{"type":"Point","coordinates":[16.690292,52.346593]},"properties":{"name":"Dopiewo/Wyzwolenia","lines":"791","arr":["791"],"terminus":0,"mode":"bus","color":"#0059a9","colorDark":"#00294f","angle":229.4,"snapDist":2,"label":0}},{"type":"Feature","geometry":{"type":"Point","coordinates":[16.695188,52.343084]},"properties":{"name":"Konarzewo/Ks. Hartlieba","lines":"791","arr":["791"],"terminus":0,"mode":"bus","color":"#0059a9","colorDark":"#00294f","angle":228.9,"snapDist":5,"label":0}},{"type":"Feature","geometry":{"type":"Point","coordinates":[16.699134,52.340532]},"properties":{"name":"Konarzewo/Perłowa","lines":"791","arr":["791"],"terminus":0,"mode":"bus","color":"#0059a9","colorDark":"#00294f","angle":226.7,"snapDist":4,"label":0}},{"type":"Feature","geometry":{"type":"Point","coordinates":[16.704412,52.337416]},"properties":{"name":"Konarzewo/Sezamkowa","lines":"791","arr":["791"],"terminus":0,"mode":"bus","color":"#0059a9","colorDark":"#00294f","angle":214.9,"snapDist":3,"label":0}},{"type":"Feature","geometry":{"type":"Point","coordinates":[16.70897,52.335465]},"properties":{"name":"Konarzewo/Dopiewska","lines":"791","arr":["791"],"terminus":0,"mode":"bus","color":"#0059a9","colorDark":"#00294f","angle":214.9,"snapDist":4,"label":0}},{"type":"Feature","geometry":{"type":"Point","coordinates":[16.703994,52.333185]},"properties":{"name":"Konarzewo/Cmentarz","lines":"791","arr":["791"],"terminus":0,"mode":"bus","color":"#0059a9","colorDark":"#00294f","angle":339.7,"snapDist":6,"label":0}},{"type":"Feature","geometry":{"type":"Point","coordinates":[16.659785,52.32088]},"properties":{"name":"Lisówki/Sowia","lines":"791","arr":["791"],"terminus":0,"mode":"bus","color":"#0059a9","colorDark":"#00294f","angle":1.8,"snapDist":0,"label":0}},{"type":"Feature","geometry":{"type":"Point","coordinates":[16.648987,52.321095]},"properties":{"name":"Lisówki/Trzcielińska","lines":"791","arr":["791"],"terminus":0,"mode":"bus","color":"#0059a9","colorDark":"#00294f","angle":1.6,"snapDist":5,"label":0}},{"type":"Feature","geometry":{"type":"Point","coordinates":[16.628323,52.375067]},"properties":{"name":"Zborowo/Plażowa","lines":"792","arr":["792"],"terminus":0,"mode":"bus","color":"#0059a9","colorDark":"#00294f","angle":54.2,"snapDist":95,"label":1}},{"type":"Feature","geometry":{"type":"Point","coordinates":[16.631588,52.372302]},"properties":{"name":"Zborowo/","lines":"792","arr":["792"],"terminus":0,"mode":"bus","color":"#0059a9","colorDark":"#00294f","angle":30.2,"snapDist":5,"label":1}},{"type":"Feature","geometry":{"type":"Point","coordinates":[16.757089,52.361338]},"properties":{"name":"Gołuski/Pętla","lines":"795","arr":["795"],"terminus":1,"mode":"bus","color":"#0059a9","colorDark":"#00294f","angle":284.9,"snapDist":1,"label":1}},{"type":"Feature","geometry":{"type":"Point","coordinates":[16.751965,52.360147]},"properties":{"name":"Gołuski/Wspólna","lines":"795","arr":["795"],"terminus":0,"mode":"bus","color":"#0059a9","colorDark":"#00294f","angle":45.9,"snapDist":2,"label":1}},{"type":"Feature","geometry":{"type":"Point","coordinates":[16.746681,52.363676]},"properties":{"name":"Gołuski/Pamiątkowa","lines":"795","arr":["795"],"terminus":0,"mode":"bus","color":"#0059a9","colorDark":"#00294f","angle":49.4,"snapDist":5,"label":1}},{"type":"Feature","geometry":{"type":"Point","coordinates":[16.738876,52.366746]},"properties":{"name":"Palędzie/Bursztynowa","lines":"795","arr":["795"],"terminus":0,"mode":"bus","color":"#0059a9","colorDark":"#00294f","angle":53.3,"snapDist":9,"label":1}},{"type":"Feature","geometry":{"type":"Point","coordinates":[16.740115,52.366081]},"properties":{"name":"Palędzie/Bursztynowa","lines":"795","arr":["795"],"terminus":0,"mode":"bus","color":"#0059a9","colorDark":"#00294f","angle":203.7,"snapDist":8,"label":0}},{"type":"Feature","geometry":{"type":"Point","coordinates":[16.747979,52.362774]},"properties":{"name":"Gołuski/Pamiątkowa","lines":"795","arr":["795"],"terminus":0,"mode":"bus","color":"#0059a9","colorDark":"#00294f","angle":48,"snapDist":7,"label":0}},{"type":"Feature","geometry":{"type":"Point","coordinates":[16.752318,52.359919]},"properties":{"name":"Gołuski/Wspólna","lines":"795","arr":["795"],"terminus":0,"mode":"bus","color":"#0059a9","colorDark":"#00294f","angle":228.1,"snapDist":2,"label":0}},{"type":"Feature","geometry":{"type":"Point","coordinates":[16.750331,52.354986]},"properties":{"name":"Gołuski/Starowiejska","lines":"795","arr":["795"],"terminus":0,"mode":"bus","color":"#0059a9","colorDark":"#00294f","angle":98.6,"snapDist":28,"label":1}},{"type":"Feature","geometry":{"type":"Point","coordinates":[16.787839,52.394581]},"properties":{"name":"Skórzewo/Ogrodowa","lines":"798","arr":["798"],"terminus":0,"mode":"bus","color":"#0059a9","colorDark":"#00294f","angle":53.9,"snapDist":5,"label":1}},{"type":"Feature","geometry":{"type":"Point","coordinates":[16.785524,52.396529]},"properties":{"name":"Skórzewo/Wrzosowa","lines":"798","arr":["798"],"terminus":0,"mode":"bus","color":"#0059a9","colorDark":"#00294f","angle":54,"snapDist":5,"label":1}},{"type":"Feature","geometry":{"type":"Point","coordinates":[16.783128,52.398543]},"properties":{"name":"Skórzewo/Cytrynowa","lines":"798","arr":["798"],"terminus":0,"mode":"bus","color":"#0059a9","colorDark":"#00294f","angle":54,"snapDist":5,"label":1}},{"type":"Feature","geometry":{"type":"Point","coordinates":[16.781298,52.400089]},"properties":{"name":"Skórzewo/Wiosenna","lines":"798","arr":["798"],"terminus":1,"mode":"bus","color":"#0059a9","colorDark":"#00294f","angle":54.5,"snapDist":6,"label":1}},{"type":"Feature","geometry":{"type":"Point","coordinates":[16.782376,52.399176]},"properties":{"name":"Skórzewo/Wiosenna","lines":"798","arr":["798"],"terminus":1,"mode":"bus","color":"#0059a9","colorDark":"#00294f","angle":234.1,"snapDist":4,"label":0}},{"type":"Feature","geometry":{"type":"Point","coordinates":[16.783144,52.39853]},"properties":{"name":"Skórzewo/Cytrynowa","lines":"798","arr":["798"],"terminus":0,"mode":"bus","color":"#0059a9","colorDark":"#00294f","angle":234.1,"snapDist":4,"label":0}},{"type":"Feature","geometry":{"type":"Point","coordinates":[16.785764,52.396327]},"properties":{"name":"Skórzewo/Wrzosowa","lines":"798","arr":["798"],"terminus":0,"mode":"bus","color":"#0059a9","colorDark":"#00294f","angle":234.1,"snapDist":4,"label":0}},{"type":"Feature","geometry":{"type":"Point","coordinates":[16.787782,52.394628]},"properties":{"name":"Skórzewo/Ogrodowa","lines":"798","arr":["798"],"terminus":0,"mode":"bus","color":"#0059a9","colorDark":"#00294f","angle":233.9,"snapDist":3,"label":0}},{"type":"Feature","geometry":{"type":"Point","coordinates":[16.713585,52.372417]},"properties":{"name":"Dopiewiec/Polarna","lines":"799","arr":["799"],"terminus":1,"mode":"bus","color":"#0059a9","colorDark":"#00294f","angle":281.2,"snapDist":13,"label":1}},{"type":"Feature","geometry":{"type":"Point","coordinates":[16.717357,52.374116]},"properties":{"name":"Dopiewiec/Poranek","lines":"799","arr":["799"],"terminus":0,"mode":"bus","color":"#0059a9","colorDark":"#00294f","angle":98.6,"snapDist":8,"label":1}},{"type":"Feature","geometry":{"type":"Point","coordinates":[16.726026,52.372918]},"properties":{"name":"Palędzie/Wrzosowa","lines":"799","arr":["799"],"terminus":0,"mode":"bus","color":"#0059a9","colorDark":"#00294f","angle":218.2,"snapDist":5,"label":1}},{"type":"Feature","geometry":{"type":"Point","coordinates":[16.726457,52.372711]},"properties":{"name":"Palędzie/Wrzosowa","lines":"799","arr":["799"],"terminus":0,"mode":"bus","color":"#0059a9","colorDark":"#00294f","angle":38.2,"snapDist":4,"label":0}},{"type":"Feature","geometry":{"type":"Point","coordinates":[16.822238,52.432075]},"properties":{"name":"Leśnowolska","lines":"802, 803, 804, 811, 812, 813, 821, 822, 833","arr":["802","803","804","811","812","813","821","822","833"],"terminus":0,"mode":"bus","color":"#0059a9","colorDark":"#00294f","angle":-179.5,"snapDist":11,"label":0}},{"type":"Feature","geometry":{"type":"Point","coordinates":[16.810006,52.4322]},"properties":{"name":"Wichrowa","lines":"802, 803, 804, 811, 812, 813, 821, 822, 833","arr":["802","803","804","811","812","813","821","822","833"],"terminus":0,"mode":"bus","color":"#0059a9","colorDark":"#00294f","angle":10.4,"snapDist":6,"label":0}},{"type":"Feature","geometry":{"type":"Point","coordinates":[16.796215,52.434094]},"properties":{"name":"Baranowo/Przemysława","lines":"802, 803, 804, 811, 812, 813, 821","arr":["802","803","804","811","812","813","821"],"terminus":0,"mode":"bus","color":"#0059a9","colorDark":"#00294f","angle":15,"snapDist":1,"label":1}},{"type":"Feature","geometry":{"type":"Point","coordinates":[16.786373,52.435663]},"properties":{"name":"Przeźmierowo/Wiadukt","lines":"802, 803, 804, 811, 812, 813","arr":["802","803","804","811","812","813"],"terminus":0,"mode":"bus","color":"#0059a9","colorDark":"#00294f","angle":10.7,"snapDist":4,"label":1}},{"type":"Feature","geometry":{"type":"Point","coordinates":[16.782932,52.431053]},"properties":{"name":"Przeźmierowo/Leśna","lines":"802, 803, 804, 822","arr":["802","803","804","822"],"terminus":0,"mode":"bus","color":"#0059a9","colorDark":"#00294f","angle":254.1,"snapDist":4,"label":1}},{"type":"Feature","geometry":{"type":"Point","coordinates":[16.78564,52.425312]},"properties":{"name":"Przeźmierowo/Kościelna","lines":"802, 803, 804, 822","arr":["802","803","804","822"],"terminus":0,"mode":"bus","color":"#0059a9","colorDark":"#00294f","angle":254.2,"snapDist":2,"label":1}},{"type":"Feature","geometry":{"type":"Point","coordinates":[16.78763,52.421047]},"properties":{"name":"Przeźmierowo/Krańcowa","lines":"802, 803, 804","arr":["802","803","804"],"terminus":0,"mode":"bus","color":"#0059a9","colorDark":"#00294f","angle":252.6,"snapDist":4,"label":1}},{"type":"Feature","geometry":{"type":"Point","coordinates":[16.788136,52.416971]},"properties":{"name":"Przeźmierowo/Cmentarz","lines":"802, 803, 804","arr":["802","803","804"],"terminus":0,"mode":"bus","color":"#0059a9","colorDark":"#00294f","angle":354.4,"snapDist":4,"label":1}},{"type":"Feature","geometry":{"type":"Point","coordinates":[16.77905,52.418364]},"properties":{"name":"Przeźmierowo/Kasztanowa","lines":"802, 803, 804","arr":["802","803","804"],"terminus":0,"mode":"bus","color":"#0059a9","colorDark":"#00294f","angle":39.4,"snapDist":6,"label":1}},{"type":"Feature","geometry":{"type":"Point","coordinates":[16.774776,52.419791]},"properties":{"name":"Przeźmierowo/Brzozowa","lines":"802, 803, 804","arr":["802","803","804"],"terminus":0,"mode":"bus","color":"#0059a9","colorDark":"#00294f","angle":22.2,"snapDist":5,"label":1}},{"type":"Feature","geometry":{"type":"Point","coordinates":[16.76659,52.420626]},"properties":{"name":"Batorowo/Skośna","lines":"802, 804","arr":["802","804"],"terminus":0,"mode":"bus","color":"#0059a9","colorDark":"#00294f","angle":3.9,"snapDist":6,"label":1}},{"type":"Feature","geometry":{"type":"Point","coordinates":[16.753976,52.421299]},"properties":{"name":"Batorowo/Batorowska","lines":"802, 804","arr":["802","804"],"terminus":0,"mode":"bus","color":"#0059a9","colorDark":"#00294f","angle":19.2,"snapDist":4,"label":1}},{"type":"Feature","geometry":{"type":"Point","coordinates":[16.745631,52.421844]},"properties":{"name":"Batorowo/Widok","lines":"802, 804","arr":["802","804"],"terminus":0,"mode":"bus","color":"#0059a9","colorDark":"#00294f","angle":356.7,"snapDist":6,"label":1}},{"type":"Feature","geometry":{"type":"Point","coordinates":[16.739616,52.421906]},"properties":{"name":"Batorowo/Poranek","lines":"802, 804","arr":["802","804"],"terminus":0,"mode":"bus","color":"#0059a9","colorDark":"#00294f","angle":10,"snapDist":3,"label":1}},{"type":"Feature","geometry":{"type":"Point","coordinates":[16.732274,52.422727]},"properties":{"name":"Batorowo/Brzask","lines":"802, 804","arr":["802","804"],"terminus":0,"mode":"bus","color":"#0059a9","colorDark":"#00294f","angle":10.1,"snapDist":3,"label":1}},{"type":"Feature","geometry":{"type":"Point","coordinates":[16.719196,52.424189]},"properties":{"name":"Batorowo/Zakrzewska","lines":"802, 804","arr":["802","804"],"terminus":0,"mode":"bus","color":"#0059a9","colorDark":"#00294f","angle":10.1,"snapDist":5,"label":1}},{"type":"Feature","geometry":{"type":"Point","coordinates":[16.714241,52.426469]},"properties":{"name":"Lusowo/Otowska","lines":"802","arr":["802"],"terminus":0,"mode":"bus","color":"#0059a9","colorDark":"#00294f","angle":43.9,"snapDist":3,"label":1}},{"type":"Feature","geometry":{"type":"Point","coordinates":[16.705609,52.431458]},"properties":{"name":"Lusowo/Swadzimska","lines":"802","arr":["802"],"terminus":0,"mode":"bus","color":"#0059a9","colorDark":"#00294f","angle":42.8,"snapDist":4,"label":1}},{"type":"Feature","geometry":{"type":"Point","coordinates":[16.701868,52.433387]},"properties":{"name":"Lusowo/Szkoła","lines":"802","arr":["802"],"terminus":0,"mode":"bus","color":"#0059a9","colorDark":"#00294f","angle":24.4,"snapDist":6,"label":1}},{"type":"Feature","geometry":{"type":"Point","coordinates":[16.698083,52.432977]},"properties":{"name":"Lusowo/Kościół","lines":"802","arr":["802"],"terminus":0,"mode":"bus","color":"#0059a9","colorDark":"#00294f","angle":180.3,"snapDist":3,"label":1}},{"type":"Feature","geometry":{"type":"Point","coordinates":[16.718458,52.443591]},"properties":{"name":"Sady/Lipowa","lines":"802","arr":["802"],"terminus":0,"mode":"bus","color":"#0059a9","colorDark":"#00294f","angle":130.2,"snapDist":3,"label":1}},{"type":"Feature","geometry":{"type":"Point","coordinates":[16.724682,52.448715]},"properties":{"name":"Sady/Wiadukt","lines":"802, 811, 812, 813","arr":["802","811","812","813"],"terminus":0,"mode":"bus","color":"#0059a9","colorDark":"#00294f","angle":23.7,"snapDist":1,"label":1}},{"type":"Feature","geometry":{"type":"Point","coordinates":[16.701788,52.454895]},"properties":{"name":"Tarnowo Pdg/Marianowska","lines":"802, 811, 812, 813","arr":["802","811","812","813"],"terminus":0,"mode":"bus","color":"#0059a9","colorDark":"#00294f","angle":27.4,"snapDist":5,"label":1}},{"type":"Feature","geometry":{"type":"Point","coordinates":[16.690606,52.457705]},"properties":{"name":"Tarnowo Pdg/Działkowa","lines":"802, 811, 812, 813","arr":["802","811","812","813"],"terminus":0,"mode":"bus","color":"#0059a9","colorDark":"#00294f","angle":24.5,"snapDist":1,"label":1}},{"type":"Feature","geometry":{"type":"Point","coordinates":[16.680259,52.460274]},"properties":{"name":"Tarnowo Pdg/Krótka","lines":"802, 811, 812, 813","arr":["802","811","812","813"],"terminus":0,"mode":"bus","color":"#0059a9","colorDark":"#00294f","angle":24.3,"snapDist":4,"label":1}},{"type":"Feature","geometry":{"type":"Point","coordinates":[16.671276,52.462734]},"properties":{"name":"Tarnowo Pdg/Rolna","lines":"802, 811, 812, 813","arr":["802","811","812","813"],"terminus":0,"mode":"bus","color":"#0059a9","colorDark":"#00294f","angle":24.2,"snapDist":6,"label":1}},{"type":"Feature","geometry":{"type":"Point","coordinates":[16.664991,52.464192]},"properties":{"name":"Tarnowo Pdg/Centrum","lines":"802, 811, 812, 813, 821, 882","arr":["802","811","812","813","821","882"],"terminus":1,"mode":"bus","color":"#0059a9","colorDark":"#00294f","angle":9.6,"snapDist":8,"label":1}},{"type":"Feature","geometry":{"type":"Point","coordinates":[16.66382,52.464324]},"properties":{"name":"Tarnowo Pdg/Centrum","lines":"802, 811, 812, 813, 821, 882","arr":["802","811","812","813","821","882"],"terminus":1,"mode":"bus","color":"#0059a9","colorDark":"#00294f","angle":190.5,"snapDist":12,"label":0}},{"type":"Feature","geometry":{"type":"Point","coordinates":[16.672946,52.462282]},"properties":{"name":"Tarnowo Pdg/Rolna","lines":"802, 811, 812, 813","arr":["802","811","812","813"],"terminus":0,"mode":"bus","color":"#0059a9","colorDark":"#00294f","angle":204.3,"snapDist":8,"label":0}},{"type":"Feature","geometry":{"type":"Point","coordinates":[16.69111,52.457332]},"properties":{"name":"Tarnowo Pdg/Działkowa","lines":"802, 811, 812, 813","arr":["802","811","812","813"],"terminus":0,"mode":"bus","color":"#0059a9","colorDark":"#00294f","angle":204,"snapDist":6,"label":0}},{"type":"Feature","geometry":{"type":"Point","coordinates":[16.701736,52.454453]},"properties":{"name":"Tarnowo Pdg/Marianowska","lines":"802, 811, 812, 813","arr":["802","811","812","813"],"terminus":0,"mode":"bus","color":"#0059a9","colorDark":"#00294f","angle":204,"snapDist":11,"label":0}},{"type":"Feature","geometry":{"type":"Point","coordinates":[16.723408,52.448797]},"properties":{"name":"Sady/Wiadukt","lines":"802, 811, 812, 813","arr":["802","811","812","813"],"terminus":0,"mode":"bus","color":"#0059a9","colorDark":"#00294f","angle":201.2,"snapDist":7,"label":0}},{"type":"Feature","geometry":{"type":"Point","coordinates":[16.718507,52.443626]},"properties":{"name":"Sady/Lipowa","lines":"802","arr":["802"],"terminus":0,"mode":"bus","color":"#0059a9","colorDark":"#00294f","angle":310.2,"snapDist":4,"label":0}},{"type":"Feature","geometry":{"type":"Point","coordinates":[16.701839,52.433395]},"properties":{"name":"Lusowo/Szkoła","lines":"802","arr":["802"],"terminus":0,"mode":"bus","color":"#0059a9","colorDark":"#00294f","angle":204.4,"snapDist":9,"label":0}},{"type":"Feature","geometry":{"type":"Point","coordinates":[16.705162,52.431713]},"properties":{"name":"Lusowo/Swadzimska","lines":"802","arr":["802"],"terminus":0,"mode":"bus","color":"#0059a9","colorDark":"#00294f","angle":223.3,"snapDist":4,"label":0}},{"type":"Feature","geometry":{"type":"Point","coordinates":[16.715085,52.425977]},"properties":{"name":"Lusowo/Otowska","lines":"802","arr":["802"],"terminus":0,"mode":"bus","color":"#0059a9","colorDark":"#00294f","angle":222.6,"snapDist":3,"label":0}},{"type":"Feature","geometry":{"type":"Point","coordinates":[16.719715,52.424132]},"properties":{"name":"Batorowo/Zakrzewska","lines":"802, 804","arr":["802","804"],"terminus":0,"mode":"bus","color":"#0059a9","colorDark":"#00294f","angle":190.4,"snapDist":3,"label":0}},{"type":"Feature","geometry":{"type":"Point","coordinates":[16.732163,52.422739]},"properties":{"name":"Batorowo/Brzask","lines":"802, 804","arr":["802","804"],"terminus":0,"mode":"bus","color":"#0059a9","colorDark":"#00294f","angle":190.3,"snapDist":3,"label":0}},{"type":"Feature","geometry":{"type":"Point","coordinates":[16.739951,52.42187]},"properties":{"name":"Batorowo/Poranek","lines":"802, 804","arr":["802","804"],"terminus":0,"mode":"bus","color":"#0059a9","colorDark":"#00294f","angle":189.4,"snapDist":3,"label":0}},{"type":"Feature","geometry":{"type":"Point","coordinates":[16.746746,52.421885]},"properties":{"name":"Batorowo/Widok","lines":"802, 804","arr":["802","804"],"terminus":0,"mode":"bus","color":"#0059a9","colorDark":"#00294f","angle":176.7,"snapDist":3,"label":0}},{"type":"Feature","geometry":{"type":"Point","coordinates":[16.754664,52.421157]},"properties":{"name":"Batorowo/Batorowska","lines":"802, 804","arr":["802","804"],"terminus":0,"mode":"bus","color":"#0059a9","colorDark":"#00294f","angle":198.5,"snapDist":3,"label":0}},{"type":"Feature","geometry":{"type":"Point","coordinates":[16.76783,52.420549]},"properties":{"name":"Batorowo/Skośna","lines":"802, 804","arr":["802","804"],"terminus":0,"mode":"bus","color":"#0059a9","colorDark":"#00294f","angle":188.8,"snapDist":2,"label":0}},{"type":"Feature","geometry":{"type":"Point","coordinates":[16.775414,52.419635]},"properties":{"name":"Przeźmierowo/Brzozowa","lines":"802, 803, 804","arr":["802","803","804"],"terminus":0,"mode":"bus","color":"#0059a9","colorDark":"#00294f","angle":201.7,"snapDist":4,"label":0}},{"type":"Feature","geometry":{"type":"Point","coordinates":[16.779557,52.418147]},"properties":{"name":"Przeźmierowo/Kasztanowa","lines":"802, 803, 804","arr":["802","803","804"],"terminus":0,"mode":"bus","color":"#0059a9","colorDark":"#00294f","angle":209.5,"snapDist":5,"label":0}},{"type":"Feature","geometry":{"type":"Point","coordinates":[16.787069,52.416908]},"properties":{"name":"Przeźmierowo/Cmentarz","lines":"802, 803, 804","arr":["802","803","804"],"terminus":0,"mode":"bus","color":"#0059a9","colorDark":"#00294f","angle":175.2,"snapDist":3,"label":0}},{"type":"Feature","geometry":{"type":"Point","coordinates":[16.787378,52.42156]},"properties":{"name":"Przeźmierowo/Krańcowa","lines":"802, 803, 804","arr":["802","803","804"],"terminus":0,"mode":"bus","color":"#0059a9","colorDark":"#00294f","angle":73.4,"snapDist":4,"label":0}},{"type":"Feature","geometry":{"type":"Point","coordinates":[16.784904,52.426825]},"properties":{"name":"Przeźmierowo/Kościelna","lines":"802, 803, 804, 822","arr":["802","803","804","822"],"terminus":0,"mode":"bus","color":"#0059a9","colorDark":"#00294f","angle":72,"snapDist":11,"label":0}},{"type":"Feature","geometry":{"type":"Point","coordinates":[16.782693,52.431565]},"properties":{"name":"Przeźmierowo/Leśna","lines":"802, 803, 804, 822","arr":["802","803","804","822"],"terminus":0,"mode":"bus","color":"#0059a9","colorDark":"#00294f","angle":74,"snapDist":4,"label":0}},{"type":"Feature","geometry":{"type":"Point","coordinates":[16.786321,52.435446]},"properties":{"name":"Przeźmierowo/Wiadukt","lines":"802, 803, 804, 811, 812, 813, 821","arr":["802","803","804","811","812","813","821"],"terminus":0,"mode":"bus","color":"#0059a9","colorDark":"#00294f","angle":185.1,"snapDist":3,"label":0}},{"type":"Feature","geometry":{"type":"Point","coordinates":[16.79618,52.43397]},"properties":{"name":"Baranowo/Przemysława","lines":"802, 803, 804, 811, 812, 813, 821","arr":["802","803","804","811","812","813","821"],"terminus":0,"mode":"bus","color":"#0059a9","colorDark":"#00294f","angle":194.9,"snapDist":5,"label":0}},{"type":"Feature","geometry":{"type":"Point","coordinates":[16.77521,52.417099]},"properties":{"name":"Wysogotowo/Zbożowa","lines":"803","arr":["803"],"terminus":0,"mode":"bus","color":"#0059a9","colorDark":"#00294f","angle":247.7,"snapDist":3,"label":1}},{"type":"Feature","geometry":{"type":"Point","coordinates":[16.781808,52.409302]},"properties":{"name":"Wysogotowo/Długa","lines":"803","arr":["803"],"terminus":0,"mode":"bus","color":"#0059a9","colorDark":"#00294f","angle":213.8,"snapDist":3,"label":1}},{"type":"Feature","geometry":{"type":"Point","coordinates":[16.784066,52.407724]},"properties":{"name":"Wysogotowo/Stolarska","lines":"803","arr":["803"],"terminus":0,"mode":"bus","color":"#0059a9","colorDark":"#00294f","angle":241.6,"snapDist":3,"label":1}},{"type":"Feature","geometry":{"type":"Point","coordinates":[16.786629,52.405428]},"properties":{"name":"Wysogotowo/Piękna","lines":"803","arr":["803"],"terminus":0,"mode":"bus","color":"#0059a9","colorDark":"#00294f","angle":240.8,"snapDist":3,"label":1}},{"type":"Feature","geometry":{"type":"Point","coordinates":[16.791219,52.401286]},"properties":{"name":"Wysogotowo/Warzywna","lines":"803","arr":["803"],"terminus":0,"mode":"bus","color":"#0059a9","colorDark":"#00294f","angle":214.9,"snapDist":5,"label":1}},{"type":"Feature","geometry":{"type":"Point","coordinates":[16.796483,52.402316]},"properties":{"name":"Wysogotowo/Skórzewska","lines":"803","arr":["803"],"terminus":0,"mode":"bus","color":"#0059a9","colorDark":"#00294f","angle":185.6,"snapDist":3,"label":1}},{"type":"Feature","geometry":{"type":"Point","coordinates":[16.802883,52.397926]},"properties":{"name":"Rondo Ławickich Wydm","lines":"803","arr":["803"],"terminus":0,"mode":"bus","color":"#0059a9","colorDark":"#00294f","angle":56.9,"snapDist":4,"label":0}},{"type":"Feature","geometry":{"type":"Point","coordinates":[16.796157,52.402352]},"properties":{"name":"Wysogotowo/Skórzewska","lines":"803","arr":["803"],"terminus":0,"mode":"bus","color":"#0059a9","colorDark":"#00294f","angle":10.5,"snapDist":3,"label":0}},{"type":"Feature","geometry":{"type":"Point","coordinates":[16.790449,52.40224]},"properties":{"name":"Wysogotowo/Warzywna","lines":"803","arr":["803"],"terminus":0,"mode":"bus","color":"#0059a9","colorDark":"#00294f","angle":59.8,"snapDist":3,"label":0}},{"type":"Feature","geometry":{"type":"Point","coordinates":[16.786091,52.405903]},"properties":{"name":"Wysogotowo/Piękna","lines":"803","arr":["803"],"terminus":0,"mode":"bus","color":"#0059a9","colorDark":"#00294f","angle":52.5,"snapDist":3,"label":0}},{"type":"Feature","geometry":{"type":"Point","coordinates":[16.784624,52.407147]},"properties":{"name":"Wysogotowo/Stolarska","lines":"803","arr":["803"],"terminus":0,"mode":"bus","color":"#0059a9","colorDark":"#00294f","angle":57.5,"snapDist":3,"label":0}},{"type":"Feature","geometry":{"type":"Point","coordinates":[16.779377,52.410259]},"properties":{"name":"Wysogotowo/Długa","lines":"803","arr":["803"],"terminus":0,"mode":"bus","color":"#0059a9","colorDark":"#00294f","angle":34,"snapDist":7,"label":0}},{"type":"Feature","geometry":{"type":"Point","coordinates":[16.777277,52.413796]},"properties":{"name":"Wysogotowo/Wierzbowa","lines":"803","arr":["803"],"terminus":0,"mode":"bus","color":"#0059a9","colorDark":"#00294f","angle":92.7,"snapDist":3,"label":1}},{"type":"Feature","geometry":{"type":"Point","coordinates":[16.774622,52.417824]},"properties":{"name":"Wysogotowo/Zbożowa","lines":"803","arr":["803"],"terminus":0,"mode":"bus","color":"#0059a9","colorDark":"#00294f","angle":59.3,"snapDist":3,"label":0}},{"type":"Feature","geometry":{"type":"Point","coordinates":[16.717958,52.421461]},"properties":{"name":"Lusowo/Boczna","lines":"804","arr":["804"],"terminus":0,"mode":"bus","color":"#0059a9","colorDark":"#00294f","angle":268.1,"snapDist":3,"label":1}},{"type":"Feature","geometry":{"type":"Point","coordinates":[16.718084,52.419232]},"properties":{"name":"Lusowo/Grzybowa","lines":"804","arr":["804"],"terminus":0,"mode":"bus","color":"#0059a9","colorDark":"#00294f","angle":267.9,"snapDist":3,"label":1}},{"type":"Feature","geometry":{"type":"Point","coordinates":[16.718348,52.414727]},"properties":{"name":"Lusowo/Przylesie","lines":"804","arr":["804"],"terminus":0,"mode":"bus","color":"#0059a9","colorDark":"#00294f","angle":268.1,"snapDist":3,"label":1}},{"type":"Feature","geometry":{"type":"Point","coordinates":[16.717495,52.40597]},"properties":{"name":"Zakrzewo/Bukowska","lines":"804","arr":["804"],"terminus":0,"mode":"bus","color":"#0059a9","colorDark":"#00294f","angle":310.3,"snapDist":10,"label":0}},{"type":"Feature","geometry":{"type":"Point","coordinates":[16.709985,52.405709]},"properties":{"name":"Zakrzewo/Zakrzewska","lines":"804","arr":["804"],"terminus":0,"mode":"bus","color":"#0059a9","colorDark":"#00294f","angle":5.3,"snapDist":5,"label":1}},{"type":"Feature","geometry":{"type":"Point","coordinates":[16.701343,52.406182]},"properties":{"name":"Zakrzewo/Instytut","lines":"804","arr":["804"],"terminus":0,"mode":"bus","color":"#0059a9","colorDark":"#00294f","angle":3,"snapDist":7,"label":1}},{"type":"Feature","geometry":{"type":"Point","coordinates":[16.702914,52.406102]},"properties":{"name":"Zakrzewo/Instytut","lines":"804","arr":["804"],"terminus":0,"mode":"bus","color":"#0059a9","colorDark":"#00294f","angle":185.3,"snapDist":6,"label":0}},{"type":"Feature","geometry":{"type":"Point","coordinates":[16.708865,52.40577]},"properties":{"name":"Zakrzewo/Zakrzewska","lines":"804","arr":["804"],"terminus":0,"mode":"bus","color":"#0059a9","colorDark":"#00294f","angle":185.3,"snapDist":6,"label":0}},{"type":"Feature","geometry":{"type":"Point","coordinates":[16.718346,52.414771]},"properties":{"name":"Lusowo/Przylesie","lines":"804","arr":["804"],"terminus":0,"mode":"bus","color":"#0059a9","colorDark":"#00294f","angle":88.1,"snapDist":3,"label":0}},{"type":"Feature","geometry":{"type":"Point","coordinates":[16.718096,52.419048]},"properties":{"name":"Lusowo/Grzybowa","lines":"804","arr":["804"],"terminus":0,"mode":"bus","color":"#0059a9","colorDark":"#00294f","angle":87.8,"snapDist":3,"label":0}},{"type":"Feature","geometry":{"type":"Point","coordinates":[16.717952,52.421619]},"properties":{"name":"Lusowo/Boczna","lines":"804","arr":["804"],"terminus":0,"mode":"bus","color":"#0059a9","colorDark":"#00294f","angle":88.2,"snapDist":3,"label":0}},{"type":"Feature","geometry":{"type":"Point","coordinates":[16.77265,52.436313]},"properties":{"name":"Przeźmierowo/Wysogotowska","lines":"811, 812, 813","arr":["811","812","813"],"terminus":0,"mode":"bus","color":"#0059a9","colorDark":"#00294f","angle":10,"snapDist":9,"label":1}},{"type":"Feature","geometry":{"type":"Point","coordinates":[16.75317,52.440953]},"properties":{"name":"Swadzim/Wiadukt","lines":"811, 812, 813","arr":["811","812","813"],"terminus":0,"mode":"bus","color":"#0059a9","colorDark":"#00294f","angle":15.1,"snapDist":11,"label":1}},{"type":"Feature","geometry":{"type":"Point","coordinates":[16.747575,52.441487]},"properties":{"name":"Swadzim/Kładka","lines":"811, 812, 813","arr":["811","812","813"],"terminus":0,"mode":"bus","color":"#0059a9","colorDark":"#00294f","angle":5.3,"snapDist":2,"label":1}},{"type":"Feature","geometry":{"type":"Point","coordinates":[16.655936,52.462736]},"properties":{"name":"Tarnowo Pdg/Nowa","lines":"811, 812, 821","arr":["811","812","821"],"terminus":0,"mode":"bus","color":"#0059a9","colorDark":"#00294f","angle":327.1,"snapDist":6,"label":0}},{"type":"Feature","geometry":{"type":"Point","coordinates":[16.63763,52.46299]},"properties":{"name":"Rumianek/Nowa I","lines":"811","arr":["811"],"terminus":0,"mode":"bus","color":"#0059a9","colorDark":"#00294f","angle":334.4,"snapDist":5,"label":1}},{"type":"Feature","geometry":{"type":"Point","coordinates":[16.630793,52.462274]},"properties":{"name":"Rumianek/Nowa II","lines":"811","arr":["811"],"terminus":0,"mode":"bus","color":"#0059a9","colorDark":"#00294f","angle":6,"snapDist":3,"label":1}},{"type":"Feature","geometry":{"type":"Point","coordinates":[16.623836,52.461425]},"properties":{"name":"Rumianek/Szkolna","lines":"811","arr":["811"],"terminus":0,"mode":"bus","color":"#0059a9","colorDark":"#00294f","angle":281.2,"snapDist":3,"label":1}},{"type":"Feature","geometry":{"type":"Point","coordinates":[16.620288,52.459398]},"properties":{"name":"Rumianek/Świetlica","lines":"811","arr":["811"],"terminus":0,"mode":"bus","color":"#0059a9","colorDark":"#00294f","angle":286,"snapDist":3,"label":1}},{"type":"Feature","geometry":{"type":"Point","coordinates":[16.620626,52.439392]},"properties":{"name":"Jankowice/Pętla","lines":"811, 812","arr":["811","812"],"terminus":0,"mode":"bus","color":"#0059a9","colorDark":"#00294f","angle":90.7,"snapDist":3,"label":1}},{"type":"Feature","geometry":{"type":"Point","coordinates":[16.639714,52.433215]},"properties":{"name":"Lusówko/Grabowa","lines":"811","arr":["811"],"terminus":0,"mode":"bus","color":"#0059a9","colorDark":"#00294f","angle":226.2,"snapDist":4,"label":1}},{"type":"Feature","geometry":{"type":"Point","coordinates":[16.639393,52.433419]},"properties":{"name":"Lusówko/Grabowa","lines":"811","arr":["811"],"terminus":0,"mode":"bus","color":"#0059a9","colorDark":"#00294f","angle":46.2,"snapDist":3,"label":0}},{"type":"Feature","geometry":{"type":"Point","coordinates":[16.620205,52.459208]},"properties":{"name":"Rumianek/Świetlica","lines":"811","arr":["811"],"terminus":0,"mode":"bus","color":"#0059a9","colorDark":"#00294f","angle":104.3,"snapDist":3,"label":0}},{"type":"Feature","geometry":{"type":"Point","coordinates":[16.624032,52.462128]},"properties":{"name":"Rumianek/Szkolna","lines":"811","arr":["811"],"terminus":0,"mode":"bus","color":"#0059a9","colorDark":"#00294f","angle":99,"snapDist":3,"label":0}},{"type":"Feature","geometry":{"type":"Point","coordinates":[16.638481,52.463238]},"properties":{"name":"Rumianek/Nowa I","lines":"811","arr":["811"],"terminus":0,"mode":"bus","color":"#0059a9","colorDark":"#00294f","angle":154.4,"snapDist":4,"label":0}},{"type":"Feature","geometry":{"type":"Point","coordinates":[16.74707,52.441213]},"properties":{"name":"Swadzim/Kładka","lines":"811, 812, 813","arr":["811","812","813"],"terminus":0,"mode":"bus","color":"#0059a9","colorDark":"#00294f","angle":184.3,"snapDist":2,"label":0}},{"type":"Feature","geometry":{"type":"Point","coordinates":[16.756142,52.440124]},"properties":{"name":"Swadzim/Wiadukt","lines":"811, 812, 813","arr":["811","812","813"],"terminus":0,"mode":"bus","color":"#0059a9","colorDark":"#00294f","angle":208.4,"snapDist":10,"label":1}},{"type":"Feature","geometry":{"type":"Point","coordinates":[16.772694,52.43592]},"properties":{"name":"Przeźmierowo/Wysogotowska","lines":"811, 812, 813","arr":["811","812","813"],"terminus":0,"mode":"bus","color":"#0059a9","colorDark":"#00294f","angle":188.9,"snapDist":2,"label":0}},{"type":"Feature","geometry":{"type":"Point","coordinates":[16.633342,52.443273]},"properties":{"name":"Jankowice/Poznańska","lines":"812, 821","arr":["812","821"],"terminus":0,"mode":"bus","color":"#0059a9","colorDark":"#00294f","angle":291.3,"snapDist":3,"label":1}},{"type":"Feature","geometry":{"type":"Point","coordinates":[16.617288,52.44088]},"properties":{"name":"Jankowice/Pałac","lines":"812","arr":["812"],"terminus":0,"mode":"bus","color":"#0059a9","colorDark":"#00294f","angle":267.1,"snapDist":4,"label":1}},{"type":"Feature","geometry":{"type":"Point","coordinates":[16.602575,52.440737]},"properties":{"name":"Ceradz Kościelny/Jankowicka","lines":"812","arr":["812"],"terminus":0,"mode":"bus","color":"#0059a9","colorDark":"#00294f","angle":341.4,"snapDist":5,"label":1}},{"type":"Feature","geometry":{"type":"Point","coordinates":[16.592568,52.43754]},"properties":{"name":"Ceradz Kościelny/Kościół","lines":"812","arr":["812"],"terminus":0,"mode":"bus","color":"#0059a9","colorDark":"#00294f","angle":274.1,"snapDist":6,"label":1}},{"type":"Feature","geometry":{"type":"Point","coordinates":[16.582699,52.429686]},"properties":{"name":"Ceradz Dolny/Powstańców Wielkopolskich","lines":"812","arr":["812"],"terminus":0,"mode":"bus","color":"#0059a9","colorDark":"#00294f","angle":310.7,"snapDist":3,"label":1}},{"type":"Feature","geometry":{"type":"Point","coordinates":[16.577517,52.425922]},"properties":{"name":"Ceradz Dolny/Okrężna","lines":"812","arr":["812"],"terminus":0,"mode":"bus","color":"#0059a9","colorDark":"#00294f","angle":309.7,"snapDist":3,"label":1}},{"type":"Feature","geometry":{"type":"Point","coordinates":[16.571454,52.421175]},"properties":{"name":"Ceradz Dolny/Parkowa","lines":"812","arr":["812"],"terminus":0,"mode":"bus","color":"#0059a9","colorDark":"#00294f","angle":294.2,"snapDist":4,"label":1}},{"type":"Feature","geometry":{"type":"Point","coordinates":[16.544438,52.425028]},"properties":{"name":"Ceradz Dolny/Brzoza Huby","lines":"812","arr":["812"],"terminus":0,"mode":"bus","color":"#0059a9","colorDark":"#00294f","angle":56.1,"snapDist":2,"label":1}},{"type":"Feature","geometry":{"type":"Point","coordinates":[16.531627,52.432879]},"properties":{"name":"Grzebienisko/Wierzbowa","lines":"812","arr":["812"],"terminus":0,"mode":"bus","color":"#0059a9","colorDark":"#00294f","angle":19.1,"snapDist":3,"label":1}},{"type":"Feature","geometry":{"type":"Point","coordinates":[16.52572,52.433391]},"properties":{"name":"Grzebienisko/Pętla","lines":"812","arr":["812"],"terminus":1,"mode":"bus","color":"#0059a9","colorDark":"#00294f","angle":179.5,"snapDist":3,"label":1}},{"type":"Feature","geometry":{"type":"Point","coordinates":[16.530448,52.433129]},"properties":{"name":"Grzebienisko/Wierzbowa","lines":"812","arr":["812"],"terminus":0,"mode":"bus","color":"#0059a9","colorDark":"#00294f","angle":199.1,"snapDist":4,"label":0}},{"type":"Feature","geometry":{"type":"Point","coordinates":[16.544867,52.424638]},"properties":{"name":"Ceradz Dolny/Brzoza Huby","lines":"812","arr":["812"],"terminus":0,"mode":"bus","color":"#0059a9","colorDark":"#00294f","angle":236.1,"snapDist":3,"label":0}},{"type":"Feature","geometry":{"type":"Point","coordinates":[16.571209,52.420842]},"properties":{"name":"Ceradz Dolny/Parkowa","lines":"812","arr":["812"],"terminus":0,"mode":"bus","color":"#0059a9","colorDark":"#00294f","angle":114.2,"snapDist":4,"label":0}},{"type":"Feature","geometry":{"type":"Point","coordinates":[16.576888,52.425465]},"properties":{"name":"Ceradz Dolny/Okrężna","lines":"812","arr":["812"],"terminus":0,"mode":"bus","color":"#0059a9","colorDark":"#00294f","angle":130.3,"snapDist":3,"label":0}},{"type":"Feature","geometry":{"type":"Point","coordinates":[16.583075,52.429954]},"properties":{"name":"Ceradz Dolny/Powstańców Wielkopolskich","lines":"812","arr":["812"],"terminus":0,"mode":"bus","color":"#0059a9","colorDark":"#00294f","angle":129.7,"snapDist":2,"label":0}},{"type":"Feature","geometry":{"type":"Point","coordinates":[16.592546,52.437359]},"properties":{"name":"Ceradz Kościelny/Kościół","lines":"812","arr":["812"],"terminus":0,"mode":"bus","color":"#0059a9","colorDark":"#00294f","angle":94.1,"snapDist":3,"label":0}},{"type":"Feature","geometry":{"type":"Point","coordinates":[16.600256,52.44026]},"properties":{"name":"Ceradz Kościelny/Jankowicka","lines":"812","arr":["812"],"terminus":0,"mode":"bus","color":"#0059a9","colorDark":"#00294f","angle":161.5,"snapDist":4,"label":0}},{"type":"Feature","geometry":{"type":"Point","coordinates":[16.617295,52.440793]},"properties":{"name":"Jankowice/Pałac","lines":"812","arr":["812"],"terminus":0,"mode":"bus","color":"#0059a9","colorDark":"#00294f","angle":87,"snapDist":3,"label":0}},{"type":"Feature","geometry":{"type":"Point","coordinates":[16.633515,52.443544]},"properties":{"name":"Jankowice/Poznańska","lines":"812, 821","arr":["812","821"],"terminus":0,"mode":"bus","color":"#0059a9","colorDark":"#00294f","angle":111.3,"snapDist":3,"label":0}},{"type":"Feature","geometry":{"type":"Point","coordinates":[16.762667,52.44148]},"properties":{"name":"Swadzim/Auchan","lines":"812","arr":["812"],"terminus":0,"mode":"bus","color":"#0059a9","colorDark":"#00294f","angle":281.6,"snapDist":4,"label":1}},{"type":"Feature","geometry":{"type":"Point","coordinates":[16.763329,52.438992]},"properties":{"name":"Swadzim/Auchan","lines":"813","arr":["813"],"terminus":0,"mode":"bus","color":"#0059a9","colorDark":"#00294f","angle":77.9,"snapDist":8,"label":1}},{"type":"Feature","geometry":{"type":"Point","coordinates":[16.657745,52.467575]},"properties":{"name":"Tarnowo Pdg/Zielona","lines":"813","arr":["813"],"terminus":0,"mode":"bus","color":"#0059a9","colorDark":"#00294f","angle":15.9,"snapDist":3,"label":1}},{"type":"Feature","geometry":{"type":"Point","coordinates":[16.651492,52.469291]},"properties":{"name":"Tarnowo Pdg/Okrężna","lines":"813","arr":["813"],"terminus":0,"mode":"bus","color":"#0059a9","colorDark":"#00294f","angle":47.3,"snapDist":3,"label":1}},{"type":"Feature","geometry":{"type":"Point","coordinates":[16.64688,52.472395]},"properties":{"name":"Tarnowo Pdg/27 Grudnia","lines":"813","arr":["813"],"terminus":0,"mode":"bus","color":"#0059a9","colorDark":"#00294f","angle":137.1,"snapDist":1,"label":1}},{"type":"Feature","geometry":{"type":"Point","coordinates":[16.642727,52.475253]},"properties":{"name":"Góra/Ciepła","lines":"813","arr":["813"],"terminus":0,"mode":"bus","color":"#0059a9","colorDark":"#00294f","angle":49.1,"snapDist":3,"label":1}},{"type":"Feature","geometry":{"type":"Point","coordinates":[16.635855,52.479347]},"properties":{"name":"Góra/Kręta","lines":"813","arr":["813"],"terminus":0,"mode":"bus","color":"#0059a9","colorDark":"#00294f","angle":351.7,"snapDist":3,"label":1}},{"type":"Feature","geometry":{"type":"Point","coordinates":[16.633259,52.481619]},"properties":{"name":"Góra/Szkolna","lines":"813","arr":["813"],"terminus":0,"mode":"bus","color":"#0059a9","colorDark":"#00294f","angle":81.5,"snapDist":3,"label":1}},{"type":"Feature","geometry":{"type":"Point","coordinates":[16.629536,52.485493]},"properties":{"name":"Góra/Pętla","lines":"813","arr":["813"],"terminus":0,"mode":"bus","color":"#0059a9","colorDark":"#00294f","angle":48.2,"snapDist":3,"label":1}},{"type":"Feature","geometry":{"type":"Point","coordinates":[16.622321,52.491226]},"properties":{"name":"Brzezno/","lines":"813","arr":["813"],"terminus":0,"mode":"bus","color":"#0059a9","colorDark":"#00294f","angle":51.8,"snapDist":5,"label":1}},{"type":"Feature","geometry":{"type":"Point","coordinates":[16.58811,52.509963]},"properties":{"name":"Kaźmierz/Storczykowa","lines":"813","arr":["813"],"terminus":0,"mode":"bus","color":"#0059a9","colorDark":"#00294f","angle":25,"snapDist":6,"label":1}},{"type":"Feature","geometry":{"type":"Point","coordinates":[16.583159,52.513242]},"properties":{"name":"Kaźmierz/Rynek","lines":"813","arr":["813"],"terminus":1,"mode":"bus","color":"#0059a9","colorDark":"#00294f","angle":352.6,"snapDist":6,"label":1}},{"type":"Feature","geometry":{"type":"Point","coordinates":[16.589101,52.50968]},"properties":{"name":"Kaźmierz/Storczykowa","lines":"813","arr":["813"],"terminus":0,"mode":"bus","color":"#0059a9","colorDark":"#00294f","angle":205.2,"snapDist":6,"label":0}},{"type":"Feature","geometry":{"type":"Point","coordinates":[16.622163,52.491349]},"properties":{"name":"Brzezno/","lines":"813","arr":["813"],"terminus":0,"mode":"bus","color":"#0059a9","colorDark":"#00294f","angle":231.8,"snapDist":6,"label":0}},{"type":"Feature","geometry":{"type":"Point","coordinates":[16.629536,52.485493]},"properties":{"name":"Góra/Pętla","lines":"813","arr":["813"],"terminus":0,"mode":"bus","color":"#0059a9","colorDark":"#00294f","angle":228.2,"snapDist":9,"label":0}},{"type":"Feature","geometry":{"type":"Point","coordinates":[16.633158,52.482057]},"properties":{"name":"Góra/Szkolna","lines":"813","arr":["813"],"terminus":0,"mode":"bus","color":"#0059a9","colorDark":"#00294f","angle":262.2,"snapDist":3,"label":0}},{"type":"Feature","geometry":{"type":"Point","coordinates":[16.636165,52.479375]},"properties":{"name":"Góra/Kręta","lines":"813","arr":["813"],"terminus":0,"mode":"bus","color":"#0059a9","colorDark":"#00294f","angle":171.5,"snapDist":3,"label":0}},{"type":"Feature","geometry":{"type":"Point","coordinates":[16.642262,52.475581]},"properties":{"name":"Góra/Ciepła","lines":"813","arr":["813"],"terminus":0,"mode":"bus","color":"#0059a9","colorDark":"#00294f","angle":229.1,"snapDist":3,"label":0}},{"type":"Feature","geometry":{"type":"Point","coordinates":[16.650296,52.470082]},"properties":{"name":"Tarnowo Pdg/Okrężna","lines":"813","arr":["813"],"terminus":0,"mode":"bus","color":"#0059a9","colorDark":"#00294f","angle":227.3,"snapDist":3,"label":0}},{"type":"Feature","geometry":{"type":"Point","coordinates":[16.657061,52.467694]},"properties":{"name":"Tarnowo Pdg/Zielona","lines":"813","arr":["813"],"terminus":0,"mode":"bus","color":"#0059a9","colorDark":"#00294f","angle":195.9,"snapDist":4,"label":0}},{"type":"Feature","geometry":{"type":"Point","coordinates":[16.786659,52.436356]},"properties":{"name":"Przeźmierowo/Wiadukt","lines":"821","arr":["821"],"terminus":0,"mode":"bus","color":"#0059a9","colorDark":"#00294f","angle":63.9,"snapDist":2,"label":0}},{"type":"Feature","geometry":{"type":"Point","coordinates":[16.785638,52.441837]},"properties":{"name":"Baranowo/Klonowa","lines":"821","arr":["821"],"terminus":0,"mode":"bus","color":"#0059a9","colorDark":"#00294f","angle":93.4,"snapDist":8,"label":1}},{"type":"Feature","geometry":{"type":"Point","coordinates":[16.783288,52.449067]},"properties":{"name":"Baranowo/Uniwersytet Przyrodniczy","lines":"821, 822","arr":["821","822"],"terminus":0,"mode":"bus","color":"#0059a9","colorDark":"#00294f","angle":40.7,"snapDist":11,"label":1}},{"type":"Feature","geometry":{"type":"Point","coordinates":[16.772824,52.452936]},"properties":{"name":"Chyby/Cedrowa","lines":"821","arr":["821"],"terminus":0,"mode":"bus","color":"#0059a9","colorDark":"#00294f","angle":32.1,"snapDist":5,"label":1}},{"type":"Feature","geometry":{"type":"Point","coordinates":[16.765866,52.457016]},"properties":{"name":"Chyby/Jodłowa","lines":"821","arr":["821"],"terminus":0,"mode":"bus","color":"#0059a9","colorDark":"#00294f","angle":-129.2,"snapDist":8,"label":1}},{"type":"Feature","geometry":{"type":"Point","coordinates":[16.762084,52.460728]},"properties":{"name":"Chyby/Lipowa","lines":"821","arr":["821"],"terminus":0,"mode":"bus","color":"#0059a9","colorDark":"#00294f","angle":60.2,"snapDist":1,"label":1}},{"type":"Feature","geometry":{"type":"Point","coordinates":[16.759191,52.465341]},"properties":{"name":"Wielkie","lines":"821","arr":["821"],"terminus":0,"mode":"bus","color":"#0059a9","colorDark":"#00294f","angle":69.8,"snapDist":2,"label":1}},{"type":"Feature","geometry":{"type":"Point","coordinates":[16.748365,52.472673]},"properties":{"name":"Kobylniki/Lipowa","lines":"821","arr":["821"],"terminus":0,"mode":"bus","color":"#0059a9","colorDark":"#00294f","angle":44.8,"snapDist":9,"label":1}},{"type":"Feature","geometry":{"type":"Point","coordinates":[16.728333,52.484459]},"properties":{"name":"Napachanie/Kobylnicka","lines":"821","arr":["821"],"terminus":0,"mode":"bus","color":"#0059a9","colorDark":"#00294f","angle":34.7,"snapDist":9,"label":1}},{"type":"Feature","geometry":{"type":"Point","coordinates":[16.719716,52.48421]},"properties":{"name":"Napachanie/Kokoszczyńska","lines":"821, 882","arr":["821","882"],"terminus":0,"mode":"bus","color":"#0059a9","colorDark":"#00294f","angle":321.7,"snapDist":2,"label":1}},{"type":"Feature","geometry":{"type":"Point","coordinates":[16.701247,52.474438]},"properties":{"name":"Tarnowo Pdg/Karolewo III","lines":"821, 882","arr":["821","882"],"terminus":0,"mode":"bus","color":"#0059a9","colorDark":"#00294f","angle":315.3,"snapDist":5,"label":1}},{"type":"Feature","geometry":{"type":"Point","coordinates":[16.695511,52.472058]},"properties":{"name":"Tarnowo Pdg/Karolewo II","lines":"821, 882","arr":["821","882"],"terminus":0,"mode":"bus","color":"#0059a9","colorDark":"#00294f","angle":351,"snapDist":1,"label":1}},{"type":"Feature","geometry":{"type":"Point","coordinates":[16.683854,52.468888]},"properties":{"name":"Tarnowo Pdg/Karolewo I","lines":"821, 882","arr":["821","882"],"terminus":0,"mode":"bus","color":"#0059a9","colorDark":"#00294f","angle":325.3,"snapDist":5,"label":1}},{"type":"Feature","geometry":{"type":"Point","coordinates":[16.675735,52.466551]},"properties":{"name":"Tarnowo Pdg/Czereśniowa","lines":"821, 882","arr":["821","882"],"terminus":0,"mode":"bus","color":"#0059a9","colorDark":"#00294f","angle":1.3,"snapDist":6,"label":1}},{"type":"Feature","geometry":{"type":"Point","coordinates":[16.634016,52.442418]},"properties":{"name":"Lusówko/Admiralska","lines":"821","arr":["821"],"terminus":0,"mode":"bus","color":"#0059a9","colorDark":"#00294f","angle":176.1,"snapDist":3,"label":1}},{"type":"Feature","geometry":{"type":"Point","coordinates":[16.644404,52.424681]},"properties":{"name":"Lusówko/Kościół","lines":"821","arr":["821"],"terminus":0,"mode":"bus","color":"#0059a9","colorDark":"#00294f","angle":296.3,"snapDist":3,"label":1}},{"type":"Feature","geometry":{"type":"Point","coordinates":[16.641151,52.417933]},"properties":{"name":"Lusówko/Storczyka","lines":"821","arr":["821"],"terminus":0,"mode":"bus","color":"#0059a9","colorDark":"#00294f","angle":278.6,"snapDist":9,"label":1}},{"type":"Feature","geometry":{"type":"Point","coordinates":[16.63237,52.407605]},"properties":{"name":"Lusówko/Rozalin Pętla","lines":"821","arr":["821"],"terminus":1,"mode":"bus","color":"#0059a9","colorDark":"#00294f","angle":316.6,"snapDist":1,"label":1}},{"type":"Feature","geometry":{"type":"Point","coordinates":[16.640906,52.416954]},"properties":{"name":"Lusówko/Storczyka","lines":"821","arr":["821"],"terminus":0,"mode":"bus","color":"#0059a9","colorDark":"#00294f","angle":96.2,"snapDist":11,"label":0}},{"type":"Feature","geometry":{"type":"Point","coordinates":[16.644802,52.425175]},"properties":{"name":"Lusówko/Kościół","lines":"821","arr":["821"],"terminus":0,"mode":"bus","color":"#0059a9","colorDark":"#00294f","angle":116.1,"snapDist":2,"label":0}},{"type":"Feature","geometry":{"type":"Point","coordinates":[16.633897,52.442413]},"properties":{"name":"Lusówko/Admiralska","lines":"821","arr":["821"],"terminus":0,"mode":"bus","color":"#0059a9","colorDark":"#00294f","angle":356,"snapDist":2,"label":0}},{"type":"Feature","geometry":{"type":"Point","coordinates":[16.67643,52.466546]},"properties":{"name":"Tarnowo Pdg/Czereśniowa","lines":"821, 882","arr":["821","882"],"terminus":0,"mode":"bus","color":"#0059a9","colorDark":"#00294f","angle":180.3,"snapDist":6,"label":0}},{"type":"Feature","geometry":{"type":"Point","coordinates":[16.684579,52.469193]},"properties":{"name":"Tarnowo Pdg/Karolewo I","lines":"821, 882","arr":["821","882"],"terminus":0,"mode":"bus","color":"#0059a9","colorDark":"#00294f","angle":146,"snapDist":5,"label":0}},{"type":"Feature","geometry":{"type":"Point","coordinates":[16.696026,52.472112]},"properties":{"name":"Tarnowo Pdg/Karolewo II","lines":"821, 882","arr":["821","882"],"terminus":0,"mode":"bus","color":"#0059a9","colorDark":"#00294f","angle":171.8,"snapDist":2,"label":0}},{"type":"Feature","geometry":{"type":"Point","coordinates":[16.701884,52.474823]},"properties":{"name":"Tarnowo Pdg/Karolewo III","lines":"821, 882","arr":["821","882"],"terminus":0,"mode":"bus","color":"#0059a9","colorDark":"#00294f","angle":135.4,"snapDist":5,"label":0}},{"type":"Feature","geometry":{"type":"Point","coordinates":[16.718767,52.483758]},"properties":{"name":"Napachanie/Kokoszczyńska","lines":"821, 882","arr":["821","882"],"terminus":0,"mode":"bus","color":"#0059a9","colorDark":"#00294f","angle":142.4,"snapDist":4,"label":0}},{"type":"Feature","geometry":{"type":"Point","coordinates":[16.729232,52.48404]},"properties":{"name":"Napachanie/Kobylnicka","lines":"821, 893","arr":["821","893"],"terminus":0,"mode":"bus","color":"#0059a9","colorDark":"#00294f","angle":219.1,"snapDist":8,"label":0}},{"type":"Feature","geometry":{"type":"Point","coordinates":[16.749199,52.472167]},"properties":{"name":"Kobylniki/Lipowa","lines":"821","arr":["821"],"terminus":0,"mode":"bus","color":"#0059a9","colorDark":"#00294f","angle":224.9,"snapDist":7,"label":0}},{"type":"Feature","geometry":{"type":"Point","coordinates":[16.759368,52.465041]},"properties":{"name":"Wielkie","lines":"821","arr":["821"],"terminus":0,"mode":"bus","color":"#0059a9","colorDark":"#00294f","angle":250.2,"snapDist":3,"label":0}},{"type":"Feature","geometry":{"type":"Point","coordinates":[16.762718,52.460046]},"properties":{"name":"Chyby/Lipowa","lines":"821","arr":["821"],"terminus":0,"mode":"bus","color":"#0059a9","colorDark":"#00294f","angle":240.4,"snapDist":4,"label":0}},{"type":"Feature","geometry":{"type":"Point","coordinates":[16.765409,52.457357]},"properties":{"name":"Chyby/Jodłowa","lines":"821","arr":["821"],"terminus":0,"mode":"bus","color":"#0059a9","colorDark":"#00294f","angle":50.5,"snapDist":10,"label":0}},{"type":"Feature","geometry":{"type":"Point","coordinates":[16.774046,52.452461]},"properties":{"name":"Chyby/Cedrowa","lines":"821, 822","arr":["821","822"],"terminus":0,"mode":"bus","color":"#0059a9","colorDark":"#00294f","angle":212.5,"snapDist":6,"label":0}},{"type":"Feature","geometry":{"type":"Point","coordinates":[16.784615,52.44794]},"properties":{"name":"Baranowo/Uniwersytet Przyrodniczy","lines":"821, 822","arr":["821","822"],"terminus":0,"mode":"bus","color":"#0059a9","colorDark":"#00294f","angle":237.6,"snapDist":5,"label":0}},{"type":"Feature","geometry":{"type":"Point","coordinates":[16.785828,52.444139]},"properties":{"name":"Baranowo/Klonowa","lines":"821","arr":["821"],"terminus":0,"mode":"bus","color":"#0059a9","colorDark":"#00294f","angle":270.5,"snapDist":5,"label":1}},{"type":"Feature","geometry":{"type":"Point","coordinates":[16.799507,52.428984]},"properties":{"name":"Baranowo/Os. Rubinowe","lines":"822","arr":["822"],"terminus":0,"mode":"bus","color":"#0059a9","colorDark":"#00294f","angle":346,"snapDist":2,"label":1}},{"type":"Feature","geometry":{"type":"Point","coordinates":[16.791785,52.426842]},"properties":{"name":"Przeźmierowo/Folwarczna","lines":"822","arr":["822"],"terminus":0,"mode":"bus","color":"#0059a9","colorDark":"#00294f","angle":344.1,"snapDist":9,"label":1}},{"type":"Feature","geometry":{"type":"Point","coordinates":[16.790743,52.440929]},"properties":{"name":"Baranowo/Spokojna","lines":"822","arr":["822"],"terminus":0,"mode":"bus","color":"#0059a9","colorDark":"#00294f","angle":157,"snapDist":5,"label":1}},{"type":"Feature","geometry":{"type":"Point","coordinates":[16.791192,52.443382]},"properties":{"name":"Baranowo/Wypoczynkowa Szkoła","lines":"822","arr":["822"],"terminus":0,"mode":"bus","color":"#0059a9","colorDark":"#00294f","angle":82.9,"snapDist":6,"label":1}},{"type":"Feature","geometry":{"type":"Point","coordinates":[16.781112,52.456952]},"properties":{"name":"Chyby/Nad Jeziorem","lines":"822","arr":["822"],"terminus":0,"mode":"bus","color":"#0059a9","colorDark":"#00294f","angle":100.6,"snapDist":5,"label":1}},{"type":"Feature","geometry":{"type":"Point","coordinates":[16.77718,52.458196]},"properties":{"name":"Chyby/Kwiatowa","lines":"822","arr":["822"],"terminus":0,"mode":"bus","color":"#0059a9","colorDark":"#00294f","angle":348.1,"snapDist":7,"label":1}},{"type":"Feature","geometry":{"type":"Point","coordinates":[16.767372,52.456869]},"properties":{"name":"Chyby/Szkolna","lines":"822","arr":["822"],"terminus":0,"mode":"bus","color":"#0059a9","colorDark":"#00294f","angle":347.3,"snapDist":6,"label":1}},{"type":"Feature","geometry":{"type":"Point","coordinates":[16.791149,52.442552]},"properties":{"name":"Baranowo/Wypoczynkowa Szkoła","lines":"822","arr":["822"],"terminus":0,"mode":"bus","color":"#0059a9","colorDark":"#00294f","angle":249.6,"snapDist":3,"label":0}},{"type":"Feature","geometry":{"type":"Point","coordinates":[16.799579,52.428995]},"properties":{"name":"Baranowo/Os. Rubinowe","lines":"822","arr":["822"],"terminus":0,"mode":"bus","color":"#0059a9","colorDark":"#00294f","angle":166,"snapDist":9,"label":0}},{"type":"Feature","geometry":{"type":"Point","coordinates":[16.882558,52.469481]},"properties":{"name":"Suchy Las/Wiadukt","lines":"832, 907","arr":["832","907"],"terminus":0,"mode":"bus","color":"#0059a9","colorDark":"#00294f","angle":47.3,"snapDist":2,"label":1}},{"type":"Feature","geometry":{"type":"Point","coordinates":[16.877163,52.47311]},"properties":{"name":"Suchy Las/Kościół","lines":"832, 904, 905, 907","arr":["832","904","905","907"],"terminus":0,"mode":"bus","color":"#0059a9","colorDark":"#00294f","angle":47.2,"snapDist":5,"label":1}},{"type":"Feature","geometry":{"type":"Point","coordinates":[16.872193,52.476312]},"properties":{"name":"Suchy Las/Szkoła","lines":"832, 904, 905, 907","arr":["832","904","905","907"],"terminus":0,"mode":"bus","color":"#0059a9","colorDark":"#00294f","angle":47.2,"snapDist":8,"label":1}},{"type":"Feature","geometry":{"type":"Point","coordinates":[16.868767,52.478449]},"properties":{"name":"Suchy Las/Konwaliowa","lines":"832, 904, 905, 907","arr":["832","904","905","907"],"terminus":0,"mode":"bus","color":"#0059a9","colorDark":"#00294f","angle":39.4,"snapDist":3,"label":1}},{"type":"Feature","geometry":{"type":"Point","coordinates":[16.859173,52.483224]},"properties":{"name":"Jelonek/Nektarowa","lines":"832, 904, 905, 907","arr":["832","904","905","907"],"terminus":0,"mode":"bus","color":"#0059a9","colorDark":"#00294f","angle":39.3,"snapDist":7,"label":1}},{"type":"Feature","geometry":{"type":"Point","coordinates":[16.853244,52.486741]},"properties":{"name":"Złotniki/Złotnicka","lines":"832, 904, 905, 907","arr":["832","904","905","907"],"terminus":0,"mode":"bus","color":"#0059a9","colorDark":"#00294f","angle":49.8,"snapDist":17,"label":1}},{"type":"Feature","geometry":{"type":"Point","coordinates":[16.846015,52.492137]},"properties":{"name":"Złotniki/Łagiewnicka","lines":"832, 904, 905, 907","arr":["832","904","905","907"],"terminus":0,"mode":"bus","color":"#0059a9","colorDark":"#00294f","angle":56.8,"snapDist":4,"label":1}},{"type":"Feature","geometry":{"type":"Point","coordinates":[16.839813,52.497662]},"properties":{"name":"Złotniki/Pawłowicka","lines":"832, 905, 907","arr":["832","905","907"],"terminus":0,"mode":"bus","color":"#0059a9","colorDark":"#00294f","angle":55.6,"snapDist":7,"label":1}},{"type":"Feature","geometry":{"type":"Point","coordinates":[16.836984,52.502097]},"properties":{"name":"Złotkowo/Żytnia","lines":"832, 905, 907","arr":["832","905","907"],"terminus":0,"mode":"bus","color":"#0059a9","colorDark":"#00294f","angle":77.2,"snapDist":4,"label":1}},{"type":"Feature","geometry":{"type":"Point","coordinates":[16.834752,52.508049]},"properties":{"name":"Złotkowo/Lipowa","lines":"832","arr":["832"],"terminus":0,"mode":"bus","color":"#0059a9","colorDark":"#00294f","angle":76.8,"snapDist":7,"label":1}},{"type":"Feature","geometry":{"type":"Point","coordinates":[16.813696,52.516619]},"properties":{"name":"Sobota/POZ BRUK","lines":"832","arr":["832"],"terminus":0,"mode":"bus","color":"#0059a9","colorDark":"#00294f","angle":35,"snapDist":3,"label":1}},{"type":"Feature","geometry":{"type":"Point","coordinates":[16.803535,52.520949]},"properties":{"name":"Sobota/Kasztanowa","lines":"832","arr":["832"],"terminus":0,"mode":"bus","color":"#0059a9","colorDark":"#00294f","angle":34.4,"snapDist":4,"label":1}},{"type":"Feature","geometry":{"type":"Point","coordinates":[16.797888,52.522497]},"properties":{"name":"Sobota/Sanktuarium","lines":"832","arr":["832"],"terminus":0,"mode":"bus","color":"#0059a9","colorDark":"#00294f","angle":4.1,"snapDist":6,"label":1}},{"type":"Feature","geometry":{"type":"Point","coordinates":[16.775311,52.517097]},"properties":{"name":"Bytkowo/Pawłowicka","lines":"832","arr":["832"],"terminus":0,"mode":"bus","color":"#0059a9","colorDark":"#00294f","angle":321.5,"snapDist":6,"label":1}},{"type":"Feature","geometry":{"type":"Point","coordinates":[16.772004,52.516171]},"properties":{"name":"Bytkowo/Porzeczkowa","lines":"832","arr":["832"],"terminus":0,"mode":"bus","color":"#0059a9","colorDark":"#00294f","angle":340.2,"snapDist":3,"label":1}},{"type":"Feature","geometry":{"type":"Point","coordinates":[16.765232,52.514737]},"properties":{"name":"Rokietnica/Topolowa","lines":"832","arr":["832"],"terminus":0,"mode":"bus","color":"#0059a9","colorDark":"#00294f","angle":345.4,"snapDist":3,"label":1}},{"type":"Feature","geometry":{"type":"Point","coordinates":[16.760247,52.51388]},"properties":{"name":"Rokietnica/Spokojna","lines":"832","arr":["832"],"terminus":0,"mode":"bus","color":"#0059a9","colorDark":"#00294f","angle":344.4,"snapDist":3,"label":1}},{"type":"Feature","geometry":{"type":"Point","coordinates":[16.75433,52.511345]},"properties":{"name":"Rokietnica/Węzeł Przesiadkowy","lines":"832, 833, 835, 882, 893","arr":["832","833","835","882","893"],"terminus":1,"mode":"bus","color":"#0059a9","colorDark":"#00294f","angle":45.6,"snapDist":6,"label":1}},{"type":"Feature","geometry":{"type":"Point","coordinates":[16.741698,52.512393]},"properties":{"name":"Rokietnica/ROS","lines":"832, 833, 835, 882, 893","arr":["832","833","835","882","893"],"terminus":0,"mode":"bus","color":"#0059a9","colorDark":"#00294f","angle":350.5,"snapDist":9,"label":1}},{"type":"Feature","geometry":{"type":"Point","coordinates":[16.731072,52.513089]},"properties":{"name":"Rokietnica/Trakt Napoleoński","lines":"832","arr":["832"],"terminus":0,"mode":"bus","color":"#0059a9","colorDark":"#00294f","angle":11.1,"snapDist":8,"label":1}},{"type":"Feature","geometry":{"type":"Point","coordinates":[16.724872,52.513809]},"properties":{"name":"Mrowino/Leszka","lines":"832","arr":["832"],"terminus":0,"mode":"bus","color":"#0059a9","colorDark":"#00294f","angle":10.6,"snapDist":4,"label":1}},{"type":"Feature","geometry":{"type":"Point","coordinates":[16.71823,52.515528]},"properties":{"name":"Mrowino/Gniewka","lines":"832","arr":["832"],"terminus":0,"mode":"bus","color":"#0059a9","colorDark":"#00294f","angle":31.1,"snapDist":5,"label":1}},{"type":"Feature","geometry":{"type":"Point","coordinates":[16.704801,52.517929]},"properties":{"name":"Mrowino/Park","lines":"832","arr":["832"],"terminus":0,"mode":"bus","color":"#0059a9","colorDark":"#00294f","angle":347.7,"snapDist":5,"label":1}},{"type":"Feature","geometry":{"type":"Point","coordinates":[16.698537,52.514379]},"properties":{"name":"Mrowino/Szkoła","lines":"832","arr":["832"],"terminus":0,"mode":"bus","color":"#0059a9","colorDark":"#00294f","angle":342.1,"snapDist":3,"label":1}},{"type":"Feature","geometry":{"type":"Point","coordinates":[16.690912,52.518748]},"properties":{"name":"Cerekwica/Przybrodzka","lines":"832","arr":["832"],"terminus":0,"mode":"bus","color":"#0059a9","colorDark":"#00294f","angle":337.9,"snapDist":3,"label":1}},{"type":"Feature","geometry":{"type":"Point","coordinates":[16.662842,52.520577]},"properties":{"name":"Przybroda/Kolejowa","lines":"832","arr":["832"],"terminus":0,"mode":"bus","color":"#0059a9","colorDark":"#00294f","angle":1.9,"snapDist":3,"label":1}},{"type":"Feature","geometry":{"type":"Point","coordinates":[16.655856,52.520535]},"properties":{"name":"Przybroda/Pętla","lines":"832","arr":["832"],"terminus":1,"mode":"bus","color":"#0059a9","colorDark":"#00294f","angle":39.2,"snapDist":2,"label":1}},{"type":"Feature","geometry":{"type":"Point","coordinates":[16.662962,52.520575]},"properties":{"name":"Przybroda/Kolejowa","lines":"832","arr":["832"],"terminus":0,"mode":"bus","color":"#0059a9","colorDark":"#00294f","angle":181.9,"snapDist":5,"label":0}},{"type":"Feature","geometry":{"type":"Point","coordinates":[16.691432,52.518871]},"properties":{"name":"Cerekwica/Przybrodzka","lines":"832","arr":["832"],"terminus":0,"mode":"bus","color":"#0059a9","colorDark":"#00294f","angle":158.9,"snapDist":2,"label":0}},{"type":"Feature","geometry":{"type":"Point","coordinates":[16.698569,52.514385]},"properties":{"name":"Mrowino/Szkoła","lines":"832","arr":["832"],"terminus":0,"mode":"bus","color":"#0059a9","colorDark":"#00294f","angle":162.1,"snapDist":6,"label":0}},{"type":"Feature","geometry":{"type":"Point","coordinates":[16.70565,52.518044]},"properties":{"name":"Mrowino/Park","lines":"832","arr":["832"],"terminus":0,"mode":"bus","color":"#0059a9","colorDark":"#00294f","angle":167.3,"snapDist":5,"label":0}},{"type":"Feature","geometry":{"type":"Point","coordinates":[16.719637,52.515009]},"properties":{"name":"Mrowino/Gniewka","lines":"832","arr":["832"],"terminus":0,"mode":"bus","color":"#0059a9","colorDark":"#00294f","angle":211.5,"snapDist":5,"label":0}},{"type":"Feature","geometry":{"type":"Point","coordinates":[16.726109,52.513667]},"properties":{"name":"Mrowino/Leszka","lines":"832","arr":["832"],"terminus":0,"mode":"bus","color":"#0059a9","colorDark":"#00294f","angle":190.9,"snapDist":4,"label":0}},{"type":"Feature","geometry":{"type":"Point","coordinates":[16.731421,52.513056]},"properties":{"name":"Rokietnica/Trakt Napoleoński","lines":"832","arr":["832"],"terminus":0,"mode":"bus","color":"#0059a9","colorDark":"#00294f","angle":188.1,"snapDist":9,"label":0}},{"type":"Feature","geometry":{"type":"Point","coordinates":[16.741691,52.512354]},"properties":{"name":"Rokietnica/ROS","lines":"832, 833, 835, 882, 893","arr":["832","833","835","882","893"],"terminus":0,"mode":"bus","color":"#0059a9","colorDark":"#00294f","angle":172,"snapDist":6,"label":0}},{"type":"Feature","geometry":{"type":"Point","coordinates":[16.760248,52.51388]},"properties":{"name":"Rokietnica/Spokojna","lines":"832","arr":["832"],"terminus":0,"mode":"bus","color":"#0059a9","colorDark":"#00294f","angle":164.4,"snapDist":3,"label":0}},{"type":"Feature","geometry":{"type":"Point","coordinates":[16.765128,52.51472]},"properties":{"name":"Rokietnica/Topolowa","lines":"832","arr":["832"],"terminus":0,"mode":"bus","color":"#0059a9","colorDark":"#00294f","angle":165.4,"snapDist":3,"label":0}},{"type":"Feature","geometry":{"type":"Point","coordinates":[16.77208,52.516188]},"properties":{"name":"Bytkowo/Porzeczkowa","lines":"832","arr":["832"],"terminus":0,"mode":"bus","color":"#0059a9","colorDark":"#00294f","angle":160.2,"snapDist":4,"label":0}},{"type":"Feature","geometry":{"type":"Point","coordinates":[16.776982,52.517957]},"properties":{"name":"Bytkowo/Pawłowicka","lines":"832","arr":["832"],"terminus":0,"mode":"bus","color":"#0059a9","colorDark":"#00294f","angle":134.1,"snapDist":6,"label":0}},{"type":"Feature","geometry":{"type":"Point","coordinates":[16.798853,52.522398]},"properties":{"name":"Sobota/Sanktuarium","lines":"832","arr":["832"],"terminus":0,"mode":"bus","color":"#0059a9","colorDark":"#00294f","angle":191.3,"snapDist":7,"label":0}},{"type":"Feature","geometry":{"type":"Point","coordinates":[16.802848,52.521246]},"properties":{"name":"Sobota/Kasztanowa","lines":"832","arr":["832"],"terminus":0,"mode":"bus","color":"#0059a9","colorDark":"#00294f","angle":214.3,"snapDist":3,"label":0}},{"type":"Feature","geometry":{"type":"Point","coordinates":[16.812848,52.516984]},"properties":{"name":"Sobota/POZ BRUK","lines":"832","arr":["832"],"terminus":0,"mode":"bus","color":"#0059a9","colorDark":"#00294f","angle":215,"snapDist":3,"label":0}},{"type":"Feature","geometry":{"type":"Point","coordinates":[16.83507,52.507202]},"properties":{"name":"Złotkowo/Lipowa","lines":"832","arr":["832"],"terminus":0,"mode":"bus","color":"#0059a9","colorDark":"#00294f","angle":257.2,"snapDist":7,"label":0}},{"type":"Feature","geometry":{"type":"Point","coordinates":[16.837306,52.501227]},"properties":{"name":"Złotkowo/Żytnia","lines":"832, 905, 907","arr":["832","905","907"],"terminus":0,"mode":"bus","color":"#0059a9","colorDark":"#00294f","angle":256.9,"snapDist":5,"label":0}},{"type":"Feature","geometry":{"type":"Point","coordinates":[16.839207,52.498204]},"properties":{"name":"Złotniki/Pawłowicka","lines":"832, 907","arr":["832","907"],"terminus":0,"mode":"bus","color":"#0059a9","colorDark":"#00294f","angle":236.3,"snapDist":7,"label":0}},{"type":"Feature","geometry":{"type":"Point","coordinates":[16.846688,52.491513]},"properties":{"name":"Złotniki/Łagiewnicka","lines":"832, 904, 905, 907","arr":["832","904","905","907"],"terminus":0,"mode":"bus","color":"#0059a9","colorDark":"#00294f","angle":235.2,"snapDist":7,"label":0}},{"type":"Feature","geometry":{"type":"Point","coordinates":[16.854744,52.485698]},"properties":{"name":"Złotniki/Złotnicka","lines":"832, 904, 905, 907","arr":["832","904","905","907"],"terminus":0,"mode":"bus","color":"#0059a9","colorDark":"#00294f","angle":225.8,"snapDist":5,"label":0}},{"type":"Feature","geometry":{"type":"Point","coordinates":[16.860292,52.482646]},"properties":{"name":"Jelonek/Nektarowa","lines":"832, 904, 905, 907","arr":["832","904","905","907"],"terminus":0,"mode":"bus","color":"#0059a9","colorDark":"#00294f","angle":225.3,"snapDist":5,"label":0}},{"type":"Feature","geometry":{"type":"Point","coordinates":[16.869604,52.477983]},"properties":{"name":"Suchy Las/Konwaliowa","lines":"832, 904, 905, 907","arr":["832","904","905","907"],"terminus":0,"mode":"bus","color":"#0059a9","colorDark":"#00294f","angle":224.4,"snapDist":3,"label":0}},{"type":"Feature","geometry":{"type":"Point","coordinates":[16.873622,52.475373]},"properties":{"name":"Suchy Las/Szkoła","lines":"832, 904, 905, 907","arr":["832","904","905","907"],"terminus":0,"mode":"bus","color":"#0059a9","colorDark":"#00294f","angle":227,"snapDist":7,"label":0}},{"type":"Feature","geometry":{"type":"Point","coordinates":[16.878205,52.472407]},"properties":{"name":"Suchy Las/Kościół","lines":"832, 907","arr":["832","907"],"terminus":0,"mode":"bus","color":"#0059a9","colorDark":"#00294f","angle":228,"snapDist":13,"label":0}},{"type":"Feature","geometry":{"type":"Point","coordinates":[16.884181,52.468405]},"properties":{"name":"Suchy Las/Wiadukt","lines":"832, 907","arr":["832","907"],"terminus":0,"mode":"bus","color":"#0059a9","colorDark":"#00294f","angle":228.2,"snapDist":5,"label":0}},{"type":"Feature","geometry":{"type":"Point","coordinates":[16.756016,52.493159]},"properties":{"name":"Starzyny/Rynkowa","lines":"833","arr":["833"],"terminus":1,"mode":"bus","color":"#0059a9","colorDark":"#00294f","angle":204.9,"snapDist":25,"label":1}},{"type":"Feature","geometry":{"type":"Point","coordinates":[16.750385,52.498765]},"properties":{"name":"Kiekrz/Czereśniowa","lines":"833","arr":["833"],"terminus":0,"mode":"bus","color":"#0059a9","colorDark":"#00294f","angle":51.2,"snapDist":3,"label":1}},{"type":"Feature","geometry":{"type":"Point","coordinates":[16.743268,52.5042]},"properties":{"name":"Rokietnica/Os. Kalinowe","lines":"833","arr":["833"],"terminus":0,"mode":"bus","color":"#0059a9","colorDark":"#00294f","angle":51.5,"snapDist":6,"label":1}},{"type":"Feature","geometry":{"type":"Point","coordinates":[16.740107,52.509882]},"properties":{"name":"Rokietnica/Szkoła","lines":"833, 882","arr":["833","882"],"terminus":0,"mode":"bus","color":"#0059a9","colorDark":"#00294f","angle":115.9,"snapDist":6,"label":1}},{"type":"Feature","geometry":{"type":"Point","coordinates":[16.754905,52.510831]},"properties":{"name":"Rokietnica/Węzeł Przesiadkowy","lines":"833, 835, 893","arr":["833","835","893"],"terminus":0,"mode":"bus","color":"#0059a9","colorDark":"#00294f","angle":216,"snapDist":7,"label":0}},{"type":"Feature","geometry":{"type":"Point","coordinates":[16.755418,52.507492]},"properties":{"name":"Rokietnica/Rolna","lines":"833, 835, 893","arr":["833","835","893"],"terminus":0,"mode":"bus","color":"#0059a9","colorDark":"#00294f","angle":270.7,"snapDist":3,"label":1}},{"type":"Feature","geometry":{"type":"Point","coordinates":[16.761118,52.504512]},"properties":{"name":"Rokietnica/Golęcińska","lines":"833, 835, 893","arr":["833","835","893"],"terminus":0,"mode":"bus","color":"#0059a9","colorDark":"#00294f","angle":212.4,"snapDist":3,"label":1}},{"type":"Feature","geometry":{"type":"Point","coordinates":[16.76943,52.496517]},"properties":{"name":"Kiekrz/Starzyńska","lines":"833, 835, 893","arr":["833","835","893"],"terminus":0,"mode":"bus","color":"#0059a9","colorDark":"#00294f","angle":244.7,"snapDist":8,"label":1}},{"type":"Feature","geometry":{"type":"Point","coordinates":[16.772914,52.492011]},"properties":{"name":"Kiekrz/Zielona","lines":"833, 835, 893","arr":["833","835","893"],"terminus":0,"mode":"bus","color":"#0059a9","colorDark":"#00294f","angle":244.7,"snapDist":3,"label":1}},{"type":"Feature","geometry":{"type":"Point","coordinates":[16.777069,52.486883]},"properties":{"name":"Kiekrz/Sanktuarium","lines":"833, 835, 893","arr":["833","835","893"],"terminus":0,"mode":"bus","color":"#0059a9","colorDark":"#00294f","angle":242,"snapDist":6,"label":1}},{"type":"Feature","geometry":{"type":"Point","coordinates":[16.780305,52.482863]},"properties":{"name":"Turystyczna","lines":"833, 835, 893","arr":["833","835","893"],"terminus":0,"mode":"bus","color":"#0059a9","colorDark":"#00294f","angle":255.1,"snapDist":6,"label":1}},{"type":"Feature","geometry":{"type":"Point","coordinates":[16.778865,52.478626]},"properties":{"name":"Podjazdowa","lines":"833, 835, 893","arr":["833","835","893"],"terminus":0,"mode":"bus","color":"#0059a9","colorDark":"#00294f","angle":63.2,"snapDist":3,"label":1}},{"type":"Feature","geometry":{"type":"Point","coordinates":[16.7787,52.478825]},"properties":{"name":"Podjazdowa","lines":"833, 835, 893","arr":["833","835","893"],"terminus":0,"mode":"bus","color":"#0059a9","colorDark":"#00294f","angle":63.2,"snapDist":7,"label":0}},{"type":"Feature","geometry":{"type":"Point","coordinates":[16.780484,52.482454]},"properties":{"name":"Turystyczna","lines":"833, 835, 893","arr":["833","835","893"],"terminus":0,"mode":"bus","color":"#0059a9","colorDark":"#00294f","angle":254.4,"snapDist":6,"label":0}},{"type":"Feature","geometry":{"type":"Point","coordinates":[16.776374,52.487686]},"properties":{"name":"Kiekrz/Sanktuarium","lines":"833, 835, 893","arr":["833","835","893"],"terminus":0,"mode":"bus","color":"#0059a9","colorDark":"#00294f","angle":62.2,"snapDist":8,"label":0}},{"type":"Feature","geometry":{"type":"Point","coordinates":[16.773348,52.491435]},"properties":{"name":"Kiekrz/Zielona","lines":"833, 835, 893","arr":["833","835","893"],"terminus":0,"mode":"bus","color":"#0059a9","colorDark":"#00294f","angle":64.4,"snapDist":5,"label":0}},{"type":"Feature","geometry":{"type":"Point","coordinates":[16.768788,52.497376]},"properties":{"name":"Kiekrz/Starzyńska","lines":"833, 835, 893","arr":["833","835","893"],"terminus":0,"mode":"bus","color":"#0059a9","colorDark":"#00294f","angle":67.8,"snapDist":4,"label":0}},{"type":"Feature","geometry":{"type":"Point","coordinates":[16.759349,52.505197]},"properties":{"name":"Rokietnica/Golęcińska","lines":"833, 835, 893","arr":["833","835","893"],"terminus":0,"mode":"bus","color":"#0059a9","colorDark":"#00294f","angle":32.4,"snapDist":3,"label":0}},{"type":"Feature","geometry":{"type":"Point","coordinates":[16.755421,52.507653]},"properties":{"name":"Rokietnica/Rolna","lines":"833, 835, 893","arr":["833","835","893"],"terminus":0,"mode":"bus","color":"#0059a9","colorDark":"#00294f","angle":90.8,"snapDist":4,"label":0}},{"type":"Feature","geometry":{"type":"Point","coordinates":[16.75329,52.511655]},"properties":{"name":"Rokietnica/Węzeł Przesiadkowy","lines":"833, 835, 893","arr":["833","835","893"],"terminus":0,"mode":"bus","color":"#0059a9","colorDark":"#00294f","angle":39,"snapDist":8,"label":0}},{"type":"Feature","geometry":{"type":"Point","coordinates":[16.74021,52.510012]},"properties":{"name":"Rokietnica/Szkoła","lines":"833, 882","arr":["833","882"],"terminus":0,"mode":"bus","color":"#0059a9","colorDark":"#00294f","angle":295.9,"snapDist":3,"label":0}},{"type":"Feature","geometry":{"type":"Point","coordinates":[16.742053,52.505127]},"properties":{"name":"Rokietnica/Os. Kalinowe","lines":"833","arr":["833"],"terminus":0,"mode":"bus","color":"#0059a9","colorDark":"#00294f","angle":231.1,"snapDist":6,"label":0}},{"type":"Feature","geometry":{"type":"Point","coordinates":[16.750626,52.498582]},"properties":{"name":"Kiekrz/Czereśniowa","lines":"833","arr":["833"],"terminus":0,"mode":"bus","color":"#0059a9","colorDark":"#00294f","angle":231.2,"snapDist":2,"label":0}},{"type":"Feature","geometry":{"type":"Point","coordinates":[16.821339,52.468978]},"properties":{"name":"Koszalińska","lines":"835, 837","arr":["835","837"],"terminus":0,"mode":"bus","color":"#0059a9","colorDark":"#00294f","angle":44.1,"snapDist":4,"label":1}},{"type":"Feature","geometry":{"type":"Point","coordinates":[16.806934,52.474525]},"properties":{"name":"Złotnicka","lines":"835, 837","arr":["835","837"],"terminus":0,"mode":"bus","color":"#0059a9","colorDark":"#00294f","angle":13.9,"snapDist":0,"label":1}},{"type":"Feature","geometry":{"type":"Point","coordinates":[16.803367,52.473672]},"properties":{"name":"Psarskie","lines":"835, 837","arr":["835","837"],"terminus":0,"mode":"bus","color":"#0059a9","colorDark":"#00294f","angle":294.3,"snapDist":5,"label":1}},{"type":"Feature","geometry":{"type":"Point","coordinates":[16.802034,52.471406]},"properties":{"name":"Psarskie Przejazd Kolejowy","lines":"835, 837","arr":["835","837"],"terminus":0,"mode":"bus","color":"#0059a9","colorDark":"#00294f","angle":291.3,"snapDist":6,"label":1}},{"type":"Feature","geometry":{"type":"Point","coordinates":[16.73958,52.515843]},"properties":{"name":"Rokietnica/Mickiewicza","lines":"835","arr":["835"],"terminus":0,"mode":"bus","color":"#0059a9","colorDark":"#00294f","angle":59.3,"snapDist":3,"label":1}},{"type":"Feature","geometry":{"type":"Point","coordinates":[16.736453,52.518987]},"properties":{"name":"Krzyszkowo/Koszycy","lines":"835","arr":["835"],"terminus":0,"mode":"bus","color":"#0059a9","colorDark":"#00294f","angle":58,"snapDist":3,"label":1}},{"type":"Feature","geometry":{"type":"Point","coordinates":[16.731234,52.524252]},"properties":{"name":"Krzyszkowo/Pętla","lines":"835","arr":["835"],"terminus":1,"mode":"bus","color":"#0059a9","colorDark":"#00294f","angle":58.9,"snapDist":1,"label":1}},{"type":"Feature","geometry":{"type":"Point","coordinates":[16.736743,52.518702]},"properties":{"name":"Krzyszkowo/Koszycy","lines":"835","arr":["835"],"terminus":0,"mode":"bus","color":"#0059a9","colorDark":"#00294f","angle":238.8,"snapDist":3,"label":0}},{"type":"Feature","geometry":{"type":"Point","coordinates":[16.739493,52.515932]},"properties":{"name":"Rokietnica/Mickiewicza","lines":"835","arr":["835"],"terminus":0,"mode":"bus","color":"#0059a9","colorDark":"#00294f","angle":239.3,"snapDist":2,"label":0}},{"type":"Feature","geometry":{"type":"Point","coordinates":[16.80297,52.473236]},"properties":{"name":"Psarskie","lines":"835, 837","arr":["835","837"],"terminus":0,"mode":"bus","color":"#0059a9","colorDark":"#00294f","angle":122.4,"snapDist":4,"label":0}},{"type":"Feature","geometry":{"type":"Point","coordinates":[16.806669,52.474564]},"properties":{"name":"Złotnicka","lines":"835, 837","arr":["835","837"],"terminus":0,"mode":"bus","color":"#0059a9","colorDark":"#00294f","angle":193.9,"snapDist":1,"label":0}},{"type":"Feature","geometry":{"type":"Point","coordinates":[16.821286,52.469009]},"properties":{"name":"Koszalińska","lines":"835, 837","arr":["835","837"],"terminus":0,"mode":"bus","color":"#0059a9","colorDark":"#00294f","angle":224.1,"snapDist":6,"label":0}},{"type":"Feature","geometry":{"type":"Point","coordinates":[16.78629,52.478101]},"properties":{"name":"Pawłowicka","lines":"837","arr":["837"],"terminus":0,"mode":"bus","color":"#0059a9","colorDark":"#00294f","angle":129.5,"snapDist":0,"label":1}},{"type":"Feature","geometry":{"type":"Point","coordinates":[16.791648,52.482411]},"properties":{"name":"Kiekrz/Czysta","lines":"837","arr":["837"],"terminus":0,"mode":"bus","color":"#0059a9","colorDark":"#00294f","angle":135.5,"snapDist":2,"label":1}},{"type":"Feature","geometry":{"type":"Point","coordinates":[16.798744,52.487983]},"properties":{"name":"Pawłowice/Pawłowicka","lines":"837","arr":["837"],"terminus":0,"mode":"bus","color":"#0059a9","colorDark":"#00294f","angle":74.2,"snapDist":2,"label":1}},{"type":"Feature","geometry":{"type":"Point","coordinates":[16.796845,52.495088]},"properties":{"name":"Pawłowice/Pętla","lines":"837","arr":["837"],"terminus":1,"mode":"bus","color":"#0059a9","colorDark":"#00294f","angle":-1.4,"snapDist":16,"label":1}},{"type":"Feature","geometry":{"type":"Point","coordinates":[16.798789,52.487886]},"properties":{"name":"Pawłowice/Pawłowicka","lines":"837","arr":["837"],"terminus":0,"mode":"bus","color":"#0059a9","colorDark":"#00294f","angle":254.2,"snapDist":3,"label":0}},{"type":"Feature","geometry":{"type":"Point","coordinates":[16.793447,52.483476]},"properties":{"name":"Kiekrz/Czysta","lines":"837","arr":["837"],"terminus":0,"mode":"bus","color":"#0059a9","colorDark":"#00294f","angle":316,"snapDist":3,"label":0}},{"type":"Feature","geometry":{"type":"Point","coordinates":[16.735843,52.504246]},"properties":{"name":"Rokietnica/Leśna","lines":"882","arr":["882"],"terminus":0,"mode":"bus","color":"#0059a9","colorDark":"#00294f","angle":282.7,"snapDist":4,"label":1}},{"type":"Feature","geometry":{"type":"Point","coordinates":[16.734008,52.497876]},"properties":{"name":"Rokietnica/Bukowa","lines":"882","arr":["882"],"terminus":0,"mode":"bus","color":"#0059a9","colorDark":"#00294f","angle":279.8,"snapDist":7,"label":1}},{"type":"Feature","geometry":{"type":"Point","coordinates":[16.731546,52.489287]},"properties":{"name":"Napachanie/Starzyńska","lines":"882","arr":["882"],"terminus":0,"mode":"bus","color":"#0059a9","colorDark":"#00294f","angle":280.3,"snapDist":6,"label":1}},{"type":"Feature","geometry":{"type":"Point","coordinates":[16.728281,52.486343]},"properties":{"name":"Napachanie/Park","lines":"882","arr":["882"],"terminus":0,"mode":"bus","color":"#0059a9","colorDark":"#00294f","angle":320.3,"snapDist":7,"label":1}},{"type":"Feature","geometry":{"type":"Point","coordinates":[16.66312,52.467501]},"properties":{"name":"Tarnowo Pdg/Szkolna","lines":"882","arr":["882"],"terminus":0,"mode":"bus","color":"#0059a9","colorDark":"#00294f","angle":96,"snapDist":1,"label":1}},{"type":"Feature","geometry":{"type":"Point","coordinates":[16.663776,52.47103]},"properties":{"name":"Tarnowo Pdg/Słonecznikowa","lines":"882","arr":["882"],"terminus":0,"mode":"bus","color":"#0059a9","colorDark":"#00294f","angle":96.7,"snapDist":2,"label":1}},{"type":"Feature","geometry":{"type":"Point","coordinates":[16.661234,52.477767]},"properties":{"name":"Tarnowo Pdg/Turyńska","lines":"882","arr":["882"],"terminus":0,"mode":"bus","color":"#0059a9","colorDark":"#00294f","angle":323.2,"snapDist":5,"label":1}},{"type":"Feature","geometry":{"type":"Point","coordinates":[16.656924,52.4758]},"properties":{"name":"Tarnowo Pdg/Modrakowa","lines":"882","arr":["882"],"terminus":0,"mode":"bus","color":"#0059a9","colorDark":"#00294f","angle":322.8,"snapDist":5,"label":1}},{"type":"Feature","geometry":{"type":"Point","coordinates":[16.65099,52.473033]},"properties":{"name":"Tarnowo Pdg/Sezamkowa","lines":"882","arr":["882"],"terminus":0,"mode":"bus","color":"#0059a9","colorDark":"#00294f","angle":321.5,"snapDist":4,"label":1}},{"type":"Feature","geometry":{"type":"Point","coordinates":[16.651637,52.473348]},"properties":{"name":"Tarnowo Pdg/Sezamkowa","lines":"882","arr":["882"],"terminus":0,"mode":"bus","color":"#0059a9","colorDark":"#00294f","angle":141.5,"snapDist":4,"label":0}},{"type":"Feature","geometry":{"type":"Point","coordinates":[16.655732,52.475249]},"properties":{"name":"Tarnowo Pdg/Modrakowa","lines":"882","arr":["882"],"terminus":0,"mode":"bus","color":"#0059a9","colorDark":"#00294f","angle":144.1,"snapDist":3,"label":0}},{"type":"Feature","geometry":{"type":"Point","coordinates":[16.662006,52.477799]},"properties":{"name":"Tarnowo Pdg/Turyńska","lines":"882","arr":["882"],"terminus":0,"mode":"bus","color":"#0059a9","colorDark":"#00294f","angle":230.4,"snapDist":5,"label":0}},{"type":"Feature","geometry":{"type":"Point","coordinates":[16.664246,52.473447]},"properties":{"name":"Tarnowo Pdg/Słonecznikowa","lines":"882","arr":["882"],"terminus":0,"mode":"bus","color":"#0059a9","colorDark":"#00294f","angle":276.4,"snapDist":11,"label":1}},{"type":"Feature","geometry":{"type":"Point","coordinates":[16.663049,52.467083]},"properties":{"name":"Tarnowo Pdg/Szkolna","lines":"882","arr":["882"],"terminus":0,"mode":"bus","color":"#0059a9","colorDark":"#00294f","angle":276,"snapDist":6,"label":0}},{"type":"Feature","geometry":{"type":"Point","coordinates":[16.728706,52.486558]},"properties":{"name":"Napachanie/Park","lines":"882","arr":["882"],"terminus":0,"mode":"bus","color":"#0059a9","colorDark":"#00294f","angle":-39.7,"snapDist":12,"label":0}},{"type":"Feature","geometry":{"type":"Point","coordinates":[16.731678,52.489748]},"properties":{"name":"Napachanie/Starzyńska","lines":"882","arr":["882"],"terminus":0,"mode":"bus","color":"#0059a9","colorDark":"#00294f","angle":99.9,"snapDist":7,"label":0}},{"type":"Feature","geometry":{"type":"Point","coordinates":[16.734178,52.49847]},"properties":{"name":"Rokietnica/Bukowa","lines":"882","arr":["882"],"terminus":0,"mode":"bus","color":"#0059a9","colorDark":"#00294f","angle":100,"snapDist":7,"label":0}},{"type":"Feature","geometry":{"type":"Point","coordinates":[16.736301,52.505125]},"properties":{"name":"Rokietnica/Leśna","lines":"882","arr":["882"],"terminus":0,"mode":"bus","color":"#0059a9","colorDark":"#00294f","angle":112.3,"snapDist":7,"label":0}},{"type":"Feature","geometry":{"type":"Point","coordinates":[16.75108,52.547012]},"properties":{"name":"Żydowo/Pętla","lines":"893","arr":["893"],"terminus":1,"mode":"bus","color":"#0059a9","colorDark":"#00294f","angle":252.2,"snapDist":2,"label":1}},{"type":"Feature","geometry":{"type":"Point","coordinates":[16.75464,52.546207]},"properties":{"name":"Żydowo/Świetlica","lines":"893","arr":["893"],"terminus":0,"mode":"bus","color":"#0059a9","colorDark":"#00294f","angle":249.2,"snapDist":3,"label":1}},{"type":"Feature","geometry":{"type":"Point","coordinates":[16.758751,52.537011]},"properties":{"name":"Rostworowo/Sobocka","lines":"893","arr":["893"],"terminus":0,"mode":"bus","color":"#0059a9","colorDark":"#00294f","angle":293.7,"snapDist":3,"label":1}},{"type":"Feature","geometry":{"type":"Point","coordinates":[16.750105,52.524685]},"properties":{"name":"Rostworowo/Jodłowa","lines":"893","arr":["893"],"terminus":0,"mode":"bus","color":"#0059a9","colorDark":"#00294f","angle":293.5,"snapDist":2,"label":1}},{"type":"Feature","geometry":{"type":"Point","coordinates":[16.745485,52.518062]},"properties":{"name":"Rokietnica/Boczna","lines":"893","arr":["893"],"terminus":0,"mode":"bus","color":"#0059a9","colorDark":"#00294f","angle":292.6,"snapDist":2,"label":1}},{"type":"Feature","geometry":{"type":"Point","coordinates":[16.727886,52.483216]},"properties":{"name":"Napachanie/Kobylnicka","lines":"893","arr":["893"],"terminus":0,"mode":"bus","color":"#0059a9","colorDark":"#00294f","angle":294.1,"snapDist":5,"label":0}},{"type":"Feature","geometry":{"type":"Point","coordinates":[16.723945,52.47601]},"properties":{"name":"Kobylniki/Karolewska","lines":"893","arr":["893"],"terminus":0,"mode":"bus","color":"#0059a9","colorDark":"#00294f","angle":281.8,"snapDist":5,"label":1}},{"type":"Feature","geometry":{"type":"Point","coordinates":[16.723634,52.470958]},"properties":{"name":"Kobylniki/Tarnowska","lines":"893","arr":["893"],"terminus":1,"mode":"bus","color":"#0059a9","colorDark":"#00294f","angle":65.7,"snapDist":0,"label":1}},{"type":"Feature","geometry":{"type":"Point","coordinates":[16.724125,52.476537]},"properties":{"name":"Kobylniki/Karolewska","lines":"893","arr":["893"],"terminus":0,"mode":"bus","color":"#0059a9","colorDark":"#00294f","angle":101.8,"snapDist":6,"label":0}},{"type":"Feature","geometry":{"type":"Point","coordinates":[16.745744,52.518443]},"properties":{"name":"Rokietnica/Boczna","lines":"893","arr":["893"],"terminus":0,"mode":"bus","color":"#0059a9","colorDark":"#00294f","angle":112.8,"snapDist":3,"label":0}},{"type":"Feature","geometry":{"type":"Point","coordinates":[16.75024,52.524875]},"properties":{"name":"Rostworowo/Jodłowa","lines":"893","arr":["893"],"terminus":0,"mode":"bus","color":"#0059a9","colorDark":"#00294f","angle":113.5,"snapDist":2,"label":0}},{"type":"Feature","geometry":{"type":"Point","coordinates":[16.759037,52.537407]},"properties":{"name":"Rostworowo/Sobocka","lines":"893","arr":["893"],"terminus":0,"mode":"bus","color":"#0059a9","colorDark":"#00294f","angle":109.7,"snapDist":6,"label":0}},{"type":"Feature","geometry":{"type":"Point","coordinates":[16.754303,52.546752]},"properties":{"name":"Żydowo/Świetlica","lines":"893","arr":["893"],"terminus":0,"mode":"bus","color":"#0059a9","colorDark":"#00294f","angle":69.6,"snapDist":3,"label":0}},{"type":"Feature","geometry":{"type":"Point","coordinates":[16.897736,52.47347]},"properties":{"name":"Suchy Las/Os. Przylesie","lines":"901, 904, 905","arr":["901","904","905"],"terminus":0,"mode":"bus","color":"#0059a9","colorDark":"#00294f","angle":38.4,"snapDist":3,"label":1}},{"type":"Feature","geometry":{"type":"Point","coordinates":[16.893554,52.474662]},"properties":{"name":"Suchy Las/Sprzeczna","lines":"901, 904, 905","arr":["901","904","905"],"terminus":0,"mode":"bus","color":"#0059a9","colorDark":"#00294f","angle":4.1,"snapDist":3,"label":1}},{"type":"Feature","geometry":{"type":"Point","coordinates":[16.883664,52.475102]},"properties":{"name":"Suchy Las/Strażacka","lines":"901, 904, 905","arr":["901","904","905"],"terminus":0,"mode":"bus","color":"#0059a9","colorDark":"#00294f","angle":4.3,"snapDist":3,"label":1}},{"type":"Feature","geometry":{"type":"Point","coordinates":[16.88079,52.47524]},"properties":{"name":"Suchy Las/Nowy Rynek","lines":"901, 904, 905","arr":["901","904","905"],"terminus":0,"mode":"bus","color":"#0059a9","colorDark":"#00294f","angle":5,"snapDist":3,"label":1}},{"type":"Feature","geometry":{"type":"Point","coordinates":[16.87826,52.473585]},"properties":{"name":"Suchy Las/Kościół","lines":"901","arr":["901"],"terminus":0,"mode":"bus","color":"#0059a9","colorDark":"#00294f","angle":305.3,"snapDist":3,"label":0}},{"type":"Feature","geometry":{"type":"Point","coordinates":[16.872836,52.469353]},"properties":{"name":"Suchy Las/Os. Poziomkowe","lines":"901","arr":["901"],"terminus":0,"mode":"bus","color":"#0059a9","colorDark":"#00294f","angle":39.1,"snapDist":5,"label":1}},{"type":"Feature","geometry":{"type":"Point","coordinates":[16.868451,52.471176]},"properties":{"name":"Suchy Las/Os. Jagodowe","lines":"901","arr":["901"],"terminus":0,"mode":"bus","color":"#0059a9","colorDark":"#00294f","angle":26.2,"snapDist":7,"label":1}},{"type":"Feature","geometry":{"type":"Point","coordinates":[16.863681,52.473583]},"properties":{"name":"Suchy Las/Borówkowa","lines":"901","arr":["901"],"terminus":0,"mode":"bus","color":"#0059a9","colorDark":"#00294f","angle":42.5,"snapDist":3,"label":1}},{"type":"Feature","geometry":{"type":"Point","coordinates":[16.860416,52.47839]},"properties":{"name":"Suchy Las/Promienista","lines":"901","arr":["901"],"terminus":0,"mode":"bus","color":"#0059a9","colorDark":"#00294f","angle":83.4,"snapDist":7,"label":1}},{"type":"Feature","geometry":{"type":"Point","coordinates":[16.857722,52.480045]},"properties":{"name":"Złotniki/Os. Grzybowe","lines":"901","arr":["901"],"terminus":0,"mode":"bus","color":"#0059a9","colorDark":"#00294f","angle":39.2,"snapDist":4,"label":1}},{"type":"Feature","geometry":{"type":"Point","coordinates":[16.850542,52.480846]},"properties":{"name":"Złotniki/Jaskółcza","lines":"901","arr":["901"],"terminus":0,"mode":"bus","color":"#0059a9","colorDark":"#00294f","angle":52.9,"snapDist":0,"label":1}},{"type":"Feature","geometry":{"type":"Point","coordinates":[16.844803,52.484263]},"properties":{"name":"Złotniki/Os. Grzybowe PKM","lines":"901","arr":["901"],"terminus":0,"mode":"bus","color":"#0059a9","colorDark":"#00294f","angle":67.3,"snapDist":0,"label":1}},{"type":"Feature","geometry":{"type":"Point","coordinates":[16.850175,52.485744]},"properties":{"name":"Złotniki/Park Nickel","lines":"901","arr":["901"],"terminus":0,"mode":"bus","color":"#0059a9","colorDark":"#00294f","angle":251.4,"snapDist":5,"label":1}},{"type":"Feature","geometry":{"type":"Point","coordinates":[16.855709,52.48671]},"properties":{"name":"Złotniki/Złotnicka","lines":"901, 904","arr":["901","904"],"terminus":0,"mode":"bus","color":"#0059a9","colorDark":"#00294f","angle":144.7,"snapDist":3,"label":0}},{"type":"Feature","geometry":{"type":"Point","coordinates":[16.854414,52.488796]},"properties":{"name":"Złotniki/Osiedle","lines":"901, 904","arr":["901","904"],"terminus":1,"mode":"bus","color":"#0059a9","colorDark":"#00294f","angle":227.4,"snapDist":3,"label":1}},{"type":"Feature","geometry":{"type":"Point","coordinates":[16.844547,52.48462]},"properties":{"name":"Złotniki/Os. Grzybowe PKM","lines":"901","arr":["901"],"terminus":0,"mode":"bus","color":"#0059a9","colorDark":"#00294f","angle":241.4,"snapDist":2,"label":0}},{"type":"Feature","geometry":{"type":"Point","coordinates":[16.853932,52.48191]},"properties":{"name":"Złotniki/Jaskółcza","lines":"901","arr":["901"],"terminus":0,"mode":"bus","color":"#0059a9","colorDark":"#00294f","angle":219.1,"snapDist":2,"label":1}},{"type":"Feature","geometry":{"type":"Point","coordinates":[16.859366,52.480194]},"properties":{"name":"Złotniki/Os. Grzybowe","lines":"901","arr":["901"],"terminus":0,"mode":"bus","color":"#0059a9","colorDark":"#00294f","angle":120.2,"snapDist":1,"label":0}},{"type":"Feature","geometry":{"type":"Point","coordinates":[16.860483,52.478169]},"properties":{"name":"Suchy Las/Promienista","lines":"901","arr":["901"],"terminus":0,"mode":"bus","color":"#0059a9","colorDark":"#00294f","angle":258.6,"snapDist":4,"label":0}},{"type":"Feature","geometry":{"type":"Point","coordinates":[16.86273,52.474389]},"properties":{"name":"Suchy Las/Borówkowa","lines":"901","arr":["901"],"terminus":0,"mode":"bus","color":"#0059a9","colorDark":"#00294f","angle":239.5,"snapDist":4,"label":0}},{"type":"Feature","geometry":{"type":"Point","coordinates":[16.867374,52.471631]},"properties":{"name":"Suchy Las/Os. Jagodowe","lines":"901","arr":["901"],"terminus":0,"mode":"bus","color":"#0059a9","colorDark":"#00294f","angle":216.6,"snapDist":4,"label":0}},{"type":"Feature","geometry":{"type":"Point","coordinates":[16.873624,52.469208]},"properties":{"name":"Suchy Las/Os. Poziomkowe","lines":"901","arr":["901"],"terminus":0,"mode":"bus","color":"#0059a9","colorDark":"#00294f","angle":98.2,"snapDist":2,"label":0}},{"type":"Feature","geometry":{"type":"Point","coordinates":[16.87533,52.470894]},"properties":{"name":"Suchy Las/Os. Szafirowe","lines":"901","arr":["901"],"terminus":0,"mode":"bus","color":"#0059a9","colorDark":"#00294f","angle":112.3,"snapDist":1,"label":1}},{"type":"Feature","geometry":{"type":"Point","coordinates":[16.87906,52.475051]},"properties":{"name":"Suchy Las/Nowy Rynek","lines":"901, 904, 905","arr":["901","904","905"],"terminus":0,"mode":"bus","color":"#0059a9","colorDark":"#00294f","angle":80.3,"snapDist":6,"label":0}},{"type":"Feature","geometry":{"type":"Point","coordinates":[16.885159,52.475038]},"properties":{"name":"Suchy Las/Strażacka","lines":"901, 904, 905","arr":["901","904","905"],"terminus":0,"mode":"bus","color":"#0059a9","colorDark":"#00294f","angle":183.4,"snapDist":3,"label":0}},{"type":"Feature","geometry":{"type":"Point","coordinates":[16.893695,52.474656]},"properties":{"name":"Suchy Las/Sprzeczna","lines":"901, 904, 905","arr":["901","904","905"],"terminus":0,"mode":"bus","color":"#0059a9","colorDark":"#00294f","angle":184.1,"snapDist":3,"label":0}},{"type":"Feature","geometry":{"type":"Point","coordinates":[16.897963,52.47336]},"properties":{"name":"Suchy Las/Os. Przylesie","lines":"901, 904, 905","arr":["901","904","905"],"terminus":0,"mode":"bus","color":"#0059a9","colorDark":"#00294f","angle":218.4,"snapDist":6,"label":0}},{"type":"Feature","geometry":{"type":"Point","coordinates":[16.897468,52.487899]},"properties":{"name":"Rezerwat Morasko","lines":"902","arr":["902"],"terminus":0,"mode":"bus","color":"#0059a9","colorDark":"#00294f","angle":343.8,"snapDist":4,"label":1}},{"type":"Feature","geometry":{"type":"Point","coordinates":[16.886082,52.481281]},"properties":{"name":"Suchy Las/Krańcowa","lines":"902","arr":["902"],"terminus":0,"mode":"bus","color":"#0059a9","colorDark":"#00294f","angle":328.9,"snapDist":3,"label":1}},{"type":"Feature","geometry":{"type":"Point","coordinates":[16.879051,52.481131]},"properties":{"name":"Suchy Las/Łąkowa","lines":"902","arr":["902"],"terminus":0,"mode":"bus","color":"#0059a9","colorDark":"#00294f","angle":90,"snapDist":3,"label":1}},{"type":"Feature","geometry":{"type":"Point","coordinates":[16.879602,52.486702]},"properties":{"name":"Suchy Las/Teren Aktywnej Edukacji i Sportu","lines":"902","arr":["902"],"terminus":1,"mode":"bus","color":"#0059a9","colorDark":"#00294f","angle":131.9,"snapDist":3,"label":1}},{"type":"Feature","geometry":{"type":"Point","coordinates":[16.879101,52.480558]},"properties":{"name":"Suchy Las/Łąkowa","lines":"902","arr":["902"],"terminus":0,"mode":"bus","color":"#0059a9","colorDark":"#00294f","angle":262.6,"snapDist":3,"label":0}},{"type":"Feature","geometry":{"type":"Point","coordinates":[16.886422,52.48141]},"properties":{"name":"Suchy Las/Krańcowa","lines":"902","arr":["902"],"terminus":0,"mode":"bus","color":"#0059a9","colorDark":"#00294f","angle":148.8,"snapDist":3,"label":0}},{"type":"Feature","geometry":{"type":"Point","coordinates":[16.897679,52.487936]},"properties":{"name":"Rezerwat Morasko","lines":"902","arr":["902"],"terminus":0,"mode":"bus","color":"#0059a9","colorDark":"#00294f","angle":163.8,"snapDist":5,"label":0}},{"type":"Feature","geometry":{"type":"Point","coordinates":[16.842054,52.492047]},"properties":{"name":"Złotniki/Zielona","lines":"904","arr":["904"],"terminus":0,"mode":"bus","color":"#0059a9","colorDark":"#00294f","angle":327.4,"snapDist":3,"label":1}},{"type":"Feature","geometry":{"type":"Point","coordinates":[16.831137,52.486733]},"properties":{"name":"Złotniki/Wieś","lines":"904, 905","arr":["904","905"],"terminus":1,"mode":"bus","color":"#0059a9","colorDark":"#00294f","angle":201.4,"snapDist":3,"label":1}},{"type":"Feature","geometry":{"type":"Point","coordinates":[16.840995,52.49163]},"properties":{"name":"Złotniki/Zielona","lines":"904, 905","arr":["904","905"],"terminus":0,"mode":"bus","color":"#0059a9","colorDark":"#00294f","angle":147.4,"snapDist":2,"label":0}},{"type":"Feature","geometry":{"type":"Point","coordinates":[16.837679,52.498888]},"properties":{"name":"Złotniki/Pawłowicka","lines":"905","arr":["905"],"terminus":0,"mode":"bus","color":"#0059a9","colorDark":"#00294f","angle":340.4,"snapDist":1,"label":0}},{"type":"Feature","geometry":{"type":"Point","coordinates":[16.836952,52.495239]},"properties":{"name":"Złotniki/PKM","lines":"905","arr":["905"],"terminus":0,"mode":"bus","color":"#0059a9","colorDark":"#00294f","angle":242.4,"snapDist":15,"label":1}},{"type":"Feature","geometry":{"type":"Point","coordinates":[16.835674,52.508066]},"properties":{"name":"Złotkowo/Cedrowa","lines":"905, 907","arr":["905","907"],"terminus":0,"mode":"bus","color":"#0059a9","colorDark":"#00294f","angle":135.6,"snapDist":3,"label":1}},{"type":"Feature","geometry":{"type":"Point","coordinates":[16.839505,52.511451]},"properties":{"name":"Złotkowo/Wieś","lines":"905, 907","arr":["905","907"],"terminus":0,"mode":"bus","color":"#0059a9","colorDark":"#00294f","angle":46.4,"snapDist":3,"label":1}},{"type":"Feature","geometry":{"type":"Point","coordinates":[16.835519,52.513183]},"properties":{"name":"Złotkowo/Sobocka","lines":"905, 907","arr":["905","907"],"terminus":0,"mode":"bus","color":"#0059a9","colorDark":"#00294f","angle":333.4,"snapDist":3,"label":1}},{"type":"Feature","geometry":{"type":"Point","coordinates":[16.834649,52.535401]},"properties":{"name":"Golęczewo/Obornicka","lines":"905, 907","arr":["905","907"],"terminus":0,"mode":"bus","color":"#0059a9","colorDark":"#00294f","angle":341.6,"snapDist":5,"label":1}},{"type":"Feature","geometry":{"type":"Point","coordinates":[16.825466,52.535167]},"properties":{"name":"Golęczewo/PKM","lines":"905, 907","arr":["905","907"],"terminus":0,"mode":"bus","color":"#0059a9","colorDark":"#00294f","angle":2,"snapDist":6,"label":1}},{"type":"Feature","geometry":{"type":"Point","coordinates":[16.819009,52.535046]},"properties":{"name":"Golęczewo/Szkoła","lines":"905, 907","arr":["905","907"],"terminus":0,"mode":"bus","color":"#0059a9","colorDark":"#00294f","angle":358.4,"snapDist":6,"label":1}},{"type":"Feature","geometry":{"type":"Point","coordinates":[16.811593,52.537117]},"properties":{"name":"Golęczewo/Promienista","lines":"905, 907","arr":["905","907"],"terminus":0,"mode":"bus","color":"#0059a9","colorDark":"#00294f","angle":28.1,"snapDist":3,"label":1}},{"type":"Feature","geometry":{"type":"Point","coordinates":[16.800051,52.546339]},"properties":{"name":"Zielątkowo/Las","lines":"905, 907","arr":["905","907"],"terminus":0,"mode":"bus","color":"#0059a9","colorDark":"#00294f","angle":48.7,"snapDist":2,"label":1}},{"type":"Feature","geometry":{"type":"Point","coordinates":[16.797859,52.554483]},"properties":{"name":"Zielątkowo/Świerkowa","lines":"905, 907","arr":["905","907"],"terminus":0,"mode":"bus","color":"#0059a9","colorDark":"#00294f","angle":89.4,"snapDist":3,"label":1}},{"type":"Feature","geometry":{"type":"Point","coordinates":[16.797822,52.56052]},"properties":{"name":"Zielątkowo/OSP","lines":"905, 907","arr":["905","907"],"terminus":0,"mode":"bus","color":"#0059a9","colorDark":"#00294f","angle":95.4,"snapDist":3,"label":1}},{"type":"Feature","geometry":{"type":"Point","coordinates":[16.806964,52.560048]},"properties":{"name":"Zielątkowo/Pogodna","lines":"905, 907","arr":["905","907"],"terminus":0,"mode":"bus","color":"#0059a9","colorDark":"#00294f","angle":171,"snapDist":3,"label":1}},{"type":"Feature","geometry":{"type":"Point","coordinates":[16.812672,52.560586]},"properties":{"name":"Zielątkowo/Wspólna","lines":"905, 907","arr":["905","907"],"terminus":0,"mode":"bus","color":"#0059a9","colorDark":"#00294f","angle":171.4,"snapDist":2,"label":1}},{"type":"Feature","geometry":{"type":"Point","coordinates":[16.821092,52.560324]},"properties":{"name":"Chludowo/Nad Torem","lines":"905, 907","arr":["905","907"],"terminus":0,"mode":"bus","color":"#0059a9","colorDark":"#00294f","angle":185.6,"snapDist":4,"label":1}},{"type":"Feature","geometry":{"type":"Point","coordinates":[16.827126,52.559969]},"properties":{"name":"Chludowo/PKM","lines":"905, 907","arr":["905","907"],"terminus":0,"mode":"bus","color":"#0059a9","colorDark":"#00294f","angle":185.2,"snapDist":3,"label":1}},{"type":"Feature","geometry":{"type":"Point","coordinates":[16.834279,52.560096]},"properties":{"name":"Chludowo/Wargowska","lines":"905, 907","arr":["905","907"],"terminus":0,"mode":"bus","color":"#0059a9","colorDark":"#00294f","angle":176.8,"snapDist":4,"label":1}},{"type":"Feature","geometry":{"type":"Point","coordinates":[16.838446,52.55938]},"properties":{"name":"Chludowo/Tysiąclecia","lines":"905, 907","arr":["905","907"],"terminus":0,"mode":"bus","color":"#0059a9","colorDark":"#00294f","angle":205.1,"snapDist":3,"label":1}},{"type":"Feature","geometry":{"type":"Point","coordinates":[16.844467,52.55612]},"properties":{"name":"Chludowo/Szkoła","lines":"905, 907","arr":["905","907"],"terminus":1,"mode":"bus","color":"#0059a9","colorDark":"#00294f","angle":258.3,"snapDist":6,"label":1}},{"type":"Feature","geometry":{"type":"Point","coordinates":[16.849266,52.555261]},"properties":{"name":"Chludowo/Rynek","lines":"905, 907","arr":["905","907"],"terminus":0,"mode":"bus","color":"#0059a9","colorDark":"#00294f","angle":109.9,"snapDist":3,"label":1}},{"type":"Feature","geometry":{"type":"Point","coordinates":[16.84546,52.557398]},"properties":{"name":"Chludowo/Kościół","lines":"905, 907","arr":["905","907"],"terminus":0,"mode":"bus","color":"#0059a9","colorDark":"#00294f","angle":19,"snapDist":3,"label":1}},{"type":"Feature","geometry":{"type":"Point","coordinates":[16.838206,52.559448]},"properties":{"name":"Chludowo/Tysiąclecia","lines":"905, 907","arr":["905","907"],"terminus":0,"mode":"bus","color":"#0059a9","colorDark":"#00294f","angle":25.1,"snapDist":3,"label":0}},{"type":"Feature","geometry":{"type":"Point","coordinates":[16.832111,52.560018]},"properties":{"name":"Chludowo/Wargowska","lines":"905, 907","arr":["905","907"],"terminus":0,"mode":"bus","color":"#0059a9","colorDark":"#00294f","angle":356.6,"snapDist":3,"label":0}},{"type":"Feature","geometry":{"type":"Point","coordinates":[16.826395,52.560009]},"properties":{"name":"Chludowo/PKM","lines":"905, 907","arr":["905","907"],"terminus":0,"mode":"bus","color":"#0059a9","colorDark":"#00294f","angle":5.7,"snapDist":3,"label":0}},{"type":"Feature","geometry":{"type":"Point","coordinates":[16.819625,52.560393]},"properties":{"name":"Chludowo/Nad Torem","lines":"905, 907","arr":["905","907"],"terminus":0,"mode":"bus","color":"#0059a9","colorDark":"#00294f","angle":4.3,"snapDist":3,"label":0}},{"type":"Feature","geometry":{"type":"Point","coordinates":[16.812789,52.560597]},"properties":{"name":"Zielątkowo/Wspólna","lines":"905, 907","arr":["905","907"],"terminus":0,"mode":"bus","color":"#0059a9","colorDark":"#00294f","angle":351.4,"snapDist":3,"label":0}},{"type":"Feature","geometry":{"type":"Point","coordinates":[16.804839,52.559849]},"properties":{"name":"Zielątkowo/Pogodna","lines":"905, 907","arr":["905","907"],"terminus":0,"mode":"bus","color":"#0059a9","colorDark":"#00294f","angle":351.9,"snapDist":3,"label":0}},{"type":"Feature","geometry":{"type":"Point","coordinates":[16.797757,52.559987]},"properties":{"name":"Zielątkowo/OSP","lines":"905, 907","arr":["905","907"],"terminus":0,"mode":"bus","color":"#0059a9","colorDark":"#00294f","angle":271.9,"snapDist":2,"label":0}},{"type":"Feature","geometry":{"type":"Point","coordinates":[16.79787,52.553833]},"properties":{"name":"Zielątkowo/Świerkowa","lines":"905, 907","arr":["905","907"],"terminus":0,"mode":"bus","color":"#0059a9","colorDark":"#00294f","angle":269.4,"snapDist":3,"label":0}},{"type":"Feature","geometry":{"type":"Point","coordinates":[16.800182,52.546248]},"properties":{"name":"Zielątkowo/Las","lines":"905, 907","arr":["905","907"],"terminus":0,"mode":"bus","color":"#0059a9","colorDark":"#00294f","angle":228.7,"snapDist":3,"label":0}},{"type":"Feature","geometry":{"type":"Point","coordinates":[16.810969,52.537319]},"properties":{"name":"Golęczewo/Promienista","lines":"905, 907","arr":["905","907"],"terminus":0,"mode":"bus","color":"#0059a9","colorDark":"#00294f","angle":207.9,"snapDist":2,"label":0}},{"type":"Feature","geometry":{"type":"Point","coordinates":[16.819593,52.535056]},"properties":{"name":"Golęczewo/Szkoła","lines":"905, 907","arr":["905","907"],"terminus":0,"mode":"bus","color":"#0059a9","colorDark":"#00294f","angle":178.4,"snapDist":6,"label":0}},{"type":"Feature","geometry":{"type":"Point","coordinates":[16.826886,52.535018]},"properties":{"name":"Golęczewo/PKM","lines":"905, 907","arr":["905","907"],"terminus":0,"mode":"bus","color":"#0059a9","colorDark":"#00294f","angle":194.9,"snapDist":6,"label":0}},{"type":"Feature","geometry":{"type":"Point","coordinates":[16.835554,52.535071]},"properties":{"name":"Golęczewo/Obornicka","lines":"905, 907","arr":["905","907"],"terminus":0,"mode":"bus","color":"#0059a9","colorDark":"#00294f","angle":286.3,"snapDist":9,"label":0}},{"type":"Feature","geometry":{"type":"Point","coordinates":[16.835455,52.513164]},"properties":{"name":"Złotkowo/Sobocka","lines":"905, 907","arr":["905","907"],"terminus":0,"mode":"bus","color":"#0059a9","colorDark":"#00294f","angle":153.4,"snapDist":3,"label":0}},{"type":"Feature","geometry":{"type":"Point","coordinates":[16.839256,52.511611]},"properties":{"name":"Złotkowo/Wieś","lines":"905, 907","arr":["905","907"],"terminus":0,"mode":"bus","color":"#0059a9","colorDark":"#00294f","angle":226.4,"snapDist":6,"label":0}},{"type":"Feature","geometry":{"type":"Point","coordinates":[16.837,52.50886]},"properties":{"name":"Złotkowo/Cedrowa","lines":"905, 907","arr":["905","907"],"terminus":0,"mode":"bus","color":"#0059a9","colorDark":"#00294f","angle":315.6,"snapDist":3,"label":0}},{"type":"Feature","geometry":{"type":"Point","coordinates":[16.879532,52.195388]},"properties":{"name":"Żabinko/","lines":"PKS","arr":["PKS"],"terminus":1,"mode":"bus","color":"#0059a9","colorDark":"#00294f","angle":70.7,"snapDist":4,"label":1}},{"type":"Feature","geometry":{"type":"Point","coordinates":[16.845093,52.267805]},"properties":{"name":"Puszczykowo/WPN","lines":"PKS","arr":["PKS"],"terminus":0,"mode":"bus","color":"#0059a9","colorDark":"#00294f","angle":85,"snapDist":5,"label":1}},{"type":"Feature","geometry":{"type":"Point","coordinates":[16.913969,52.40258]},"properties":{"name":"Poznań Główny","lines":"PKS","arr":["PKS"],"terminus":1,"mode":"bus","color":"#0059a9","colorDark":"#00294f","angle":11,"snapDist":39,"label":0}},{"type":"Feature","geometry":{"type":"Point","coordinates":[16.845166,52.26727]},"properties":{"name":"Puszczykowo/WPN","lines":"PKS","arr":["PKS"],"terminus":0,"mode":"bus","color":"#0059a9","colorDark":"#00294f","angle":265,"snapDist":3,"label":0}},{"type":"Feature","geometry":{"type":"Point","coordinates":[16.851978,52.228758]},"properties":{"name":"Mosina/Śremska/Jasna","lines":"PKS","arr":["PKS"],"terminus":0,"mode":"bus","color":"#0059a9","colorDark":"#00294f","angle":257.7,"snapDist":0,"label":0}},{"type":"Feature","geometry":{"type":"Point","coordinates":[16.876895,52.198312]},"properties":{"name":"Żabinko/I","lines":"PKS","arr":["PKS"],"terminus":0,"mode":"bus","color":"#0059a9","colorDark":"#00294f","angle":241.9,"snapDist":3,"label":1}},{"type":"Feature","geometry":{"type":"Point","coordinates":[16.881878,52.192718]},"properties":{"name":"Żabinko/","lines":"PKS","arr":["PKS"],"terminus":1,"mode":"bus","color":"#0059a9","colorDark":"#00294f","angle":231.4,"snapDist":2,"label":1}},{"type":"Feature","geometry":{"type":"Point","coordinates":[16.97151,52.384548]},"properties":{"name":"Bobrzańska","lines":"T1","arr":["T1"],"terminus":1,"mode":"bus","color":"#0059a9","colorDark":"#00294f","angle":141.4,"snapDist":8,"label":1}},{"type":"Feature","geometry":{"type":"Point","coordinates":[16.979802,52.388277]},"properties":{"name":"Os. Lecha","lines":"T1","arr":["T1"],"terminus":0,"mode":"bus","color":"#0059a9","colorDark":"#00294f","angle":212.6,"snapDist":4,"label":0}},{"type":"Feature","geometry":{"type":"Point","coordinates":[16.983455,52.387088]},"properties":{"name":"Piaśnicka Rynek","lines":"T1","arr":["T1"],"terminus":0,"mode":"bus","color":"#0059a9","colorDark":"#00294f","angle":206.6,"snapDist":1,"label":1}},{"type":"Feature","geometry":{"type":"Point","coordinates":[16.986791,52.385257]},"properties":{"name":"Piaśnicka/Kurlandzka","lines":"T1","arr":["T1"],"terminus":0,"mode":"bus","color":"#0059a9","colorDark":"#00294f","angle":215.1,"snapDist":10,"label":0}},{"type":"Feature","geometry":{"type":"Point","coordinates":[16.987028,52.385105]},"properties":{"name":"Piaśnicka/Kurlandzka","lines":"T1","arr":["T1"],"terminus":0,"mode":"bus","color":"#0059a9","colorDark":"#00294f","angle":53.8,"snapDist":3,"label":0}},{"type":"Feature","geometry":{"type":"Point","coordinates":[16.982989,52.38723]},"properties":{"name":"Piaśnicka Rynek","lines":"T1","arr":["T1"],"terminus":0,"mode":"bus","color":"#0059a9","colorDark":"#00294f","angle":26.5,"snapDist":4,"label":0}},{"type":"Feature","geometry":{"type":"Point","coordinates":[16.979676,52.388326]},"properties":{"name":"Os. Lecha","lines":"T1","arr":["T1"],"terminus":0,"mode":"bus","color":"#0059a9","colorDark":"#00294f","angle":32.8,"snapDist":8,"label":0}},{"type":"Feature","geometry":{"type":"Point","coordinates":[16.834442,52.383487]},"properties":{"name":"Junikowo","lines":"1, 13, 15","arr":["1","13","15"],"terminus":1,"mode":"tram","color":"#d6212b","colorDark":"#7c1116","angle":152.1,"snapDist":8,"label":1}},{"type":"Feature","geometry":{"type":"Point","coordinates":[16.839144,52.385107]},"properties":{"name":"Cmentarna","lines":"1, 13, 15","arr":["1","13","15"],"terminus":0,"mode":"tram","color":"#d6212b","colorDark":"#7c1116","angle":149,"snapDist":5,"label":1}},{"type":"Feature","geometry":{"type":"Point","coordinates":[16.844379,52.386659]},"properties":{"name":"Grotkowska","lines":"1, 13, 15","arr":["1","13","15"],"terminus":0,"mode":"tram","color":"#d6212b","colorDark":"#7c1116","angle":150.5,"snapDist":3,"label":1}},{"type":"Feature","geometry":{"type":"Point","coordinates":[16.849754,52.388525]},"properties":{"name":"Budziszyńska","lines":"1, 6, 13, 15","arr":["1","6","13","15"],"terminus":0,"mode":"tram","color":"#d6212b","colorDark":"#7c1116","angle":150.5,"snapDist":9,"label":0}},{"type":"Feature","geometry":{"type":"Point","coordinates":[16.853362,52.389876]},"properties":{"name":"Rondo Skubiszewskiego","lines":"1, 6, 13, 15","arr":["1","6","13","15"],"terminus":0,"mode":"tram","color":"#d6212b","colorDark":"#7c1116","angle":141.3,"snapDist":7,"label":1}},{"type":"Feature","geometry":{"type":"Point","coordinates":[16.85767,52.3921]},"properties":{"name":"Węgorka","lines":"1, 6, 13, 15","arr":["1","6","13","15"],"terminus":0,"mode":"tram","color":"#d6212b","colorDark":"#7c1116","angle":135.6,"snapDist":16,"label":1}},{"type":"Feature","geometry":{"type":"Point","coordinates":[16.862295,52.395416]},"properties":{"name":"Bułgarska Enea Stadion","lines":"1, 6, 13, 15","arr":["1","6","13","15"],"terminus":0,"mode":"tram","color":"#d6212b","colorDark":"#7c1116","angle":148.2,"snapDist":8,"label":1}},{"type":"Feature","geometry":{"type":"Point","coordinates":[16.866832,52.396639]},"properties":{"name":"Drzewieckiego","lines":"1, 6, 13, 15","arr":["1","6","13","15"],"terminus":0,"mode":"tram","color":"#d6212b","colorDark":"#7c1116","angle":156.4,"snapDist":6,"label":1}},{"type":"Feature","geometry":{"type":"Point","coordinates":[16.875971,52.398953]},"properties":{"name":"Grochowska","lines":"1, 6, 13, 15","arr":["1","6","13","15"],"terminus":0,"mode":"tram","color":"#d6212b","colorDark":"#7c1116","angle":157.9,"snapDist":7,"label":1}},{"type":"Feature","geometry":{"type":"Point","coordinates":[16.881511,52.400379]},"properties":{"name":"Ostroroga","lines":"1, 6, 13, 15","arr":["1","6","13","15"],"terminus":0,"mode":"tram","color":"#d6212b","colorDark":"#7c1116","angle":155.8,"snapDist":5,"label":1}},{"type":"Feature","geometry":{"type":"Point","coordinates":[16.889203,52.40189]},"properties":{"name":"Rondo Nowaka-Jeziorańskiego","lines":"1, 7","arr":["1","7"],"terminus":0,"mode":"tram","color":"#d6212b","colorDark":"#7c1116","angle":262.4,"snapDist":4,"label":1}},{"type":"Feature","geometry":{"type":"Point","coordinates":[16.888468,52.397765]},"properties":{"name":"Arena","lines":"1, 7","arr":["1","7"],"terminus":0,"mode":"tram","color":"#d6212b","colorDark":"#7c1116","angle":284.1,"snapDist":3,"label":1}},{"type":"Feature","geometry":{"type":"Point","coordinates":[16.886955,52.392724]},"properties":{"name":"Arciszewskiego","lines":"1, 7","arr":["1","7"],"terminus":0,"mode":"tram","color":"#d6212b","colorDark":"#7c1116","angle":211.4,"snapDist":3,"label":1}},{"type":"Feature","geometry":{"type":"Point","coordinates":[16.894993,52.389848]},"properties":{"name":"Głogowska/Hetmańska","lines":"1, 7, 10, 11, 12","arr":["1","7","10","11","12"],"terminus":0,"mode":"tram","color":"#d6212b","colorDark":"#7c1116","angle":209.4,"snapDist":6,"label":1}},{"type":"Feature","geometry":{"type":"Point","coordinates":[16.90295,52.38709]},"properties":{"name":"Kolejowa","lines":"1, 7, 10, 11, 12","arr":["1","7","10","11","12"],"terminus":0,"mode":"tram","color":"#d6212b","colorDark":"#7c1116","angle":209.6,"snapDist":7,"label":1}},{"type":"Feature","geometry":{"type":"Point","coordinates":[16.913893,52.385374]},"properties":{"name":"Traugutta","lines":"1, 7, 10, 11, 12","arr":["1","7","10","11","12"],"terminus":0,"mode":"tram","color":"#d6212b","colorDark":"#7c1116","angle":219.8,"snapDist":7,"label":1}},{"type":"Feature","geometry":{"type":"Point","coordinates":[16.918399,52.384001]},"properties":{"name":"Rolna","lines":"1, 11, 12","arr":["1","11","12"],"terminus":0,"mode":"tram","color":"#d6212b","colorDark":"#7c1116","angle":192.1,"snapDist":7,"label":1}},{"type":"Feature","geometry":{"type":"Point","coordinates":[16.929483,52.382721]},"properties":{"name":"Hetmańska Wiadukt","lines":"1, 11, 12","arr":["1","11","12"],"terminus":0,"mode":"tram","color":"#d6212b","colorDark":"#7c1116","angle":190.5,"snapDist":7,"label":1}},{"type":"Feature","geometry":{"type":"Point","coordinates":[16.94227,52.380451]},"properties":{"name":"Rondo Starołęka","lines":"1, 11, 12","arr":["1","11","12"],"terminus":0,"mode":"tram","color":"#d6212b","colorDark":"#7c1116","angle":205.7,"snapDist":8,"label":1}},{"type":"Feature","geometry":{"type":"Point","coordinates":[16.944386,52.379815]},"properties":{"name":"Rondo Starołęka","lines":"1, 11, 13, 16","arr":["1","11","13","16"],"terminus":0,"mode":"tram","color":"#d6212b","colorDark":"#7c1116","angle":206.7,"snapDist":7,"label":0}},{"type":"Feature","geometry":{"type":"Point","coordinates":[16.95475,52.376547]},"properties":{"name":"Rondo Żegrze","lines":"1, 11, 13, 16","arr":["1","11","13","16"],"terminus":0,"mode":"tram","color":"#d6212b","colorDark":"#7c1116","angle":204.8,"snapDist":3,"label":1}},{"type":"Feature","geometry":{"type":"Point","coordinates":[16.956526,52.377108]},"properties":{"name":"Rondo Żegrze","lines":"1, 3, 13, 16, 18, 201","arr":["1","3","13","16","18","201"],"terminus":0,"mode":"tram","color":"#d6212b","colorDark":"#7c1116","angle":125.4,"snapDist":5,"label":0}},{"type":"Feature","geometry":{"type":"Point","coordinates":[16.961422,52.378999]},"properties":{"name":"Żegrze I","lines":"1, 3, 13, 16, 18, 201","arr":["1","3","13","16","18","201"],"terminus":0,"mode":"tram","color":"#d6212b","colorDark":"#7c1116","angle":162.3,"snapDist":8,"label":1}},{"type":"Feature","geometry":{"type":"Point","coordinates":[16.966117,52.380761]},"properties":{"name":"Żegrze II","lines":"1, 3, 13, 16, 18, 201","arr":["1","3","13","16","18","201"],"terminus":0,"mode":"tram","color":"#d6212b","colorDark":"#7c1116","angle":134.1,"snapDist":7,"label":1}},{"type":"Feature","geometry":{"type":"Point","coordinates":[16.969222,52.383344]},"properties":{"name":"Żegrze III","lines":"1, 3, 13, 16, 18, 201","arr":["1","3","13","16","18","201"],"terminus":0,"mode":"tram","color":"#d6212b","colorDark":"#7c1116","angle":123.8,"snapDist":7,"label":1}},{"type":"Feature","geometry":{"type":"Point","coordinates":[16.975581,52.386168]},"properties":{"name":"Os. Czecha","lines":"1, 3, 13, 16, 18, 201","arr":["1","3","13","16","18","201"],"terminus":0,"mode":"tram","color":"#d6212b","colorDark":"#7c1116","angle":142.7,"snapDist":8,"label":1}},{"type":"Feature","geometry":{"type":"Point","coordinates":[16.977646,52.389976]},"properties":{"name":"Os. Lecha","lines":"1, 3, 13, 16, 18, 201","arr":["1","3","13","16","18","201"],"terminus":0,"mode":"tram","color":"#d6212b","colorDark":"#7c1116","angle":52,"snapDist":16,"label":1}},{"type":"Feature","geometry":{"type":"Point","coordinates":[16.972051,52.392322]},"properties":{"name":"Os. Tysiąclecia","lines":"1, 3, 13, 16, 18, 201","arr":["1","3","13","16","18","201"],"terminus":0,"mode":"tram","color":"#d6212b","colorDark":"#7c1116","angle":16.6,"snapDist":9,"label":1}},{"type":"Feature","geometry":{"type":"Point","coordinates":[16.966021,52.394631]},"properties":{"name":"Łacina","lines":"1, 3, 13, 16, 18, 201","arr":["1","3","13","16","18","201"],"terminus":0,"mode":"tram","color":"#d6212b","colorDark":"#7c1116","angle":39.6,"snapDist":4,"label":1}},{"type":"Feature","geometry":{"type":"Point","coordinates":[16.962219,52.396906]},"properties":{"name":"Polanka","lines":"1, 3, 13, 16, 18, 201","arr":["1","3","13","16","18","201"],"terminus":0,"mode":"tram","color":"#d6212b","colorDark":"#7c1116","angle":36.7,"snapDist":5,"label":1}},{"type":"Feature","geometry":{"type":"Point","coordinates":[16.953342,52.399089]},"properties":{"name":"Kórnicka","lines":"1, 3, 13, 16, 18, 201","arr":["1","3","13","16","18","201"],"terminus":0,"mode":"tram","color":"#d6212b","colorDark":"#7c1116","angle":19.4,"snapDist":8,"label":1}},{"type":"Feature","geometry":{"type":"Point","coordinates":[16.952752,52.399849]},"properties":{"name":"Kórnicka","lines":"1, 5, 6, 7, 8","arr":["1","5","6","7","8"],"terminus":0,"mode":"tram","color":"#d6212b","colorDark":"#7c1116","angle":110,"snapDist":8,"label":0}},{"type":"Feature","geometry":{"type":"Point","coordinates":[16.954298,52.403755]},"properties":{"name":"Baraniaka","lines":"1, 5, 6, 7, 8","arr":["1","5","6","7","8"],"terminus":0,"mode":"tram","color":"#d6212b","colorDark":"#7c1116","angle":75.5,"snapDist":6,"label":1}},{"type":"Feature","geometry":{"type":"Point","coordinates":[16.956317,52.409534]},"properties":{"name":"Rondo Śródka","lines":"1, 5, 6, 7, 8","arr":["1","5","6","7","8"],"terminus":0,"mode":"tram","color":"#d6212b","colorDark":"#7c1116","angle":118.2,"snapDist":8,"label":1}},{"type":"Feature","geometry":{"type":"Point","coordinates":[16.957283,52.41054]},"properties":{"name":"Rondo Śródka","lines":"1, 5","arr":["1","5"],"terminus":0,"mode":"tram","color":"#d6212b","colorDark":"#7c1116","angle":119.1,"snapDist":5,"label":0}},{"type":"Feature","geometry":{"type":"Point","coordinates":[16.958183,52.413647]},"properties":{"name":"Zawady","lines":"1, 5","arr":["1","5"],"terminus":1,"mode":"tram","color":"#d6212b","colorDark":"#7c1116","angle":35.9,"snapDist":0,"label":1}},{"type":"Feature","geometry":{"type":"Point","coordinates":[16.956293,52.409506]},"properties":{"name":"Rondo Śródka","lines":"1, 5, 6, 7, 8","arr":["1","5","6","7","8"],"terminus":0,"mode":"tram","color":"#d6212b","colorDark":"#7c1116","angle":298.2,"snapDist":6,"label":0}},{"type":"Feature","geometry":{"type":"Point","coordinates":[16.954214,52.403956]},"properties":{"name":"Baraniaka","lines":"1, 5, 6, 7, 8","arr":["1","5","6","7","8"],"terminus":0,"mode":"tram","color":"#d6212b","colorDark":"#7c1116","angle":256.3,"snapDist":3,"label":0}},{"type":"Feature","geometry":{"type":"Point","coordinates":[16.953506,52.399053]},"properties":{"name":"Kórnicka","lines":"1, 3, 13, 16, 18, 201","arr":["1","3","13","16","18","201"],"terminus":0,"mode":"tram","color":"#d6212b","colorDark":"#7c1116","angle":199.8,"snapDist":4,"label":0}},{"type":"Feature","geometry":{"type":"Point","coordinates":[16.962556,52.396747]},"properties":{"name":"Polanka","lines":"1, 3, 13, 16, 18, 201","arr":["1","3","13","16","18","201"],"terminus":0,"mode":"tram","color":"#d6212b","colorDark":"#7c1116","angle":219,"snapDist":0,"label":0}},{"type":"Feature","geometry":{"type":"Point","coordinates":[16.966387,52.394448]},"properties":{"name":"Łacina","lines":"1, 3, 13, 16, 18, 201","arr":["1","3","13","16","18","201"],"terminus":0,"mode":"tram","color":"#d6212b","colorDark":"#7c1116","angle":219.4,"snapDist":0,"label":0}},{"type":"Feature","geometry":{"type":"Point","coordinates":[16.972291,52.39228]},"properties":{"name":"Os. Tysiąclecia","lines":"1, 3, 13, 16, 18, 201","arr":["1","3","13","16","18","201"],"terminus":0,"mode":"tram","color":"#d6212b","colorDark":"#7c1116","angle":196.1,"snapDist":3,"label":0}},{"type":"Feature","geometry":{"type":"Point","coordinates":[16.977784,52.389882]},"properties":{"name":"Os. Lecha","lines":"1, 3, 13, 16, 18, 201","arr":["1","3","13","16","18","201"],"terminus":0,"mode":"tram","color":"#d6212b","colorDark":"#7c1116","angle":227.4,"snapDist":12,"label":0}},{"type":"Feature","geometry":{"type":"Point","coordinates":[16.975518,52.38614]},"properties":{"name":"Os. Czecha","lines":"1, 3, 13, 16, 18, 201","arr":["1","3","13","16","18","201"],"terminus":0,"mode":"tram","color":"#d6212b","colorDark":"#7c1116","angle":324.7,"snapDist":4,"label":0}},{"type":"Feature","geometry":{"type":"Point","coordinates":[16.969138,52.383268]},"properties":{"name":"Żegrze III","lines":"1, 3, 13, 16, 18, 201","arr":["1","3","13","16","18","201"],"terminus":0,"mode":"tram","color":"#d6212b","colorDark":"#7c1116","angle":304.6,"snapDist":3,"label":0}},{"type":"Feature","geometry":{"type":"Point","coordinates":[16.965969,52.380672]},"properties":{"name":"Żegrze II","lines":"1, 3, 13, 16, 18, 201","arr":["1","3","13","16","18","201"],"terminus":0,"mode":"tram","color":"#d6212b","colorDark":"#7c1116","angle":316.4,"snapDist":5,"label":0}},{"type":"Feature","geometry":{"type":"Point","coordinates":[16.961137,52.378947]},"properties":{"name":"Żegrze I","lines":"1, 3, 13, 16, 18, 201","arr":["1","3","13","16","18","201"],"terminus":0,"mode":"tram","color":"#d6212b","colorDark":"#7c1116","angle":343.9,"snapDist":4,"label":0}},{"type":"Feature","geometry":{"type":"Point","coordinates":[16.956186,52.376816]},"properties":{"name":"Rondo Żegrze","lines":"1, 3, 13, 16, 18, 201","arr":["1","3","13","16","18","201"],"terminus":0,"mode":"tram","color":"#d6212b","colorDark":"#7c1116","angle":305.2,"snapDist":1,"label":0}},{"type":"Feature","geometry":{"type":"Point","coordinates":[16.954251,52.376688]},"properties":{"name":"Rondo Żegrze","lines":"1, 11, 13, 16","arr":["1","11","13","16"],"terminus":0,"mode":"tram","color":"#d6212b","colorDark":"#7c1116","angle":24.9,"snapDist":2,"label":0}},{"type":"Feature","geometry":{"type":"Point","coordinates":[16.944009,52.37993]},"properties":{"name":"Rondo Starołęka","lines":"1, 11, 13, 16","arr":["1","11","13","16"],"terminus":0,"mode":"tram","color":"#d6212b","colorDark":"#7c1116","angle":26.1,"snapDist":4,"label":0}},{"type":"Feature","geometry":{"type":"Point","coordinates":[16.942074,52.380509]},"properties":{"name":"Rondo Starołęka","lines":"1, 11, 12","arr":["1","11","12"],"terminus":0,"mode":"tram","color":"#d6212b","colorDark":"#7c1116","angle":25.7,"snapDist":4,"label":0}},{"type":"Feature","geometry":{"type":"Point","coordinates":[16.929239,52.382748]},"properties":{"name":"Hetmańska Wiadukt","lines":"1, 11, 12","arr":["1","11","12"],"terminus":0,"mode":"tram","color":"#d6212b","colorDark":"#7c1116","angle":10.5,"snapDist":3,"label":0}},{"type":"Feature","geometry":{"type":"Point","coordinates":[16.918117,52.384039]},"properties":{"name":"Rolna","lines":"1, 11, 12","arr":["1","11","12"],"terminus":0,"mode":"tram","color":"#d6212b","colorDark":"#7c1116","angle":12.3,"snapDist":4,"label":0}},{"type":"Feature","geometry":{"type":"Point","coordinates":[16.915095,52.384747]},"properties":{"name":"Traugutta","lines":"1, 11, 12","arr":["1","11","12"],"terminus":0,"mode":"tram","color":"#d6212b","colorDark":"#7c1116","angle":35,"snapDist":2,"label":0}},{"type":"Feature","geometry":{"type":"Point","coordinates":[16.902738,52.387163]},"properties":{"name":"Kolejowa","lines":"1, 7, 10, 11, 12","arr":["1","7","10","11","12"],"terminus":0,"mode":"tram","color":"#d6212b","colorDark":"#7c1116","angle":29.6,"snapDist":3,"label":0}},{"type":"Feature","geometry":{"type":"Point","coordinates":[16.894662,52.389961]},"properties":{"name":"Głogowska/Hetmańska","lines":"1, 7, 10, 11, 12","arr":["1","7","10","11","12"],"terminus":0,"mode":"tram","color":"#d6212b","colorDark":"#7c1116","angle":29.3,"snapDist":3,"label":0}},{"type":"Feature","geometry":{"type":"Point","coordinates":[16.886656,52.392832]},"properties":{"name":"Arciszewskiego","lines":"1, 7","arr":["1","7"],"terminus":0,"mode":"tram","color":"#d6212b","colorDark":"#7c1116","angle":30.6,"snapDist":7,"label":0}},{"type":"Feature","geometry":{"type":"Point","coordinates":[16.888269,52.397294]},"properties":{"name":"Arena","lines":"1, 7","arr":["1","7"],"terminus":0,"mode":"tram","color":"#d6212b","colorDark":"#7c1116","angle":104.4,"snapDist":7,"label":0}},{"type":"Feature","geometry":{"type":"Point","coordinates":[16.888198,52.40237]},"properties":{"name":"Rondo Nowaka-Jeziorańskiego","lines":"1, 6, 13, 15","arr":["1","6","13","15"],"terminus":0,"mode":"tram","color":"#d6212b","colorDark":"#7c1116","angle":327.7,"snapDist":2,"label":0}},{"type":"Feature","geometry":{"type":"Point","coordinates":[16.882359,52.400605]},"properties":{"name":"Ostroroga","lines":"1, 6, 13, 15","arr":["1","6","13","15"],"terminus":0,"mode":"tram","color":"#d6212b","colorDark":"#7c1116","angle":334.9,"snapDist":2,"label":0}},{"type":"Feature","geometry":{"type":"Point","coordinates":[16.87587,52.398928]},"properties":{"name":"Grochowska","lines":"1, 6, 13, 15","arr":["1","6","13","15"],"terminus":0,"mode":"tram","color":"#d6212b","colorDark":"#7c1116","angle":337.9,"snapDist":4,"label":0}},{"type":"Feature","geometry":{"type":"Point","coordinates":[16.86756,52.396821]},"properties":{"name":"Drzewieckiego","lines":"1, 6, 13, 15","arr":["1","6","13","15"],"terminus":0,"mode":"tram","color":"#d6212b","colorDark":"#7c1116","angle":336.2,"snapDist":2,"label":0}},{"type":"Feature","geometry":{"type":"Point","coordinates":[16.863313,52.395702]},"properties":{"name":"Bułgarska Enea Stadion","lines":"1, 6, 13, 15","arr":["1","6","13","15"],"terminus":0,"mode":"tram","color":"#d6212b","colorDark":"#7c1116","angle":336.5,"snapDist":3,"label":0}},{"type":"Feature","geometry":{"type":"Point","coordinates":[16.858027,52.392314]},"properties":{"name":"Węgorka","lines":"1, 6, 13, 15","arr":["1","6","13","15"],"terminus":0,"mode":"tram","color":"#d6212b","colorDark":"#7c1116","angle":315.1,"snapDist":3,"label":0}},{"type":"Feature","geometry":{"type":"Point","coordinates":[16.854624,52.390485]},"properties":{"name":"Rondo Skubiszewskiego","lines":"1, 6, 13, 15","arr":["1","6","13","15"],"terminus":0,"mode":"tram","color":"#d6212b","colorDark":"#7c1116","angle":321.6,"snapDist":3,"label":0}},{"type":"Feature","geometry":{"type":"Point","coordinates":[16.849745,52.388522]},"properties":{"name":"Budziszyńska","lines":"1, 6, 13, 15","arr":["1","6","13","15"],"terminus":0,"mode":"tram","color":"#d6212b","colorDark":"#7c1116","angle":330.5,"snapDist":3,"label":0}},{"type":"Feature","geometry":{"type":"Point","coordinates":[16.843921,52.386544]},"properties":{"name":"Grotkowska","lines":"1, 13, 15","arr":["1","13","15"],"terminus":0,"mode":"tram","color":"#d6212b","colorDark":"#7c1116","angle":330.7,"snapDist":2,"label":0}},{"type":"Feature","geometry":{"type":"Point","coordinates":[16.839101,52.385134]},"properties":{"name":"Cmentarna","lines":"1, 13, 15","arr":["1","13","15"],"terminus":0,"mode":"tram","color":"#d6212b","colorDark":"#7c1116","angle":329,"snapDist":6,"label":0}},{"type":"Feature","geometry":{"type":"Point","coordinates":[16.835637,52.383855]},"properties":{"name":"Junikowo","lines":"1, 13, 15","arr":["1","13","15"],"terminus":0,"mode":"tram","color":"#d6212b","colorDark":"#7c1116","angle":331.2,"snapDist":3,"label":0}},{"type":"Feature","geometry":{"type":"Point","coordinates":[16.834261,52.383694]},"properties":{"name":"Junikowo","lines":"1, 13, 15","arr":["1","13","15"],"terminus":1,"mode":"tram","color":"#d6212b","colorDark":"#7c1116","angle":357.9,"snapDist":29,"label":0}},{"type":"Feature","geometry":{"type":"Point","coordinates":[16.903788,52.373059]},"properties":{"name":"Dębiec PKM","lines":"2, 9, 10","arr":["2","9","10"],"terminus":1,"mode":"tram","color":"#d6212b","colorDark":"#7c1116","angle":89.3,"snapDist":3,"label":1}},{"type":"Feature","geometry":{"type":"Point","coordinates":[16.907318,52.377318]},"properties":{"name":"Wspólna","lines":"2, 9, 10","arr":["2","9","10"],"terminus":0,"mode":"tram","color":"#d6212b","colorDark":"#7c1116","angle":119.4,"snapDist":7,"label":1}},{"type":"Feature","geometry":{"type":"Point","coordinates":[16.911298,52.381547]},"properties":{"name":"HCP","lines":"2, 9, 10","arr":["2","9","10"],"terminus":0,"mode":"tram","color":"#d6212b","colorDark":"#7c1116","angle":119,"snapDist":5,"label":1}},{"type":"Feature","geometry":{"type":"Point","coordinates":[16.914175,52.384715]},"properties":{"name":"Traugutta","lines":"2, 9, 10","arr":["2","9","10"],"terminus":0,"mode":"tram","color":"#d6212b","colorDark":"#7c1116","angle":119.6,"snapDist":3,"label":0}},{"type":"Feature","geometry":{"type":"Point","coordinates":[16.916481,52.387198]},"properties":{"name":"Pamiątkowa","lines":"2, 7, 9","arr":["2","7","9"],"terminus":0,"mode":"tram","color":"#d6212b","colorDark":"#7c1116","angle":119,"snapDist":1,"label":1}},{"type":"Feature","geometry":{"type":"Point","coordinates":[16.918491,52.389392]},"properties":{"name":"Kosińskiego","lines":"2, 7, 9","arr":["2","7","9"],"terminus":0,"mode":"tram","color":"#d6212b","colorDark":"#7c1116","angle":-60,"snapDist":9,"label":1}},{"type":"Feature","geometry":{"type":"Point","coordinates":[16.920693,52.393066]},"properties":{"name":"Rynek Wildecki","lines":"2, 7, 9","arr":["2","7","9"],"terminus":0,"mode":"tram","color":"#d6212b","colorDark":"#7c1116","angle":134.2,"snapDist":2,"label":1}},{"type":"Feature","geometry":{"type":"Point","coordinates":[16.922381,52.394134]},"properties":{"name":"Rynek Wildecki","lines":"2, 7, 9","arr":["2","7","9"],"terminus":0,"mode":"tram","color":"#d6212b","colorDark":"#7c1116","angle":126,"snapDist":5,"label":0}},{"type":"Feature","geometry":{"type":"Point","coordinates":[16.924815,52.396946]},"properties":{"name":"Różana","lines":"2, 7, 9","arr":["2","7","9"],"terminus":0,"mode":"tram","color":"#d6212b","colorDark":"#7c1116","angle":103.3,"snapDist":7,"label":1}},{"type":"Feature","geometry":{"type":"Point","coordinates":[16.92816,52.39992]},"properties":{"name":"Półwiejska","lines":"2, 7, 9","arr":["2","7","9"],"terminus":0,"mode":"tram","color":"#d6212b","colorDark":"#7c1116","angle":191.2,"snapDist":0,"label":1}},{"type":"Feature","geometry":{"type":"Point","coordinates":[16.935523,52.399655]},"properties":{"name":"AWF","lines":"2, 6, 9, 18","arr":["2","6","9","18"],"terminus":0,"mode":"tram","color":"#d6212b","colorDark":"#7c1116","angle":104.8,"snapDist":0,"label":1}},{"type":"Feature","geometry":{"type":"Point","coordinates":[16.93424,52.40205]},"properties":{"name":"Łąkowa","lines":"2, 6, 9, 18","arr":["2","6","9","18"],"terminus":0,"mode":"tram","color":"#d6212b","colorDark":"#7c1116","angle":71.8,"snapDist":4,"label":1}},{"type":"Feature","geometry":{"type":"Point","coordinates":[16.931447,52.405148]},"properties":{"name":"Pl. Wiosny Ludów","lines":"2, 6, 9, 18","arr":["2","6","9","18"],"terminus":0,"mode":"tram","color":"#d6212b","colorDark":"#7c1116","angle":36.6,"snapDist":0,"label":1}},{"type":"Feature","geometry":{"type":"Point","coordinates":[16.928862,52.407311]},"properties":{"name":"Aleje Marcinkowskiego","lines":"2, 3, 5, 6, 8, 9, 13, 16, 18, 201","arr":["2","3","5","6","8","9","13","16","18","201"],"terminus":0,"mode":"tram","color":"#d6212b","colorDark":"#7c1116","angle":108.9,"snapDist":2,"label":1}},{"type":"Feature","geometry":{"type":"Point","coordinates":[16.924214,52.408053]},"properties":{"name":"27 Grudnia - Teatr Polski","lines":"2, 3, 5, 6, 8, 9, 13, 16, 18, 201","arr":["2","3","5","6","8","9","13","16","18","201"],"terminus":0,"mode":"tram","color":"#d6212b","colorDark":"#7c1116","angle":6.3,"snapDist":1,"label":1}},{"type":"Feature","geometry":{"type":"Point","coordinates":[16.918468,52.409476]},"properties":{"name":"Fredry","lines":"2, 3, 4, 8, 9, 16","arr":["2","3","4","8","9","16"],"terminus":0,"mode":"tram","color":"#d6212b","colorDark":"#7c1116","angle":19.8,"snapDist":0,"label":1}},{"type":"Feature","geometry":{"type":"Point","coordinates":[16.912603,52.410689]},"properties":{"name":"Most Teatralny","lines":"2, 8, 18","arr":["2","8","18"],"terminus":0,"mode":"tram","color":"#d6212b","colorDark":"#7c1116","angle":28.8,"snapDist":6,"label":1}},{"type":"Feature","geometry":{"type":"Point","coordinates":[16.904735,52.412473]},"properties":{"name":"Rynek Jeżycki","lines":"2, 8, 18","arr":["2","8","18"],"terminus":0,"mode":"tram","color":"#d6212b","colorDark":"#7c1116","angle":19.6,"snapDist":7,"label":1}},{"type":"Feature","geometry":{"type":"Point","coordinates":[16.897173,52.414167]},"properties":{"name":"Polna","lines":"2, 8, 18","arr":["2","8","18"],"terminus":0,"mode":"tram","color":"#d6212b","colorDark":"#7c1116","angle":20.3,"snapDist":6,"label":1}},{"type":"Feature","geometry":{"type":"Point","coordinates":[16.890326,52.415681]},"properties":{"name":"Żeromskiego","lines":"2, 7, 8, 18","arr":["2","7","8","18"],"terminus":0,"mode":"tram","color":"#d6212b","colorDark":"#7c1116","angle":20,"snapDist":7,"label":1}},{"type":"Feature","geometry":{"type":"Point","coordinates":[16.882617,52.417109]},"properties":{"name":"Ogrody","lines":"2, 7, 8, 18","arr":["2","7","8","18"],"terminus":1,"mode":"tram","color":"#d6212b","colorDark":"#7c1116","angle":309.2,"snapDist":12,"label":1}},{"type":"Feature","geometry":{"type":"Point","coordinates":[16.883256,52.416345]},"properties":{"name":"Ogrody","lines":"2, 7, 8, 18","arr":["2","7","8","18"],"terminus":1,"mode":"tram","color":"#d6212b","colorDark":"#7c1116","angle":208.7,"snapDist":24,"label":0}},{"type":"Feature","geometry":{"type":"Point","coordinates":[16.890823,52.415539]},"properties":{"name":"Żeromskiego","lines":"2, 7, 8, 18","arr":["2","7","8","18"],"terminus":0,"mode":"tram","color":"#d6212b","colorDark":"#7c1116","angle":199.8,"snapDist":1,"label":0}},{"type":"Feature","geometry":{"type":"Point","coordinates":[16.896715,52.41427]},"properties":{"name":"Polna","lines":"2, 8, 18","arr":["2","8","18"],"terminus":0,"mode":"tram","color":"#d6212b","colorDark":"#7c1116","angle":200.3,"snapDist":3,"label":0}},{"type":"Feature","geometry":{"type":"Point","coordinates":[16.905667,52.412271]},"properties":{"name":"Rynek Jeżycki","lines":"2, 8, 18","arr":["2","8","18"],"terminus":0,"mode":"tram","color":"#d6212b","colorDark":"#7c1116","angle":199.6,"snapDist":5,"label":0}},{"type":"Feature","geometry":{"type":"Point","coordinates":[16.91437,52.410372]},"properties":{"name":"Most Teatralny","lines":"2, 4, 8, 9, 16","arr":["2","4","8","9","16"],"terminus":0,"mode":"tram","color":"#d6212b","colorDark":"#7c1116","angle":199.3,"snapDist":4,"label":0}},{"type":"Feature","geometry":{"type":"Point","coordinates":[16.919259,52.409302]},"properties":{"name":"Fredry","lines":"2, 4, 8, 9, 16","arr":["2","4","8","9","16"],"terminus":0,"mode":"tram","color":"#d6212b","colorDark":"#7c1116","angle":199.9,"snapDist":2,"label":0}},{"type":"Feature","geometry":{"type":"Point","coordinates":[16.921138,52.407355]},"properties":{"name":"Gwarna","lines":"2, 5, 6, 8, 9, 13, 16, 17, 18, 201","arr":["2","5","6","8","9","13","16","17","18","201"],"terminus":0,"mode":"tram","color":"#d6212b","colorDark":"#7c1116","angle":281.1,"snapDist":2,"label":1}},{"type":"Feature","geometry":{"type":"Point","coordinates":[16.924427,52.406526]},"properties":{"name":"Święty Marcin","lines":"2, 3, 5, 6, 8, 9, 13, 16, 18, 201","arr":["2","3","5","6","8","9","13","16","18","201"],"terminus":0,"mode":"tram","color":"#d6212b","colorDark":"#7c1116","angle":195.8,"snapDist":1,"label":1}},{"type":"Feature","geometry":{"type":"Point","coordinates":[16.928382,52.406437]},"properties":{"name":"Aleje Marcinkowskiego","lines":"2, 3, 5, 6, 8, 9, 13, 16, 18, 201","arr":["2","3","5","6","8","9","13","16","18","201"],"terminus":0,"mode":"tram","color":"#d6212b","colorDark":"#7c1116","angle":108.2,"snapDist":6,"label":0}},{"type":"Feature","geometry":{"type":"Point","coordinates":[16.931694,52.405002]},"properties":{"name":"Pl. Wiosny Ludów","lines":"2, 6, 9, 18","arr":["2","6","9","18"],"terminus":0,"mode":"tram","color":"#d6212b","colorDark":"#7c1116","angle":216.6,"snapDist":5,"label":0}},{"type":"Feature","geometry":{"type":"Point","coordinates":[16.934252,52.40195]},"properties":{"name":"Łąkowa","lines":"2, 6, 9, 18","arr":["2","6","9","18"],"terminus":0,"mode":"tram","color":"#d6212b","colorDark":"#7c1116","angle":251.2,"snapDist":0,"label":0}},{"type":"Feature","geometry":{"type":"Point","coordinates":[16.934294,52.399219]},"properties":{"name":"AWF","lines":"2, 7, 9","arr":["2","7","9"],"terminus":0,"mode":"tram","color":"#d6212b","colorDark":"#7c1116","angle":10.8,"snapDist":2,"label":0}},{"type":"Feature","geometry":{"type":"Point","coordinates":[16.927913,52.39995]},"properties":{"name":"Półwiejska","lines":"2, 7, 9","arr":["2","7","9"],"terminus":0,"mode":"tram","color":"#d6212b","colorDark":"#7c1116","angle":11.2,"snapDist":2,"label":0}},{"type":"Feature","geometry":{"type":"Point","coordinates":[16.924612,52.396497]},"properties":{"name":"Różana","lines":"2, 7, 9","arr":["2","7","9"],"terminus":0,"mode":"tram","color":"#d6212b","colorDark":"#7c1116","angle":295.2,"snapDist":3,"label":0}},{"type":"Feature","geometry":{"type":"Point","coordinates":[16.922021,52.393833]},"properties":{"name":"Rynek Wildecki","lines":"2, 7, 9","arr":["2","7","9"],"terminus":0,"mode":"tram","color":"#d6212b","colorDark":"#7c1116","angle":306.1,"snapDist":9,"label":0}},{"type":"Feature","geometry":{"type":"Point","coordinates":[16.920487,52.392893]},"properties":{"name":"Rynek Wildecki","lines":"2, 7, 9","arr":["2","7","9"],"terminus":0,"mode":"tram","color":"#d6212b","colorDark":"#7c1116","angle":304.6,"snapDist":3,"label":0}},{"type":"Feature","geometry":{"type":"Point","coordinates":[16.918364,52.389258]},"properties":{"name":"Kosińskiego","lines":"2, 7, 9","arr":["2","7","9"],"terminus":0,"mode":"tram","color":"#d6212b","colorDark":"#7c1116","angle":300,"snapDist":10,"label":0}},{"type":"Feature","geometry":{"type":"Point","coordinates":[16.91634,52.387047]},"properties":{"name":"Pamiątkowa","lines":"2, 7, 9","arr":["2","7","9"],"terminus":0,"mode":"tram","color":"#d6212b","colorDark":"#7c1116","angle":299.9,"snapDist":12,"label":0}},{"type":"Feature","geometry":{"type":"Point","coordinates":[16.91408,52.384614]},"properties":{"name":"Traugutta","lines":"2, 9, 10","arr":["2","9","10"],"terminus":0,"mode":"tram","color":"#d6212b","colorDark":"#7c1116","angle":299.9,"snapDist":6,"label":0}},{"type":"Feature","geometry":{"type":"Point","coordinates":[16.912067,52.382393]},"properties":{"name":"HCP","lines":"2, 9, 10","arr":["2","9","10"],"terminus":0,"mode":"tram","color":"#d6212b","colorDark":"#7c1116","angle":298.9,"snapDist":9,"label":0}},{"type":"Feature","geometry":{"type":"Point","coordinates":[16.907724,52.377745]},"properties":{"name":"Wspólna","lines":"2, 9, 10","arr":["2","9","10"],"terminus":0,"mode":"tram","color":"#d6212b","colorDark":"#7c1116","angle":300.3,"snapDist":9,"label":0}},{"type":"Feature","geometry":{"type":"Point","coordinates":[16.90322,52.372874]},"properties":{"name":"Dębiec PKM","lines":"2, 9, 10","arr":["2","9","10"],"terminus":1,"mode":"tram","color":"#d6212b","colorDark":"#7c1116","angle":119.9,"snapDist":3,"label":0}},{"type":"Feature","geometry":{"type":"Point","coordinates":[16.950041,52.37252]},"properties":{"name":"Unii Lubelskiej","lines":"3, 11, 18, 201","arr":["3","11","18","201"],"terminus":1,"mode":"tram","color":"#d6212b","colorDark":"#7c1116","angle":168.7,"snapDist":1,"label":1}},{"type":"Feature","geometry":{"type":"Point","coordinates":[16.952728,52.374066]},"properties":{"name":"Tadeuszak","lines":"3, 11, 18, 201","arr":["3","11","18","201"],"terminus":0,"mode":"tram","color":"#d6212b","colorDark":"#7c1116","angle":128.6,"snapDist":3,"label":1}},{"type":"Feature","geometry":{"type":"Point","coordinates":[16.951529,52.399635]},"properties":{"name":"Kórnicka","lines":"3, 5, 8, 13, 16, 201","arr":["3","5","8","13","16","201"],"terminus":0,"mode":"tram","color":"#d6212b","colorDark":"#7c1116","angle":29.6,"snapDist":8,"label":0}},{"type":"Feature","geometry":{"type":"Point","coordinates":[16.948713,52.400647]},"properties":{"name":"Politechnika","lines":"3, 5, 8, 13, 16, 201","arr":["3","5","8","13","16","201"],"terminus":0,"mode":"tram","color":"#d6212b","colorDark":"#7c1116","angle":30.3,"snapDist":7,"label":1}},{"type":"Feature","geometry":{"type":"Point","coordinates":[16.942262,52.402708]},"properties":{"name":"Most Św. Rocha","lines":"3, 5, 8, 13, 16, 201","arr":["3","5","8","13","16","201"],"terminus":0,"mode":"tram","color":"#d6212b","colorDark":"#7c1116","angle":11.5,"snapDist":7,"label":1}},{"type":"Feature","geometry":{"type":"Point","coordinates":[16.936768,52.40437]},"properties":{"name":"Pl. Bernardyński","lines":"3, 5, 8, 13, 16, 201","arr":["3","5","8","13","16","201"],"terminus":0,"mode":"tram","color":"#d6212b","colorDark":"#7c1116","angle":3.3,"snapDist":7,"label":1}},{"type":"Feature","geometry":{"type":"Point","coordinates":[16.932285,52.405565]},"properties":{"name":"Wrocławska","lines":"3, 5, 8, 13, 16, 201","arr":["3","5","8","13","16","201"],"terminus":0,"mode":"tram","color":"#d6212b","colorDark":"#7c1116","angle":17.7,"snapDist":5,"label":1}},{"type":"Feature","geometry":{"type":"Point","coordinates":[16.913686,52.410974]},"properties":{"name":"Most Teatralny","lines":"3, 4, 9, 10, 11, 15, 16","arr":["3","4","9","10","11","15","16"],"terminus":0,"mode":"tram","color":"#d6212b","colorDark":"#7c1116","angle":104.9,"snapDist":4,"label":0}},{"type":"Feature","geometry":{"type":"Point","coordinates":[16.915158,52.413326]},"properties":{"name":"Poznańska","lines":"3, 4, 9, 10, 11","arr":["3","4","9","10","11"],"terminus":0,"mode":"tram","color":"#d6212b","colorDark":"#7c1116","angle":117.6,"snapDist":3,"label":1}},{"type":"Feature","geometry":{"type":"Point","coordinates":[16.918565,52.415582]},"properties":{"name":"Wielkopolska","lines":"3, 4, 9, 10, 11","arr":["3","4","9","10","11"],"terminus":0,"mode":"tram","color":"#d6212b","colorDark":"#7c1116","angle":138.6,"snapDist":3,"label":1}},{"type":"Feature","geometry":{"type":"Point","coordinates":[16.923598,52.421324]},"properties":{"name":"Armii Poznań","lines":"3, 4, 10","arr":["3","4","10"],"terminus":0,"mode":"tram","color":"#d6212b","colorDark":"#7c1116","angle":93.9,"snapDist":4,"label":1}},{"type":"Feature","geometry":{"type":"Point","coordinates":[16.926314,52.424368]},"properties":{"name":"Żniwna","lines":"3, 4, 10","arr":["3","4","10"],"terminus":0,"mode":"tram","color":"#d6212b","colorDark":"#7c1116","angle":135.4,"snapDist":4,"label":1}},{"type":"Feature","geometry":{"type":"Point","coordinates":[16.931173,52.426179]},"properties":{"name":"Pasieka","lines":"3, 4, 10","arr":["3","4","10"],"terminus":0,"mode":"tram","color":"#d6212b","colorDark":"#7c1116","angle":160.2,"snapDist":3,"label":1}},{"type":"Feature","geometry":{"type":"Point","coordinates":[16.938507,52.426402]},"properties":{"name":"Kmieca","lines":"3, 10","arr":["3","10"],"terminus":0,"mode":"tram","color":"#d6212b","colorDark":"#7c1116","angle":192.2,"snapDist":8,"label":1}},{"type":"Feature","geometry":{"type":"Point","coordinates":[16.944835,52.42532]},"properties":{"name":"Przełajowa","lines":"3, 10","arr":["3","10"],"terminus":0,"mode":"tram","color":"#d6212b","colorDark":"#7c1116","angle":119.7,"snapDist":8,"label":1}},{"type":"Feature","geometry":{"type":"Point","coordinates":[16.946675,52.427183]},"properties":{"name":"Wilczak","lines":"3, 10","arr":["3","10"],"terminus":0,"mode":"tram","color":"#d6212b","colorDark":"#7c1116","angle":121.9,"snapDist":8,"label":1}},{"type":"Feature","geometry":{"type":"Point","coordinates":[16.946112,52.432666]},"properties":{"name":"Serbska","lines":"3, 10","arr":["3","10"],"terminus":0,"mode":"tram","color":"#d6212b","colorDark":"#7c1116","angle":98.2,"snapDist":19,"label":1}},{"type":"Feature","geometry":{"type":"Point","coordinates":[16.946971,52.436329]},"properties":{"name":"Włodarska","lines":"3, 10","arr":["3","10"],"terminus":0,"mode":"tram","color":"#d6212b","colorDark":"#7c1116","angle":98.4,"snapDist":8,"label":1}},{"type":"Feature","geometry":{"type":"Point","coordinates":[16.946305,52.440402]},"properties":{"name":"Lechicka/Naramowicka","lines":"3, 10","arr":["3","10"],"terminus":0,"mode":"tram","color":"#d6212b","colorDark":"#7c1116","angle":80.2,"snapDist":2,"label":1}},{"type":"Feature","geometry":{"type":"Point","coordinates":[16.94519,52.445942]},"properties":{"name":"Naramowice","lines":"3, 10","arr":["3","10"],"terminus":0,"mode":"tram","color":"#d6212b","colorDark":"#7c1116","angle":90.3,"snapDist":4,"label":1}},{"type":"Feature","geometry":{"type":"Point","coordinates":[16.945127,52.448227]},"properties":{"name":"Os. Łokietka","lines":"3, 10","arr":["3","10"],"terminus":0,"mode":"tram","color":"#d6212b","colorDark":"#7c1116","angle":88.5,"snapDist":2,"label":1}},{"type":"Feature","geometry":{"type":"Point","coordinates":[16.944854,52.451769]},"properties":{"name":"Jasna Rola","lines":"3, 10","arr":["3","10"],"terminus":0,"mode":"tram","color":"#d6212b","colorDark":"#7c1116","angle":86.8,"snapDist":6,"label":1}},{"type":"Feature","geometry":{"type":"Point","coordinates":[16.944547,52.455537]},"properties":{"name":"Błażeja","lines":"3, 10","arr":["3","10"],"terminus":1,"mode":"tram","color":"#d6212b","colorDark":"#7c1116","angle":85,"snapDist":6,"label":1}},{"type":"Feature","geometry":{"type":"Point","coordinates":[16.944592,52.455223]},"properties":{"name":"Błażeja","lines":"3, 10","arr":["3","10"],"terminus":1,"mode":"tram","color":"#d6212b","colorDark":"#7c1116","angle":264.7,"snapDist":5,"label":0}},{"type":"Feature","geometry":{"type":"Point","coordinates":[16.944879,52.451482]},"properties":{"name":"Jasna Rola","lines":"3, 10","arr":["3","10"],"terminus":0,"mode":"tram","color":"#d6212b","colorDark":"#7c1116","angle":267,"snapDist":5,"label":0}},{"type":"Feature","geometry":{"type":"Point","coordinates":[16.945141,52.447903]},"properties":{"name":"Os. Łokietka","lines":"3, 10","arr":["3","10"],"terminus":0,"mode":"tram","color":"#d6212b","colorDark":"#7c1116","angle":269.2,"snapDist":3,"label":0}},{"type":"Feature","geometry":{"type":"Point","coordinates":[16.94519,52.445888]},"properties":{"name":"Naramowice","lines":"3, 10","arr":["3","10"],"terminus":0,"mode":"tram","color":"#d6212b","colorDark":"#7c1116","angle":269.8,"snapDist":0,"label":0}},{"type":"Feature","geometry":{"type":"Point","coordinates":[16.946398,52.440077]},"properties":{"name":"Lechicka/Naramowicka","lines":"3, 10","arr":["3","10"],"terminus":0,"mode":"tram","color":"#d6212b","colorDark":"#7c1116","angle":260.2,"snapDist":3,"label":0}},{"type":"Feature","geometry":{"type":"Point","coordinates":[16.946896,52.436014]},"properties":{"name":"Włodarska","lines":"3, 10","arr":["3","10"],"terminus":0,"mode":"tram","color":"#d6212b","colorDark":"#7c1116","angle":98.8,"snapDist":8,"label":0}},{"type":"Feature","geometry":{"type":"Point","coordinates":[16.945831,52.431499]},"properties":{"name":"Serbska","lines":"3, 10","arr":["3","10"],"terminus":0,"mode":"tram","color":"#d6212b","colorDark":"#7c1116","angle":277.7,"snapDist":3,"label":0}},{"type":"Feature","geometry":{"type":"Point","coordinates":[16.946647,52.427156]},"properties":{"name":"Wilczak","lines":"3, 10","arr":["3","10"],"terminus":0,"mode":"tram","color":"#d6212b","colorDark":"#7c1116","angle":301.9,"snapDist":0,"label":0}},{"type":"Feature","geometry":{"type":"Point","coordinates":[16.944686,52.425159]},"properties":{"name":"Przełajowa","lines":"3, 10","arr":["3","10"],"terminus":0,"mode":"tram","color":"#d6212b","colorDark":"#7c1116","angle":299,"snapDist":3,"label":0}},{"type":"Feature","geometry":{"type":"Point","coordinates":[16.938747,52.426369]},"properties":{"name":"Kmieca","lines":"3, 10","arr":["3","10"],"terminus":0,"mode":"tram","color":"#d6212b","colorDark":"#7c1116","angle":12.6,"snapDist":3,"label":0}},{"type":"Feature","geometry":{"type":"Point","coordinates":[16.931902,52.426317]},"properties":{"name":"Pasieka","lines":"3, 4, 10","arr":["3","4","10"],"terminus":0,"mode":"tram","color":"#d6212b","colorDark":"#7c1116","angle":345.5,"snapDist":8,"label":0}},{"type":"Feature","geometry":{"type":"Point","coordinates":[16.926914,52.424711]},"properties":{"name":"Żniwna","lines":"3, 4, 10","arr":["3","4","10"],"terminus":0,"mode":"tram","color":"#d6212b","colorDark":"#7c1116","angle":318.3,"snapDist":8,"label":0}},{"type":"Feature","geometry":{"type":"Point","coordinates":[16.923601,52.421346]},"properties":{"name":"Armii Poznań","lines":"3, 4, 10","arr":["3","4","10"],"terminus":0,"mode":"tram","color":"#d6212b","colorDark":"#7c1116","angle":272.8,"snapDist":6,"label":0}},{"type":"Feature","geometry":{"type":"Point","coordinates":[16.91835,52.415467]},"properties":{"name":"Wielkopolska","lines":"3, 4, 9, 10, 11","arr":["3","4","9","10","11"],"terminus":0,"mode":"tram","color":"#d6212b","colorDark":"#7c1116","angle":318.6,"snapDist":7,"label":0}},{"type":"Feature","geometry":{"type":"Point","coordinates":[16.916379,52.41406]},"properties":{"name":"Poznańska","lines":"3, 4, 9, 10, 11","arr":["3","4","9","10","11"],"terminus":0,"mode":"tram","color":"#d6212b","colorDark":"#7c1116","angle":304.9,"snapDist":7,"label":0}},{"type":"Feature","geometry":{"type":"Point","coordinates":[16.913234,52.410014]},"properties":{"name":"Most Teatralny","lines":"3, 10, 11, 15, 18","arr":["3","10","11","15","18"],"terminus":0,"mode":"tram","color":"#d6212b","colorDark":"#7c1116","angle":284.3,"snapDist":3,"label":0}},{"type":"Feature","geometry":{"type":"Point","coordinates":[16.912583,52.408399]},"properties":{"name":"Rondo Kaponiera","lines":"3, 10, 11, 15, 18","arr":["3","10","11","15","18"],"terminus":0,"mode":"tram","color":"#d6212b","colorDark":"#7c1116","angle":279.3,"snapDist":6,"label":1}},{"type":"Feature","geometry":{"type":"Point","coordinates":[16.913417,52.407667]},"properties":{"name":"Rondo Kaponiera","lines":"3, 13, 201","arr":["3","13","201"],"terminus":0,"mode":"tram","color":"#d6212b","colorDark":"#7c1116","angle":189.4,"snapDist":6,"label":0}},{"type":"Feature","geometry":{"type":"Point","coordinates":[16.91893,52.407238]},"properties":{"name":"Zamek","lines":"3, 5, 6, 13, 17, 18, 201","arr":["3","5","6","13","17","18","201"],"terminus":0,"mode":"tram","color":"#d6212b","colorDark":"#7c1116","angle":188.1,"snapDist":0,"label":1}},{"type":"Feature","geometry":{"type":"Point","coordinates":[16.932148,52.405592]},"properties":{"name":"Wrocławska","lines":"3, 5, 8, 13, 16, 201","arr":["3","5","8","13","16","201"],"terminus":0,"mode":"tram","color":"#d6212b","colorDark":"#7c1116","angle":197.7,"snapDist":3,"label":0}},{"type":"Feature","geometry":{"type":"Point","coordinates":[16.937016,52.404362]},"properties":{"name":"Pl. Bernardyński","lines":"3, 5, 8, 13, 16, 201","arr":["3","5","8","13","16","201"],"terminus":0,"mode":"tram","color":"#d6212b","colorDark":"#7c1116","angle":184.3,"snapDist":4,"label":0}},{"type":"Feature","geometry":{"type":"Point","coordinates":[16.942384,52.402693]},"properties":{"name":"Most Św. Rocha","lines":"3, 5, 8, 13, 16, 201","arr":["3","5","8","13","16","201"],"terminus":0,"mode":"tram","color":"#d6212b","colorDark":"#7c1116","angle":192.1,"snapDist":4,"label":0}},{"type":"Feature","geometry":{"type":"Point","coordinates":[16.948797,52.400617]},"properties":{"name":"Politechnika","lines":"3, 5, 8, 13, 16, 201","arr":["3","5","8","13","16","201"],"terminus":0,"mode":"tram","color":"#d6212b","colorDark":"#7c1116","angle":210.3,"snapDist":4,"label":0}},{"type":"Feature","geometry":{"type":"Point","coordinates":[16.952305,52.373738]},"properties":{"name":"Tadeuszak","lines":"3, 11, 18, 201","arr":["3","11","18","201"],"terminus":0,"mode":"tram","color":"#d6212b","colorDark":"#7c1116","angle":307.8,"snapDist":0,"label":0}},{"type":"Feature","geometry":{"type":"Point","coordinates":[16.95021,52.3721]},"properties":{"name":"Unii Lubelskiej","lines":"3, 11, 18, 201","arr":["3","11","18","201"],"terminus":1,"mode":"tram","color":"#d6212b","colorDark":"#7c1116","angle":308,"snapDist":5,"label":0}},{"type":"Feature","geometry":{"type":"Point","coordinates":[16.937182,52.410834]},"properties":{"name":"Małe Garbary","lines":"4, 17","arr":["4","17"],"terminus":1,"mode":"tram","color":"#d6212b","colorDark":"#7c1116","angle":17.2,"snapDist":7,"label":1}},{"type":"Feature","geometry":{"type":"Point","coordinates":[16.930948,52.41033]},"properties":{"name":"Pl. Wielkopolski","lines":"4, 17","arr":["4","17"],"terminus":0,"mode":"tram","color":"#d6212b","colorDark":"#7c1116","angle":287.6,"snapDist":9,"label":1}},{"type":"Feature","geometry":{"type":"Point","coordinates":[16.92397,52.409542]},"properties":{"name":"Pl. Ratajskiego","lines":"4, 17","arr":["4","17"],"terminus":0,"mode":"tram","color":"#d6212b","colorDark":"#7c1116","angle":333.4,"snapDist":7,"label":1}},{"type":"Feature","geometry":{"type":"Point","coordinates":[16.935853,52.426955]},"properties":{"name":"Murawa","lines":"4","arr":["4"],"terminus":0,"mode":"tram","color":"#d6212b","colorDark":"#7c1116","angle":94,"snapDist":8,"label":1}},{"type":"Feature","geometry":{"type":"Point","coordinates":[16.936299,52.431006]},"properties":{"name":"Os. Pod Lipami","lines":"4","arr":["4"],"terminus":0,"mode":"tram","color":"#d6212b","colorDark":"#7c1116","angle":94,"snapDist":7,"label":1}},{"type":"Feature","geometry":{"type":"Point","coordinates":[16.937836,52.434009]},"properties":{"name":"Rondo Solidarności","lines":"4","arr":["4"],"terminus":0,"mode":"tram","color":"#d6212b","colorDark":"#7c1116","angle":114,"snapDist":7,"label":1}},{"type":"Feature","geometry":{"type":"Point","coordinates":[16.931978,52.435201]},"properties":{"name":"Połabska","lines":"4","arr":["4"],"terminus":1,"mode":"tram","color":"#d6212b","colorDark":"#7c1116","angle":185.3,"snapDist":2,"label":1}},{"type":"Feature","geometry":{"type":"Point","coordinates":[16.932332,52.434874]},"properties":{"name":"Połabska","lines":"4","arr":["4"],"terminus":1,"mode":"tram","color":"#d6212b","colorDark":"#7c1116","angle":129.3,"snapDist":4,"label":0}},{"type":"Feature","geometry":{"type":"Point","coordinates":[16.937776,52.433926]},"properties":{"name":"Rondo Solidarności","lines":"4","arr":["4"],"terminus":0,"mode":"tram","color":"#d6212b","colorDark":"#7c1116","angle":293.9,"snapDist":3,"label":0}},{"type":"Feature","geometry":{"type":"Point","coordinates":[16.936292,52.430942]},"properties":{"name":"Os. Pod Lipami","lines":"4","arr":["4"],"terminus":0,"mode":"tram","color":"#d6212b","colorDark":"#7c1116","angle":273.9,"snapDist":3,"label":0}},{"type":"Feature","geometry":{"type":"Point","coordinates":[16.935847,52.426897]},"properties":{"name":"Murawa","lines":"4","arr":["4"],"terminus":0,"mode":"tram","color":"#d6212b","colorDark":"#7c1116","angle":274,"snapDist":3,"label":0}},{"type":"Feature","geometry":{"type":"Point","coordinates":[16.92418,52.409606]},"properties":{"name":"Pl. Ratajskiego","lines":"4, 17","arr":["4","17"],"terminus":0,"mode":"tram","color":"#d6212b","colorDark":"#7c1116","angle":153.4,"snapDist":3,"label":0}},{"type":"Feature","geometry":{"type":"Point","coordinates":[16.930948,52.41033]},"properties":{"name":"Pl. Wielkopolski","lines":"4, 17","arr":["4","17"],"terminus":0,"mode":"tram","color":"#d6212b","colorDark":"#7c1116","angle":107.6,"snapDist":5,"label":0}},{"type":"Feature","geometry":{"type":"Point","coordinates":[16.937485,52.410779]},"properties":{"name":"Małe Garbary","lines":"4, 17","arr":["4","17"],"terminus":1,"mode":"tram","color":"#d6212b","colorDark":"#7c1116","angle":196.4,"snapDist":3,"label":0}},{"type":"Feature","geometry":{"type":"Point","coordinates":[16.918112,52.407348]},"properties":{"name":"Zamek","lines":"5, 6, 13, 17, 18, 201","arr":["5","6","13","17","18","201"],"terminus":0,"mode":"tram","color":"#d6212b","colorDark":"#7c1116","angle":8,"snapDist":1,"label":0}},{"type":"Feature","geometry":{"type":"Point","coordinates":[16.917024,52.406024]},"properties":{"name":"Uniwersytet Ekonomiczny","lines":"5, 6, 17, 18","arr":["5","6","17","18"],"terminus":0,"mode":"tram","color":"#d6212b","colorDark":"#7c1116","angle":282.2,"snapDist":3,"label":1}},{"type":"Feature","geometry":{"type":"Point","coordinates":[16.916497,52.403654]},"properties":{"name":"Poznań Główny","lines":"5, 6, 17, 18","arr":["5","6","17","18"],"terminus":0,"mode":"tram","color":"#d6212b","colorDark":"#7c1116","angle":266.9,"snapDist":9,"label":1}},{"type":"Feature","geometry":{"type":"Point","coordinates":[16.915201,52.402941]},"properties":{"name":"Poznań Główny","lines":"5, 6, 17, 18","arr":["5","6","17","18"],"terminus":0,"mode":"tram","color":"#d6212b","colorDark":"#7c1116","angle":19.2,"snapDist":8,"label":0}},{"type":"Feature","geometry":{"type":"Point","coordinates":[16.908835,52.4017]},"properties":{"name":"Dworzec Zachodni","lines":"5, 10, 11, 17, 201","arr":["5","10","11","17","201"],"terminus":0,"mode":"tram","color":"#d6212b","colorDark":"#7c1116","angle":315.4,"snapDist":3,"label":1}},{"type":"Feature","geometry":{"type":"Point","coordinates":[16.903193,52.398227]},"properties":{"name":"Park Wilsona","lines":"5, 10, 11, 12, 14, 17","arr":["5","10","11","12","14","17"],"terminus":0,"mode":"tram","color":"#d6212b","colorDark":"#7c1116","angle":304.1,"snapDist":3,"label":1}},{"type":"Feature","geometry":{"type":"Point","coordinates":[16.898496,52.393966]},"properties":{"name":"Rynek Łazarski","lines":"5, 10, 11, 12, 14, 17","arr":["5","10","11","12","14","17"],"terminus":0,"mode":"tram","color":"#d6212b","colorDark":"#7c1116","angle":304,"snapDist":1,"label":1}},{"type":"Feature","geometry":{"type":"Point","coordinates":[16.894547,52.390499]},"properties":{"name":"Głogowska/Hetmańska","lines":"5, 10, 11, 12, 14, 17","arr":["5","10","11","12","14","17"],"terminus":0,"mode":"tram","color":"#d6212b","colorDark":"#7c1116","angle":303.1,"snapDist":6,"label":0}},{"type":"Feature","geometry":{"type":"Point","coordinates":[16.891402,52.387574]},"properties":{"name":"Krauthofera","lines":"5, 14, 17","arr":["5","14","17"],"terminus":0,"mode":"tram","color":"#d6212b","colorDark":"#7c1116","angle":303.9,"snapDist":3,"label":1}},{"type":"Feature","geometry":{"type":"Point","coordinates":[16.88686,52.384011]},"properties":{"name":"Sielska","lines":"5, 14, 17","arr":["5","14","17"],"terminus":0,"mode":"tram","color":"#d6212b","colorDark":"#7c1116","angle":317.3,"snapDist":10,"label":1}},{"type":"Feature","geometry":{"type":"Point","coordinates":[16.880987,52.381406]},"properties":{"name":"Górczyn PKM","lines":"5, 14, 17","arr":["5","14","17"],"terminus":1,"mode":"tram","color":"#d6212b","colorDark":"#7c1116","angle":22.6,"snapDist":4,"label":1}},{"type":"Feature","geometry":{"type":"Point","coordinates":[16.881226,52.381057]},"properties":{"name":"Górczyn PKM","lines":"5, 14, 17","arr":["5","14","17"],"terminus":1,"mode":"tram","color":"#d6212b","colorDark":"#7c1116","angle":137.7,"snapDist":6,"label":0}},{"type":"Feature","geometry":{"type":"Point","coordinates":[16.887019,52.384065]},"properties":{"name":"Sielska","lines":"5, 14, 17","arr":["5","14","17"],"terminus":0,"mode":"tram","color":"#d6212b","colorDark":"#7c1116","angle":136.2,"snapDist":2,"label":0}},{"type":"Feature","geometry":{"type":"Point","coordinates":[16.890834,52.386981]},"properties":{"name":"Krauthofera","lines":"5, 14, 17","arr":["5","14","17"],"terminus":0,"mode":"tram","color":"#d6212b","colorDark":"#7c1116","angle":120.7,"snapDist":3,"label":0}},{"type":"Feature","geometry":{"type":"Point","coordinates":[16.894717,52.390645]},"properties":{"name":"Głogowska/Hetmańska","lines":"5, 10, 11, 12, 14, 17","arr":["5","10","11","12","14","17"],"terminus":0,"mode":"tram","color":"#d6212b","colorDark":"#7c1116","angle":127,"snapDist":7,"label":0}},{"type":"Feature","geometry":{"type":"Point","coordinates":[16.89907,52.394485]},"properties":{"name":"Rynek Łazarski","lines":"5, 10, 11, 12, 14, 17","arr":["5","10","11","12","14","17"],"terminus":0,"mode":"tram","color":"#d6212b","colorDark":"#7c1116","angle":123.7,"snapDist":6,"label":0}},{"type":"Feature","geometry":{"type":"Point","coordinates":[16.901988,52.397137]},"properties":{"name":"Park Wilsona","lines":"5, 10, 11, 12, 14, 17","arr":["5","10","11","12","14","17"],"terminus":0,"mode":"tram","color":"#d6212b","colorDark":"#7c1116","angle":123.8,"snapDist":6,"label":0}},{"type":"Feature","geometry":{"type":"Point","coordinates":[16.909022,52.40181]},"properties":{"name":"Dworzec Zachodni","lines":"5, 10, 11, 17, 201","arr":["5","10","11","17","201"],"terminus":0,"mode":"tram","color":"#d6212b","colorDark":"#7c1116","angle":135.9,"snapDist":6,"label":0}},{"type":"Feature","geometry":{"type":"Point","coordinates":[16.915605,52.402856]},"properties":{"name":"Poznań Główny","lines":"5, 6, 17, 18","arr":["5","6","17","18"],"terminus":0,"mode":"tram","color":"#d6212b","colorDark":"#7c1116","angle":198.9,"snapDist":3,"label":0}},{"type":"Feature","geometry":{"type":"Point","coordinates":[16.916486,52.40377]},"properties":{"name":"Poznań Główny","lines":"5, 6, 17, 18","arr":["5","6","17","18"],"terminus":0,"mode":"tram","color":"#d6212b","colorDark":"#7c1116","angle":86.2,"snapDist":1,"label":0}},{"type":"Feature","geometry":{"type":"Point","coordinates":[16.917131,52.406421]},"properties":{"name":"Uniwersytet Ekonomiczny","lines":"5, 6, 17, 18","arr":["5","6","17","18"],"terminus":0,"mode":"tram","color":"#d6212b","colorDark":"#7c1116","angle":97.1,"snapDist":1,"label":0}},{"type":"Feature","geometry":{"type":"Point","coordinates":[17.001889,52.409972]},"properties":{"name":"Miłostowo","lines":"6, 7, 8","arr":["6","7","8"],"terminus":1,"mode":"tram","color":"#d6212b","colorDark":"#7c1116","angle":49.2,"snapDist":51,"label":1}},{"type":"Feature","geometry":{"type":"Point","coordinates":[16.995245,52.40987]},"properties":{"name":"Pusta","lines":"6, 7, 8","arr":["6","7","8"],"terminus":0,"mode":"tram","color":"#d6212b","colorDark":"#7c1116","angle":356.7,"snapDist":9,"label":1}},{"type":"Feature","geometry":{"type":"Point","coordinates":[16.992332,52.409764]},"properties":{"name":"Mogileńska","lines":"6, 7, 8","arr":["6","7","8"],"terminus":0,"mode":"tram","color":"#d6212b","colorDark":"#7c1116","angle":356.4,"snapDist":0,"label":1}},{"type":"Feature","geometry":{"type":"Point","coordinates":[16.985205,52.409544]},"properties":{"name":"Łomżyńska","lines":"6, 7, 8","arr":["6","7","8"],"terminus":0,"mode":"tram","color":"#d6212b","colorDark":"#7c1116","angle":356.5,"snapDist":10,"label":1}},{"type":"Feature","geometry":{"type":"Point","coordinates":[16.981069,52.409334]},"properties":{"name":"Krańcowa","lines":"6, 7, 8","arr":["6","7","8"],"terminus":0,"mode":"tram","color":"#d6212b","colorDark":"#7c1116","angle":351.6,"snapDist":10,"label":1}},{"type":"Feature","geometry":{"type":"Point","coordinates":[16.972193,52.409076]},"properties":{"name":"Termalna","lines":"6, 7, 8","arr":["6","7","8"],"terminus":0,"mode":"tram","color":"#d6212b","colorDark":"#7c1116","angle":356.9,"snapDist":9,"label":1}},{"type":"Feature","geometry":{"type":"Point","coordinates":[16.961902,52.409098]},"properties":{"name":"Św. Michała","lines":"6, 7, 8","arr":["6","7","8"],"terminus":0,"mode":"tram","color":"#d6212b","colorDark":"#7c1116","angle":13.4,"snapDist":9,"label":1}},{"type":"Feature","geometry":{"type":"Point","coordinates":[16.958079,52.409882]},"properties":{"name":"Rondo Śródka","lines":"6, 7, 8","arr":["6","7","8"],"terminus":0,"mode":"tram","color":"#d6212b","colorDark":"#7c1116","angle":11.2,"snapDist":8,"label":0}},{"type":"Feature","geometry":{"type":"Point","coordinates":[16.952151,52.398788]},"properties":{"name":"Kórnicka","lines":"6, 7, 18","arr":["6","7","18"],"terminus":0,"mode":"tram","color":"#d6212b","colorDark":"#7c1116","angle":290.9,"snapDist":4,"label":0}},{"type":"Feature","geometry":{"type":"Point","coordinates":[16.950885,52.396586]},"properties":{"name":"Rondo Rataje","lines":"6, 7, 18","arr":["6","7","18"],"terminus":0,"mode":"tram","color":"#d6212b","colorDark":"#7c1116","angle":289.2,"snapDist":4,"label":1}},{"type":"Feature","geometry":{"type":"Point","coordinates":[16.948786,52.396144]},"properties":{"name":"Rondo Rataje","lines":"6, 7, 18","arr":["6","7","18"],"terminus":0,"mode":"tram","color":"#d6212b","colorDark":"#7c1116","angle":24.7,"snapDist":1,"label":0}},{"type":"Feature","geometry":{"type":"Point","coordinates":[16.945691,52.396908]},"properties":{"name":"Serafitek","lines":"6, 7, 18","arr":["6","7","18"],"terminus":0,"mode":"tram","color":"#d6212b","colorDark":"#7c1116","angle":20.9,"snapDist":3,"label":1}},{"type":"Feature","geometry":{"type":"Point","coordinates":[16.911148,52.404149]},"properties":{"name":"Most Dworcowy","lines":"6, 10, 11, 18, 201","arr":["6","10","11","18","201"],"terminus":0,"mode":"tram","color":"#d6212b","colorDark":"#7c1116","angle":105,"snapDist":6,"label":1}},{"type":"Feature","geometry":{"type":"Point","coordinates":[16.911051,52.406524]},"properties":{"name":"Bałtyk","lines":"6, 13, 15","arr":["6","13","15"],"terminus":0,"mode":"tram","color":"#d6212b","colorDark":"#7c1116","angle":0.6,"snapDist":7,"label":1}},{"type":"Feature","geometry":{"type":"Point","coordinates":[16.900968,52.405731]},"properties":{"name":"Matejki","lines":"6, 13, 15","arr":["6","13","15"],"terminus":0,"mode":"tram","color":"#d6212b","colorDark":"#7c1116","angle":339.3,"snapDist":7,"label":1}},{"type":"Feature","geometry":{"type":"Point","coordinates":[16.892522,52.40335]},"properties":{"name":"Wojskowa","lines":"6, 13, 15","arr":["6","13","15"],"terminus":0,"mode":"tram","color":"#d6212b","colorDark":"#7c1116","angle":336.4,"snapDist":7,"label":1}},{"type":"Feature","geometry":{"type":"Point","coordinates":[16.8482,52.38849]},"properties":{"name":"Budziszyńska","lines":"6","arr":["6"],"terminus":1,"mode":"tram","color":"#d6212b","colorDark":"#7c1116","angle":19.4,"snapDist":2,"label":1}},{"type":"Feature","geometry":{"type":"Point","coordinates":[16.847907,52.388138]},"properties":{"name":"Budziszyńska","lines":"6","arr":["6"],"terminus":1,"mode":"tram","color":"#d6212b","colorDark":"#7c1116","angle":-28.5,"snapDist":15,"label":0}},{"type":"Feature","geometry":{"type":"Point","coordinates":[16.890009,52.402811]},"properties":{"name":"Rondo Nowaka-Jeziorańskiego","lines":"6, 13, 15","arr":["6","13","15"],"terminus":0,"mode":"tram","color":"#d6212b","colorDark":"#7c1116","angle":162.7,"snapDist":5,"label":0}},{"type":"Feature","geometry":{"type":"Point","coordinates":[16.89938,52.405259]},"properties":{"name":"Matejki","lines":"6, 13, 15","arr":["6","13","15"],"terminus":0,"mode":"tram","color":"#d6212b","colorDark":"#7c1116","angle":155.6,"snapDist":4,"label":0}},{"type":"Feature","geometry":{"type":"Point","coordinates":[16.91106,52.406524]},"properties":{"name":"Bałtyk","lines":"6, 13, 15","arr":["6","13","15"],"terminus":0,"mode":"tram","color":"#d6212b","colorDark":"#7c1116","angle":180.6,"snapDist":3,"label":0}},{"type":"Feature","geometry":{"type":"Point","coordinates":[16.911078,52.403993]},"properties":{"name":"Most Dworcowy","lines":"6, 10, 11, 18, 201","arr":["6","10","11","18","201"],"terminus":0,"mode":"tram","color":"#d6212b","colorDark":"#7c1116","angle":286,"snapDist":3,"label":0}},{"type":"Feature","geometry":{"type":"Point","coordinates":[16.936034,52.399052]},"properties":{"name":"AWF","lines":"6, 7, 18","arr":["6","7","18"],"terminus":0,"mode":"tram","color":"#d6212b","colorDark":"#7c1116","angle":191.5,"snapDist":5,"label":0}},{"type":"Feature","geometry":{"type":"Point","coordinates":[16.94454,52.397179]},"properties":{"name":"Serafitek","lines":"6, 7, 18","arr":["6","7","18"],"terminus":0,"mode":"tram","color":"#d6212b","colorDark":"#7c1116","angle":201.2,"snapDist":6,"label":0}},{"type":"Feature","geometry":{"type":"Point","coordinates":[16.949108,52.396054]},"properties":{"name":"Rondo Rataje","lines":"6, 7, 18","arr":["6","7","18"],"terminus":0,"mode":"tram","color":"#d6212b","colorDark":"#7c1116","angle":204.7,"snapDist":3,"label":0}},{"type":"Feature","geometry":{"type":"Point","coordinates":[16.950934,52.396672]},"properties":{"name":"Rondo Rataje","lines":"6, 7, 18","arr":["6","7","18"],"terminus":0,"mode":"tram","color":"#d6212b","colorDark":"#7c1116","angle":109.2,"snapDist":7,"label":0}},{"type":"Feature","geometry":{"type":"Point","coordinates":[16.952154,52.398793]},"properties":{"name":"Kórnicka","lines":"6, 7, 18","arr":["6","7","18"],"terminus":0,"mode":"tram","color":"#d6212b","colorDark":"#7c1116","angle":108.6,"snapDist":7,"label":0}},{"type":"Feature","geometry":{"type":"Point","coordinates":[16.957806,52.409915]},"properties":{"name":"Rondo Śródka","lines":"6, 7, 8","arr":["6","7","8"],"terminus":0,"mode":"tram","color":"#d6212b","colorDark":"#7c1116","angle":191.5,"snapDist":5,"label":0}},{"type":"Feature","geometry":{"type":"Point","coordinates":[16.962337,52.409035]},"properties":{"name":"Św. Michała","lines":"6, 7, 8","arr":["6","7","8"],"terminus":0,"mode":"tram","color":"#d6212b","colorDark":"#7c1116","angle":193.4,"snapDist":2,"label":0}},{"type":"Feature","geometry":{"type":"Point","coordinates":[16.972258,52.409078]},"properties":{"name":"Termalna","lines":"6, 7, 8","arr":["6","7","8"],"terminus":0,"mode":"tram","color":"#d6212b","colorDark":"#7c1116","angle":176.4,"snapDist":5,"label":0}},{"type":"Feature","geometry":{"type":"Point","coordinates":[16.981239,52.40935]},"properties":{"name":"Krańcowa","lines":"6, 7, 8","arr":["6","7","8"],"terminus":0,"mode":"tram","color":"#d6212b","colorDark":"#7c1116","angle":171.6,"snapDist":3,"label":0}},{"type":"Feature","geometry":{"type":"Point","coordinates":[16.98534,52.409549]},"properties":{"name":"Łomżyńska","lines":"6, 7, 8","arr":["6","7","8"],"terminus":0,"mode":"tram","color":"#d6212b","colorDark":"#7c1116","angle":176.5,"snapDist":5,"label":0}},{"type":"Feature","geometry":{"type":"Point","coordinates":[16.992583,52.409774]},"properties":{"name":"Mogileńska","lines":"6, 7, 8","arr":["6","7","8"],"terminus":0,"mode":"tram","color":"#d6212b","colorDark":"#7c1116","angle":176.4,"snapDist":0,"label":0}},{"type":"Feature","geometry":{"type":"Point","coordinates":[16.995548,52.409881]},"properties":{"name":"Pusta","lines":"6, 7, 8","arr":["6","7","8"],"terminus":0,"mode":"tram","color":"#d6212b","colorDark":"#7c1116","angle":176.7,"snapDist":4,"label":0}},{"type":"Feature","geometry":{"type":"Point","coordinates":[17.002285,52.409705]},"properties":{"name":"Miłostowo","lines":"6, 7, 8","arr":["6","7","8"],"terminus":1,"mode":"tram","color":"#d6212b","colorDark":"#7c1116","angle":45,"snapDist":43,"label":0}},{"type":"Feature","geometry":{"type":"Point","coordinates":[16.888926,52.403385]},"properties":{"name":"Rondo Nowaka-Jeziorańskiego","lines":"7","arr":["7"],"terminus":0,"mode":"tram","color":"#d6212b","colorDark":"#7c1116","angle":82.2,"snapDist":5,"label":0}},{"type":"Feature","geometry":{"type":"Point","coordinates":[16.888758,52.410061]},"properties":{"name":"Bukowska","lines":"7","arr":["7"],"terminus":0,"mode":"tram","color":"#d6212b","colorDark":"#7c1116","angle":102.5,"snapDist":5,"label":1}},{"type":"Feature","geometry":{"type":"Point","coordinates":[16.888733,52.409989]},"properties":{"name":"Bukowska","lines":"7","arr":["7"],"terminus":0,"mode":"tram","color":"#d6212b","colorDark":"#7c1116","angle":281.8,"snapDist":7,"label":0}},{"type":"Feature","geometry":{"type":"Point","coordinates":[16.914003,52.418707]},"properties":{"name":"Klin","lines":"9, 11","arr":["9","11"],"terminus":0,"mode":"tram","color":"#d6212b","colorDark":"#7c1116","angle":32.8,"snapDist":8,"label":1}},{"type":"Feature","geometry":{"type":"Point","coordinates":[16.90801,52.421372]},"properties":{"name":"Nad Wierzbakiem","lines":"9, 11","arr":["9","11"],"terminus":0,"mode":"tram","color":"#d6212b","colorDark":"#7c1116","angle":22,"snapDist":6,"label":1}},{"type":"Feature","geometry":{"type":"Point","coordinates":[16.903342,52.423541]},"properties":{"name":"Sołacz","lines":"9, 11","arr":["9","11"],"terminus":0,"mode":"tram","color":"#d6212b","colorDark":"#7c1116","angle":120.9,"snapDist":5,"label":1}},{"type":"Feature","geometry":{"type":"Point","coordinates":[16.905893,52.426424]},"properties":{"name":"Uniwersytet Przyrodniczy","lines":"9, 11","arr":["9","11"],"terminus":0,"mode":"tram","color":"#d6212b","colorDark":"#7c1116","angle":118.2,"snapDist":8,"label":1}},{"type":"Feature","geometry":{"type":"Point","coordinates":[16.910764,52.430316]},"properties":{"name":"Bonin","lines":"9, 11","arr":["9","11"],"terminus":0,"mode":"tram","color":"#d6212b","colorDark":"#7c1116","angle":104.7,"snapDist":7,"label":1}},{"type":"Feature","geometry":{"type":"Point","coordinates":[16.911261,52.432821]},"properties":{"name":"Św. Leonarda","lines":"9, 11","arr":["9","11"],"terminus":0,"mode":"tram","color":"#d6212b","colorDark":"#7c1116","angle":92,"snapDist":5,"label":1}},{"type":"Feature","geometry":{"type":"Point","coordinates":[16.911389,52.435928]},"properties":{"name":"Os. Winiary","lines":"9, 11","arr":["9","11"],"terminus":0,"mode":"tram","color":"#d6212b","colorDark":"#7c1116","angle":91,"snapDist":8,"label":1}},{"type":"Feature","geometry":{"type":"Point","coordinates":[16.910055,52.439684]},"properties":{"name":"Lutycka Szpital","lines":"9, 11","arr":["9","11"],"terminus":0,"mode":"tram","color":"#d6212b","colorDark":"#7c1116","angle":94.3,"snapDist":7,"label":1}},{"type":"Feature","geometry":{"type":"Point","coordinates":[16.911378,52.441423]},"properties":{"name":"Piątkowska","lines":"9, 11","arr":["9","11"],"terminus":1,"mode":"tram","color":"#d6212b","colorDark":"#7c1116","angle":328.3,"snapDist":14,"label":1}},{"type":"Feature","geometry":{"type":"Point","coordinates":[16.910631,52.441475]},"properties":{"name":"Piątkowska","lines":"9, 11","arr":["9","11"],"terminus":1,"mode":"tram","color":"#d6212b","colorDark":"#7c1116","angle":303,"snapDist":3,"label":0}},{"type":"Feature","geometry":{"type":"Point","coordinates":[16.910059,52.439715]},"properties":{"name":"Lutycka Szpital","lines":"9, 11","arr":["9","11"],"terminus":0,"mode":"tram","color":"#d6212b","colorDark":"#7c1116","angle":274.3,"snapDist":4,"label":0}},{"type":"Feature","geometry":{"type":"Point","coordinates":[16.911375,52.435649]},"properties":{"name":"Os. Winiary","lines":"9, 11","arr":["9","11"],"terminus":0,"mode":"tram","color":"#d6212b","colorDark":"#7c1116","angle":272.4,"snapDist":4,"label":0}},{"type":"Feature","geometry":{"type":"Point","coordinates":[16.911253,52.43267]},"properties":{"name":"Św. Leonarda","lines":"9, 11","arr":["9","11"],"terminus":0,"mode":"tram","color":"#d6212b","colorDark":"#7c1116","angle":271.8,"snapDist":1,"label":0}},{"type":"Feature","geometry":{"type":"Point","coordinates":[16.910711,52.430194]},"properties":{"name":"Bonin","lines":"9, 11","arr":["9","11"],"terminus":0,"mode":"tram","color":"#d6212b","colorDark":"#7c1116","angle":285.2,"snapDist":5,"label":0}},{"type":"Feature","geometry":{"type":"Point","coordinates":[16.906294,52.426882]},"properties":{"name":"Uniwersytet Przyrodniczy","lines":"9, 11","arr":["9","11"],"terminus":0,"mode":"tram","color":"#d6212b","colorDark":"#7c1116","angle":298,"snapDist":6,"label":0}},{"type":"Feature","geometry":{"type":"Point","coordinates":[16.903648,52.423039]},"properties":{"name":"Sołacz","lines":"9, 11","arr":["9","11"],"terminus":0,"mode":"tram","color":"#d6212b","colorDark":"#7c1116","angle":213.6,"snapDist":3,"label":0}},{"type":"Feature","geometry":{"type":"Point","coordinates":[16.908124,52.421344]},"properties":{"name":"Nad Wierzbakiem","lines":"9, 11","arr":["9","11"],"terminus":0,"mode":"tram","color":"#d6212b","colorDark":"#7c1116","angle":202,"snapDist":4,"label":0}},{"type":"Feature","geometry":{"type":"Point","coordinates":[16.914042,52.418692]},"properties":{"name":"Klin","lines":"9, 11","arr":["9","11"],"terminus":0,"mode":"tram","color":"#d6212b","colorDark":"#7c1116","angle":212.8,"snapDist":5,"label":0}},{"type":"Feature","geometry":{"type":"Point","coordinates":[16.91264,52.408383]},"properties":{"name":"Rondo Kaponiera","lines":"10, 11, 15, 18","arr":["10","11","15","18"],"terminus":0,"mode":"tram","color":"#d6212b","colorDark":"#7c1116","angle":99.4,"snapDist":7,"label":0}},{"type":"Feature","geometry":{"type":"Point","coordinates":[16.916746,52.4638]},"properties":{"name":"Os. Sobieskiego","lines":"12, 14, 15, 16, 201","arr":["12","14","15","16","201"],"terminus":1,"mode":"tram","color":"#d6212b","colorDark":"#7c1116","angle":269.6,"snapDist":6,"label":1}},{"type":"Feature","geometry":{"type":"Point","coordinates":[16.917004,52.460372]},"properties":{"name":"Szymanowskiego","lines":"12, 14, 15, 16, 201","arr":["12","14","15","16","201"],"terminus":0,"mode":"tram","color":"#d6212b","colorDark":"#7c1116","angle":269.3,"snapDist":4,"label":1}},{"type":"Feature","geometry":{"type":"Point","coordinates":[16.919482,52.450749]},"properties":{"name":"Kurpińskiego","lines":"12, 14, 15, 16, 201","arr":["12","14","15","16","201"],"terminus":0,"mode":"tram","color":"#d6212b","colorDark":"#7c1116","angle":268.2,"snapDist":5,"label":1}},{"type":"Feature","geometry":{"type":"Point","coordinates":[16.919915,52.442475]},"properties":{"name":"Lechicka Poznań Plaza","lines":"12, 14, 15, 16, 201","arr":["12","14","15","16","201"],"terminus":0,"mode":"tram","color":"#d6212b","colorDark":"#7c1116","angle":268.2,"snapDist":6,"label":1}},{"type":"Feature","geometry":{"type":"Point","coordinates":[16.920061,52.435978]},"properties":{"name":"Aleje Solidarności","lines":"12, 14, 15, 16, 201","arr":["12","14","15","16","201"],"terminus":0,"mode":"tram","color":"#d6212b","colorDark":"#7c1116","angle":274.3,"snapDist":6,"label":1}},{"type":"Feature","geometry":{"type":"Point","coordinates":[16.91931,52.427116]},"properties":{"name":"Słowiańska","lines":"12, 14, 15, 16, 201","arr":["12","14","15","16","201"],"terminus":0,"mode":"tram","color":"#d6212b","colorDark":"#7c1116","angle":271.6,"snapDist":6,"label":1}},{"type":"Feature","geometry":{"type":"Point","coordinates":[16.914476,52.411662]},"properties":{"name":"Most Teatralny","lines":"12, 14, 201","arr":["12","14","201"],"terminus":0,"mode":"tram","color":"#d6212b","colorDark":"#7c1116","angle":295.9,"snapDist":4,"label":0}},{"type":"Feature","geometry":{"type":"Point","coordinates":[16.913049,52.407668]},"properties":{"name":"Rondo Kaponiera","lines":"12, 14, 201","arr":["12","14","201"],"terminus":0,"mode":"tram","color":"#d6212b","colorDark":"#7c1116","angle":284.5,"snapDist":2,"label":0}},{"type":"Feature","geometry":{"type":"Point","coordinates":[16.910141,52.401133]},"properties":{"name":"Dworzec Zachodni","lines":"12, 14, 201","arr":["12","14","201"],"terminus":0,"mode":"tram","color":"#d6212b","colorDark":"#7c1116","angle":281.3,"snapDist":6,"label":0}},{"type":"Feature","geometry":{"type":"Point","coordinates":[16.942783,52.379296]},"properties":{"name":"Rondo Starołęka","lines":"12, 13, 16","arr":["12","13","16"],"terminus":0,"mode":"tram","color":"#d6212b","colorDark":"#7c1116","angle":283.6,"snapDist":8,"label":0}},{"type":"Feature","geometry":{"type":"Point","coordinates":[16.940341,52.376471]},"properties":{"name":"Starołęka Mała","lines":"12, 13, 16","arr":["12","13","16"],"terminus":0,"mode":"tram","color":"#d6212b","colorDark":"#7c1116","angle":303.9,"snapDist":7,"label":1}},{"type":"Feature","geometry":{"type":"Point","coordinates":[16.934471,52.371022]},"properties":{"name":"Bystra","lines":"12, 13, 16","arr":["12","13","16"],"terminus":0,"mode":"tram","color":"#d6212b","colorDark":"#7c1116","angle":304,"snapDist":5,"label":1}},{"type":"Feature","geometry":{"type":"Point","coordinates":[16.931776,52.368396]},"properties":{"name":"Starołęka PKM","lines":"12, 13, 16","arr":["12","13","16"],"terminus":1,"mode":"tram","color":"#d6212b","colorDark":"#7c1116","angle":-56.9,"snapDist":8,"label":1}},{"type":"Feature","geometry":{"type":"Point","coordinates":[16.932234,52.368535]},"properties":{"name":"Starołęka PKM","lines":"12, 13, 16","arr":["12","13","16"],"terminus":1,"mode":"tram","color":"#d6212b","colorDark":"#7c1116","angle":73.4,"snapDist":10,"label":0}},{"type":"Feature","geometry":{"type":"Point","coordinates":[16.934909,52.371431]},"properties":{"name":"Bystra","lines":"12, 13, 16","arr":["12","13","16"],"terminus":0,"mode":"tram","color":"#d6212b","colorDark":"#7c1116","angle":123.1,"snapDist":4,"label":0}},{"type":"Feature","geometry":{"type":"Point","coordinates":[16.939908,52.37607]},"properties":{"name":"Starołęka Mała","lines":"12, 13, 16","arr":["12","13","16"],"terminus":0,"mode":"tram","color":"#d6212b","colorDark":"#7c1116","angle":122.5,"snapDist":4,"label":0}},{"type":"Feature","geometry":{"type":"Point","coordinates":[16.942881,52.379541]},"properties":{"name":"Rondo Starołęka","lines":"12, 13, 16","arr":["12","13","16"],"terminus":0,"mode":"tram","color":"#d6212b","colorDark":"#7c1116","angle":103.8,"snapDist":4,"label":0}},{"type":"Feature","geometry":{"type":"Point","coordinates":[16.91014,52.40113]},"properties":{"name":"Dworzec Zachodni","lines":"12, 14, 201","arr":["12","14","201"],"terminus":0,"mode":"tram","color":"#d6212b","colorDark":"#7c1116","angle":101.3,"snapDist":8,"label":0}},{"type":"Feature","geometry":{"type":"Point","coordinates":[16.913101,52.407789]},"properties":{"name":"Rondo Kaponiera","lines":"12, 14, 201","arr":["12","14","201"],"terminus":0,"mode":"tram","color":"#d6212b","colorDark":"#7c1116","angle":104.5,"snapDist":7,"label":0}},{"type":"Feature","geometry":{"type":"Point","coordinates":[16.914564,52.411766]},"properties":{"name":"Most Teatralny","lines":"12, 14, 201","arr":["12","14","201"],"terminus":0,"mode":"tram","color":"#d6212b","colorDark":"#7c1116","angle":116.8,"snapDist":8,"label":0}},{"type":"Feature","geometry":{"type":"Point","coordinates":[16.919384,52.42716]},"properties":{"name":"Słowiańska","lines":"12, 14, 15, 16, 201","arr":["12","14","15","16","201"],"terminus":0,"mode":"tram","color":"#d6212b","colorDark":"#7c1116","angle":91.6,"snapDist":5,"label":0}},{"type":"Feature","geometry":{"type":"Point","coordinates":[16.920129,52.435952]},"properties":{"name":"Aleje Solidarności","lines":"12, 14, 15, 16, 201","arr":["12","14","15","16","201"],"terminus":0,"mode":"tram","color":"#d6212b","colorDark":"#7c1116","angle":94.8,"snapDist":5,"label":0}},{"type":"Feature","geometry":{"type":"Point","coordinates":[16.919984,52.442504]},"properties":{"name":"Lechicka Poznań Plaza","lines":"12, 14, 15, 16, 201","arr":["12","14","15","16","201"],"terminus":0,"mode":"tram","color":"#d6212b","colorDark":"#7c1116","angle":88.1,"snapDist":7,"label":0}},{"type":"Feature","geometry":{"type":"Point","coordinates":[16.919553,52.450771]},"properties":{"name":"Kurpińskiego","lines":"12, 14, 15, 16, 201","arr":["12","14","15","16","201"],"terminus":0,"mode":"tram","color":"#d6212b","colorDark":"#7c1116","angle":88.2,"snapDist":5,"label":0}},{"type":"Feature","geometry":{"type":"Point","coordinates":[16.917075,52.460395]},"properties":{"name":"Szymanowskiego","lines":"12, 14, 15, 16, 201","arr":["12","14","15","16","201"],"terminus":0,"mode":"tram","color":"#d6212b","colorDark":"#7c1116","angle":89.4,"snapDist":5,"label":0}},{"type":"Feature","geometry":{"type":"Point","coordinates":[16.917646,52.463866]},"properties":{"name":"Os. Sobieskiego","lines":"12, 14, 15, 16, 201","arr":["12","14","15","16","201"],"terminus":1,"mode":"tram","color":"#d6212b","colorDark":"#7c1116","angle":101.7,"snapDist":15,"label":0}},{"type":"Feature","geometry":{"type":"Point","coordinates":[16.913594,52.407649]},"properties":{"name":"Rondo Kaponiera","lines":"13, 201","arr":["13","201"],"terminus":0,"mode":"tram","color":"#d6212b","colorDark":"#7c1116","angle":9.2,"snapDist":11,"label":0}},{"type":"Feature","geometry":{"type":"Point","coordinates":[16.921314,52.407901]},"properties":{"name":"Gwarna","lines":"17","arr":["17"],"terminus":0,"mode":"tram","color":"#d6212b","colorDark":"#7c1116","angle":101.1,"snapDist":4,"label":0}}]}